mtllib model_1.mtl
o model_1
v -6.649456024169922 -7.906476020812988 1.6993409395217896 
v -6.649456024169922 -7.840165138244629 1.6993409395217896 
v -6.865208148956299 -7.906476020812988 1.6993409395217896 
v -6.865208148956299 -7.822384357452393 1.6993409395217896 
v -7.764667987823486 -7.906476020812988 1.6993409395217896 
v -7.764667987823486 -7.840165138244629 1.6993409395217896 
v -7.7288079261779785 -7.822384357452393 1.6993409395217896 
v -6.726594924926758 -7.822384357452393 1.6993409395217896 
v -6.597833156585693 -7.90013313293457 1.835365653038025 
v -6.597833156585693 -7.906476020812988 1.7942911386489868 
v -6.597833156585693 -7.917088031768799 1.7942911386489868 
v -6.649456024169922 -7.906476020812988 1.6993409395217896 
v -6.649456024169922 -7.917088031768799 1.6951736211776733 
v -6.649456024169922 -7.90013313293457 1.687138319015503 
v -6.649456024169922 -7.840165138244629 1.6993409395217896 
v -6.649456024169922 -7.840165138244629 1.6862634420394897 
v -7.764667987823486 -7.899528980255127 1.8099473714828491 
v -7.764667987823486 -7.906476020812988 1.7942911386489868 
v -7.764667987823486 -7.918095111846924 1.7942911386489868 
v -7.764667987823486 -7.918095111846924 1.6947822570800781 
v -7.764667987823486 -7.612839698791504 1.7942911386489868 
v -7.764667987823486 -7.612839698791504 1.8099473714828491 
v -7.764667987823486 -7.326170921325684 1.8099473714828491 
v -7.764667987823486 -7.319223403930664 1.7942911386489868 
v -7.764667987823486 -7.307604789733887 1.7942911386489868 
v -7.764667987823486 -7.307604789733887 1.6947822570800781 
v -7.764667987823486 -7.319223403930664 1.6993409395217896 
v -7.764667987823486 -7.326170921325684 1.685987114906311 
v -7.764667987823486 -7.385534286499023 1.6862634420394897 
v -7.764667987823486 -7.385534286499023 1.6993409395217896 
v -7.764667987823486 -7.906476020812988 1.6993409395217896 
v -7.764667987823486 -7.899528980255127 1.685987114906311 
v -7.764667987823486 -7.840165138244629 1.6862634420394897 
v -7.764667987823486 -7.840165138244629 1.6993409395217896 
v -6.726594924926758 -7.822384357452393 1.6752580404281616 
v -6.649456024169922 -7.840165138244629 1.6862634420394897 
v -6.726594924926758 -7.846146106719971 1.6634007692337036 
v -6.649456024169922 -7.90013313293457 1.687138319015503 
v -6.865208148956299 -7.846146106719971 1.6634007692337036 
v -6.865208148956299 -7.822384357452393 1.6752580404281616 
v -7.7288079261779785 -7.846146106719971 1.6634007692337036 
v -7.7288079261779785 -7.822384357452393 1.6752580404281616 
v -7.764667987823486 -7.840165138244629 1.6862634420394897 
v -7.7288079261779785 -7.887768745422363 1.6634007692337036 
v -7.764667987823486 -7.899528980255127 1.685987114906311 
v -7.7288079261779785 -7.937768936157227 1.6870461702346802 
v -7.764667987823486 -7.918095111846924 1.6947822570800781 
v -6.865208148956299 -7.887768745422363 1.6634007692337036 
v -6.726594924926758 -7.887768745422363 1.6634007692337036 
v -6.649456024169922 -7.917088031768799 1.6951736211776733 
v -6.726594924926758 -7.937768936157227 1.6870461702346802 
v -6.865208148956299 -7.937768936157227 1.6870461702346802 
v -6.315385341644287 -7.704341888427734 1.7942911386489868 
v -6.446806907653809 -7.612839698791504 1.7942911386489868 
v -6.398336410522461 -7.781888961791992 1.7942911386489868 
v -6.865011215209961 -7.612839698791504 1.7942911386489868 
v -6.398336410522461 -7.44381046295166 1.7942911386489868 
v -6.597833156585693 -7.319223403930664 1.7942911386489868 
v -6.865208148956299 -7.319223403930664 1.7942911386489868 
v -7.764667987823486 -7.319223403930664 1.7942911386489868 
v -7.764667987823486 -7.612839698791504 1.7942911386489868 
v -7.764667987823486 -7.906476020812988 1.7942911386489868 
v -6.865208148956299 -7.906476020812988 1.7942911386489868 
v -6.597833156585693 -7.906476020812988 1.7942911386489868 
v -6.286224365234375 -7.612839698791504 1.7942911386489868 
v -6.315385341644287 -7.521358013153076 1.7942911386489868 
v -6.40001106262207 -7.779231071472168 1.835365653038025 
v -6.316567420959473 -7.702891826629639 1.835365653038025 
v -6.597833156585693 -7.90013313293457 1.835365653038025 
v -6.6669921875 -7.612839698791504 1.835365653038025 
v -6.726594924926758 -7.887768745422363 1.835365653038025 
v -6.865011215209961 -7.612839698791504 1.835365653038025 
v -6.726594924926758 -7.337930679321289 1.835365653038025 
v -6.865208148956299 -7.337930679321289 1.835365653038025 
v -6.726594924926758 -7.287930965423584 1.7942911386489868 
v -6.865208148956299 -7.287930965423584 1.7942911386489868 
v -7.7288079261779785 -7.337930679321289 1.835365653038025 
v -7.7288079261779785 -7.287930965423584 1.7942911386489868 
v -7.764667987823486 -7.307604789733887 1.7942911386489868 
v -7.764667987823486 -7.326170921325684 1.8099473714828491 
v -7.7288079261779785 -7.612839698791504 1.835365653038025 
v -7.764667987823486 -7.612839698791504 1.8099473714828491 
v -6.287209510803223 -7.612839698791504 1.835365653038025 
v -6.316567420959473 -7.522807598114014 1.835365653038025 
v -6.597833156585693 -7.32556676864624 1.835365653038025 
v -6.40001106262207 -7.446468830108643 1.835365653038025 
v -6.865208148956299 -7.887768745422363 1.835365653038025 
v -6.726594924926758 -7.937768936157227 1.7942911386489868 
v -6.865208148956299 -7.937768936157227 1.7942911386489868 
v -7.7288079261779785 -7.887768745422363 1.835365653038025 
v -7.7288079261779785 -7.937768936157227 1.7942911386489868 
v -7.764667987823486 -7.918095111846924 1.7942911386489868 
v -7.764667987823486 -7.899528980255127 1.8099473714828491 
v -6.649456024169922 -7.319223403930664 1.6993409395217896 
v -6.865208148956299 -7.319223403930664 1.6993409395217896 
v -6.649456024169922 -7.385534286499023 1.6993409395217896 
v -6.726594924926758 -7.40331506729126 1.6993409395217896 
v -6.865208148956299 -7.40331506729126 1.6993409395217896 
v -7.764667987823486 -7.319223403930664 1.6993409395217896 
v -7.7288079261779785 -7.40331506729126 1.6993409395217896 
v -7.764667987823486 -7.385534286499023 1.6993409395217896 
v -6.597833156585693 -7.32556676864624 1.835365653038025 
v -6.597833156585693 -7.319223403930664 1.7942911386489868 
v -6.597833156585693 -7.308591365814209 1.7942911386489868 
v -6.649456024169922 -7.319223403930664 1.6993409395217896 
v -6.649456024169922 -7.308591365814209 1.6951736211776733 
v -6.649456024169922 -7.32556676864624 1.687138319015503 
v -6.649456024169922 -7.385534286499023 1.6993409395217896 
v -6.649456024169922 -7.385534286499023 1.6862634420394897 
v -6.726594924926758 -7.40331506729126 1.6752580404281616 
v -6.649456024169922 -7.385534286499023 1.6862634420394897 
v -6.726594924926758 -7.37955379486084 1.6634007692337036 
v -6.649456024169922 -7.32556676864624 1.687138319015503 
v -6.865208148956299 -7.37955379486084 1.6634007692337036 
v -6.865208148956299 -7.40331506729126 1.6752580404281616 
v -7.7288079261779785 -7.37955379486084 1.6634007692337036 
v -7.7288079261779785 -7.40331506729126 1.6752580404281616 
v -7.764667987823486 -7.385534286499023 1.6862634420394897 
v -7.7288079261779785 -7.337930679321289 1.6634007692337036 
v -7.764667987823486 -7.326170921325684 1.685987114906311 
v -7.7288079261779785 -7.287930965423584 1.6870461702346802 
v -7.764667987823486 -7.307604789733887 1.6947822570800781 
v -6.865208148956299 -7.337930679321289 1.6634007692337036 
v -6.726594924926758 -7.337930679321289 1.6634007692337036 
v -6.649456024169922 -7.308591365814209 1.6951736211776733 
v -6.726594924926758 -7.287930965423584 1.6870461702346802 
v -6.865208148956299 -7.287930965423584 1.6870461702346802 
v -7.822103500366211 -7.40331506729126 1.6993409395217896 
v -7.786243438720703 -7.385534286499023 1.6993409395217896 
v -8.346312522888184 -7.40331506729126 1.6993409395217896 
v -7.786243438720703 -7.319223403930664 1.6993409395217896 
v -8.346312522888184 -7.319223403930664 1.6993409395217896 
v -8.906381607055664 -7.319223403930664 1.6993409395217896 
v -8.87052059173584 -7.40331506729126 1.6993409395217896 
v -8.906381607055664 -7.385534286499023 1.6993409395217896 
v -8.906381607055664 -7.326170921325684 1.8099473714828491 
v -8.906381607055664 -7.307604789733887 1.7942911386489868 
v -8.906381607055664 -7.319223403930664 1.7942911386489868 
v -8.906381607055664 -7.307604789733887 1.6947822570800781 
v -8.906381607055664 -7.612839698791504 1.7942911386489868 
v -8.906381607055664 -7.612839698791504 1.8099473714828491 
v -8.906381607055664 -7.899528980255127 1.8099473714828491 
v -8.906381607055664 -7.906476020812988 1.7942911386489868 
v -8.906381607055664 -7.918095111846924 1.7942911386489868 
v -8.906381607055664 -7.918095111846924 1.6947822570800781 
v -8.906381607055664 -7.906476020812988 1.6993409395217896 
v -8.906381607055664 -7.899528980255127 1.685987114906311 
v -8.906381607055664 -7.840165138244629 1.6862634420394897 
v -8.906381607055664 -7.840165138244629 1.6993409395217896 
v -8.906381607055664 -7.319223403930664 1.6993409395217896 
v -8.906381607055664 -7.326170921325684 1.685987114906311 
v -8.906381607055664 -7.385534286499023 1.6862634420394897 
v -8.906381607055664 -7.385534286499023 1.6993409395217896 
v -8.906381607055664 -7.307604789733887 1.6947822570800781 
v -8.906381607055664 -7.326170921325684 1.685987114906311 
v -8.87052059173584 -7.287930965423584 1.6870461702346802 
v -8.87052059173584 -7.337930679321289 1.6634007692337036 
v -8.346312522888184 -7.337930679321289 1.6634007692337036 
v -8.346312522888184 -7.287930965423584 1.6870461702346802 
v -7.822103500366211 -7.287930965423584 1.6870461702346802 
v -7.822103500366211 -7.337930679321289 1.6634007692337036 
v -7.786243438720703 -7.326170921325684 1.685987114906311 
v -7.786243438720703 -7.385534286499023 1.6862634420394897 
v -7.822103500366211 -7.37955379486084 1.6634007692337036 
v -7.822103500366211 -7.40331506729126 1.6752580404281616 
v -8.346312522888184 -7.40331506729126 1.6752580404281616 
v -8.346312522888184 -7.37955379486084 1.6634007692337036 
v -8.87052059173584 -7.37955379486084 1.6634007692337036 
v -8.906381607055664 -7.385534286499023 1.6862634420394897 
v -8.87052059173584 -7.40331506729126 1.6752580404281616 
v -7.786243438720703 -7.307604789733887 1.6947822570800781 
v -8.87052059173584 -7.822384357452393 1.6993409395217896 
v -8.906381607055664 -7.840165138244629 1.6993409395217896 
v -8.346312522888184 -7.822384357452393 1.6993409395217896 
v -8.906381607055664 -7.906476020812988 1.6993409395217896 
v -8.346312522888184 -7.906476020812988 1.6993409395217896 
v -7.786243438720703 -7.906476020812988 1.6993409395217896 
v -7.822103500366211 -7.822384357452393 1.6993409395217896 
v -7.786243438720703 -7.840165138244629 1.6993409395217896 
v -8.906381607055664 -7.918095111846924 1.6947822570800781 
v -8.906381607055664 -7.899528980255127 1.685987114906311 
v -8.87052059173584 -7.937768936157227 1.6870461702346802 
v -8.87052059173584 -7.887768745422363 1.6634007692337036 
v -8.346312522888184 -7.887768745422363 1.6634007692337036 
v -8.346312522888184 -7.937768936157227 1.6870461702346802 
v -7.822103500366211 -7.937768936157227 1.6870461702346802 
v -7.822103500366211 -7.887768745422363 1.6634007692337036 
v -7.786243438720703 -7.899528980255127 1.685987114906311 
v -7.786243438720703 -7.840165138244629 1.6862634420394897 
v -7.822103500366211 -7.846146106719971 1.6634007692337036 
v -7.822103500366211 -7.822384357452393 1.6752580404281616 
v -8.346312522888184 -7.822384357452393 1.6752580404281616 
v -8.346312522888184 -7.846146106719971 1.6634007692337036 
v -8.87052059173584 -7.846146106719971 1.6634007692337036 
v -8.906381607055664 -7.840165138244629 1.6862634420394897 
v -8.87052059173584 -7.822384357452393 1.6752580404281616 
v -7.786243438720703 -7.918095111846924 1.6947822570800781 
v -7.786243438720703 -7.326170921325684 1.8099473714828491 
v -7.786243438720703 -7.307604789733887 1.7942911386489868 
v -7.786243438720703 -7.319223403930664 1.7942911386489868 
v -7.786243438720703 -7.307604789733887 1.6947822570800781 
v -7.786243438720703 -7.612839698791504 1.7942911386489868 
v -7.786243438720703 -7.612839698791504 1.8099473714828491 
v -7.786243438720703 -7.899528980255127 1.8099473714828491 
v -7.786243438720703 -7.906476020812988 1.7942911386489868 
v -7.786243438720703 -7.918095111846924 1.7942911386489868 
v -7.786243438720703 -7.918095111846924 1.6947822570800781 
v -7.786243438720703 -7.906476020812988 1.6993409395217896 
v -7.786243438720703 -7.899528980255127 1.685987114906311 
v -7.786243438720703 -7.840165138244629 1.6862634420394897 
v -7.786243438720703 -7.840165138244629 1.6993409395217896 
v -7.786243438720703 -7.319223403930664 1.6993409395217896 
v -7.786243438720703 -7.326170921325684 1.685987114906311 
v -7.786243438720703 -7.385534286499023 1.6862634420394897 
v -7.786243438720703 -7.385534286499023 1.6993409395217896 
v -5.979540824890137 -7.799850940704346 2.0726492404937744 
v -6.725806713104248 -7.928828239440918 2.033416748046875 
v -5.970181941986084 -7.799850940704346 2.034498691558838 
v -5.963778495788574 -7.799850940704346 1.996348261833191 
v -6.793980598449707 -7.928828239440918 2.11029314994812 
v -6.812501907348633 -7.913906574249268 2.11029314994812 
v -6.747480392456055 -7.928828239440918 2.072442054748535 
v -6.7660017013549805 -7.913906574249268 2.072442054748535 
v -6.725806713104248 -7.928828239440918 2.072442054748535 
v -5.992249488830566 -7.799850940704346 2.1108226776123047 
v -6.725806713104248 -7.928828239440918 2.11029314994812 
v -6.725806713104248 -7.928828239440918 2.1484668254852295 
v -6.793980598449707 -7.928828239440918 2.11029314994812 
v -6.871119499206543 -7.928163528442383 2.1484668254852295 
v -6.725806713104248 -7.928828239440918 2.203148365020752 
v -6.996137619018555 -7.928828239440918 2.203148365020752 
v -7.177901268005371 -7.915356636047363 2.258382558822632 
v -6.725806713104248 -7.91602087020874 2.258382558822632 
v -7.365477561950684 -7.878666877746582 2.309149980545044 
v -6.737333297729492 -7.885876178741455 2.2992498874664307 
v -6.241300582885742 -7.808248043060303 2.258589744567871 
v -6.327502727508545 -7.799347877502441 2.2953126430511475 
v -6.009293079376221 -7.799850940704346 2.148973226547241 
v -6.099534511566162 -7.81024169921875 2.20363187789917 
v -6.0985493659973145 -7.802146911621094 2.218712568283081 
v -6.022986888885498 -7.799850940704346 2.170178174972534 
v -6.058058738708496 -7.800716876983643 2.198221206665039 
v -5.891663551330566 -7.728466033935547 1.9964404106140137 
v -5.898067474365234 -7.728466033935547 2.034613847732544 
v -5.947227478027344 -7.736903190612793 2.03459095954895 
v -5.9565863609313965 -7.736903190612793 2.0727643966674805 
v -5.907426357269287 -7.728466033935547 2.0727643966674805 
v -5.969393730163574 -7.736903190612793 2.110914945602417 
v -5.920233726501465 -7.728466033935547 2.1109378337860107 
v -5.937178611755371 -7.728466033935547 2.1490883827209473 
v -6.003086566925049 -7.770310401916504 2.1108689308166504 
v -6.009293079376221 -7.799850940704346 2.148973226547241 
v -6.711127758026123 -7.925686836242676 1.9955193996429443 
v -6.6828532218933105 -7.942762851715088 1.9698479175567627 
v -5.940823554992676 -7.818316459655762 1.9706767797470093 
v -6.678223133087158 -7.941574573516846 1.9458340406417847 
v -5.9395432472229 -7.818075180053711 1.9465937614440918 
v -6.6951680183410645 -7.923008441925049 1.9203696250915527 
v -5.958754062652588 -7.799850940704346 1.9200242757797241 
v -5.970181941986084 -7.794917583465576 1.9081900119781494 
v -6.195489883422852 -7.8093156814575195 1.8680135011672974 
v -6.7454118728637695 -7.901280879974365 1.868289828300476 
v -6.7454118728637695 -7.875505447387695 1.836747169494629 
v -6.763834476470947 -7.86124849319458 1.836747169494629 
v -6.763834476470947 -7.88702392578125 1.868289828300476 
v -7.100762367248535 -7.86124849319458 1.836747169494629 
v -7.130612850189209 -7.88702392578125 1.868289828300476 
v -7.585564136505127 -7.86124849319458 1.836747169494629 
v -7.585564136505127 -7.88702392578125 1.868289828300476 
v -7.924561023712158 -7.86124849319458 1.836747169494629 
v -7.924462795257568 -7.88702392578125 1.868289828300476 
v -8.254199028015137 -7.86124849319458 1.836747169494629 
v -8.254199028015137 -7.88702392578125 1.868289828300476 
v -8.7499361038208 -7.86124849319458 1.836747169494629 
v -8.7499361038208 -7.88702392578125 1.868289828300476 
v -9.07336711883545 -7.86124849319458 1.836747169494629 
v -9.07336711883545 -7.88702392578125 1.868289828300476 
v -9.089031219482422 -7.881405830383301 1.871651291847229 
v -9.089031219482422 -7.902307510375977 1.9217281341552734 
v -9.07336711883545 -7.908751487731934 1.9203696250915527 
v -9.089031219482422 -7.903012275695801 1.9575531482696533 
v -6.368682861328125 -7.812497138977051 1.836562991142273 
v -9.089031219482422 -7.858187675476074 1.8432167768478394 
v -8.7499361038208 -7.908751487731934 1.9203696250915527 
v -8.254199028015137 -7.908751487731934 1.9203696250915527 
v -7.924462795257568 -7.908751487731934 1.9203696250915527 
v -7.585564136505127 -7.908751487731934 1.9203696250915527 
v -7.159971237182617 -7.902730464935303 1.9058877229690552 
v -6.884616374969482 -7.908751487731934 1.9203696250915527 
v -6.713590621948242 -7.908751487731934 1.9203696250915527 
v -7.151400089263916 -7.908751487731934 1.9203696250915527 
v -7.1823344230651855 -7.909093856811523 1.9369468688964844 
v -7.585564136505127 -7.909476280212402 1.957230806350708 
v -7.195929527282715 -7.909476280212402 1.957230806350708 
v -7.585564136505127 -7.9114298820495605 1.9955193996429443 
v -7.222825050354004 -7.9114298820495605 1.9955193996429443 
v -7.585564136505127 -7.913906574249268 2.033416748046875 
v -7.20410680770874 -7.913906574249268 2.033416748046875 
v -7.585564136505127 -7.913906574249268 2.072442054748535 
v -7.257896900177002 -7.913906574249268 2.072442054748535 
v -7.289323806762695 -7.913906574249268 2.0885586738586426 
v -7.585564136505127 -7.913906574249268 2.11029314994812 
v -7.304889678955078 -7.913906574249268 2.11029314994812 
v -7.585564136505127 -7.913906574249268 2.1484668254852295 
v -7.332474231719971 -7.913906574249268 2.1484668254852295 
v -7.344789028167725 -7.913906574249268 2.1655733585357666 
v -7.585564136505127 -7.913906574249268 2.203148365020752 
v -7.325676441192627 -7.913906574249268 2.203148365020752 
v -7.345281600952148 -7.901119709014893 2.258382558822632 
v -7.196422576904297 -7.901119709014893 2.258382558822632 
v -7.155735015869141 -7.913906574249268 2.203148365020752 
v -7.014658451080322 -7.913906574249268 2.203148365020752 
v -7.022441387176514 -7.913906574249268 2.1484668254852295 
v -6.889542102813721 -7.913906574249268 2.1484668254852295 
v -6.812501907348633 -7.913906574249268 2.11029314994812 
v -6.995151996612549 -7.913906574249268 2.11029314994812 
v -6.983034610748291 -7.913906574249268 2.0935089588165283 
v -6.993871688842773 -7.913906574249268 2.072442054748535 
v -6.997516632080078 -7.8995490074157715 2.100945472717285 
v -7.008353233337402 -7.8995490074157715 2.079878807067871 
v -6.959784507751465 -7.913906574249268 2.033416748046875 
v -7.31109619140625 -7.8995490074157715 2.195711612701416 
v -7.3303070068359375 -7.8995490074157715 2.1581368446350098 
v -7.585564136505127 -7.901119709014893 2.258382558822632 
v -6.744229793548584 -7.913906574249268 2.033416748046875 
v -6.9283576011657715 -7.9128594398498535 2.0172770023345947 
v -6.912792205810547 -7.9114298820495605 1.9955193996429443 
v -6.729649066925049 -7.9114298820495605 1.9955193996429443 
v -6.717925548553467 -7.909476280212402 1.957230806350708 
v -6.711127758026123 -7.925686836242676 1.9955193996429443 
v -6.885305881500244 -7.909476280212402 1.957230806350708 
v -6.874173164367676 -7.90917444229126 1.9416897296905518 
v -6.899097919464111 -7.89455509185791 1.9284510612487793 
v -6.888655185699463 -7.894978046417236 1.9497710466384888 
v -6.6951680183410645 -7.923008441925049 1.9203696250915527 
v -6.678223133087158 -7.941574573516846 1.9458340406417847 
v -6.6828532218933105 -7.942762851715088 1.9698479175567627 
v -6.763834476470947 -7.88702392578125 1.868289828300476 
v -6.7454118728637695 -7.901280879974365 1.868289828300476 
v -7.046380996704102 -7.803858280181885 2.379833221435547 
v -7.041947841644287 -7.7479987144470215 2.402097225189209 
v -6.737037658691406 -7.811047077178955 2.3548061847686768 
v -6.725905418395996 -7.744112014770508 2.38149094581604 
v -6.537442207336426 -7.780177593231201 2.3536550998687744 
v -7.3570051193237305 -7.808107376098633 2.378129482269287 
v -7.3570051193237305 -7.7479987144470215 2.402097225189209 
v -7.041947841644287 -7.661712169647217 2.4178225994110107 
v -7.3570051193237305 -7.661712169647217 2.4178225994110107 
v -7.041947841644287 -7.612839698791504 2.4178225994110107 
v -7.3570051193237305 -7.612839698791504 2.4178225994110107 
v -7.3570051193237305 -7.563987731933594 2.4178225994110107 
v -7.041947841644287 -7.563987731933594 2.4178225994110107 
v -7.3570051193237305 -7.477701187133789 2.402097225189209 
v -7.041947841644287 -7.477701187133789 2.402097225189209 
v -7.3570051193237305 -7.417592525482178 2.378129482269287 
v -7.046380996704102 -7.421841144561768 2.379833221435547 
v -6.737037658691406 -7.414652347564697 2.3548061847686768 
v -6.725905418395996 -7.4815874099731445 2.38149094581604 
v -6.537442207336426 -7.445522308349609 2.3536550998687744 
v -6.427793025970459 -7.497012138366699 2.350846290588379 
v -6.26612663269043 -7.4815874099731445 2.3008153438568115 
v -6.327502727508545 -7.426352024078369 2.2953126430511475 
v -6.129483699798584 -7.490165710449219 2.2586357593536377 
v -6.241300582885742 -7.41745138168335 2.258589744567871 
v -6.020622730255127 -7.495059013366699 2.2206003665924072 
v -6.0985493659973145 -7.423552989959717 2.218712568283081 
v -6.725905418395996 -7.567873954772949 2.3972160816192627 
v -6.587784767150879 -7.540830135345459 2.381375789642334 
v -6.021312236785889 -7.612839698791504 2.220278024673462 
v -6.134803771972656 -7.612839698791504 2.2586357593536377 
v -6.129483699798584 -7.735533714294434 2.2586357593536377 
v -6.26612663269043 -7.744112014770508 2.3008153438568115 
v -6.327502727508545 -7.799347877502441 2.2953126430511475 
v -6.263565540313721 -7.612839698791504 2.3050057888031006 
v -6.278145790100098 -7.612839698791504 2.2985129356384277 
v -6.278145790100098 -7.491474628448486 2.2985129356384277 
v -6.427793025970459 -7.497012138366699 2.350846290588379 
v -6.419419288635254 -7.5052080154418945 2.340531587600708 
v -6.419419288635254 -7.612839698791504 2.340531587600708 
v -6.419419288635254 -7.720491409301758 2.340531587600708 
v -6.278145790100098 -7.734224796295166 2.2985129356384277 
v -6.427793025970459 -7.728687286376953 2.350846290588379 
v -6.020622730255127 -7.730640411376953 2.2206003665924072 
v -6.241300582885742 -7.808248043060303 2.258589744567871 
v -6.0985493659973145 -7.802146911621094 2.218712568283081 
v -6.427793025970459 -7.728687286376953 2.350846290588379 
v -6.587784767150879 -7.684869289398193 2.381375789642334 
v -6.725905418395996 -7.657825469970703 2.3972160816192627 
v -6.725905418395996 -7.612839698791504 2.3972160816192627 
v -6.587784767150879 -7.612839698791504 2.381375789642334 
v -6.427596092224121 -7.612839698791504 2.3531484603881836 
v -5.963778495788574 -7.799850940704346 1.996348261833191 
v -5.981018543243408 -7.770310401916504 2.0345449447631836 
v -5.970181941986084 -7.799850940704346 2.034498691558838 
v -5.979540824890137 -7.799850940704346 2.0726492404937744 
v -5.990279197692871 -7.770310401916504 2.072718381881714 
v -5.992249488830566 -7.799850940704346 2.1108226776123047 
v -6.003086566925049 -7.770310401916504 2.1108689308166504 
v -6.009293079376221 -7.799850940704346 2.148973226547241 
v -6.368682861328125 -7.812497138977051 1.836562991142273 
v -6.195489883422852 -7.8093156814575195 1.8680135011672974 
v -6.06328010559082 -7.752871990203857 1.8679674863815308 
v -5.970181941986084 -7.794917583465576 1.9081900119781494 
v -5.898067474365234 -7.723532199859619 1.9083051681518555 
v -5.993037700653076 -7.6833391189575195 1.8679674863815308 
v -5.898067474365234 -7.612839698791504 1.9083051681518555 
v -5.993037700653076 -7.612839698791504 1.868059515953064 
v -5.993037700653076 -7.542360782623291 1.8679674863815308 
v -5.898067474365234 -7.502167224884033 1.9083051681518555 
v -5.886639595031738 -7.612839698791504 1.9201164245605469 
v -5.886639595031738 -7.728466033935547 1.9201164245605469 
v -5.958754062652588 -7.799850940704346 1.9200242757797241 
v -5.867428779602051 -7.746709823608398 1.9467089176177979 
v -5.9395432472229 -7.818075180053711 1.9465937614440918 
v -6.091554641723633 -7.73972225189209 1.836447834968567 
v -6.016189098358154 -7.665175437927246 1.8364708423614502 
v -5.886639595031738 -7.497233867645264 1.9201164245605469 
v -5.970181941986084 -7.430781841278076 1.9081900119781494 
v -6.06328010559082 -7.472827911376953 1.8679674863815308 
v -6.195489883422852 -7.416384220123291 1.8680135011672974 
v -6.368682861328125 -7.413202285766602 1.836562991142273 
v -6.091554641723633 -7.4859771728515625 1.836447834968567 
v -6.016189098358154 -7.560523986816406 1.8364708423614502 
v -5.958754062652588 -7.425848484039307 1.9200242757797241 
v -5.867428779602051 -7.478989601135254 1.9467089176177979 
v -5.9395432472229 -7.4076247215271 1.9465937614440918 
v -6.368682861328125 -7.812497138977051 1.836562991142273 
v -6.3641510009765625 -7.612839698791504 1.836562991142273 
v -6.091554641723633 -7.73972225189209 1.836447834968567 
v -6.016189098358154 -7.665175437927246 1.8364708423614502 
v -6.016189098358154 -7.612839698791504 1.8365168571472168 
v -6.016189098358154 -7.560523986816406 1.8364708423614502 
v -6.091554641723633 -7.4859771728515625 1.836447834968567 
v -6.368682861328125 -7.413202285766602 1.836562991142273 
v -6.7454118728637695 -7.350193977355957 1.836747169494629 
v -6.7454118728637695 -7.612839698791504 1.836747169494629 
v -6.7454118728637695 -7.875505447387695 1.836747169494629 
v -6.091554641723633 -7.73972225189209 1.836447834968567 
v -6.368682861328125 -7.812497138977051 1.836562991142273 
v -6.06328010559082 -7.752871990203857 1.8679674863815308 
v -7.92436408996582 -7.901119709014893 2.258382558822632 
v -7.92436408996582 -7.913906574249268 2.203148365020752 
v -7.92436408996582 -7.903616428375244 2.203148365020752 
v -7.92436408996582 -7.903616428375244 2.1484668254852295 
v -7.92436408996582 -7.913906574249268 2.1484668254852295 
v -7.92436408996582 -7.903616428375244 2.11029314994812 
v -7.92436408996582 -7.913906574249268 2.11029314994812 
v -7.92436408996582 -7.903616428375244 2.072442054748535 
v -7.92436408996582 -7.913906574249268 2.072442054748535 
v -7.92436408996582 -7.903616428375244 2.033416748046875 
v -7.92436408996582 -7.913906574249268 2.033416748046875 
v -7.92436408996582 -7.901139736175537 1.9955193996429443 
v -7.92436408996582 -7.9114298820495605 1.9955193996429443 
v -7.924462795257568 -7.899186611175537 1.957230806350708 
v -7.924462795257568 -7.909476280212402 1.957230806350708 
v -7.924462795257568 -7.908751487731934 1.9203696250915527 
v -7.585564136505127 -7.901119709014893 2.258382558822632 
v -7.585564136505127 -7.913906574249268 2.203148365020752 
v -7.585564136505127 -7.903616428375244 2.203148365020752 
v -7.585564136505127 -7.913906574249268 2.1484668254852295 
v -7.585564136505127 -7.903616428375244 2.1484668254852295 
v -7.585564136505127 -7.913906574249268 2.11029314994812 
v -7.585564136505127 -7.903616428375244 2.11029314994812 
v -7.585564136505127 -7.913906574249268 2.072442054748535 
v -7.585564136505127 -7.903616428375244 2.072442054748535 
v -7.585564136505127 -7.913906574249268 2.033416748046875 
v -7.585564136505127 -7.903616428375244 2.033416748046875 
v -7.585564136505127 -7.9114298820495605 1.9955193996429443 
v -7.585564136505127 -7.901139736175537 1.9955193996429443 
v -7.585564136505127 -7.909476280212402 1.957230806350708 
v -7.585564136505127 -7.899186611175537 1.957230806350708 
v -7.585564136505127 -7.908751487731934 1.9203696250915527 
v -6.9283576011657715 -7.9128594398498535 2.0172770023345947 
v -6.932199954986572 -7.8980183601379395 2.0105080604553223 
v -6.959784507751465 -7.913906574249268 2.033416748046875 
v -6.963626861572266 -7.899085998535156 2.0266475677490234 
v -7.189821720123291 -7.899085998535156 2.0266475677490234 
v -7.20410680770874 -7.913906574249268 2.033416748046875 
v -7.022441387176514 -7.913906574249268 2.1484668254852295 
v -7.155735015869141 -7.913906574249268 2.203148365020752 
v -7.0316033363342285 -7.8995490074157715 2.1484668254852295 
v -7.159576892852783 -7.8995490074157715 2.195711612701416 
v -7.31109619140625 -7.8995490074157715 2.195711612701416 
v -7.325676441192627 -7.913906574249268 2.203148365020752 
v -7.189821720123291 -7.899085998535156 2.0266475677490234 
v -7.20410680770874 -7.913906574249268 2.033416748046875 
v -7.213761329650879 -7.8970723152160645 1.996164083480835 
v -7.222825050354004 -7.9114298820495605 1.9955193996429443 
v -7.20410680770874 -7.913906574249268 2.033416748046875 
v -7.213761329650879 -7.8970723152160645 1.996164083480835 
v -7.2854814529418945 -7.8995490074157715 2.0959954261779785 
v -7.289323806762695 -7.913906574249268 2.0885586738586426 
v -7.254054546356201 -7.8995490074157715 2.079878807067871 
v -7.257896900177002 -7.913906574249268 2.072442054748535 
v -7.008353233337402 -7.8995490074157715 2.079878807067871 
v -6.993871688842773 -7.913906574249268 2.072442054748535 
v -7.1823344230651855 -7.909093856811523 1.9369468688964844 
v -7.151400089263916 -7.908751487731934 1.9203696250915527 
v -7.178295135498047 -7.8948774337768555 1.9450281858444214 
v -7.147360801696777 -7.89455509185791 1.9284510612487793 
v -6.899097919464111 -7.89455509185791 1.9284510612487793 
v -6.884616374969482 -7.908751487731934 1.9203696250915527 
v -7.267058849334717 -7.900253772735596 2.0860490798950195 
v -7.263020038604736 -7.903193950653076 2.0820889472961426 
v -7.309027194976807 -7.900253772735596 2.128021478652954 
v -7.320849418640137 -7.905428886413574 2.139901876449585 
v -7.260064125061035 -7.905428886413574 2.079072952270508 
v -6.8869805335998535 -7.900253772735596 1.9387426376342773 
v -6.884418964385986 -7.903133392333984 1.936210036277771 
v -6.9754486083984375 -7.900253772735596 2.027200222015381 
v -6.977813243865967 -7.905428886413574 2.0295486450195312 
v -6.882448673248291 -7.905428886413574 1.9342069625854492 
v -7.135440349578857 -7.900253772735596 2.187238931655884 
v -7.157606601715088 -7.907120227813721 2.1996257305145264 
v -7.027761459350586 -7.900253772735596 2.079510450363159 
v -7.0349531173706055 -7.908288478851318 2.075343132019043 
v -7.159872531890869 -7.908288478851318 2.2002243995666504 
v -6.9754486083984375 -7.900253772735596 2.027200222015381 
v -6.990423202514648 -7.908288478851318 2.0308611392974854 
v -6.8869805335998535 -7.900253772735596 1.9387426376342773 
v -6.886192321777344 -7.902126312255859 1.9352891445159912 
v -6.883532524108887 -7.908288478851318 1.9239614009857178 
v -7.12726354598999 -7.900253772735596 1.9252046346664429 
v -7.124406337738037 -7.905428886413574 1.922257661819458 
v -7.208835601806641 -7.900253772735596 2.0067551136016846 
v -7.210608959197998 -7.902670383453369 2.008481740951538 
v -7.2116923332214355 -7.905428886413574 2.009587049484253 
v -7.0346574783325195 -7.900253772735596 2.1498942375183105 
v -7.057513236999512 -7.908288478851318 2.161360025405884 
v -7.0259881019592285 -7.900253772735596 2.14121413230896 
v -7.001063346862793 -7.904502868652344 2.11029314994812 
v -6.990718841552734 -7.906274795532227 2.0974459648132324 
v -6.990029335021973 -7.908288478851318 2.0938773155212402 
v -7.208835601806641 -7.900253772735596 2.0067551136016846 
v -7.211101531982422 -7.901844501495361 2.006709098815918 
v -7.12726354598999 -7.900253772735596 1.9252046346664429 
v -7.134061336517334 -7.908288478851318 1.9206229448318481 
v -7.21681547164917 -7.908288478851318 2.0033016204833984 
v -7.319568634033203 -7.900253772735596 2.1809072494506836 
v -7.328336715698242 -7.9068989753723145 2.1803088188171387 
v -7.218194484710693 -7.900253772735596 2.079510450363159 
v -7.225386142730713 -7.908288478851318 2.075343132019043 
v -7.3302083015441895 -7.908288478851318 2.1801705360412598 
v -7.236617088317871 -7.905428886413574 2.0768396854400635 
v -7.225386142730713 -7.908288478851318 2.075343132019043 
v -7.331095218658447 -7.905428886413574 2.17128324508667 
v -7.330405235290527 -7.907744884490967 2.1784896850585938 
v -7.3302083015441895 -7.908288478851318 2.1801705360412598 
v -7.186964511871338 -7.900253772735596 2.027200222015381 
v -7.195141792297363 -7.904603481292725 2.0291802883148193 
v -7.0849995613098145 -7.900253772735596 1.9252046346664429 
v -7.091797351837158 -7.908288478851318 1.9206229448318481 
v -7.2002644538879395 -7.908288478851318 2.029088258743286 
v -7.068449020385742 -7.900253772735596 2.1624653339385986 
v -7.086575984954834 -7.905912399291992 2.1726648807525635 
v -7.000078201293945 -7.900253772735596 2.0941765308380127 
v -6.997220993041992 -7.908288478851318 2.079901695251465 
v -7.093373775482178 -7.908288478851318 2.176072359085083 
v -6.920377731323242 -7.908288478851318 2.003117322921753 
v -6.929934024810791 -7.906919002532959 2.0145602226257324 
v -6.935352325439453 -7.908288478851318 2.018059730529785 
v -6.898014545440674 -7.905428886413574 1.9709069728851318 
v -6.95141077041626 -7.905428886413574 2.024322271347046 
v -6.915156364440918 -7.907643795013428 1.995680570602417 
v -6.946583271026611 -7.906294822692871 2.0224342346191406 
v -6.935352325439453 -7.908288478851318 2.018059730529785 
v -6.920377731323242 -7.908288478851318 2.003117322921753 
v -7.003920078277588 -7.905428886413574 2.0768396854400635 
v -7.001949787139893 -7.905932426452637 2.0765633583068848 
v -7.106968879699707 -7.905428886413574 2.179894208908081 
v -7.093373775482178 -7.908288478851318 2.176072359085083 
v -7.098693370819092 -7.907301902770996 2.177983283996582 
v -6.997220993041992 -7.908288478851318 2.079901695251465 
v -7.1970133781433105 -7.900253772735596 2.079510450363159 
v -7.1943535804748535 -7.905428886413574 2.0768396854400635 
v -7.312376976013184 -7.900253772735596 2.1949057579040527 
v -7.315332412719727 -7.903777599334717 2.1978759765625 
v -7.316218852996826 -7.905428886413574 2.1987507343292236 
v -7.298091888427734 -7.908288478851318 2.105757474899292 
v -7.287550449371338 -7.907321929931641 2.091966152191162 
v -7.279570579528809 -7.908288478851318 2.0872232913970947 
v -7.007269859313965 -7.900253772735596 2.0802011489868164 
v -7.101944446563721 -7.900253772735596 2.174852132797241 
v -7.005496501922607 -7.902408599853516 2.0784051418304443 
v -7.106968879699707 -7.905428886413574 2.179894208908081 
v -7.003920078277588 -7.905428886413574 2.0768396854400635 
v -7.260064125061035 -7.905428886413574 2.079072952270508 
v -7.255827903747559 -7.905932426452637 2.0765633583068848 
v -7.320849418640137 -7.905428886413574 2.139901876449585 
v -7.327449798583984 -7.906013011932373 2.1484668254852295 
v -7.337301731109619 -7.908288478851318 2.1661720275878906 
v -7.337794303894043 -7.9069390296936035 2.161958694458008 
v -7.246469020843506 -7.908288478851318 2.075343132019043 
v -7.218194484710693 -7.900253772735596 2.079510450363159 
v -7.215435981750488 -7.905428886413574 2.0768396854400635 
v -7.319568634033203 -7.900253772735596 2.1809072494506836 
v -7.323410511016846 -7.904784679412842 2.1847293376922607 
v -7.3239030838012695 -7.905428886413574 2.185281753540039 
v -7.208736896514893 -7.900253772735596 1.9854350090026855 
v -7.201742172241211 -7.908288478851318 1.967061996459961 
v -7.148444652557373 -7.900253772735596 1.9252046346664429 
v -7.15662145614624 -7.906033039093018 1.9251816272735596 
v -7.149232864379883 -7.901119709014893 1.924721121788025 
v -7.160069465637207 -7.908288478851318 1.9254119396209717 
v -6.891709327697754 -7.905428886413574 1.922257661819458 
v -6.886783599853516 -7.906637191772461 1.9215669631958008 
v -6.99899435043335 -7.905428886413574 2.0295486450195312 
v -6.990423202514648 -7.908288478851318 2.0308611392974854 
v -6.883532524108887 -7.908288478851318 1.9239614009857178 
v -7.014362812042236 -7.905428886413574 2.129564046859741 
v -7.02667760848999 -7.907341957092285 2.1484668254852295 
v -7.036923408508301 -7.905428886413574 2.1521735191345215 
v -7.000078201293945 -7.900253772735596 2.0941765308380127 
v -7.068449020385742 -7.900253772735596 2.1624653339385986 
v -6.996137619018555 -7.9049458503723145 2.0902395248413086 
v -7.072783470153809 -7.905428886413574 2.1668858528137207 
v -6.995743274688721 -7.905428886413574 2.08982515335083 
v -7.072290897369385 -7.904261112213135 2.16637921333313 
v -7.101944446563721 -7.900253772735596 2.174852132797241 
v -7.007269859313965 -7.900253772735596 2.0802011489868164 
v -7.127854347229004 -7.908288478851318 2.189357042312622 
v -7.007072925567627 -7.900817394256592 2.0792109966278076 
v -7.013772010803223 -7.908288478851318 2.075343132019043 
v -6.945401191711426 -7.900253772735596 2.0183591842651367 
v -6.962247371673584 -7.904502868652344 2.0291342735290527 
v -6.910329341888428 -7.900253772735596 1.9832707643508911 
v -6.889147758483887 -7.903475761413574 1.9575071334838867 
v -6.877227306365967 -7.907382011413574 1.940055012702942 
v -6.878114223480225 -7.905287742614746 1.9438999891281128 
v -6.876833438873291 -7.908288478851318 1.9383742809295654 
v -6.969340801239014 -7.908288478851318 2.0308611392974854 
v -7.309027194976807 -7.900253772735596 2.128021478652954 
v -7.267058849334717 -7.900253772735596 2.0860490798950195 
v -7.300259113311768 -7.906637191772461 2.11029314994812 
v -7.279570579528809 -7.908288478851318 2.0872232913970947 
v -7.298091888427734 -7.908288478851318 2.105757474899292 
v -7.198983669281006 -7.900253772735596 2.0180137157440186 
v -7.208146095275879 -7.90687894821167 2.017829656600952 
v -7.106180667877197 -7.900253772735596 1.9252046346664429 
v -7.112978458404541 -7.908288478851318 1.9206229448318481 
v -7.209426403045654 -7.908288478851318 2.017092704772949 
v -9.089031219482422 -7.612839698791504 2.390746593475342 
v -9.09553337097168 -7.612839698791504 2.3750903606414795 
v -9.089031219482422 -7.65722131729126 2.390746593475342 
v -9.09553337097168 -7.655811786651611 2.3750903606414795 
v -9.089031219482422 -7.7423200607299805 2.3752284049987793 
v -9.09553337097168 -7.737970352172852 2.3601248264312744 
v -9.089031219482422 -7.568478107452393 2.390746593475342 
v -9.09553337097168 -7.569887638092041 2.3750903606414795 
v -9.09553337097168 -7.487729072570801 2.3601248264312744 
v -9.089031219482422 -7.48337984085083 2.3752284049987793 
v -9.089031219482422 -7.409054279327393 2.3455967903137207 
v -9.09553337097168 -7.4166259765625 2.331759452819824 
v -9.089031219482422 -7.355530261993408 2.3072621822357178 
v -9.09553337097168 -7.376070022583008 2.302703380584717 
v -9.089031219482422 -7.361208915710449 2.2972006797790527 
v -9.09553337097168 -7.379815578460693 2.296072483062744 
v -9.089031219482422 -7.330600738525391 2.255619525909424 
v -9.09553337097168 -7.345119476318359 2.2489426136016846 
v -9.089031219482422 -7.318277359008789 2.2023885250091553 
v -9.09553337097168 -7.33392333984375 2.200615644454956 
v -9.089031219482422 -7.318277359008789 2.1484668254852295 
v -9.09553337097168 -7.33392333984375 2.1484668254852295 
v -9.089031219482422 -7.318277359008789 2.11029314994812 
v -9.09553337097168 -7.33392333984375 2.11029314994812 
v -9.089031219482422 -7.318277359008789 2.072442054748535 
v -9.09553337097168 -7.33392333984375 2.072442054748535 
v -9.089031219482422 -7.318277359008789 2.0336239337921143 
v -9.09553337097168 -7.33392333984375 2.034153461456299 
v -9.089031219482422 -7.320734024047852 1.9959338903427124 
v -9.09553337097168 -7.336359977722168 1.996946930885315 
v -9.09553337097168 -7.357846260070801 1.8797786235809326 
v -9.09553337097168 -7.612839698791504 1.8588730096817017 
v -9.09553337097168 -7.850757122039795 1.8588730096817017 
v -9.089031219482422 -7.612839698791504 1.8432167768478394 
v -9.09553337097168 -7.374942302703857 1.8588730096817017 
v -9.089031219482422 -7.367511749267578 1.8432167768478394 
v -9.089031219482422 -7.34429407119751 1.871651291847229 
v -9.09553337097168 -7.338997840881348 1.9249974489212036 
v -9.089031219482422 -7.323391914367676 1.9217281341552734 
v -9.09553337097168 -7.338313579559326 1.9583590030670166 
v -9.089031219482422 -7.322687149047852 1.9575531482696533 
v -9.089031219482422 -7.858187675476074 1.8432167768478394 
v -9.09553337097168 -7.86785364151001 1.8797786235809326 
v -9.09553337097168 -7.886701583862305 1.9249974489212036 
v -9.089031219482422 -7.881405830383301 1.871651291847229 
v -9.089031219482422 -7.902307510375977 1.9217281341552734 
v -9.09553337097168 -7.887386322021484 1.9583590030670166 
v -9.089031219482422 -7.903012275695801 1.9575531482696533 
v -9.09553337097168 -7.889339447021484 1.996946930885315 
v -9.089031219482422 -7.904965877532959 1.9959338903427124 
v -9.09553337097168 -7.891776084899902 2.034153461456299 
v -9.089031219482422 -7.9074225425720215 2.0336239337921143 
v -9.09553337097168 -7.891776084899902 2.072442054748535 
v -9.089031219482422 -7.9074225425720215 2.072442054748535 
v -9.09553337097168 -7.891776084899902 2.11029314994812 
v -9.089031219482422 -7.9074225425720215 2.11029314994812 
v -9.09553337097168 -7.891776084899902 2.1484668254852295 
v -9.089031219482422 -7.9074225425720215 2.1484668254852295 
v -9.09553337097168 -7.891776084899902 2.200615644454956 
v -9.089031219482422 -7.9074225425720215 2.2023885250091553 
v -9.09553337097168 -7.880579948425293 2.2489426136016846 
v -9.089031219482422 -7.895098686218262 2.255619525909424 
v -9.09553337097168 -7.845884323120117 2.296072483062744 
v -9.089031219482422 -7.864490509033203 2.2972006797790527 
v -9.09553337097168 -7.8496294021606445 2.302703380584717 
v -9.089031219482422 -7.870169162750244 2.3072621822357178 
v -9.09553337097168 -7.8090739250183105 2.331759452819824 
v -9.089031219482422 -7.81664514541626 2.3455967903137207 
v -9.089031219482422 -7.864490509033203 2.2972006797790527 
v -9.07336711883545 -7.901119709014893 2.258382558822632 
v -9.07336711883545 -7.8722028732299805 2.297661066055298 
v -8.894952774047852 -7.901119709014893 2.258382558822632 
v -8.750133514404297 -7.8722028732299805 2.297661066055298 
v -8.586299896240234 -7.901119709014893 2.258382558822632 
v -9.089031219482422 -7.895098686218262 2.255619525909424 
v -9.07336711883545 -7.913906574249268 2.203148365020752 
v -9.089031219482422 -7.9074225425720215 2.2023885250091553 
v -9.07336711883545 -7.913906574249268 2.1484668254852295 
v -9.089031219482422 -7.9074225425720215 2.1484668254852295 
v -9.07336711883545 -7.913906574249268 2.11029314994812 
v -9.089031219482422 -7.9074225425720215 2.11029314994812 
v -9.07336711883545 -7.913906574249268 2.072442054748535 
v -9.089031219482422 -7.9074225425720215 2.072442054748535 
v -9.07336711883545 -7.913906574249268 2.033416748046875 
v -9.089031219482422 -7.9074225425720215 2.0336239337921143 
v -9.07336711883545 -7.9114298820495605 1.9955193996429443 
v -9.089031219482422 -7.904965877532959 1.9959338903427124 
v -9.07336711883545 -7.909476280212402 1.957230806350708 
v -8.7499361038208 -7.909476280212402 1.957230806350708 
v -8.254100799560547 -7.909476280212402 1.957230806350708 
v -7.924462795257568 -7.909476280212402 1.957230806350708 
v -8.254100799560547 -7.9114298820495605 1.9955193996429443 
v -7.92436408996582 -7.9114298820495605 1.9955193996429443 
v -8.7499361038208 -7.9114298820495605 1.9955193996429443 
v -8.7499361038208 -7.913906574249268 2.033416748046875 
v -8.894952774047852 -7.913906574249268 2.072442054748535 
v -8.929729461669922 -7.913906574249268 2.11029314994812 
v -8.929729461669922 -7.913906574249268 2.1484668254852295 
v -8.929729461669922 -7.913906574249268 2.203148365020752 
v -8.254100799560547 -7.913906574249268 2.033416748046875 
v -8.586299896240234 -7.913906574249268 2.072442054748535 
v -7.92436408996582 -7.913906574249268 2.033416748046875 
v -8.075784683227539 -7.913906574249268 2.072442054748535 
v -7.92436408996582 -7.913906574249268 2.072442054748535 
v -8.039135932922363 -7.913906574249268 2.11029314994812 
v -7.92436408996582 -7.913906574249268 2.11029314994812 
v -8.039135932922363 -7.913906574249268 2.1484668254852295 
v -7.92436408996582 -7.913906574249268 2.1484668254852295 
v -8.039135932922363 -7.913906574249268 2.203148365020752 
v -7.92436408996582 -7.913906574249268 2.203148365020752 
v -8.075784683227539 -7.901119709014893 2.258382558822632 
v -7.92436408996582 -7.901119709014893 2.258382558822632 
v -8.238337516784668 -7.8722028732299805 2.297661066055298 
v -8.391728401184082 -7.901119709014893 2.258382558822632 
v -8.427194595336914 -7.913906574249268 2.203148365020752 
v -8.549651145935059 -7.913906574249268 2.203148365020752 
v -8.427194595336914 -7.913906574249268 2.1484668254852295 
v -8.549651145935059 -7.913906574249268 2.1484668254852295 
v -8.427194595336914 -7.913906574249268 2.11029314994812 
v -8.549651145935059 -7.913906574249268 2.11029314994812 
v -8.391728401184082 -7.913906574249268 2.072442054748535 
v -7.92436408996582 -7.8722028732299805 2.297661066055298 
v -7.585564136505127 -7.901119709014893 2.258382558822632 
v -7.92436408996582 -7.903616428375244 2.203148365020752 
v -7.585564136505127 -7.903616428375244 2.203148365020752 
v -7.585564136505127 -7.903616428375244 2.1484668254852295 
v -7.92436408996582 -7.903616428375244 2.1484668254852295 
v -7.585564136505127 -7.903616428375244 2.11029314994812 
v -7.92436408996582 -7.903616428375244 2.11029314994812 
v -7.585564136505127 -7.903616428375244 2.072442054748535 
v -7.92436408996582 -7.903616428375244 2.072442054748535 
v -7.585564136505127 -7.903616428375244 2.033416748046875 
v -7.92436408996582 -7.903616428375244 2.033416748046875 
v -7.585564136505127 -7.901139736175537 1.9955193996429443 
v -7.92436408996582 -7.901139736175537 1.9955193996429443 
v -7.585564136505127 -7.899186611175537 1.957230806350708 
v -7.924462795257568 -7.899186611175537 1.957230806350708 
v -7.585564136505127 -7.8722028732299805 2.297661066055298 
v -7.196422576904297 -7.901119709014893 2.258382558822632 
v -7.341537952423096 -7.8722028732299805 2.297661066055298 
v -5.979540824890137 -7.425848484039307 2.0726492404937744 
v -6.725806713104248 -7.296871662139893 2.033416748046875 
v -5.970181941986084 -7.425848484039307 2.034498691558838 
v -5.963778495788574 -7.425848484039307 1.996348261833191 
v -6.793980598449707 -7.296871662139893 2.11029314994812 
v -6.812501907348633 -7.311792850494385 2.11029314994812 
v -6.747480392456055 -7.296871662139893 2.072442054748535 
v -6.7660017013549805 -7.311792850494385 2.072442054748535 
v -6.725806713104248 -7.296871662139893 2.072442054748535 
v -5.992249488830566 -7.425848484039307 2.1108226776123047 
v -6.725806713104248 -7.296871662139893 2.11029314994812 
v -6.725806713104248 -7.296871662139893 2.1484668254852295 
v -6.793980598449707 -7.296871662139893 2.11029314994812 
v -6.871119499206543 -7.297536373138428 2.1484668254852295 
v -6.725806713104248 -7.296871662139893 2.203148365020752 
v -6.996137619018555 -7.296871662139893 2.203148365020752 
v -7.177901268005371 -7.310343265533447 2.258382558822632 
v -6.725806713104248 -7.309678554534912 2.258382558822632 
v -7.365477561950684 -7.34703254699707 2.309149980545044 
v -6.737333297729492 -7.3398237228393555 2.2992498874664307 
v -6.241300582885742 -7.41745138168335 2.258589744567871 
v -6.327502727508545 -7.426352024078369 2.2953126430511475 
v -6.009293079376221 -7.425848484039307 2.148973226547241 
v -6.099534511566162 -7.415457725524902 2.20363187789917 
v -6.0985493659973145 -7.423552989959717 2.218712568283081 
v -6.022986888885498 -7.425848484039307 2.170178174972534 
v -6.058058738708496 -7.42498254776001 2.198221206665039 
v -5.891663551330566 -7.497233867645264 1.9964404106140137 
v -5.898067474365234 -7.497233867645264 2.034613847732544 
v -5.947227478027344 -7.488796234130859 2.03459095954895 
v -5.9565863609313965 -7.488796234130859 2.0727643966674805 
v -5.907426357269287 -7.497233867645264 2.0727643966674805 
v -5.969393730163574 -7.488796234130859 2.110914945602417 
v -5.920233726501465 -7.497233867645264 2.1109378337860107 
v -5.937178611755371 -7.497233867645264 2.1490883827209473 
v -6.003086566925049 -7.455389499664307 2.1108689308166504 
v -6.009293079376221 -7.425848484039307 2.148973226547241 
v -6.711127758026123 -7.300013065338135 1.9955193996429443 
v -6.6828532218933105 -7.282937049865723 1.9698479175567627 
v -5.940823554992676 -7.407382965087891 1.9706767797470093 
v -6.678223133087158 -7.284124851226807 1.9458340406417847 
v -5.9395432472229 -7.4076247215271 1.9465937614440918 
v -6.6951680183410645 -7.3026909828186035 1.9203696250915527 
v -5.958754062652588 -7.425848484039307 1.9200242757797241 
v -5.970181941986084 -7.430781841278076 1.9081900119781494 
v -6.7454118728637695 -7.324419021606445 1.868289828300476 
v -6.195489883422852 -7.416384220123291 1.8680135011672974 
v -6.7454118728637695 -7.350193977355957 1.836747169494629 
v -6.368682861328125 -7.413202285766602 1.836562991142273 
v -6.763834476470947 -7.364450931549072 1.836747169494629 
v -6.763834476470947 -7.3386759757995605 1.868289828300476 
v -7.100762367248535 -7.364450931549072 1.836747169494629 
v -7.130612850189209 -7.3386759757995605 1.868289828300476 
v -7.585564136505127 -7.364450931549072 1.836747169494629 
v -7.585564136505127 -7.3386759757995605 1.868289828300476 
v -7.924561023712158 -7.364450931549072 1.836747169494629 
v -7.159971237182617 -7.32296895980835 1.9058877229690552 
v -6.884616374969482 -7.316947937011719 1.9203696250915527 
v -6.713590621948242 -7.316947937011719 1.9203696250915527 
v -7.151400089263916 -7.316947937011719 1.9203696250915527 
v -7.585564136505127 -7.316947937011719 1.9203696250915527 
v -7.1823344230651855 -7.316605567932129 1.9369468688964844 
v -7.195929527282715 -7.31622314453125 1.957230806350708 
v -7.585564136505127 -7.31622314453125 1.957230806350708 
v -7.585564136505127 -7.31427001953125 1.9955193996429443 
v -7.222825050354004 -7.31427001953125 1.9955193996429443 
v -7.585564136505127 -7.311792850494385 2.033416748046875 
v -7.20410680770874 -7.311792850494385 2.033416748046875 
v -7.585564136505127 -7.311792850494385 2.072442054748535 
v -7.257896900177002 -7.311792850494385 2.072442054748535 
v -7.289323806762695 -7.311792850494385 2.0885586738586426 
v -7.304889678955078 -7.311792850494385 2.11029314994812 
v -7.585564136505127 -7.311792850494385 2.11029314994812 
v -7.585564136505127 -7.311792850494385 2.1484668254852295 
v -7.332474231719971 -7.311792850494385 2.1484668254852295 
v -7.344789028167725 -7.311792850494385 2.1655733585357666 
v -7.325676441192627 -7.311792850494385 2.203148365020752 
v -7.31109619140625 -7.326150894165039 2.195711612701416 
v -7.3303070068359375 -7.326150894165039 2.1581368446350098 
v -6.959784507751465 -7.311792850494385 2.033416748046875 
v -7.585564136505127 -7.311792850494385 2.203148365020752 
v -7.345281600952148 -7.324580192565918 2.258382558822632 
v -7.155735015869141 -7.311792850494385 2.203148365020752 
v -7.196422576904297 -7.324580192565918 2.258382558822632 
v -7.014658451080322 -7.311792850494385 2.203148365020752 
v -7.022441387176514 -7.311792850494385 2.1484668254852295 
v -6.889542102813721 -7.311792850494385 2.1484668254852295 
v -6.812501907348633 -7.311792850494385 2.11029314994812 
v -6.995151996612549 -7.311792850494385 2.11029314994812 
v -6.983034610748291 -7.311792850494385 2.0935089588165283 
v -6.993871688842773 -7.311792850494385 2.072442054748535 
v -6.997516632080078 -7.326150894165039 2.100945472717285 
v -7.008353233337402 -7.326150894165039 2.079878807067871 
v -7.585564136505127 -7.324580192565918 2.258382558822632 
v -6.744229793548584 -7.311792850494385 2.033416748046875 
v -6.711127758026123 -7.300013065338135 1.9955193996429443 
v -6.729649066925049 -7.31427001953125 1.9955193996429443 
v -6.717925548553467 -7.31622314453125 1.957230806350708 
v -6.912792205810547 -7.31427001953125 1.9955193996429443 
v -6.885305881500244 -7.31622314453125 1.957230806350708 
v -6.874173164367676 -7.316525459289551 1.9416897296905518 
v -6.899097919464111 -7.3311448097229 1.9284510612487793 
v -6.888655185699463 -7.330721855163574 1.9497710466384888 
v -6.9283576011657715 -7.312839984893799 2.0172770023345947 
v -6.6951680183410645 -7.3026909828186035 1.9203696250915527 
v -6.763834476470947 -7.3386759757995605 1.868289828300476 
v -6.7454118728637695 -7.324419021606445 1.868289828300476 
v -6.678223133087158 -7.284124851226807 1.9458340406417847 
v -6.6828532218933105 -7.282937049865723 1.9698479175567627 
v -5.963778495788574 -7.425848484039307 1.996348261833191 
v -5.970181941986084 -7.425848484039307 2.034498691558838 
v -5.981018543243408 -7.455389499664307 2.0345449447631836 
v -5.979540824890137 -7.425848484039307 2.0726492404937744 
v -5.990279197692871 -7.455389499664307 2.072718381881714 
v -5.992249488830566 -7.425848484039307 2.1108226776123047 
v -6.003086566925049 -7.455389499664307 2.1108689308166504 
v -6.009293079376221 -7.425848484039307 2.148973226547241 
v -6.091554641723633 -7.4859771728515625 1.836447834968567 
v -6.368682861328125 -7.413202285766602 1.836562991142273 
v -6.06328010559082 -7.472827911376953 1.8679674863815308 
v -7.92436408996582 -7.324580192565918 2.258382558822632 
v -7.92436408996582 -7.311792850494385 2.203148365020752 
v -7.92436408996582 -7.322082996368408 2.203148365020752 
v -7.92436408996582 -7.322082996368408 2.1484668254852295 
v -7.92436408996582 -7.311792850494385 2.1484668254852295 
v -7.92436408996582 -7.322082996368408 2.11029314994812 
v -7.92436408996582 -7.311792850494385 2.11029314994812 
v -7.92436408996582 -7.322082996368408 2.072442054748535 
v -7.92436408996582 -7.311792850494385 2.072442054748535 
v -7.92436408996582 -7.322082996368408 2.033416748046875 
v -7.92436408996582 -7.311792850494385 2.033416748046875 
v -7.92436408996582 -7.324559688568115 1.9955193996429443 
v -7.92436408996582 -7.31427001953125 1.9955193996429443 
v -7.924462795257568 -7.326513290405273 1.957230806350708 
v -7.924462795257568 -7.31622314453125 1.957230806350708 
v -7.924462795257568 -7.316947937011719 1.9203696250915527 
v -7.585564136505127 -7.324580192565918 2.258382558822632 
v -7.585564136505127 -7.311792850494385 2.203148365020752 
v -7.585564136505127 -7.322082996368408 2.203148365020752 
v -7.585564136505127 -7.311792850494385 2.1484668254852295 
v -7.585564136505127 -7.322082996368408 2.1484668254852295 
v -7.585564136505127 -7.311792850494385 2.11029314994812 
v -7.585564136505127 -7.322082996368408 2.11029314994812 
v -7.585564136505127 -7.311792850494385 2.072442054748535 
v -7.585564136505127 -7.322082996368408 2.072442054748535 
v -7.585564136505127 -7.311792850494385 2.033416748046875 
v -7.585564136505127 -7.322082996368408 2.033416748046875 
v -7.585564136505127 -7.31427001953125 1.9955193996429443 
v -7.585564136505127 -7.324559688568115 1.9955193996429443 
v -7.585564136505127 -7.31622314453125 1.957230806350708 
v -7.585564136505127 -7.326513290405273 1.957230806350708 
v -7.585564136505127 -7.316947937011719 1.9203696250915527 
v -6.9283576011657715 -7.312839984893799 2.0172770023345947 
v -6.932199954986572 -7.327681064605713 2.0105080604553223 
v -6.959784507751465 -7.311792850494385 2.033416748046875 
v -6.963626861572266 -7.326613903045654 2.0266475677490234 
v -7.189821720123291 -7.326613903045654 2.0266475677490234 
v -7.20410680770874 -7.311792850494385 2.033416748046875 
v -7.022441387176514 -7.311792850494385 2.1484668254852295 
v -7.155735015869141 -7.311792850494385 2.203148365020752 
v -7.0316033363342285 -7.326150894165039 2.1484668254852295 
v -7.159576892852783 -7.326150894165039 2.195711612701416 
v -7.31109619140625 -7.326150894165039 2.195711612701416 
v -7.325676441192627 -7.311792850494385 2.203148365020752 
v -7.189821720123291 -7.326613903045654 2.0266475677490234 
v -7.20410680770874 -7.311792850494385 2.033416748046875 
v -7.213761329650879 -7.328627586364746 1.996164083480835 
v -7.222825050354004 -7.31427001953125 1.9955193996429443 
v -7.20410680770874 -7.311792850494385 2.033416748046875 
v -7.213761329650879 -7.328627586364746 1.996164083480835 
v -7.2854814529418945 -7.326150894165039 2.0959954261779785 
v -7.289323806762695 -7.311792850494385 2.0885586738586426 
v -7.254054546356201 -7.326150894165039 2.079878807067871 
v -7.257896900177002 -7.311792850494385 2.072442054748535 
v -7.008353233337402 -7.326150894165039 2.079878807067871 
v -6.993871688842773 -7.311792850494385 2.072442054748535 
v -7.1823344230651855 -7.316605567932129 1.9369468688964844 
v -7.151400089263916 -7.316947937011719 1.9203696250915527 
v -7.178295135498047 -7.330822467803955 1.9450281858444214 
v -7.147360801696777 -7.3311448097229 1.9284510612487793 
v -6.899097919464111 -7.3311448097229 1.9284510612487793 
v -6.884616374969482 -7.316947937011719 1.9203696250915527 
v -7.267058849334717 -7.325445652008057 2.0860490798950195 
v -7.263020038604736 -7.322505950927734 2.0820889472961426 
v -7.309027194976807 -7.325445652008057 2.128021478652954 
v -7.260064125061035 -7.320270538330078 2.079072952270508 
v -7.320849418640137 -7.320270538330078 2.139901876449585 
v -6.8869805335998535 -7.325445652008057 1.9387426376342773 
v -6.9754486083984375 -7.325445652008057 2.027200222015381 
v -6.884418964385986 -7.322566509246826 1.936210036277771 
v -6.882448673248291 -7.320270538330078 1.9342069625854492 
v -6.977813243865967 -7.320270538330078 2.0295486450195312 
v -7.135440349578857 -7.325445652008057 2.187238931655884 
v -7.027761459350586 -7.325445652008057 2.079510450363159 
v -7.157606601715088 -7.318579196929932 2.1996257305145264 
v -7.159872531890869 -7.317411422729492 2.2002243995666504 
v -7.0349531173706055 -7.317411422729492 2.075343132019043 
v -6.9754486083984375 -7.325445652008057 2.027200222015381 
v -6.8869805335998535 -7.325445652008057 1.9387426376342773 
v -6.990423202514648 -7.317411422729492 2.0308611392974854 
v -6.886192321777344 -7.323573112487793 1.9352891445159912 
v -6.883532524108887 -7.317411422729492 1.9239614009857178 
v -7.12726354598999 -7.325445652008057 1.9252046346664429 
v -7.124406337738037 -7.320270538330078 1.922257661819458 
v -7.208835601806641 -7.325445652008057 2.0067551136016846 
v -7.2116923332214355 -7.320270538330078 2.009587049484253 
v -7.210608959197998 -7.323029518127441 2.008481740951538 
v -7.0346574783325195 -7.325445652008057 2.1498942375183105 
v -7.0259881019592285 -7.325445652008057 2.14121413230896 
v -7.057513236999512 -7.317411422729492 2.161360025405884 
v -7.001063346862793 -7.321197032928467 2.11029314994812 
v -6.990029335021973 -7.317411422729492 2.0938773155212402 
v -6.990718841552734 -7.319425106048584 2.0974459648132324 
v -7.208835601806641 -7.325445652008057 2.0067551136016846 
v -7.12726354598999 -7.325445652008057 1.9252046346664429 
v -7.211101531982422 -7.323854923248291 2.006709098815918 
v -7.21681547164917 -7.317411422729492 2.0033016204833984 
v -7.134061336517334 -7.317411422729492 1.9206229448318481 
v -7.319568634033203 -7.325445652008057 2.1809072494506836 
v -7.218194484710693 -7.325445652008057 2.079510450363159 
v -7.328336715698242 -7.318800926208496 2.1803088188171387 
v -7.3302083015441895 -7.317411422729492 2.1801705360412598 
v -7.225386142730713 -7.317411422729492 2.075343132019043 
v -7.236617088317871 -7.320270538330078 2.0768396854400635 
v -7.331095218658447 -7.320270538330078 2.17128324508667 
v -7.225386142730713 -7.317411422729492 2.075343132019043 
v -7.3302083015441895 -7.317411422729492 2.1801705360412598 
v -7.331095218658447 -7.320270538330078 2.17128324508667 
v -7.330405235290527 -7.317955017089844 2.1784896850585938 
v -7.3302083015441895 -7.317411422729492 2.1801705360412598 
v -7.186964511871338 -7.325445652008057 2.027200222015381 
v -7.195141792297363 -7.321096420288086 2.0291802883148193 
v -7.0849995613098145 -7.325445652008057 1.9252046346664429 
v -7.2002644538879395 -7.317411422729492 2.029088258743286 
v -7.091797351837158 -7.317411422729492 1.9206229448318481 
v -7.068449020385742 -7.325445652008057 2.1624653339385986 
v -7.000078201293945 -7.325445652008057 2.0941765308380127 
v -7.086575984954834 -7.319787502288818 2.1726648807525635 
v -7.093373775482178 -7.317411422729492 2.176072359085083 
v -6.997220993041992 -7.317411422729492 2.079901695251465 
v -6.920377731323242 -7.317411422729492 2.003117322921753 
v -6.935352325439453 -7.317411422729492 2.018059730529785 
v -6.929934024810791 -7.318780422210693 2.0145602226257324 
v -6.898014545440674 -7.320270538330078 1.9709069728851318 
v -6.915156364440918 -7.318055629730225 1.995680570602417 
v -6.95141077041626 -7.320270538330078 2.024322271347046 
v -6.946583271026611 -7.319404602050781 2.0224342346191406 
v -6.920377731323242 -7.317411422729492 2.003117322921753 
v -6.935352325439453 -7.317411422729492 2.018059730529785 
v -7.003920078277588 -7.320270538330078 2.0768396854400635 
v -7.106968879699707 -7.320270538330078 2.179894208908081 
v -7.001949787139893 -7.319767475128174 2.0765633583068848 
v -7.093373775482178 -7.317411422729492 2.176072359085083 
v -6.997220993041992 -7.317411422729492 2.079901695251465 
v -7.098693370819092 -7.3183979988098145 2.177983283996582 
v -7.1970133781433105 -7.325445652008057 2.079510450363159 
v -7.312376976013184 -7.325445652008057 2.1949057579040527 
v -7.1943535804748535 -7.320270538330078 2.0768396854400635 
v -7.316218852996826 -7.320270538330078 2.1987507343292236 
v -7.315332412719727 -7.3219218254089355 2.1978759765625 
v -7.298091888427734 -7.317411422729492 2.105757474899292 
v -7.279570579528809 -7.317411422729492 2.0872232913970947 
v -7.287550449371338 -7.31837797164917 2.091966152191162 
v -7.007269859313965 -7.325445652008057 2.0802011489868164 
v -7.005496501922607 -7.323291301727295 2.0784051418304443 
v -7.101944446563721 -7.325445652008057 2.174852132797241 
v -7.003920078277588 -7.320270538330078 2.0768396854400635 
v -7.106968879699707 -7.320270538330078 2.179894208908081 
v -7.260064125061035 -7.320270538330078 2.079072952270508 
v -7.320849418640137 -7.320270538330078 2.139901876449585 
v -7.255827903747559 -7.319767475128174 2.0765633583068848 
v -7.327449798583984 -7.3196868896484375 2.1484668254852295 
v -7.337301731109619 -7.317411422729492 2.1661720275878906 
v -7.337794303894043 -7.318760395050049 2.161958694458008 
v -7.246469020843506 -7.317411422729492 2.075343132019043 
v -7.218194484710693 -7.325445652008057 2.079510450363159 
v -7.215435981750488 -7.320270538330078 2.0768396854400635 
v -7.319568634033203 -7.325445652008057 2.1809072494506836 
v -7.3239030838012695 -7.320270538330078 2.185281753540039 
v -7.319568634033203 -7.325445652008057 2.1809072494506836 
v -7.3239030838012695 -7.320270538330078 2.185281753540039 
v -7.323410511016846 -7.320915222167969 2.1847293376922607 
v -7.208736896514893 -7.325445652008057 1.9854350090026855 
v -7.148444652557373 -7.325445652008057 1.9252046346664429 
v -7.201742172241211 -7.317411422729492 1.967061996459961 
v -7.15662145614624 -7.319666385650635 1.9251816272735596 
v -7.160069465637207 -7.317411422729492 1.9254119396209717 
v -7.149232864379883 -7.324580192565918 1.924721121788025 
v -6.891709327697754 -7.320270538330078 1.922257661819458 
v -6.99899435043335 -7.320270538330078 2.0295486450195312 
v -6.886783599853516 -7.31906270980835 1.9215669631958008 
v -6.883532524108887 -7.317411422729492 1.9239614009857178 
v -6.990423202514648 -7.317411422729492 2.0308611392974854 
v -7.014362812042236 -7.320270538330078 2.129564046859741 
v -7.036923408508301 -7.320270538330078 2.1521735191345215 
v -7.02667760848999 -7.318357467651367 2.1484668254852295 
v -7.000078201293945 -7.325445652008057 2.0941765308380127 
v -6.996137619018555 -7.320754051208496 2.0902395248413086 
v -7.068449020385742 -7.325445652008057 2.1624653339385986 
v -7.072783470153809 -7.320270538330078 2.1668858528137207 
v -7.072290897369385 -7.321438789367676 2.16637921333313 
v -6.995743274688721 -7.320270538330078 2.08982515335083 
v -7.101944446563721 -7.325445652008057 2.174852132797241 
v -7.127854347229004 -7.317411422729492 2.189357042312622 
v -7.007269859313965 -7.325445652008057 2.0802011489868164 
v -7.013772010803223 -7.317411422729492 2.075343132019043 
v -7.007072925567627 -7.3248820304870605 2.0792109966278076 
v -6.945401191711426 -7.325445652008057 2.0183591842651367 
v -6.910329341888428 -7.325445652008057 1.9832707643508911 
v -6.962247371673584 -7.321197032928467 2.0291342735290527 
v -6.969340801239014 -7.317411422729492 2.0308611392974854 
v -6.877227306365967 -7.318317413330078 1.940055012702942 
v -6.876833438873291 -7.317411422729492 1.9383742809295654 
v -6.878114223480225 -7.320411682128906 1.9438999891281128 
v -6.889147758483887 -7.322224140167236 1.9575071334838867 
v -7.309027194976807 -7.325445652008057 2.128021478652954 
v -7.300259113311768 -7.31906270980835 2.11029314994812 
v -7.267058849334717 -7.325445652008057 2.0860490798950195 
v -7.298091888427734 -7.317411422729492 2.105757474899292 
v -7.279570579528809 -7.317411422729492 2.0872232913970947 
v -7.198983669281006 -7.325445652008057 2.0180137157440186 
v -7.106180667877197 -7.325445652008057 1.9252046346664429 
v -7.208146095275879 -7.318820953369141 2.017829656600952 
v -7.209426403045654 -7.317411422729492 2.017092704772949 
v -7.112978458404541 -7.317411422729492 1.9206229448318481 
v -9.089031219482422 -7.361208915710449 2.2972006797790527 
v -9.07336711883545 -7.353496551513672 2.297661066055298 
v -9.07336711883545 -7.324580192565918 2.258382558822632 
v -8.894952774047852 -7.324580192565918 2.258382558822632 
v -8.929729461669922 -7.311792850494385 2.203148365020752 
v -9.07336711883545 -7.311792850494385 2.203148365020752 
v -8.929729461669922 -7.311792850494385 2.1484668254852295 
v -9.07336711883545 -7.311792850494385 2.1484668254852295 
v -9.089031219482422 -7.318277359008789 2.2023885250091553 
v -9.089031219482422 -7.318277359008789 2.1484668254852295 
v -9.07336711883545 -7.311792850494385 2.11029314994812 
v -9.089031219482422 -7.318277359008789 2.11029314994812 
v -8.750133514404297 -7.353496551513672 2.297661066055298 
v -8.586299896240234 -7.324580192565918 2.258382558822632 
v -9.089031219482422 -7.330600738525391 2.255619525909424 
v -8.929729461669922 -7.311792850494385 2.11029314994812 
v -8.894952774047852 -7.311792850494385 2.072442054748535 
v -9.07336711883545 -7.311792850494385 2.072442054748535 
v -9.089031219482422 -7.318277359008789 2.072442054748535 
v -9.07336711883545 -7.311792850494385 2.033416748046875 
v -9.089031219482422 -7.318277359008789 2.0336239337921143 
v -9.07336711883545 -7.31427001953125 1.9955193996429443 
v -9.089031219482422 -7.320734024047852 1.9959338903427124 
v -9.07336711883545 -7.31622314453125 1.957230806350708 
v -9.089031219482422 -7.322687149047852 1.9575531482696533 
v -9.07336711883545 -7.316947937011719 1.9203696250915527 
v -9.089031219482422 -7.323391914367676 1.9217281341552734 
v -9.07336711883545 -7.3386759757995605 1.868289828300476 
v -9.089031219482422 -7.34429407119751 1.871651291847229 
v -9.07336711883545 -7.364450931549072 1.836747169494629 
v -9.089031219482422 -7.367511749267578 1.8432167768478394 
v -8.7499361038208 -7.3386759757995605 1.868289828300476 
v -8.7499361038208 -7.364450931549072 1.836747169494629 
v -8.7499361038208 -7.316947937011719 1.9203696250915527 
v -8.7499361038208 -7.31622314453125 1.957230806350708 
v -8.254199028015137 -7.316947937011719 1.9203696250915527 
v -8.254199028015137 -7.3386759757995605 1.868289828300476 
v -8.254199028015137 -7.364450931549072 1.836747169494629 
v -7.924462795257568 -7.3386759757995605 1.868289828300476 
v -7.924462795257568 -7.316947937011719 1.9203696250915527 
v -8.254100799560547 -7.31622314453125 1.957230806350708 
v -8.7499361038208 -7.31427001953125 1.9955193996429443 
v -8.7499361038208 -7.311792850494385 2.033416748046875 
v -8.586299896240234 -7.311792850494385 2.072442054748535 
v -8.254100799560547 -7.311792850494385 2.033416748046875 
v -8.391728401184082 -7.311792850494385 2.072442054748535 
v -8.549651145935059 -7.311792850494385 2.11029314994812 
v -8.427194595336914 -7.311792850494385 2.11029314994812 
v -8.549651145935059 -7.311792850494385 2.1484668254852295 
v -8.427194595336914 -7.311792850494385 2.1484668254852295 
v -8.549651145935059 -7.311792850494385 2.203148365020752 
v -8.427194595336914 -7.311792850494385 2.203148365020752 
v -8.391728401184082 -7.324580192565918 2.258382558822632 
v -8.238337516784668 -7.353496551513672 2.297661066055298 
v -8.075784683227539 -7.324580192565918 2.258382558822632 
v -7.92436408996582 -7.324580192565918 2.258382558822632 
v -7.92436408996582 -7.353496551513672 2.297661066055298 
v -7.585564136505127 -7.324580192565918 2.258382558822632 
v -7.585564136505127 -7.353496551513672 2.297661066055298 
v -7.196422576904297 -7.324580192565918 2.258382558822632 
v -7.341537952423096 -7.353496551513672 2.297661066055298 
v -7.92436408996582 -7.322082996368408 2.203148365020752 
v -7.585564136505127 -7.322082996368408 2.203148365020752 
v -7.585564136505127 -7.322082996368408 2.1484668254852295 
v -7.92436408996582 -7.322082996368408 2.1484668254852295 
v -7.585564136505127 -7.322082996368408 2.11029314994812 
v -7.92436408996582 -7.322082996368408 2.11029314994812 
v -7.585564136505127 -7.322082996368408 2.072442054748535 
v -7.92436408996582 -7.322082996368408 2.072442054748535 
v -7.585564136505127 -7.322082996368408 2.033416748046875 
v -7.92436408996582 -7.322082996368408 2.033416748046875 
v -7.585564136505127 -7.324559688568115 1.9955193996429443 
v -7.92436408996582 -7.324559688568115 1.9955193996429443 
v -7.585564136505127 -7.326513290405273 1.957230806350708 
v -7.924462795257568 -7.326513290405273 1.957230806350708 
v -7.924462795257568 -7.31622314453125 1.957230806350708 
v -8.254100799560547 -7.31427001953125 1.9955193996429443 
v -7.92436408996582 -7.31427001953125 1.9955193996429443 
v -7.92436408996582 -7.311792850494385 2.033416748046875 
v -8.075784683227539 -7.311792850494385 2.072442054748535 
v -7.92436408996582 -7.311792850494385 2.072442054748535 
v -8.039135932922363 -7.311792850494385 2.11029314994812 
v -7.92436408996582 -7.311792850494385 2.11029314994812 
v -8.039135932922363 -7.311792850494385 2.1484668254852295 
v -7.92436408996582 -7.311792850494385 2.1484668254852295 
v -8.039135932922363 -7.311792850494385 2.203148365020752 
v -7.92436408996582 -7.311792850494385 2.203148365020752 
v -6.597833156585693 -7.90013313293457 1.835365653038025 
v -6.597833156585693 -7.906476020812988 1.7942911386489868 
v -6.40001106262207 -7.779231071472168 1.835365653038025 
v -6.398336410522461 -7.781888961791992 1.7942911386489868 
v -6.315385341644287 -7.704341888427734 1.7942911386489868 
v -6.316567420959473 -7.702891826629639 1.835365653038025 
v -7.764667987823486 -7.918095111846924 1.7942911386489868 
v -7.7288079261779785 -7.937768936157227 1.7942911386489868 
v -7.764667987823486 -7.918095111846924 1.6947822570800781 
v -7.7288079261779785 -7.937768936157227 1.6870461702346802 
v -6.865208148956299 -7.937768936157227 1.6870461702346802 
v -6.865208148956299 -7.937768936157227 1.7942911386489868 
v -6.726594924926758 -7.937768936157227 1.6870461702346802 
v -6.726594924926758 -7.937768936157227 1.7942911386489868 
v -6.597833156585693 -7.917088031768799 1.7942911386489868 
v -6.597833156585693 -7.90013313293457 1.835365653038025 
v -6.726594924926758 -7.887768745422363 1.835365653038025 
v -6.649456024169922 -7.917088031768799 1.6951736211776733 
v -7.764667987823486 -7.906476020812988 1.7942911386489868 
v -6.865208148956299 -7.906476020812988 1.7942911386489868 
v -7.764667987823486 -7.906476020812988 1.6993409395217896 
v -6.865208148956299 -7.906476020812988 1.6993409395217896 
v -6.597833156585693 -7.906476020812988 1.7942911386489868 
v -6.649456024169922 -7.906476020812988 1.6993409395217896 
v -7.764667987823486 -7.840165138244629 1.6862634420394897 
v -7.7288079261779785 -7.822384357452393 1.6752580404281616 
v -7.764667987823486 -7.840165138244629 1.6993409395217896 
v -7.7288079261779785 -7.822384357452393 1.6993409395217896 
v -6.865208148956299 -7.822384357452393 1.6993409395217896 
v -6.865208148956299 -7.822384357452393 1.6752580404281616 
v -6.726594924926758 -7.822384357452393 1.6993409395217896 
v -6.726594924926758 -7.822384357452393 1.6752580404281616 
v -6.649456024169922 -7.840165138244629 1.6862634420394897 
v -6.649456024169922 -7.840165138244629 1.6993409395217896 
v -6.315385341644287 -7.704341888427734 1.7942911386489868 
v -6.286224365234375 -7.612839698791504 1.7942911386489868 
v -6.316567420959473 -7.702891826629639 1.835365653038025 
v -6.287209510803223 -7.612839698791504 1.835365653038025 
v -6.316567420959473 -7.522807598114014 1.835365653038025 
v -6.315385341644287 -7.521358013153076 1.7942911386489868 
v -6.597833156585693 -7.32556676864624 1.835365653038025 
v -6.40001106262207 -7.446468830108643 1.835365653038025 
v -6.597833156585693 -7.319223403930664 1.7942911386489868 
v -6.398336410522461 -7.44381046295166 1.7942911386489868 
v -6.315385341644287 -7.521358013153076 1.7942911386489868 
v -6.316567420959473 -7.522807598114014 1.835365653038025 
v -7.764667987823486 -7.307604789733887 1.7942911386489868 
v -7.7288079261779785 -7.287930965423584 1.7942911386489868 
v -7.764667987823486 -7.307604789733887 1.6947822570800781 
v -7.7288079261779785 -7.287930965423584 1.6870461702346802 
v -6.865208148956299 -7.287930965423584 1.6870461702346802 
v -6.865208148956299 -7.287930965423584 1.7942911386489868 
v -6.726594924926758 -7.287930965423584 1.6870461702346802 
v -6.726594924926758 -7.287930965423584 1.7942911386489868 
v -6.597833156585693 -7.308591365814209 1.7942911386489868 
v -6.597833156585693 -7.32556676864624 1.835365653038025 
v -6.726594924926758 -7.337930679321289 1.835365653038025 
v -6.649456024169922 -7.308591365814209 1.6951736211776733 
v -7.764667987823486 -7.319223403930664 1.7942911386489868 
v -6.865208148956299 -7.319223403930664 1.7942911386489868 
v -7.764667987823486 -7.319223403930664 1.6993409395217896 
v -6.865208148956299 -7.319223403930664 1.6993409395217896 
v -6.597833156585693 -7.319223403930664 1.7942911386489868 
v -6.649456024169922 -7.319223403930664 1.6993409395217896 
v -7.764667987823486 -7.385534286499023 1.6862634420394897 
v -7.7288079261779785 -7.40331506729126 1.6752580404281616 
v -7.764667987823486 -7.385534286499023 1.6993409395217896 
v -7.7288079261779785 -7.40331506729126 1.6993409395217896 
v -6.865208148956299 -7.40331506729126 1.6993409395217896 
v -6.865208148956299 -7.40331506729126 1.6752580404281616 
v -6.726594924926758 -7.40331506729126 1.6993409395217896 
v -6.726594924926758 -7.40331506729126 1.6752580404281616 
v -6.649456024169922 -7.385534286499023 1.6862634420394897 
v -6.649456024169922 -7.385534286499023 1.6993409395217896 
v -8.906381607055664 -7.319223403930664 1.7942911386489868 
v -8.906381607055664 -7.612839698791504 1.7942911386489868 
v -8.346312522888184 -7.612839698791504 1.7942911386489868 
v -8.906381607055664 -7.906476020812988 1.7942911386489868 
v -8.346312522888184 -7.906476020812988 1.7942911386489868 
v -7.786243438720703 -7.906476020812988 1.7942911386489868 
v -7.786243438720703 -7.612839698791504 1.7942911386489868 
v -7.786243438720703 -7.319223403930664 1.7942911386489868 
v -8.346312522888184 -7.319223403930664 1.7942911386489868 
v -8.906381607055664 -7.918095111846924 1.7942911386489868 
v -8.87052059173584 -7.887768745422363 1.836447834968567 
v -8.906381607055664 -7.899528980255127 1.8099473714828491 
v -8.87052059173584 -7.612839698791504 1.836447834968567 
v -8.346312522888184 -7.887768745422363 1.836447834968567 
v -8.346312522888184 -7.612839698791504 1.836447834968567 
v -7.822103500366211 -7.612839698791504 1.836447834968567 
v -8.346312522888184 -7.337930679321289 1.836447834968567 
v -8.87052059173584 -7.937768936157227 1.7942911386489868 
v -8.346312522888184 -7.937768936157227 1.7942911386489868 
v -7.822103500366211 -7.887768745422363 1.836447834968567 
v -7.786243438720703 -7.899528980255127 1.8099473714828491 
v -7.786243438720703 -7.612839698791504 1.8099473714828491 
v -7.786243438720703 -7.326170921325684 1.8099473714828491 
v -7.822103500366211 -7.337930679321289 1.836447834968567 
v -7.786243438720703 -7.307604789733887 1.7942911386489868 
v -7.822103500366211 -7.287930965423584 1.7942911386489868 
v -8.346312522888184 -7.287930965423584 1.7942911386489868 
v -8.87052059173584 -7.337930679321289 1.836447834968567 
v -8.87052059173584 -7.287930965423584 1.7942911386489868 
v -8.906381607055664 -7.307604789733887 1.7942911386489868 
v -8.906381607055664 -7.326170921325684 1.8099473714828491 
v -8.906381607055664 -7.612839698791504 1.8099473714828491 
v -7.822103500366211 -7.937768936157227 1.7942911386489868 
v -7.786243438720703 -7.918095111846924 1.7942911386489868 
v -8.906381607055664 -7.319223403930664 1.7942911386489868 
v -8.346312522888184 -7.319223403930664 1.7942911386489868 
v -8.906381607055664 -7.319223403930664 1.6993409395217896 
v -8.346312522888184 -7.319223403930664 1.6993409395217896 
v -7.786243438720703 -7.319223403930664 1.6993409395217896 
v -7.786243438720703 -7.319223403930664 1.7942911386489868 
v -8.906381607055664 -7.385534286499023 1.6862634420394897 
v -8.906381607055664 -7.385534286499023 1.6993409395217896 
v -8.87052059173584 -7.40331506729126 1.6752580404281616 
v -8.87052059173584 -7.40331506729126 1.6993409395217896 
v -8.346312522888184 -7.40331506729126 1.6993409395217896 
v -8.346312522888184 -7.40331506729126 1.6752580404281616 
v -7.822103500366211 -7.40331506729126 1.6752580404281616 
v -7.822103500366211 -7.40331506729126 1.6993409395217896 
v -7.786243438720703 -7.385534286499023 1.6993409395217896 
v -7.786243438720703 -7.385534286499023 1.6862634420394897 
v -7.786243438720703 -7.307604789733887 1.7942911386489868 
v -7.786243438720703 -7.307604789733887 1.6947822570800781 
v -7.822103500366211 -7.287930965423584 1.7942911386489868 
v -7.822103500366211 -7.287930965423584 1.6870461702346802 
v -8.346312522888184 -7.287930965423584 1.6870461702346802 
v -8.346312522888184 -7.287930965423584 1.7942911386489868 
v -8.87052059173584 -7.287930965423584 1.7942911386489868 
v -8.87052059173584 -7.287930965423584 1.6870461702346802 
v -8.906381607055664 -7.307604789733887 1.6947822570800781 
v -8.906381607055664 -7.307604789733887 1.7942911386489868 
v -8.906381607055664 -7.906476020812988 1.7942911386489868 
v -8.906381607055664 -7.906476020812988 1.6993409395217896 
v -8.346312522888184 -7.906476020812988 1.7942911386489868 
v -8.346312522888184 -7.906476020812988 1.6993409395217896 
v -7.786243438720703 -7.906476020812988 1.6993409395217896 
v -7.786243438720703 -7.906476020812988 1.7942911386489868 
v -8.906381607055664 -7.840165138244629 1.6862634420394897 
v -8.906381607055664 -7.840165138244629 1.6993409395217896 
v -8.87052059173584 -7.822384357452393 1.6752580404281616 
v -8.87052059173584 -7.822384357452393 1.6993409395217896 
v -8.346312522888184 -7.822384357452393 1.6993409395217896 
v -8.346312522888184 -7.822384357452393 1.6752580404281616 
v -7.822103500366211 -7.822384357452393 1.6752580404281616 
v -7.822103500366211 -7.822384357452393 1.6993409395217896 
v -7.786243438720703 -7.840165138244629 1.6993409395217896 
v -7.786243438720703 -7.840165138244629 1.6862634420394897 
v -8.906381607055664 -7.918095111846924 1.7942911386489868 
v -8.87052059173584 -7.937768936157227 1.7942911386489868 
v -8.906381607055664 -7.918095111846924 1.6947822570800781 
v -8.87052059173584 -7.937768936157227 1.6870461702346802 
v -8.346312522888184 -7.937768936157227 1.6870461702346802 
v -8.346312522888184 -7.937768936157227 1.7942911386489868 
v -7.822103500366211 -7.937768936157227 1.7942911386489868 
v -7.822103500366211 -7.937768936157227 1.6870461702346802 
v -7.786243438720703 -7.918095111846924 1.6947822570800781 
v -7.786243438720703 -7.918095111846924 1.7942911386489868 
v -6.022986888885498 -7.799850940704346 2.170178174972534 
v -5.950872421264648 -7.728466033935547 2.1702933311462402 
v -6.009293079376221 -7.799850940704346 2.148973226547241 
v -5.937178611755371 -7.728466033935547 2.1490883827209473 
v -5.950872421264648 -7.612839698791504 2.1702933311462402 
v -5.937178611755371 -7.612839698791504 2.1490883827209473 
v -5.937178611755371 -7.497233867645264 2.1490883827209473 
v -5.920233726501465 -7.497233867645264 2.1109378337860107 
v -5.920233726501465 -7.612839698791504 2.1109378337860107 
v -5.920233726501465 -7.728466033935547 2.1109378337860107 
v -5.907426357269287 -7.728466033935547 2.0727643966674805 
v -5.907426357269287 -7.612839698791504 2.0727643966674805 
v -5.898067474365234 -7.728466033935547 2.034613847732544 
v -5.950872421264648 -7.497233867645264 2.1702933311462402 
v -6.009293079376221 -7.425848484039307 2.148973226547241 
v -6.022986888885498 -7.425848484039307 2.170178174972534 
v -5.907426357269287 -7.497233867645264 2.0727643966674805 
v -5.898067474365234 -7.497233867645264 2.034613847732544 
v -5.898067474365234 -7.612839698791504 2.034613847732544 
v -5.891663551330566 -7.497233867645264 1.9964404106140137 
v -5.891663551330566 -7.612839698791504 1.9964404106140137 
v -5.868709564208984 -7.478768348693848 1.9707918167114258 
v -5.868709564208984 -7.612839698791504 1.9707918167114258 
v -5.868709564208984 -7.746931552886963 1.9707918167114258 
v -5.867428779602051 -7.746709823608398 1.9467089176177979 
v -5.867428779602051 -7.612839698791504 1.9467089176177979 
v -5.886639595031738 -7.728466033935547 1.9201164245605469 
v -5.886639595031738 -7.612839698791504 1.9201164245605469 
v -5.886639595031738 -7.497233867645264 1.9201164245605469 
v -5.867428779602051 -7.478989601135254 1.9467089176177979 
v -5.891663551330566 -7.728466033935547 1.9964404106140137 
v -6.737333297729492 -7.885876178741455 2.2992498874664307 
v -6.737037658691406 -7.811047077178955 2.3548061847686768 
v -7.365477561950684 -7.878666877746582 2.309149980545044 
v -7.373555660247803 -7.819766521453857 2.351329803466797 
v -7.585564136505127 -7.819766521453857 2.351329803466797 
v -7.373555660247803 -7.744112014770508 2.38149094581604 
v -7.585564136505127 -7.744112014770508 2.38149094581604 
v -7.373555660247803 -7.657825469970703 2.3972160816192627 
v -7.585564136505127 -7.657825469970703 2.3972160816192627 
v -7.373555660247803 -7.612839698791504 2.3972160816192627 
v -7.585564136505127 -7.878666877746582 2.309149980545044 
v -7.92436408996582 -7.819766521453857 2.351329803466797 
v -7.92436408996582 -7.878666877746582 2.309149980545044 
v -8.238337516784668 -7.819766521453857 2.351329803466797 
v -8.238337516784668 -7.878666877746582 2.309149980545044 
v -8.750133514404297 -7.819766521453857 2.351329803466797 
v -8.750133514404297 -7.878666877746582 2.309149980545044 
v -7.92436408996582 -7.744112014770508 2.38149094581604 
v -7.92436408996582 -7.657825469970703 2.3972160816192627 
v -7.585564136505127 -7.612839698791504 2.3972160816192627 
v -7.585564136505127 -7.567873954772949 2.3972160816192627 
v -7.373555660247803 -7.567873954772949 2.3972160816192627 
v -7.585564136505127 -7.4815874099731445 2.38149094581604 
v -7.373555660247803 -7.4815874099731445 2.38149094581604 
v -7.585564136505127 -7.405932903289795 2.351329803466797 
v -7.373555660247803 -7.405932903289795 2.351329803466797 
v -7.365477561950684 -7.34703254699707 2.309149980545044 
v -6.737037658691406 -7.414652347564697 2.3548061847686768 
v -6.737333297729492 -7.3398237228393555 2.2992498874664307 
v -8.238337516784668 -7.744112014770508 2.38149094581604 
v -7.585564136505127 -7.34703254699707 2.309149980545044 
v -7.92436408996582 -7.405932903289795 2.351329803466797 
v -7.92436408996582 -7.34703254699707 2.309149980545044 
v -8.238337516784668 -7.405932903289795 2.351329803466797 
v -8.238337516784668 -7.34703254699707 2.309149980545044 
v -8.750133514404297 -7.405932903289795 2.351329803466797 
v -8.750133514404297 -7.34703254699707 2.309149980545044 
v -7.92436408996582 -7.4815874099731445 2.38149094581604 
v -7.92436408996582 -7.567873954772949 2.3972160816192627 
v -7.92436408996582 -7.612839698791504 2.3972160816192627 
v -8.238337516784668 -7.657825469970703 2.3972160816192627 
v -8.750133514404297 -7.744112014770508 2.38149094581604 
v -9.07336711883545 -7.819766521453857 2.351329803466797 
v -9.07336711883545 -7.878666877746582 2.309149980545044 
v -9.089031219482422 -7.81664514541626 2.3455967903137207 
v -9.089031219482422 -7.870169162750244 2.3072621822357178 
v -8.238337516784668 -7.4815874099731445 2.38149094581604 
v -9.089031219482422 -7.7423200607299805 2.3752284049987793 
v -9.07336711883545 -7.744112014770508 2.38149094581604 
v -8.750133514404297 -7.657825469970703 2.3972160816192627 
v -8.238337516784668 -7.612839698791504 2.3972160816192627 
v -8.238337516784668 -7.567873954772949 2.3972160816192627 
v -8.750133514404297 -7.4815874099731445 2.38149094581604 
v -9.07336711883545 -7.405932903289795 2.351329803466797 
v -9.07336711883545 -7.34703254699707 2.309149980545044 
v -9.089031219482422 -7.409054279327393 2.3455967903137207 
v -9.089031219482422 -7.355530261993408 2.3072621822357178 
v -9.089031219482422 -7.65722131729126 2.390746593475342 
v -9.089031219482422 -7.48337984085083 2.3752284049987793 
v -9.07336711883545 -7.4815874099731445 2.38149094581604 
v -9.089031219482422 -7.568478107452393 2.390746593475342 
v -8.750133514404297 -7.567873954772949 2.3972160816192627 
v -8.750133514404297 -7.612839698791504 2.3972160816192627 
v -9.07336711883545 -7.657825469970703 2.3972160816192627 
v -9.089031219482422 -7.612839698791504 2.390746593475342 
v -9.07336711883545 -7.612839698791504 2.3972160816192627 
v -9.07336711883545 -7.567873954772949 2.3972160816192627 
v -9.07336711883545 -7.86124849319458 1.836747169494629 
v -9.07336711883545 -7.612839698791504 1.836747169494629 
v -8.7499361038208 -7.86124849319458 1.836747169494629 
v -8.7499361038208 -7.612839698791504 1.836747169494629 
v -8.7499361038208 -7.364450931549072 1.836747169494629 
v -9.07336711883545 -7.364450931549072 1.836747169494629 
v -9.089031219482422 -7.367511749267578 1.8432167768478394 
v -9.089031219482422 -7.612839698791504 1.8432167768478394 
v -9.089031219482422 -7.858187675476074 1.8432167768478394 
v -6.812501907348633 -7.913906574249268 2.11029314994812 
v -6.793980598449707 -7.928828239440918 2.11029314994812 
v -6.889542102813721 -7.913906574249268 2.1484668254852295 
v -6.871119499206543 -7.928163528442383 2.1484668254852295 
v -7.014658451080322 -7.913906574249268 2.203148365020752 
v -6.996137619018555 -7.928828239440918 2.203148365020752 
v -7.196422576904297 -7.901119709014893 2.258382558822632 
v -7.177901268005371 -7.915356636047363 2.258382558822632 
v -7.341537952423096 -7.8722028732299805 2.297661066055298 
v -7.365477561950684 -7.878666877746582 2.309149980545044 
v -6.539117336273193 -7.784003257751465 2.3426496982574463 
v -6.72718620300293 -7.81287956237793 2.3427417278289795 
v -6.378731727600098 -7.799830913543701 2.300539016723633 
v -6.72718620300293 -7.8717803955078125 2.3005621433258057 
v -6.737333297729492 -7.885876178741455 2.2992498874664307 
v -6.327502727508545 -7.799347877502441 2.2953126430511475 
v -6.737333297729492 -7.885876178741455 2.2992498874664307 
v -6.737037658691406 -7.811047077178955 2.3548061847686768 
v -6.72718620300293 -7.8717803955078125 2.3005621433258057 
v -6.72718620300293 -7.81287956237793 2.3427417278289795 
v -6.378731727600098 -7.799830913543701 2.300539016723633 
v -6.539117336273193 -7.784003257751465 2.3426496982574463 
v -6.327502727508545 -7.799347877502441 2.2953126430511475 
v -6.537442207336426 -7.780177593231201 2.3536550998687744 
v -6.72718620300293 -7.81287956237793 2.3427417278289795 
v -6.737037658691406 -7.811047077178955 2.3548061847686768 
v -6.427793025970459 -7.728687286376953 2.350846290588379 
v -6.419419288635254 -7.720491409301758 2.340531587600708 
v -6.427596092224121 -7.612839698791504 2.3531484603881836 
v -6.419419288635254 -7.612839698791504 2.340531587600708 
v -6.419419288635254 -7.5052080154418945 2.340531587600708 
v -6.427793025970459 -7.497012138366699 2.350846290588379 
v -6.737037658691406 -7.811047077178955 2.3548061847686768 
v -7.373555660247803 -7.819766521453857 2.351329803466797 
v -7.046380996704102 -7.803858280181885 2.379833221435547 
v -7.3570051193237305 -7.808107376098633 2.378129482269287 
v -7.373555660247803 -7.819766521453857 2.351329803466797 
v -7.373555660247803 -7.744112014770508 2.38149094581604 
v -7.3570051193237305 -7.808107376098633 2.378129482269287 
v -7.3570051193237305 -7.7479987144470215 2.402097225189209 
v -7.373555660247803 -7.657825469970703 2.3972160816192627 
v -7.3570051193237305 -7.661712169647217 2.4178225994110107 
v -7.373555660247803 -7.612839698791504 2.3972160816192627 
v -7.3570051193237305 -7.612839698791504 2.4178225994110107 
v -7.3570051193237305 -7.563987731933594 2.4178225994110107 
v -7.373555660247803 -7.567873954772949 2.3972160816192627 
v -7.3570051193237305 -7.477701187133789 2.402097225189209 
v -7.373555660247803 -7.4815874099731445 2.38149094581604 
v -7.3570051193237305 -7.417592525482178 2.378129482269287 
v -7.373555660247803 -7.405932903289795 2.351329803466797 
v -6.020622730255127 -7.730640411376953 2.2206003665924072 
v -6.021312236785889 -7.612839698791504 2.220278024673462 
v -6.020031452178955 -7.729976177215576 2.2155582904815674 
v -6.020228385925293 -7.612839698791504 2.215212821960449 
v -6.020031452178955 -7.495723724365234 2.2155582904815674 
v -6.020622730255127 -7.495059013366699 2.2206003665924072 
v -6.067122459411621 -7.775727272033691 2.2141997814178467 
v -6.049685001373291 -7.775223731994629 2.2015597820281982 
v -6.0985493659973145 -7.802146911621094 2.218712568283081 
v -6.058058738708496 -7.800716876983643 2.198221206665039 
v -6.002987861633301 -7.729472637176514 2.2024805545806885 
v -5.985156536102295 -7.729372024536133 2.1995105743408203 
v -6.002987861633301 -7.612839698791504 2.2022504806518555 
v -5.985254764556885 -7.612839698791504 2.199303388595581 
v -5.985156536102295 -7.4963274002075195 2.1995105743408203 
v -6.002987861633301 -7.496226787567139 2.2024805545806885 
v -6.058058738708496 -7.42498254776001 2.198221206665039 
v -6.049685001373291 -7.450475692749023 2.2015597820281982 
v -6.0985493659973145 -7.423552989959717 2.218712568283081 
v -6.067122459411621 -7.449972629547119 2.2141997814178467 
v -5.985156536102295 -7.729372024536133 2.1995105743408203 
v -5.985254764556885 -7.612839698791504 2.199303388595581 
v -5.985846042633057 -7.728969097137451 2.1894261837005615 
v -5.985846042633057 -7.612839698791504 2.1893110275268555 
v -5.985846042633057 -7.496730327606201 2.1894261837005615 
v -5.985156536102295 -7.4963274002075195 2.1995105743408203 
v -6.032346248626709 -7.774720191955566 2.1889195442199707 
v -6.014908313751221 -7.774217128753662 2.1762795448303223 
v -6.058058738708496 -7.800716876983643 2.198221206665039 
v -6.022986888885498 -7.799850940704346 2.170178174972534 
v -5.9687042236328125 -7.728466033935547 2.1763486862182617 
v -5.950872421264648 -7.728466033935547 2.1702933311462402 
v -5.9687042236328125 -7.612839698791504 2.1763486862182617 
v -5.950872421264648 -7.612839698791504 2.1702933311462402 
v -5.950872421264648 -7.497233867645264 2.1702933311462402 
v -5.9687042236328125 -7.497233867645264 2.1763486862182617 
v -6.022986888885498 -7.425848484039307 2.170178174972534 
v -6.014908313751221 -7.451482772827148 2.1762795448303223 
v -6.058058738708496 -7.42498254776001 2.198221206665039 
v -6.032346248626709 -7.450979232788086 2.1889195442199707 
v -5.993037700653076 -7.6833391189575195 1.8679674863815308 
v -5.993037700653076 -7.612839698791504 1.868059515953064 
v -6.016189098358154 -7.665175437927246 1.8364708423614502 
v -6.016189098358154 -7.612839698791504 1.8365168571472168 
v -6.016189098358154 -7.560523986816406 1.8364708423614502 
v -5.993037700653076 -7.542360782623291 1.8679674863815308 
v -6.9283576011657715 -7.9128594398498535 2.0172770023345947 
v -6.912792205810547 -7.9114298820495605 1.9955193996429443 
v -6.932199954986572 -7.8980183601379395 2.0105080604553223 
v -6.921954154968262 -7.8970723152160645 1.996164083480835 
v -6.885305881500244 -7.909476280212402 1.957230806350708 
v -6.894467830657959 -7.895138740539551 1.9578754901885986 
v -6.874173164367676 -7.90917444229126 1.9416897296905518 
v -6.888655185699463 -7.894978046417236 1.9497710466384888 
v -6.997516632080078 -7.8995490074157715 2.100945472717285 
v -6.983034610748291 -7.913906574249268 2.0935089588165283 
v -7.004215717315674 -7.8995490074157715 2.11029314994812 
v -6.995151996612549 -7.913906574249268 2.11029314994812 
v -7.0316033363342285 -7.8995490074157715 2.1484668254852295 
v -7.022441387176514 -7.913906574249268 2.1484668254852295 
v -7.341537952423096 -7.8722028732299805 2.297661066055298 
v -7.365477561950684 -7.878666877746582 2.309149980545044 
v -7.585564136505127 -7.8722028732299805 2.297661066055298 
v -7.585564136505127 -7.878666877746582 2.309149980545044 
v -7.92436408996582 -7.8722028732299805 2.297661066055298 
v -7.92436408996582 -7.878666877746582 2.309149980545044 
v -8.238337516784668 -7.8722028732299805 2.297661066055298 
v -8.238337516784668 -7.878666877746582 2.309149980545044 
v -8.750133514404297 -7.8722028732299805 2.297661066055298 
v -8.750133514404297 -7.878666877746582 2.309149980545044 
v -9.07336711883545 -7.8722028732299805 2.297661066055298 
v -9.07336711883545 -7.878666877746582 2.309149980545044 
v -9.089031219482422 -7.870169162750244 2.3072621822357178 
v -9.089031219482422 -7.864490509033203 2.2972006797790527 
v -7.213761329650879 -7.8970723152160645 1.996164083480835 
v -7.186866283416748 -7.895138740539551 1.9578754901885986 
v -7.222825050354004 -7.9114298820495605 1.9955193996429443 
v -7.195929527282715 -7.909476280212402 1.957230806350708 
v -7.178295135498047 -7.8948774337768555 1.9450281858444214 
v -7.1823344230651855 -7.909093856811523 1.9369468688964844 
v -7.289323806762695 -7.913906574249268 2.0885586738586426 
v -7.2854814529418945 -7.8995490074157715 2.0959954261779785 
v -7.304889678955078 -7.913906574249268 2.11029314994812 
v -7.295727252960205 -7.8995490074157715 2.11029314994812 
v -7.332474231719971 -7.913906574249268 2.1484668254852295 
v -7.323312282562256 -7.8995490074157715 2.1484668254852295 
v -7.344789028167725 -7.913906574249268 2.1655733585357666 
v -7.3303070068359375 -7.8995490074157715 2.1581368446350098 
v -7.103225231170654 -7.905428886413574 1.922257661819458 
v -7.202727317810059 -7.905428886413574 2.0217666625976562 
v -7.106180667877197 -7.900253772735596 1.9252046346664429 
v -7.198983669281006 -7.900253772735596 2.0180137157440186 
v -6.876833438873291 -7.908288478851318 1.9383742809295654 
v -6.969340801239014 -7.908288478851318 2.0308611392974854 
v -6.882448673248291 -7.905428886413574 1.9342069625854492 
v -6.977813243865967 -7.905428886413574 2.0295486450195312 
v -7.013772010803223 -7.908288478851318 2.075343132019043 
v -7.127854347229004 -7.908288478851318 2.189357042312622 
v -7.025101184844971 -7.905428886413574 2.0768396854400635 
v -7.140563011169434 -7.905428886413574 2.1922810077667236 
v -7.025101184844971 -7.905428886413574 2.0768396854400635 
v -7.140563011169434 -7.905428886413574 2.1922810077667236 
v -7.027761459350586 -7.900253772735596 2.079510450363159 
v -7.135440349578857 -7.900253772735596 2.187238931655884 
v -7.223317623138428 -7.908288478851318 2.2002243995666504 
v -7.098398208618164 -7.908288478851318 2.075343132019043 
v -7.207751750946045 -7.900253772735596 2.196057081222534 
v -7.091206073760986 -7.900253772735596 2.079510450363159 
v -7.053966999053955 -7.908288478851318 2.0308611392974854 
v -6.943726539611816 -7.908288478851318 1.9206229448318481 
v -7.038893699645996 -7.900253772735596 2.027200222015381 
v -6.936928749084473 -7.900253772735596 1.9252046346664429 
v -7.202136516571045 -7.908288478851318 2.2002243995666504 
v -7.077315330505371 -7.908288478851318 2.075343132019043 
v -7.18666934967041 -7.900253772735596 2.196057081222534 
v -7.0700249671936035 -7.900253772735596 2.079510450363159 
v -7.032785892486572 -7.908288478851318 2.0308611392974854 
v -6.922545433044434 -7.908288478851318 1.9206229448318481 
v -7.017712593078613 -7.900253772735596 2.027200222015381 
v -6.91574764251709 -7.900253772735596 1.9252046346664429 
v -7.2444987297058105 -7.908288478851318 2.2002243995666504 
v -7.119579315185547 -7.908288478851318 2.075343132019043 
v -7.228932857513428 -7.900253772735596 2.196057081222534 
v -7.112387180328369 -7.900253772735596 2.079510450363159 
v -7.07504940032959 -7.908288478851318 2.0308611392974854 
v -6.964907646179199 -7.908288478851318 1.9206229448318481 
v -7.060074806213379 -7.900253772735596 2.027200222015381 
v -6.9581098556518555 -7.900253772735596 1.9252046346664429 
v -6.985990047454834 -7.908288478851318 1.9206229448318481 
v -7.096230506896973 -7.908288478851318 2.0308611392974854 
v -6.99741792678833 -7.905428886413574 1.922257661819458 
v -7.104702949523926 -7.905428886413574 2.0295486450195312 
v -7.14076042175293 -7.908288478851318 2.075343132019043 
v -7.265581130981445 -7.908288478851318 2.2002243995666504 
v -7.151991367340088 -7.905428886413574 2.0768396854400635 
v -7.273955345153809 -7.905428886413574 2.1987507343292236 
v -7.0820441246032715 -7.905428886413574 1.922257661819458 
v -7.189329147338867 -7.905428886413574 2.0295486450195312 
v -7.0849995613098145 -7.900253772735596 1.9252046346664429 
v -7.186964511871338 -7.900253772735596 2.027200222015381 
v -7.236617088317871 -7.905428886413574 2.0768396854400635 
v -7.331095218658447 -7.905428886413574 2.17128324508667 
v -7.239277362823486 -7.900253772735596 2.079510450363159 
v -7.326661586761475 -7.900253772735596 2.1669087409973145 
v -7.14548921585083 -7.905428886413574 1.922257661819458 
v -7.219081401824951 -7.905428886413574 1.9957727193832397 
v -7.148444652557373 -7.900253772735596 1.9252046346664429 
v -7.208736896514893 -7.900253772735596 1.9854350090026855 
v -7.180955410003662 -7.908288478851318 2.2002243995666504 
v -7.056134223937988 -7.908288478851318 2.075343132019043 
v -7.165488243103027 -7.900253772735596 2.196057081222534 
v -7.048942565917969 -7.900253772735596 2.079510450363159 
v -7.011604309082031 -7.908288478851318 2.0308611392974854 
v -6.901364326477051 -7.908288478851318 1.9206229448318481 
v -6.9966301918029785 -7.900253772735596 2.027200222015381 
v -6.894566535949707 -7.900253772735596 1.9252046346664429 
v -6.922545433044434 -7.908288478851318 1.9206229448318481 
v -7.032785892486572 -7.908288478851318 2.0308611392974854 
v -6.93397331237793 -7.905428886413574 1.922257661819458 
v -7.041258335113525 -7.905428886413574 2.0295486450195312 
v -7.077315330505371 -7.908288478851318 2.075343132019043 
v -7.202136516571045 -7.908288478851318 2.2002243995666504 
v -7.088546276092529 -7.905428886413574 2.0768396854400635 
v -7.210411548614502 -7.905428886413574 2.1987507343292236 
v -7.201742172241211 -7.908288478851318 1.967061996459961 
v -7.1946492195129395 -7.907503128051758 1.9573229551315308 
v -7.181447982788086 -7.905932426452637 1.9387426376342773 
v -7.201742172241211 -7.908288478851318 1.967061996459961 
v -7.160069465637207 -7.908288478851318 1.9254119396209717 
v -7.181447982788086 -7.905932426452637 1.9387426376342773 
v -6.964907646179199 -7.908288478851318 1.9206229448318481 
v -7.07504940032959 -7.908288478851318 2.0308611392974854 
v -6.976236820220947 -7.905428886413574 1.922257661819458 
v -7.083521842956543 -7.905428886413574 2.0295486450195312 
v -7.119579315185547 -7.908288478851318 2.075343132019043 
v -7.2444987297058105 -7.908288478851318 2.2002243995666504 
v -7.130810260772705 -7.905428886413574 2.0768396854400635 
v -7.252774238586426 -7.905428886413574 2.1987507343292236 
v -7.32301664352417 -7.908288478851318 2.1941921710968018 
v -7.20420503616333 -7.908288478851318 2.075343132019043 
v -7.312376976013184 -7.900253772735596 2.1949057579040527 
v -7.1970133781433105 -7.900253772735596 2.079510450363159 
v -7.159675598144531 -7.908288478851318 2.0308611392974854 
v -7.049435138702393 -7.908288478851318 1.9206229448318481 
v -7.14470100402832 -7.900253772735596 2.027200222015381 
v -7.042736053466797 -7.900253772735596 1.9252046346664429 
v -7.180856704711914 -7.908288478851318 2.0308611392974854 
v -7.070616245269775 -7.908288478851318 1.9206229448318481 
v -7.165882110595703 -7.900253772735596 2.027200222015381 
v -7.063818454742432 -7.900253772735596 1.9252046346664429 
v -7.070616245269775 -7.908288478851318 1.9206229448318481 
v -7.180856704711914 -7.908288478851318 2.0308611392974854 
v -7.0820441246032715 -7.905428886413574 1.922257661819458 
v -7.189329147338867 -7.905428886413574 2.0295486450195312 
v -7.337301731109619 -7.908288478851318 2.1661720275878906 
v -7.246469020843506 -7.908288478851318 2.075343132019043 
v -7.326661586761475 -7.900253772735596 2.1669087409973145 
v -7.239277362823486 -7.900253772735596 2.079510450363159 
v -7.134061336517334 -7.908288478851318 1.9206229448318481 
v -7.21681547164917 -7.908288478851318 2.0033016204833984 
v -7.14548921585083 -7.905428886413574 1.922257661819458 
v -7.219081401824951 -7.905428886413574 1.9957727193832397 
v -7.014362812042236 -7.905428886413574 2.129564046859741 
v -7.036923408508301 -7.905428886413574 2.1521735191345215 
v -7.0259881019592285 -7.900253772735596 2.14121413230896 
v -7.0346574783325195 -7.900253772735596 2.1498942375183105 
v -7.039780616760254 -7.905428886413574 1.922257661819458 
v -7.147065162658691 -7.905428886413574 2.0295486450195312 
v -7.042736053466797 -7.900253772735596 1.9252046346664429 
v -7.14470100402832 -7.900253772735596 2.027200222015381 
v -7.112978458404541 -7.908288478851318 1.9206229448318481 
v -7.209426403045654 -7.908288478851318 2.017092704772949 
v -7.124406337738037 -7.905428886413574 1.922257661819458 
v -7.2116923332214355 -7.905428886413574 2.009587049484253 
v -6.990029335021973 -7.908288478851318 2.0938773155212402 
v -7.057513236999512 -7.908288478851318 2.161360025405884 
v -6.995743274688721 -7.905428886413574 2.08982515335083 
v -7.072783470153809 -7.905428886413574 2.1668858528137207 
v -6.898014545440674 -7.905428886413574 1.9709069728851318 
v -6.95141077041626 -7.905428886413574 2.024322271347046 
v -6.910329341888428 -7.900253772735596 1.9832707643508911 
v -6.945401191711426 -7.900253772735596 2.0183591842651367 
v -6.93397331237793 -7.905428886413574 1.922257661819458 
v -7.041258335113525 -7.905428886413574 2.0295486450195312 
v -6.936928749084473 -7.900253772735596 1.9252046346664429 
v -7.038893699645996 -7.900253772735596 2.027200222015381 
v -7.088546276092529 -7.905428886413574 2.0768396854400635 
v -7.210411548614502 -7.905428886413574 2.1987507343292236 
v -7.091206073760986 -7.900253772735596 2.079510450363159 
v -7.207751750946045 -7.900253772735596 2.196057081222534 
v -7.0283522605896 -7.908288478851318 1.9206229448318481 
v -7.138592720031738 -7.908288478851318 2.0308611392974854 
v -7.039780616760254 -7.905428886413574 1.922257661819458 
v -7.147065162658691 -7.905428886413574 2.0295486450195312 
v -7.183023929595947 -7.908288478851318 2.075343132019043 
v -7.307943344116211 -7.908288478851318 2.2002243995666504 
v -7.1943535804748535 -7.905428886413574 2.0768396854400635 
v -7.316218852996826 -7.905428886413574 2.1987507343292236 
v -7.091797351837158 -7.908288478851318 1.9206229448318481 
v -7.2002644538879395 -7.908288478851318 2.029088258743286 
v -7.103225231170654 -7.905428886413574 1.922257661819458 
v -7.202727317810059 -7.905428886413574 2.0217666625976562 
v -7.265581130981445 -7.908288478851318 2.2002243995666504 
v -7.14076042175293 -7.908288478851318 2.075343132019043 
v -7.2501139640808105 -7.900253772735596 2.196057081222534 
v -7.13356876373291 -7.900253772735596 2.079510450363159 
v -7.096230506896973 -7.908288478851318 2.0308611392974854 
v -6.985990047454834 -7.908288478851318 1.9206229448318481 
v -7.081255912780762 -7.900253772735596 2.027200222015381 
v -6.97919225692749 -7.900253772735596 1.9252046346664429 
v -7.060863018035889 -7.905428886413574 1.922257661819458 
v -7.168148040771484 -7.905428886413574 2.0295486450195312 
v -7.063818454742432 -7.900253772735596 1.9252046346664429 
v -7.165882110595703 -7.900253772735596 2.027200222015381 
v -7.049435138702393 -7.908288478851318 1.9206229448318481 
v -7.159675598144531 -7.908288478851318 2.0308611392974854 
v -7.060863018035889 -7.905428886413574 1.922257661819458 
v -7.168148040771484 -7.905428886413574 2.0295486450195312 
v -7.20420503616333 -7.908288478851318 2.075343132019043 
v -7.32301664352417 -7.908288478851318 2.1941921710968018 
v -7.215435981750488 -7.905428886413574 2.0768396854400635 
v -7.3239030838012695 -7.905428886413574 2.185281753540039 
v -6.99741792678833 -7.905428886413574 1.922257661819458 
v -7.104702949523926 -7.905428886413574 2.0295486450195312 
v -7.000373840332031 -7.900253772735596 1.9252046346664429 
v -7.102338790893555 -7.900253772735596 2.027200222015381 
v -7.151991367340088 -7.905428886413574 2.0768396854400635 
v -7.273955345153809 -7.905428886413574 2.1987507343292236 
v -7.154651165008545 -7.900253772735596 2.079510450363159 
v -7.271295070648193 -7.900253772735596 2.196057081222534 
v -6.891709327697754 -7.905428886413574 1.922257661819458 
v -6.99899435043335 -7.905428886413574 2.0295486450195312 
v -6.894566535949707 -7.900253772735596 1.9252046346664429 
v -6.9966301918029785 -7.900253772735596 2.027200222015381 
v -7.0462822914123535 -7.905428886413574 2.0768396854400635 
v -7.168148040771484 -7.905428886413574 2.1987507343292236 
v -7.048942565917969 -7.900253772735596 2.079510450363159 
v -7.165488243103027 -7.900253772735596 2.196057081222534 
v -6.912792205810547 -7.905428886413574 1.922257661819458 
v -7.020076751708984 -7.905428886413574 2.0295486450195312 
v -6.91574764251709 -7.900253772735596 1.9252046346664429 
v -7.017712593078613 -7.900253772735596 2.027200222015381 
v -7.0673651695251465 -7.905428886413574 2.0768396854400635 
v -7.189329147338867 -7.905428886413574 2.1987507343292236 
v -7.0700249671936035 -7.900253772735596 2.079510450363159 
v -7.18666934967041 -7.900253772735596 2.196057081222534 
v -6.9551544189453125 -7.905428886413574 1.922257661819458 
v -7.062439441680908 -7.905428886413574 2.0295486450195312 
v -6.9581098556518555 -7.900253772735596 1.9252046346664429 
v -7.060074806213379 -7.900253772735596 2.027200222015381 
v -7.109727382659912 -7.905428886413574 2.0768396854400635 
v -7.231593132019043 -7.905428886413574 2.1987507343292236 
v -7.112387180328369 -7.900253772735596 2.079510450363159 
v -7.228932857513428 -7.900253772735596 2.196057081222534 
v -7.018599033355713 -7.905428886413574 1.922257661819458 
v -7.125884056091309 -7.905428886413574 2.0295486450195312 
v -7.021554946899414 -7.900253772735596 1.9252046346664429 
v -7.1235198974609375 -7.900253772735596 2.027200222015381 
v -7.173172473907471 -7.905428886413574 2.0768396854400635 
v -7.295037746429443 -7.905428886413574 2.1987507343292236 
v -7.175832271575928 -7.900253772735596 2.079510450363159 
v -7.292377948760986 -7.900253772735596 2.196057081222534 
v -6.901364326477051 -7.908288478851318 1.9206229448318481 
v -7.011604309082031 -7.908288478851318 2.0308611392974854 
v -6.912792205810547 -7.905428886413574 1.922257661819458 
v -7.020076751708984 -7.905428886413574 2.0295486450195312 
v -7.056134223937988 -7.908288478851318 2.075343132019043 
v -7.180955410003662 -7.908288478851318 2.2002243995666504 
v -7.0673651695251465 -7.905428886413574 2.0768396854400635 
v -7.189329147338867 -7.905428886413574 2.1987507343292236 
v -7.0349531173706055 -7.908288478851318 2.075343132019043 
v -7.159872531890869 -7.908288478851318 2.2002243995666504 
v -7.0462822914123535 -7.905428886413574 2.0768396854400635 
v -7.168148040771484 -7.905428886413574 2.1987507343292236 
v -6.943726539611816 -7.908288478851318 1.9206229448318481 
v -7.053966999053955 -7.908288478851318 2.0308611392974854 
v -6.9551544189453125 -7.905428886413574 1.922257661819458 
v -7.062439441680908 -7.905428886413574 2.0295486450195312 
v -7.098398208618164 -7.908288478851318 2.075343132019043 
v -7.223317623138428 -7.908288478851318 2.2002243995666504 
v -7.109727382659912 -7.905428886413574 2.0768396854400635 
v -7.231593132019043 -7.905428886413574 2.1987507343292236 
v -7.286762237548828 -7.908288478851318 2.2002243995666504 
v -7.1618428230285645 -7.908288478851318 2.075343132019043 
v -7.271295070648193 -7.900253772735596 2.196057081222534 
v -7.154651165008545 -7.900253772735596 2.079510450363159 
v -7.1174116134643555 -7.908288478851318 2.0308611392974854 
v -7.007171154022217 -7.908288478851318 1.9206229448318481 
v -7.102338790893555 -7.900253772735596 2.027200222015381 
v -7.000373840332031 -7.900253772735596 1.9252046346664429 
v -6.976236820220947 -7.905428886413574 1.922257661819458 
v -7.083521842956543 -7.905428886413574 2.0295486450195312 
v -6.97919225692749 -7.900253772735596 1.9252046346664429 
v -7.081255912780762 -7.900253772735596 2.027200222015381 
v -7.130810260772705 -7.905428886413574 2.0768396854400635 
v -7.252774238586426 -7.905428886413574 2.1987507343292236 
v -7.13356876373291 -7.900253772735596 2.079510450363159 
v -7.2501139640808105 -7.900253772735596 2.196057081222534 
v -7.007171154022217 -7.908288478851318 1.9206229448318481 
v -7.1174116134643555 -7.908288478851318 2.0308611392974854 
v -7.018599033355713 -7.905428886413574 1.922257661819458 
v -7.125884056091309 -7.905428886413574 2.0295486450195312 
v -7.1618428230285645 -7.908288478851318 2.075343132019043 
v -7.286762237548828 -7.908288478851318 2.2002243995666504 
v -7.173172473907471 -7.905428886413574 2.0768396854400635 
v -7.295037746429443 -7.905428886413574 2.1987507343292236 
v -7.307943344116211 -7.908288478851318 2.2002243995666504 
v -7.183023929595947 -7.908288478851318 2.075343132019043 
v -7.292377948760986 -7.900253772735596 2.196057081222534 
v -7.175832271575928 -7.900253772735596 2.079510450363159 
v -7.138592720031738 -7.908288478851318 2.0308611392974854 
v -7.0283522605896 -7.908288478851318 1.9206229448318481 
v -7.1235198974609375 -7.900253772735596 2.027200222015381 
v -7.021554946899414 -7.900253772735596 1.9252046346664429 
v -8.586299896240234 -7.901119709014893 2.258382558822632 
v -8.586299896240234 -7.88633918762207 2.249725580215454 
v -8.549651145935059 -7.913906574249268 2.203148365020752 
v -8.549651145935059 -7.897132396697998 2.203148365020752 
v -8.549651145935059 -7.913906574249268 2.1484668254852295 
v -8.549651145935059 -7.897132396697998 2.1484668254852295 
v -8.549651145935059 -7.913906574249268 2.11029314994812 
v -8.549651145935059 -7.897132396697998 2.11029314994812 
v -8.586299896240234 -7.913906574249268 2.072442054748535 
v -8.586299896240234 -7.897132396697998 2.0785434246063232 
v -8.391728401184082 -7.913906574249268 2.072442054748535 
v -8.391728401184082 -7.897132396697998 2.0785434246063232 
v -8.427194595336914 -7.913906574249268 2.11029314994812 
v -8.427194595336914 -7.897132396697998 2.11029314994812 
v -8.391728401184082 -7.88633918762207 2.249725580215454 
v -8.391728401184082 -7.901119709014893 2.258382558822632 
v -8.427194595336914 -7.897132396697998 2.203148365020752 
v -8.427194595336914 -7.913906574249268 2.203148365020752 
v -8.427194595336914 -7.897132396697998 2.1484668254852295 
v -8.427194595336914 -7.913906574249268 2.1484668254852295 
v -8.427194595336914 -7.897132396697998 2.11029314994812 
v -8.427194595336914 -7.913906574249268 2.11029314994812 
v -8.894952774047852 -7.88633918762207 2.249725580215454 
v -8.894952774047852 -7.901119709014893 2.258382558822632 
v -8.929729461669922 -7.897132396697998 2.203148365020752 
v -8.929729461669922 -7.913906574249268 2.203148365020752 
v -8.929729461669922 -7.897132396697998 2.1484668254852295 
v -8.929729461669922 -7.913906574249268 2.1484668254852295 
v -8.929729461669922 -7.897132396697998 2.11029314994812 
v -8.929729461669922 -7.913906574249268 2.11029314994812 
v -8.894952774047852 -7.913906574249268 2.072442054748535 
v -8.894952774047852 -7.897132396697998 2.0785434246063232 
v -8.929729461669922 -7.913906574249268 2.11029314994812 
v -8.929729461669922 -7.897132396697998 2.11029314994812 
v -8.075784683227539 -7.901119709014893 2.258382558822632 
v -8.075784683227539 -7.88633918762207 2.249725580215454 
v -8.039135932922363 -7.913906574249268 2.203148365020752 
v -8.039135932922363 -7.897132396697998 2.203148365020752 
v -8.039135932922363 -7.913906574249268 2.1484668254852295 
v -8.039135932922363 -7.897132396697998 2.1484668254852295 
v -8.039135932922363 -7.913906574249268 2.11029314994812 
v -8.039135932922363 -7.897132396697998 2.11029314994812 
v -8.075784683227539 -7.913906574249268 2.072442054748535 
v -8.075784683227539 -7.897132396697998 2.0785434246063232 
v -8.586299896240234 -7.913906574249268 2.072442054748535 
v -8.586299896240234 -7.897132396697998 2.0785434246063232 
v -8.894952774047852 -7.913906574249268 2.072442054748535 
v -8.894952774047852 -7.897132396697998 2.0785434246063232 
v -8.586299896240234 -7.88633918762207 2.249725580215454 
v -8.894952774047852 -7.88633918762207 2.249725580215454 
v -8.549651145935059 -7.897132396697998 2.203148365020752 
v -8.929729461669922 -7.897132396697998 2.203148365020752 
v -8.549651145935059 -7.897132396697998 2.1484668254852295 
v -8.929729461669922 -7.897132396697998 2.1484668254852295 
v -8.549651145935059 -7.897132396697998 2.11029314994812 
v -8.929729461669922 -7.897132396697998 2.11029314994812 
v -8.586299896240234 -7.897132396697998 2.0785434246063232 
v -8.894952774047852 -7.897132396697998 2.0785434246063232 
v -8.075784683227539 -7.88633918762207 2.249725580215454 
v -8.391728401184082 -7.88633918762207 2.249725580215454 
v -8.039135932922363 -7.897132396697998 2.203148365020752 
v -8.427194595336914 -7.897132396697998 2.203148365020752 
v -8.039135932922363 -7.897132396697998 2.1484668254852295 
v -8.427194595336914 -7.897132396697998 2.1484668254852295 
v -8.039135932922363 -7.897132396697998 2.11029314994812 
v -8.427194595336914 -7.897132396697998 2.11029314994812 
v -8.075784683227539 -7.897132396697998 2.0785434246063232 
v -8.391728401184082 -7.897132396697998 2.0785434246063232 
v -8.391728401184082 -7.901119709014893 2.258382558822632 
v -8.391728401184082 -7.88633918762207 2.249725580215454 
v -8.075784683227539 -7.901119709014893 2.258382558822632 
v -8.075784683227539 -7.88633918762207 2.249725580215454 
v -8.075784683227539 -7.913906574249268 2.072442054748535 
v -8.075784683227539 -7.897132396697998 2.0785434246063232 
v -8.391728401184082 -7.913906574249268 2.072442054748535 
v -8.391728401184082 -7.897132396697998 2.0785434246063232 
v -8.894952774047852 -7.901119709014893 2.258382558822632 
v -8.894952774047852 -7.88633918762207 2.249725580215454 
v -8.586299896240234 -7.901119709014893 2.258382558822632 
v -8.586299896240234 -7.88633918762207 2.249725580215454 
v -5.940823554992676 -7.818316459655762 1.9706767797470093 
v -5.9395432472229 -7.818075180053711 1.9465937614440918 
v -5.868709564208984 -7.746931552886963 1.9707918167114258 
v -5.867428779602051 -7.746709823608398 1.9467089176177979 
v -6.058058738708496 -7.800716876983643 2.198221206665039 
v -6.032346248626709 -7.774720191955566 2.1889195442199707 
v -5.985156536102295 -7.729372024536133 2.1995105743408203 
v -5.985846042633057 -7.728969097137451 2.1894261837005615 
v -5.981018543243408 -7.770310401916504 2.0345449447631836 
v -5.963778495788574 -7.799850940704346 1.996348261833191 
v -5.947227478027344 -7.736903190612793 2.03459095954895 
v -5.891663551330566 -7.728466033935547 1.9964404106140137 
v -5.940823554992676 -7.818316459655762 1.9706767797470093 
v -5.868709564208984 -7.746931552886963 1.9707918167114258 
v -6.0985493659973145 -7.802146911621094 2.218712568283081 
v -6.020622730255127 -7.730640411376953 2.2206003665924072 
v -6.067122459411621 -7.775727272033691 2.2141997814178467 
v -6.020031452178955 -7.729976177215576 2.2155582904815674 
v -7.365477561950684 -7.34703254699707 2.309149980545044 
v -7.341537952423096 -7.353496551513672 2.297661066055298 
v -7.177901268005371 -7.310343265533447 2.258382558822632 
v -7.196422576904297 -7.324580192565918 2.258382558822632 
v -6.996137619018555 -7.296871662139893 2.203148365020752 
v -7.014658451080322 -7.311792850494385 2.203148365020752 
v -6.871119499206543 -7.297536373138428 2.1484668254852295 
v -6.889542102813721 -7.311792850494385 2.1484668254852295 
v -6.793980598449707 -7.296871662139893 2.11029314994812 
v -6.812501907348633 -7.311792850494385 2.11029314994812 
v -6.539117336273193 -7.4416961669921875 2.3426496982574463 
v -6.72718620300293 -7.412819862365723 2.3427417278289795 
v -6.378731727600098 -7.425868511199951 2.300539016723633 
v -6.72718620300293 -7.353919506072998 2.3005621433258057 
v -6.737333297729492 -7.3398237228393555 2.2992498874664307 
v -6.327502727508545 -7.426352024078369 2.2953126430511475 
v -6.72718620300293 -7.412819862365723 2.3427417278289795 
v -6.72718620300293 -7.353919506072998 2.3005621433258057 
v -6.737037658691406 -7.414652347564697 2.3548061847686768 
v -6.737333297729492 -7.3398237228393555 2.2992498874664307 
v -6.378731727600098 -7.425868511199951 2.300539016723633 
v -6.539117336273193 -7.4416961669921875 2.3426496982574463 
v -6.327502727508545 -7.426352024078369 2.2953126430511475 
v -6.537442207336426 -7.445522308349609 2.3536550998687744 
v -6.72718620300293 -7.412819862365723 2.3427417278289795 
v -6.737037658691406 -7.414652347564697 2.3548061847686768 
v -7.3570051193237305 -7.417592525482178 2.378129482269287 
v -7.373555660247803 -7.405932903289795 2.351329803466797 
v -7.046380996704102 -7.421841144561768 2.379833221435547 
v -6.737037658691406 -7.414652347564697 2.3548061847686768 
v -6.9283576011657715 -7.312839984893799 2.0172770023345947 
v -6.932199954986572 -7.327681064605713 2.0105080604553223 
v -6.912792205810547 -7.31427001953125 1.9955193996429443 
v -6.921954154968262 -7.328627586364746 1.996164083480835 
v -6.885305881500244 -7.31622314453125 1.957230806350708 
v -6.894467830657959 -7.330560684204102 1.9578754901885986 
v -6.874173164367676 -7.316525459289551 1.9416897296905518 
v -6.888655185699463 -7.330721855163574 1.9497710466384888 
v -6.997516632080078 -7.326150894165039 2.100945472717285 
v -6.983034610748291 -7.311792850494385 2.0935089588165283 
v -7.004215717315674 -7.326150894165039 2.11029314994812 
v -6.995151996612549 -7.311792850494385 2.11029314994812 
v -7.0316033363342285 -7.326150894165039 2.1484668254852295 
v -7.022441387176514 -7.311792850494385 2.1484668254852295 
v -7.341537952423096 -7.353496551513672 2.297661066055298 
v -7.365477561950684 -7.34703254699707 2.309149980545044 
v -7.585564136505127 -7.353496551513672 2.297661066055298 
v -7.585564136505127 -7.34703254699707 2.309149980545044 
v -7.92436408996582 -7.353496551513672 2.297661066055298 
v -7.92436408996582 -7.34703254699707 2.309149980545044 
v -8.238337516784668 -7.353496551513672 2.297661066055298 
v -8.238337516784668 -7.34703254699707 2.309149980545044 
v -8.750133514404297 -7.353496551513672 2.297661066055298 
v -8.750133514404297 -7.34703254699707 2.309149980545044 
v -9.07336711883545 -7.353496551513672 2.297661066055298 
v -9.07336711883545 -7.34703254699707 2.309149980545044 
v -9.089031219482422 -7.355530261993408 2.3072621822357178 
v -9.089031219482422 -7.361208915710449 2.2972006797790527 
v -7.213761329650879 -7.328627586364746 1.996164083480835 
v -7.186866283416748 -7.330560684204102 1.9578754901885986 
v -7.222825050354004 -7.31427001953125 1.9955193996429443 
v -7.195929527282715 -7.31622314453125 1.957230806350708 
v -7.178295135498047 -7.330822467803955 1.9450281858444214 
v -7.1823344230651855 -7.316605567932129 1.9369468688964844 
v -7.3303070068359375 -7.326150894165039 2.1581368446350098 
v -7.344789028167725 -7.311792850494385 2.1655733585357666 
v -7.323312282562256 -7.326150894165039 2.1484668254852295 
v -7.332474231719971 -7.311792850494385 2.1484668254852295 
v -7.295727252960205 -7.326150894165039 2.11029314994812 
v -7.304889678955078 -7.311792850494385 2.11029314994812 
v -7.2854814529418945 -7.326150894165039 2.0959954261779785 
v -7.289323806762695 -7.311792850494385 2.0885586738586426 
v -7.198983669281006 -7.325445652008057 2.0180137157440186 
v -7.106180667877197 -7.325445652008057 1.9252046346664429 
v -7.202727317810059 -7.320270538330078 2.0217666625976562 
v -7.103225231170654 -7.320270538330078 1.922257661819458 
v -6.977813243865967 -7.320270538330078 2.0295486450195312 
v -6.882448673248291 -7.320270538330078 1.9342069625854492 
v -6.969340801239014 -7.317411422729492 2.0308611392974854 
v -6.876833438873291 -7.317411422729492 1.9383742809295654 
v -7.140563011169434 -7.320270538330078 2.1922810077667236 
v -7.025101184844971 -7.320270538330078 2.0768396854400635 
v -7.127854347229004 -7.317411422729492 2.189357042312622 
v -7.013772010803223 -7.317411422729492 2.075343132019043 
v -7.135440349578857 -7.325445652008057 2.187238931655884 
v -7.027761459350586 -7.325445652008057 2.079510450363159 
v -7.140563011169434 -7.320270538330078 2.1922810077667236 
v -7.025101184844971 -7.320270538330078 2.0768396854400635 
v -7.091206073760986 -7.325445652008057 2.079510450363159 
v -7.207751750946045 -7.325445652008057 2.196057081222534 
v -7.098398208618164 -7.317411422729492 2.075343132019043 
v -7.223317623138428 -7.317411422729492 2.2002243995666504 
v -6.936928749084473 -7.325445652008057 1.9252046346664429 
v -7.038893699645996 -7.325445652008057 2.027200222015381 
v -6.943726539611816 -7.317411422729492 1.9206229448318481 
v -7.053966999053955 -7.317411422729492 2.0308611392974854 
v -7.0700249671936035 -7.325445652008057 2.079510450363159 
v -7.18666934967041 -7.325445652008057 2.196057081222534 
v -7.077315330505371 -7.317411422729492 2.075343132019043 
v -7.202136516571045 -7.317411422729492 2.2002243995666504 
v -6.91574764251709 -7.325445652008057 1.9252046346664429 
v -7.017712593078613 -7.325445652008057 2.027200222015381 
v -6.922545433044434 -7.317411422729492 1.9206229448318481 
v -7.032785892486572 -7.317411422729492 2.0308611392974854 
v -7.112387180328369 -7.325445652008057 2.079510450363159 
v -7.228932857513428 -7.325445652008057 2.196057081222534 
v -7.119579315185547 -7.317411422729492 2.075343132019043 
v -7.2444987297058105 -7.317411422729492 2.2002243995666504 
v -6.9581098556518555 -7.325445652008057 1.9252046346664429 
v -7.060074806213379 -7.325445652008057 2.027200222015381 
v -6.964907646179199 -7.317411422729492 1.9206229448318481 
v -7.07504940032959 -7.317411422729492 2.0308611392974854 
v -7.104702949523926 -7.320270538330078 2.0295486450195312 
v -6.99741792678833 -7.320270538330078 1.922257661819458 
v -7.096230506896973 -7.317411422729492 2.0308611392974854 
v -6.985990047454834 -7.317411422729492 1.9206229448318481 
v -7.273955345153809 -7.320270538330078 2.1987507343292236 
v -7.151991367340088 -7.320270538330078 2.0768396854400635 
v -7.265581130981445 -7.317411422729492 2.2002243995666504 
v -7.14076042175293 -7.317411422729492 2.075343132019043 
v -7.186964511871338 -7.325445652008057 2.027200222015381 
v -7.0849995613098145 -7.325445652008057 1.9252046346664429 
v -7.189329147338867 -7.320270538330078 2.0295486450195312 
v -7.0820441246032715 -7.320270538330078 1.922257661819458 
v -7.326661586761475 -7.325445652008057 2.1669087409973145 
v -7.239277362823486 -7.325445652008057 2.079510450363159 
v -7.331095218658447 -7.320270538330078 2.17128324508667 
v -7.236617088317871 -7.320270538330078 2.0768396854400635 
v -7.208736896514893 -7.325445652008057 1.9854350090026855 
v -7.148444652557373 -7.325445652008057 1.9252046346664429 
v -7.219081401824951 -7.320270538330078 1.9957727193832397 
v -7.14548921585083 -7.320270538330078 1.922257661819458 
v -7.048942565917969 -7.325445652008057 2.079510450363159 
v -7.165488243103027 -7.325445652008057 2.196057081222534 
v -7.056134223937988 -7.317411422729492 2.075343132019043 
v -7.180955410003662 -7.317411422729492 2.2002243995666504 
v -6.894566535949707 -7.325445652008057 1.9252046346664429 
v -6.9966301918029785 -7.325445652008057 2.027200222015381 
v -6.901364326477051 -7.317411422729492 1.9206229448318481 
v -7.011604309082031 -7.317411422729492 2.0308611392974854 
v -7.041258335113525 -7.320270538330078 2.0295486450195312 
v -6.93397331237793 -7.320270538330078 1.922257661819458 
v -7.032785892486572 -7.317411422729492 2.0308611392974854 
v -6.922545433044434 -7.317411422729492 1.9206229448318481 
v -7.210411548614502 -7.320270538330078 2.1987507343292236 
v -7.088546276092529 -7.320270538330078 2.0768396854400635 
v -7.202136516571045 -7.317411422729492 2.2002243995666504 
v -7.077315330505371 -7.317411422729492 2.075343132019043 
v -7.201742172241211 -7.317411422729492 1.967061996459961 
v -7.181447982788086 -7.319767475128174 1.9387426376342773 
v -7.160069465637207 -7.317411422729492 1.9254119396209717 
v -7.201742172241211 -7.317411422729492 1.967061996459961 
v -7.181447982788086 -7.319767475128174 1.9387426376342773 
v -7.1946492195129395 -7.318196773529053 1.9573229551315308 
v -7.083521842956543 -7.320270538330078 2.0295486450195312 
v -6.976236820220947 -7.320270538330078 1.922257661819458 
v -7.07504940032959 -7.317411422729492 2.0308611392974854 
v -6.964907646179199 -7.317411422729492 1.9206229448318481 
v -7.252774238586426 -7.320270538330078 2.1987507343292236 
v -7.130810260772705 -7.320270538330078 2.0768396854400635 
v -7.2444987297058105 -7.317411422729492 2.2002243995666504 
v -7.119579315185547 -7.317411422729492 2.075343132019043 
v -7.1970133781433105 -7.325445652008057 2.079510450363159 
v -7.312376976013184 -7.325445652008057 2.1949057579040527 
v -7.20420503616333 -7.317411422729492 2.075343132019043 
v -7.32301664352417 -7.317411422729492 2.1941921710968018 
v -7.042736053466797 -7.325445652008057 1.9252046346664429 
v -7.14470100402832 -7.325445652008057 2.027200222015381 
v -7.049435138702393 -7.317411422729492 1.9206229448318481 
v -7.159675598144531 -7.317411422729492 2.0308611392974854 
v -7.063818454742432 -7.325445652008057 1.9252046346664429 
v -7.165882110595703 -7.325445652008057 2.027200222015381 
v -7.070616245269775 -7.317411422729492 1.9206229448318481 
v -7.180856704711914 -7.317411422729492 2.0308611392974854 
v -7.189329147338867 -7.320270538330078 2.0295486450195312 
v -7.0820441246032715 -7.320270538330078 1.922257661819458 
v -7.180856704711914 -7.317411422729492 2.0308611392974854 
v -7.070616245269775 -7.317411422729492 1.9206229448318481 
v -7.239277362823486 -7.325445652008057 2.079510450363159 
v -7.326661586761475 -7.325445652008057 2.1669087409973145 
v -7.246469020843506 -7.317411422729492 2.075343132019043 
v -7.337301731109619 -7.317411422729492 2.1661720275878906 
v -7.219081401824951 -7.320270538330078 1.9957727193832397 
v -7.14548921585083 -7.320270538330078 1.922257661819458 
v -7.21681547164917 -7.317411422729492 2.0033016204833984 
v -7.134061336517334 -7.317411422729492 1.9206229448318481 
v -7.0346574783325195 -7.325445652008057 2.1498942375183105 
v -7.0259881019592285 -7.325445652008057 2.14121413230896 
v -7.036923408508301 -7.320270538330078 2.1521735191345215 
v -7.014362812042236 -7.320270538330078 2.129564046859741 
v -7.14470100402832 -7.325445652008057 2.027200222015381 
v -7.042736053466797 -7.325445652008057 1.9252046346664429 
v -7.147065162658691 -7.320270538330078 2.0295486450195312 
v -7.039780616760254 -7.320270538330078 1.922257661819458 
v -7.2116923332214355 -7.320270538330078 2.009587049484253 
v -7.124406337738037 -7.320270538330078 1.922257661819458 
v -7.209426403045654 -7.317411422729492 2.017092704772949 
v -7.112978458404541 -7.317411422729492 1.9206229448318481 
v -7.072783470153809 -7.320270538330078 2.1668858528137207 
v -6.995743274688721 -7.320270538330078 2.08982515335083 
v -7.057513236999512 -7.317411422729492 2.161360025405884 
v -6.990029335021973 -7.317411422729492 2.0938773155212402 
v -6.945401191711426 -7.325445652008057 2.0183591842651367 
v -6.910329341888428 -7.325445652008057 1.9832707643508911 
v -6.95141077041626 -7.320270538330078 2.024322271347046 
v -6.898014545440674 -7.320270538330078 1.9709069728851318 
v -7.038893699645996 -7.325445652008057 2.027200222015381 
v -6.936928749084473 -7.325445652008057 1.9252046346664429 
v -7.041258335113525 -7.320270538330078 2.0295486450195312 
v -6.93397331237793 -7.320270538330078 1.922257661819458 
v -7.207751750946045 -7.325445652008057 2.196057081222534 
v -7.091206073760986 -7.325445652008057 2.079510450363159 
v -7.210411548614502 -7.320270538330078 2.1987507343292236 
v -7.088546276092529 -7.320270538330078 2.0768396854400635 
v -7.147065162658691 -7.320270538330078 2.0295486450195312 
v -7.039780616760254 -7.320270538330078 1.922257661819458 
v -7.138592720031738 -7.317411422729492 2.0308611392974854 
v -7.0283522605896 -7.317411422729492 1.9206229448318481 
v -7.316218852996826 -7.320270538330078 2.1987507343292236 
v -7.1943535804748535 -7.320270538330078 2.0768396854400635 
v -7.307943344116211 -7.317411422729492 2.2002243995666504 
v -7.183023929595947 -7.317411422729492 2.075343132019043 
v -7.202727317810059 -7.320270538330078 2.0217666625976562 
v -7.103225231170654 -7.320270538330078 1.922257661819458 
v -7.2002644538879395 -7.317411422729492 2.029088258743286 
v -7.091797351837158 -7.317411422729492 1.9206229448318481 
v -7.13356876373291 -7.325445652008057 2.079510450363159 
v -7.2501139640808105 -7.325445652008057 2.196057081222534 
v -7.14076042175293 -7.317411422729492 2.075343132019043 
v -7.265581130981445 -7.317411422729492 2.2002243995666504 
v -6.97919225692749 -7.325445652008057 1.9252046346664429 
v -7.081255912780762 -7.325445652008057 2.027200222015381 
v -6.985990047454834 -7.317411422729492 1.9206229448318481 
v -7.096230506896973 -7.317411422729492 2.0308611392974854 
v -7.165882110595703 -7.325445652008057 2.027200222015381 
v -7.063818454742432 -7.325445652008057 1.9252046346664429 
v -7.168148040771484 -7.320270538330078 2.0295486450195312 
v -7.060863018035889 -7.320270538330078 1.922257661819458 
v -7.168148040771484 -7.320270538330078 2.0295486450195312 
v -7.060863018035889 -7.320270538330078 1.922257661819458 
v -7.159675598144531 -7.317411422729492 2.0308611392974854 
v -7.049435138702393 -7.317411422729492 1.9206229448318481 
v -7.3239030838012695 -7.320270538330078 2.185281753540039 
v -7.215435981750488 -7.320270538330078 2.0768396854400635 
v -7.32301664352417 -7.317411422729492 2.1941921710968018 
v -7.20420503616333 -7.317411422729492 2.075343132019043 
v -7.102338790893555 -7.325445652008057 2.027200222015381 
v -7.000373840332031 -7.325445652008057 1.9252046346664429 
v -7.104702949523926 -7.320270538330078 2.0295486450195312 
v -6.99741792678833 -7.320270538330078 1.922257661819458 
v -7.271295070648193 -7.325445652008057 2.196057081222534 
v -7.154651165008545 -7.325445652008057 2.079510450363159 
v -7.273955345153809 -7.320270538330078 2.1987507343292236 
v -7.151991367340088 -7.320270538330078 2.0768396854400635 
v -6.9966301918029785 -7.325445652008057 2.027200222015381 
v -6.894566535949707 -7.325445652008057 1.9252046346664429 
v -6.99899435043335 -7.320270538330078 2.0295486450195312 
v -6.891709327697754 -7.320270538330078 1.922257661819458 
v -7.165488243103027 -7.325445652008057 2.196057081222534 
v -7.048942565917969 -7.325445652008057 2.079510450363159 
v -7.168148040771484 -7.320270538330078 2.1987507343292236 
v -7.0462822914123535 -7.320270538330078 2.0768396854400635 
v -7.017712593078613 -7.325445652008057 2.027200222015381 
v -6.91574764251709 -7.325445652008057 1.9252046346664429 
v -7.020076751708984 -7.320270538330078 2.0295486450195312 
v -6.912792205810547 -7.320270538330078 1.922257661819458 
v -7.18666934967041 -7.325445652008057 2.196057081222534 
v -7.0700249671936035 -7.325445652008057 2.079510450363159 
v -7.189329147338867 -7.320270538330078 2.1987507343292236 
v -7.0673651695251465 -7.320270538330078 2.0768396854400635 
v -7.060074806213379 -7.325445652008057 2.027200222015381 
v -6.9581098556518555 -7.325445652008057 1.9252046346664429 
v -7.062439441680908 -7.320270538330078 2.0295486450195312 
v -6.9551544189453125 -7.320270538330078 1.922257661819458 
v -7.228932857513428 -7.325445652008057 2.196057081222534 
v -7.112387180328369 -7.325445652008057 2.079510450363159 
v -7.231593132019043 -7.320270538330078 2.1987507343292236 
v -7.109727382659912 -7.320270538330078 2.0768396854400635 
v -7.1235198974609375 -7.325445652008057 2.027200222015381 
v -7.021554946899414 -7.325445652008057 1.9252046346664429 
v -7.125884056091309 -7.320270538330078 2.0295486450195312 
v -7.018599033355713 -7.320270538330078 1.922257661819458 
v -7.292377948760986 -7.325445652008057 2.196057081222534 
v -7.175832271575928 -7.325445652008057 2.079510450363159 
v -7.295037746429443 -7.320270538330078 2.1987507343292236 
v -7.173172473907471 -7.320270538330078 2.0768396854400635 
v -7.020076751708984 -7.320270538330078 2.0295486450195312 
v -6.912792205810547 -7.320270538330078 1.922257661819458 
v -7.011604309082031 -7.317411422729492 2.0308611392974854 
v -6.901364326477051 -7.317411422729492 1.9206229448318481 
v -7.189329147338867 -7.320270538330078 2.1987507343292236 
v -7.0673651695251465 -7.320270538330078 2.0768396854400635 
v -7.180955410003662 -7.317411422729492 2.2002243995666504 
v -7.056134223937988 -7.317411422729492 2.075343132019043 
v -7.168148040771484 -7.320270538330078 2.1987507343292236 
v -7.0462822914123535 -7.320270538330078 2.0768396854400635 
v -7.159872531890869 -7.317411422729492 2.2002243995666504 
v -7.0349531173706055 -7.317411422729492 2.075343132019043 
v -7.062439441680908 -7.320270538330078 2.0295486450195312 
v -6.9551544189453125 -7.320270538330078 1.922257661819458 
v -7.053966999053955 -7.317411422729492 2.0308611392974854 
v -6.943726539611816 -7.317411422729492 1.9206229448318481 
v -7.231593132019043 -7.320270538330078 2.1987507343292236 
v -7.109727382659912 -7.320270538330078 2.0768396854400635 
v -7.223317623138428 -7.317411422729492 2.2002243995666504 
v -7.098398208618164 -7.317411422729492 2.075343132019043 
v -7.154651165008545 -7.325445652008057 2.079510450363159 
v -7.271295070648193 -7.325445652008057 2.196057081222534 
v -7.1618428230285645 -7.317411422729492 2.075343132019043 
v -7.286762237548828 -7.317411422729492 2.2002243995666504 
v -7.000373840332031 -7.325445652008057 1.9252046346664429 
v -7.102338790893555 -7.325445652008057 2.027200222015381 
v -7.007171154022217 -7.317411422729492 1.9206229448318481 
v -7.1174116134643555 -7.317411422729492 2.0308611392974854 
v -7.081255912780762 -7.325445652008057 2.027200222015381 
v -6.97919225692749 -7.325445652008057 1.9252046346664429 
v -7.083521842956543 -7.320270538330078 2.0295486450195312 
v -6.976236820220947 -7.320270538330078 1.922257661819458 
v -7.2501139640808105 -7.325445652008057 2.196057081222534 
v -7.13356876373291 -7.325445652008057 2.079510450363159 
v -7.252774238586426 -7.320270538330078 2.1987507343292236 
v -7.130810260772705 -7.320270538330078 2.0768396854400635 
v -7.125884056091309 -7.320270538330078 2.0295486450195312 
v -7.018599033355713 -7.320270538330078 1.922257661819458 
v -7.1174116134643555 -7.317411422729492 2.0308611392974854 
v -7.007171154022217 -7.317411422729492 1.9206229448318481 
v -7.295037746429443 -7.320270538330078 2.1987507343292236 
v -7.173172473907471 -7.320270538330078 2.0768396854400635 
v -7.286762237548828 -7.317411422729492 2.2002243995666504 
v -7.1618428230285645 -7.317411422729492 2.075343132019043 
v -7.175832271575928 -7.325445652008057 2.079510450363159 
v -7.292377948760986 -7.325445652008057 2.196057081222534 
v -7.183023929595947 -7.317411422729492 2.075343132019043 
v -7.307943344116211 -7.317411422729492 2.2002243995666504 
v -7.021554946899414 -7.325445652008057 1.9252046346664429 
v -7.1235198974609375 -7.325445652008057 2.027200222015381 
v -7.0283522605896 -7.317411422729492 1.9206229448318481 
v -7.138592720031738 -7.317411422729492 2.0308611392974854 
v -8.586299896240234 -7.324580192565918 2.258382558822632 
v -8.586299896240234 -7.33936071395874 2.249725580215454 
v -8.549651145935059 -7.311792850494385 2.203148365020752 
v -8.549651145935059 -7.328567028045654 2.203148365020752 
v -8.549651145935059 -7.311792850494385 2.1484668254852295 
v -8.549651145935059 -7.328567028045654 2.1484668254852295 
v -8.549651145935059 -7.311792850494385 2.11029314994812 
v -8.549651145935059 -7.328567028045654 2.11029314994812 
v -8.586299896240234 -7.311792850494385 2.072442054748535 
v -8.586299896240234 -7.328567028045654 2.0785434246063232 
v -8.427194595336914 -7.328567028045654 2.11029314994812 
v -8.427194595336914 -7.311792850494385 2.11029314994812 
v -8.391728401184082 -7.328567028045654 2.0785434246063232 
v -8.391728401184082 -7.311792850494385 2.072442054748535 
v -8.391728401184082 -7.33936071395874 2.249725580215454 
v -8.391728401184082 -7.324580192565918 2.258382558822632 
v -8.427194595336914 -7.328567028045654 2.203148365020752 
v -8.427194595336914 -7.311792850494385 2.203148365020752 
v -8.427194595336914 -7.328567028045654 2.1484668254852295 
v -8.427194595336914 -7.311792850494385 2.1484668254852295 
v -8.427194595336914 -7.328567028045654 2.11029314994812 
v -8.427194595336914 -7.311792850494385 2.11029314994812 
v -8.894952774047852 -7.33936071395874 2.249725580215454 
v -8.894952774047852 -7.324580192565918 2.258382558822632 
v -8.929729461669922 -7.328567028045654 2.203148365020752 
v -8.929729461669922 -7.311792850494385 2.203148365020752 
v -8.929729461669922 -7.328567028045654 2.1484668254852295 
v -8.929729461669922 -7.311792850494385 2.1484668254852295 
v -8.929729461669922 -7.328567028045654 2.11029314994812 
v -8.929729461669922 -7.311792850494385 2.11029314994812 
v -8.929729461669922 -7.328567028045654 2.11029314994812 
v -8.929729461669922 -7.311792850494385 2.11029314994812 
v -8.894952774047852 -7.328567028045654 2.0785434246063232 
v -8.894952774047852 -7.311792850494385 2.072442054748535 
v -8.075784683227539 -7.324580192565918 2.258382558822632 
v -8.075784683227539 -7.33936071395874 2.249725580215454 
v -8.039135932922363 -7.311792850494385 2.203148365020752 
v -8.039135932922363 -7.328567028045654 2.203148365020752 
v -8.039135932922363 -7.311792850494385 2.1484668254852295 
v -8.039135932922363 -7.328567028045654 2.1484668254852295 
v -8.039135932922363 -7.311792850494385 2.11029314994812 
v -8.039135932922363 -7.328567028045654 2.11029314994812 
v -8.075784683227539 -7.311792850494385 2.072442054748535 
v -8.075784683227539 -7.328567028045654 2.0785434246063232 
v -8.894952774047852 -7.328567028045654 2.0785434246063232 
v -8.894952774047852 -7.311792850494385 2.072442054748535 
v -8.586299896240234 -7.328567028045654 2.0785434246063232 
v -8.586299896240234 -7.311792850494385 2.072442054748535 
v -8.894952774047852 -7.328567028045654 2.0785434246063232 
v -8.586299896240234 -7.328567028045654 2.0785434246063232 
v -8.929729461669922 -7.328567028045654 2.11029314994812 
v -8.549651145935059 -7.328567028045654 2.11029314994812 
v -8.929729461669922 -7.328567028045654 2.1484668254852295 
v -8.549651145935059 -7.328567028045654 2.1484668254852295 
v -8.929729461669922 -7.328567028045654 2.203148365020752 
v -8.549651145935059 -7.328567028045654 2.203148365020752 
v -8.894952774047852 -7.33936071395874 2.249725580215454 
v -8.586299896240234 -7.33936071395874 2.249725580215454 
v -8.075784683227539 -7.33936071395874 2.249725580215454 
v -8.391728401184082 -7.33936071395874 2.249725580215454 
v -8.039135932922363 -7.328567028045654 2.203148365020752 
v -8.427194595336914 -7.328567028045654 2.203148365020752 
v -8.039135932922363 -7.328567028045654 2.1484668254852295 
v -8.427194595336914 -7.328567028045654 2.1484668254852295 
v -8.039135932922363 -7.328567028045654 2.11029314994812 
v -8.427194595336914 -7.328567028045654 2.11029314994812 
v -8.075784683227539 -7.328567028045654 2.0785434246063232 
v -8.391728401184082 -7.328567028045654 2.0785434246063232 
v -8.075784683227539 -7.33936071395874 2.249725580215454 
v -8.075784683227539 -7.324580192565918 2.258382558822632 
v -8.391728401184082 -7.33936071395874 2.249725580215454 
v -8.391728401184082 -7.324580192565918 2.258382558822632 
v -8.391728401184082 -7.328567028045654 2.0785434246063232 
v -8.391728401184082 -7.311792850494385 2.072442054748535 
v -8.075784683227539 -7.328567028045654 2.0785434246063232 
v -8.075784683227539 -7.311792850494385 2.072442054748535 
v -8.586299896240234 -7.33936071395874 2.249725580215454 
v -8.586299896240234 -7.324580192565918 2.258382558822632 
v -8.894952774047852 -7.33936071395874 2.249725580215454 
v -8.894952774047852 -7.324580192565918 2.258382558822632 
v -5.867428779602051 -7.478989601135254 1.9467089176177979 
v -5.868709564208984 -7.478768348693848 1.9707918167114258 
v -5.9395432472229 -7.4076247215271 1.9465937614440918 
v -5.940823554992676 -7.407382965087891 1.9706767797470093 
v -5.985846042633057 -7.496730327606201 2.1894261837005615 
v -5.985156536102295 -7.4963274002075195 2.1995105743408203 
v -6.032346248626709 -7.450979232788086 2.1889195442199707 
v -6.058058738708496 -7.42498254776001 2.198221206665039 
v -5.981018543243408 -7.455389499664307 2.0345449447631836 
v -5.963778495788574 -7.425848484039307 1.996348261833191 
v -5.947227478027344 -7.488796234130859 2.03459095954895 
v -5.891663551330566 -7.497233867645264 1.9964404106140137 
v -5.940823554992676 -7.407382965087891 1.9706767797470093 
v -5.868709564208984 -7.478768348693848 1.9707918167114258 
v -6.020031452178955 -7.495723724365234 2.2155582904815674 
v -6.067122459411621 -7.449972629547119 2.2141997814178467 
v -6.020622730255127 -7.495059013366699 2.2206003665924072 
v -6.0985493659973145 -7.423552989959717 2.218712568283081 
v -7.924561023712158 -7.86124849319458 1.836747169494629 
v -7.924561023712158 -7.364450931549072 1.836747169494629 
v -7.585564136505127 -7.86124849319458 1.836747169494629 
v -7.585564136505127 -7.364450931549072 1.836747169494629 
vn 0 0 3.14455509185791 
vn 0 0 3.14455509185791 
vn 0 0 3.14455509185791 
vn 0 0 3.14455509185791 
vn 0 0 3.14455509185791 
vn 0 0 3.14455509185791 
vn 0 0 3.14455509185791 
vn 0 0 3.14455509185791 
vn 3.144547700881958 3.2518256208417806e-13 0.006869891192764044 
vn 2.937572479248047 -0.00593865429982543 -1.121989130973816 
vn 2.8694920539855957 0.24906130135059357 -1.2618287801742554 
vn 2.949845790863037 0.2017749696969986 -1.0704786777496338 
vn 2.8248648643493652 0.5021195411682129 -1.2869504690170288 
vn 3.144547700881958 3.2518256208417806e-13 0.006869891192764044 
vn 3.144547700881958 3.2518256208417806e-13 0.006869891192764044 
vn 3.144547700881958 3.2518256208417806e-13 0.006869891192764044 
vn -3.144547700881958 -9.741513151695358e-13 0.006869891192764044 
vn -3.144547700881958 -9.741513151695358e-13 0.006869891192764044 
vn -3.144547700881958 -9.741513151695358e-13 0.006869891192764044 
vn -3.144547700881958 -9.741513151695358e-13 0.006869891192764044 
vn -3.144547700881958 -9.741513151695358e-13 0.006869891192764044 
vn -3.144547700881958 -9.741513151695358e-13 0.006869891192764044 
vn -3.144547700881958 -9.741513151695358e-13 0.006869891192764044 
vn -3.144547700881958 -9.741513151695358e-13 0.006869891192764044 
vn -3.144547700881958 -9.741513151695358e-13 0.006869891192764044 
vn -3.144547700881958 -9.741513151695358e-13 0.006869891192764044 
vn -3.144547700881958 -9.741513151695358e-13 0.006869891192764044 
vn -3.144547700881958 -9.741513151695358e-13 0.006869891192764044 
vn -3.144547700881958 -9.741513151695358e-13 0.006869891192764044 
vn -3.144547700881958 -9.741513151695358e-13 0.006869891192764044 
vn -3.144547700881958 -9.741513151695358e-13 0.006869891192764044 
vn -3.144547700881958 -9.741513151695358e-13 0.006869891192764044 
vn -3.144547700881958 -9.741513151695358e-13 0.006869891192764044 
vn -3.144547700881958 -9.741513151695358e-13 0.006869891192764044 
vn 0.15403833985328674 1.4087860584259033 -2.8071019649505615 
vn 0.8567444682121277 0.40315333008766174 -2.9986135959625244 
vn 0.35916057229042053 0.3169610798358917 -3.1078555583953857 
vn 0.8765518665313721 -0.23487137258052826 -3.0107672214508057 
vn 0.011888065375387669 0.3972107768058777 -3.119344472885132 
vn 0.011896448209881783 1.4048532247543335 -2.813267230987549 
vn -0.04749312996864319 0.8002906441688538 -3.040642499923706 
vn -0.05946517735719681 1.4036445617675781 -2.813267230987549 
vn -1.6489001512527466 0.2545416057109833 -2.6654388904571533 
vn -0.07137145847082138 -0.5421200394630432 -3.096649646759033 
vn -1.475053310394287 -0.6736342906951904 -2.694190502166748 
vn -0.047533854842185974 -1.3422704935073853 -2.8432865142822266 
vn -1.2410428524017334 -1.2326323986053467 -2.6131699085235596 
vn 0 -0.9468598961830139 -2.9986135959625244 
vn 0.23598529398441315 -0.9574299454689026 -2.9859447479248047 
vn 0.6437324285507202 -1.3171322345733643 -2.78190541267395 
vn 0.23623548448085785 -1.3473539352416992 -2.8314409255981445 
vn 0 -1.3431119918823242 -2.8432865142822266 
vn 0 6.503666962615062e-13 -3.14455509185791 
vn 0 6.503666962615062e-13 -3.14455509185791 
vn 0 6.503666962615062e-13 -3.14455509185791 
vn 0 6.503666962615062e-13 -3.14455509185791 
vn 0 6.503666962615062e-13 -3.14455509185791 
vn 0 6.503666962615062e-13 -3.14455509185791 
vn 0 6.503666962615062e-13 -3.14455509185791 
vn 0 6.503666962615062e-13 -3.14455509185791 
vn 0 6.503666962615062e-13 -3.14455509185791 
vn 0 6.503666962615062e-13 -3.14455509185791 
vn 0 6.503666962615062e-13 -3.14455509185791 
vn 0 6.503666962615062e-13 -3.14455509185791 
vn 0 6.503666962615062e-13 -3.14455509185791 
vn 0 6.503666962615062e-13 -3.14455509185791 
vn 0 0 3.14455509185791 
vn 0 0 3.14455509185791 
vn 0 -0.23336176574230194 3.1358840465545654 
vn 0 0 3.14455509185791 
vn 0 -0.24706140160560608 3.1348347663879395 
vn 0 0 3.14455509185791 
vn -0.011580326594412327 0.2467898428440094 3.1348347663879395 
vn -5.393043189761901e-14 0.26075631380081177 3.133725166320801 
vn 0.15420503914356232 2.870600700378418 1.2744017839431763 
vn -4.1197015417104854e-13 1.991896152496338 2.4332237243652344 
vn -0.070619136095047 0.6643754839897156 3.072758674621582 
vn -0.04740253835916519 1.991331934928894 2.4332237243652344 
vn -1.0233263969421387 1.8988018035888672 2.288139581680298 
vn -1.804189920425415 0.07696143537759781 2.5743355751037598 
vn -0.09600086510181427 0.00559141393750906 3.1430845260620117 
vn -1.8170230388641357 -0.011843209154903889 2.566420555114746 
vn 0 0 3.14455509185791 
vn 0 0 3.14455509185791 
vn 0.011632123030722141 0.23307166993618011 3.1358840465545654 
vn 0 0 3.14455509185791 
vn 0 -0.26075631380081177 3.133725166320801 
vn 0.14235322177410126 -2.8712127208709717 1.2744017839431763 
vn 0 -1.991896152496338 2.4332237243652344 
vn -0.070619136095047 -0.6643754839897156 3.072758674621582 
vn -0.04740253835916519 -1.991331934928894 2.4332237243652344 
vn -1.0233263969421387 -1.8988018035888672 2.288139581680298 
vn -1.804655909538269 -0.06512681394815445 2.5743355751037598 
vn 0 0 3.14455509185791 
vn 0 0 3.14455509185791 
vn 0 0 3.14455509185791 
vn 0 0 3.14455509185791 
vn 0 0 3.14455509185791 
vn 0 0 3.14455509185791 
vn 0 0 3.14455509185791 
vn 0 0 3.14455509185791 
vn 3.144547700881958 3.2518256208417806e-13 0.006869891192764044 
vn 2.937572479248047 -0.00593865429982543 -1.121989130973816 
vn 2.8694920539855957 -0.24906130135059357 -1.2618287801742554 
vn 2.949845790863037 -0.2017749696969986 -1.0704786777496338 
vn 2.8227624893188477 -0.5138076543807983 -1.2869504690170288 
vn 3.144547700881958 3.2518256208417806e-13 0.006869891192764044 
vn 3.144547700881958 3.2518256208417806e-13 0.006869891192764044 
vn 3.144547700881958 3.2518256208417806e-13 0.006869891192764044 
vn 0.16583502292633057 -1.407446265220642 -2.8071019649505615 
vn 0.8567444682121277 -0.40315333008766174 -2.9986135959625244 
vn 0.35916057229042053 -0.3169610798358917 -3.1078555583953857 
vn 0.8765518665313721 0.23487137258052826 -3.0107672214508057 
vn 0 -0.3973885774612427 -3.119344472885132 
vn 0 -1.4049036502838135 -2.813267230987549 
vn -0.04749312996864319 -0.8002906441688538 -3.040642499923706 
vn -0.07134883105754852 -1.4030907154083252 -2.813267230987549 
vn -1.6470450162887573 -0.26628145575523376 -2.6654388904571533 
vn -0.07137145847082138 0.5421200394630432 -3.096649646759033 
vn -1.4700807332992554 0.6844180226325989 -2.694190502166748 
vn -0.035653647035360336 1.342638611793518 -2.8432865142822266 
vn -1.2410428524017334 1.2326323986053467 -2.6131699085235596 
vn -1.9583249952215276e-13 0.9468598961830139 -2.9986135959625244 
vn 0.23598529398441315 0.9574299454689026 -2.9859447479248047 
vn 0.6544033288955688 1.3118633031845093 -2.78190541267395 
vn 0.23668549954891205 1.3346989154815674 -2.837390661239624 
vn 0.011885790154337883 1.3430593013763428 -2.8432865142822266 
vn 0 0 3.14455509185791 
vn 0 0 3.14455509185791 
vn 0 0 3.14455509185791 
vn 0 0 3.14455509185791 
vn 0 0 3.14455509185791 
vn 0 0 3.14455509185791 
vn 0 0 3.14455509185791 
vn 0 0 3.14455509185791 
vn -3.144547700881958 -9.741513151695358e-13 -0.006869891192764044 
vn -3.144547700881958 -9.741513151695358e-13 -0.006869891192764044 
vn -3.144547700881958 -9.741513151695358e-13 0.006869891192764044 
vn -3.144547700881958 -9.741513151695358e-13 0.006869891192764044 
vn -3.144547700881958 -9.741513151695358e-13 0.006869891192764044 
vn -3.144547700881958 -9.741513151695358e-13 0.006869891192764044 
vn -3.144547700881958 -9.741513151695358e-13 0.006869891192764044 
vn -3.144547700881958 -9.741513151695358e-13 0.006869891192764044 
vn -3.144547700881958 -9.741513151695358e-13 0.006869891192764044 
vn -3.144547700881958 -9.741513151695358e-13 0.006869891192764044 
vn -3.144547700881958 -9.741513151695358e-13 0.006869891192764044 
vn -3.144547700881958 -9.741513151695358e-13 0.006869891192764044 
vn -3.144547700881958 -9.741513151695358e-13 0.006869891192764044 
vn -3.144547700881958 -9.741513151695358e-13 0.006869891192764044 
vn -3.144547700881958 -9.741513151695358e-13 0.006869891192764044 
vn -3.144547700881958 -9.741513151695358e-13 0.006869891192764044 
vn -3.144547700881958 -9.741513151695358e-13 0.006869891192764044 
vn -3.144547700881958 -9.741513151695358e-13 0.006869891192764044 
vn -1.2410428524017334 1.2326323986053467 -2.6131699085235596 
vn -1.4700807332992554 0.6844180226325989 -2.694190502166748 
vn -0.05941033735871315 1.3417973518371582 -2.8432865142822266 
vn -0.11804848909378052 0.5477468967437744 -3.094230890274048 
vn -2.066413311080026e-13 0.9991210699081421 -2.981607675552368 
vn 0.011885790154337883 1.3430593013763428 -2.8432865142822266 
vn 0.05941033735871315 1.3417973518371582 -2.8432865142822266 
vn 0.11804848909378052 0.5477468967437744 -3.094230890274048 
vn 1.4700807332992554 0.6844180226325989 -2.694190502166748 
vn 1.6470450162887573 -0.26628145575523376 -2.6654388904571533 
vn 0.09481944143772125 -0.7960715889930725 -3.040642499923706 
vn 0.09509994834661484 -1.4016813039779663 -2.813267230987549 
vn 0 -1.4049036502838135 -2.813267230987549 
vn 0 -0.34281212091445923 -3.1258132457733154 
vn -0.09481944143772125 -0.7960715889930725 -3.040642499923706 
vn -1.6470450162887573 -0.26628145575523376 -2.6654388904571533 
vn -0.09509994834661484 -1.4016813039779663 -2.813267230987549 
vn 1.2410428524017334 1.2326323986053467 -2.6131699085235596 
vn 0 0 3.14455509185791 
vn 0 0 3.14455509185791 
vn 0 0 3.14455509185791 
vn 0 0 3.14455509185791 
vn 0 0 3.14455509185791 
vn 0 0 3.14455509185791 
vn 0 0 3.14455509185791 
vn 0 0 3.14455509185791 
vn -1.2410428524017334 -1.2326323986053467 -2.6131699085235596 
vn -1.475053310394287 -0.6736342906951904 -2.694190502166748 
vn -0.07128216326236725 -1.3412190675735474 -2.8432865142822266 
vn -0.11804848909378052 -0.5477468967437744 -3.094230890274048 
vn 0 -0.9991210699081421 -2.981607675552368 
vn 0 -1.3431119918823242 -2.8432865142822266 
vn 0.07128216326236725 -1.3412190675735474 -2.8432865142822266 
vn 0.11804848909378052 -0.5477468967437744 -3.094230890274048 
vn 1.475053310394287 -0.6736342906951904 -2.694190502166748 
vn 1.6489001512527466 0.2545416057109833 -2.6654388904571533 
vn 0.09481944143772125 0.7960715889930725 -3.040642499923706 
vn 0.10696569830179214 1.4008256196975708 -2.813267230987549 
vn 0.011896448209881783 1.4048532247543335 -2.813267230987549 
vn -7.105371114613304e-14 0.34281212091445923 -3.1258132457733154 
vn -0.09481944143772125 0.7960715889930725 -3.040642499923706 
vn -1.6489001512527466 0.2545416057109833 -2.6654388904571533 
vn -0.10696569830179214 1.4008256196975708 -2.813267230987549 
vn 1.2410428524017334 -1.2326323986053467 -2.6131699085235596 
vn 3.144547700881958 3.2518256208417806e-13 -0.006869891192764044 
vn 3.144547700881958 3.2518256208417806e-13 -0.006869891192764044 
vn 3.144547700881958 3.2518256208417806e-13 0.006869891192764044 
vn 3.144547700881958 3.2518256208417806e-13 0.006869891192764044 
vn 3.144547700881958 3.2518256208417806e-13 0.006869891192764044 
vn 3.144547700881958 3.2518256208417806e-13 0.006869891192764044 
vn 3.144547700881958 3.2518256208417806e-13 0.006869891192764044 
vn 3.144547700881958 3.2518256208417806e-13 0.006869891192764044 
vn 3.144547700881958 3.2518256208417806e-13 0.006869891192764044 
vn 3.144547700881958 3.2518256208417806e-13 0.006869891192764044 
vn 3.144547700881958 3.2518256208417806e-13 0.006869891192764044 
vn 3.144547700881958 3.2518256208417806e-13 0.006869891192764044 
vn 3.144547700881958 3.2518256208417806e-13 0.006869891192764044 
vn 3.144547700881958 3.2518256208417806e-13 0.006869891192764044 
vn 3.144547700881958 3.2518256208417806e-13 0.006869891192764044 
vn 3.144547700881958 3.2518256208417806e-13 0.006869891192764044 
vn 3.144547700881958 3.2518256208417806e-13 0.006869891192764044 
vn 3.144547700881958 3.2518256208417806e-13 0.006869891192764044 
vn 0.5431557893753052 -3.095576524734497 0.1030300110578537 
vn 0.47313377261161804 -3.108689069747925 0.020609542727470398 
vn 0.5197629928588867 -3.0995900630950928 0.1030300110578537 
vn 0.6122872829437256 -2.8577628135681152 1.1603978872299194 
vn -1.32206392288208 -1.6659879684448242 -2.316216230392456 
vn -1.4493917226791382 -1.7766283750534058 -2.1519951820373535 
vn -0.7979354858398438 -2.9358842372894287 -0.7950538396835327 
vn -0.2846086025238037 -3.124410390853882 -0.21280403435230255 
vn 0.5199417471885681 -3.1006557941436768 0.061825089156627655 
vn 0.5431557893753052 -3.095576524734497 0.1030300110578537 
vn 0.4966060519218445 -3.1050865650177 -0.006869891192764044 
vn 0.4730524718761444 -3.108154773712158 0.061825089156627655 
vn 0 -3.144547700881958 0.006869891192764044 
vn 0 -3.1444876194000244 -0.020609542727470398 
vn 0.4025646448135376 -3.061572790145874 0.5940888524055481 
vn 0 -3.1234991550445557 0.363291472196579 
vn 0 -2.907158136367798 1.198607325553894 
vn 0.2368316799402237 -2.7750139236450195 1.4599437713623047 
vn 0 -2.0860166549682617 2.353032350540161 
vn 0.21287097036838531 -2.1764209270477295 2.259669303894043 
vn 0.6798318028450012 -2.495159864425659 1.788919448852539 
vn 0.67281174659729 -1.8177461624145508 2.47615647315979 
vn 0.6361744999885559 -3.0690455436706543 0.25390946865081787 
vn 0.5893967747688293 -3.0200963020324707 0.6479648351669312 
vn 0.6109222769737244 -2.512920379638672 1.788919448852539 
vn 1.409926414489746 -2.1301066875457764 1.8338429927825928 
vn 0.1660650670528412 -3.1384763717651367 0.1030300110578537 
vn 0.5432283878326416 -3.0959904193878174 0.08929665386676788 
vn 0.5430728197097778 -3.0951037406921387 0.11676139384508133 
vn 0.5431557893753052 -3.095576524734497 0.1030300110578537 
vn 0.5201144218444824 -3.0978879928588867 0.14421723783016205 
vn 0.5200051069259644 -3.0972368717193604 0.15794114768505096 
vn 0.9576074481010437 -2.9894564151763916 -0.18537966907024384 
vn 0.5200887322425842 -3.093937635421753 0.21280403435230255 
vn 1.7747392654418945 -2.4144439697265625 -0.9534087181091309 
vn 2.0324630737304688 -2.0408599376678467 -1.2618287801742554 
vn 2.0324630737304688 -2.0408599376678467 -1.2618287801742554 
vn 0.496135950088501 -2.94661545753479 0.9795580506324768 
vn 0.4486110806465149 -2.6883788108825684 1.5683096647262573 
vn 0.7049354910850525 -2.8714749813079834 1.0704786777496338 
vn 0.49652430415153503 -2.9755070209503174 -0.8877211213111877 
vn 0.6352533102035522 -2.6917824745178223 -1.4963247776031494 
vn 0.4258297383785248 -2.5974464416503906 -1.7205140590667725 
vn 0.6801976561546326 -2.3587186336517334 -1.9651983976364136 
vn 0.6101876497268677 -2.2772512435913086 -2.080871343612671 
vn 0.4722432494163513 -2.435014486312866 -1.932852029800415 
vn 0.3788491189479828 -2.5894176959991455 -1.7434496879577637 
vn 0.3550802171230316 -2.420318603515625 -1.9759058952331543 
vn -0.18976996839046478 -2.430171489715576 -1.9865754842758179 
vn -0.023738466203212738 -2.7390499114990234 -1.5444320440292358 
vn 0 -2.4375696182250977 -1.9865754842758179 
vn 0 -2.7047605514526367 -1.6039007902145386 
vn 0 -2.4375696182250977 -1.9865754842758179 
vn 0 -2.690641403198242 -1.627475619316101 
vn 0 -2.4375696182250977 -1.9865754842758179 
vn 0 -2.7323782444000244 -1.5563856363296509 
vn 0 -2.4375696182250977 -1.9865754842758179 
vn 0 -2.7186732292175293 -1.580203652381897 
vn 0 -2.4375696182250977 -1.9865754842758179 
vn 0 -2.752544403076172 -1.5204365253448486 
vn -0.047487542033195496 -2.4371070861816406 -1.9865754842758179 
vn -0.07122433185577393 -2.8030943870544434 -1.423311710357666 
vn -2.266770839691162 -1.8684533834457397 -1.121989130973816 
vn -2.1628904342651367 -2.196458101272583 -0.6210505366325378 
vn -0.09493378549814224 -3.051070213317871 -0.7551065683364868 
vn -2.2228944301605225 -2.2228944301605225 -0.07556159049272537 
vn 0.5414049029350281 -2.188925266265869 -2.1917378902435303 
vn -2.8549935817718506 -0.42030763626098633 -1.2492316961288452 
vn 0 -3.0492184162139893 -0.7684370875358582 
vn 0 -3.0492184162139893 -0.7684370875358582 
vn 0 -3.106801748275757 -0.4858090579509735 
vn 0 -3.038883686065674 -0.8083395957946777 
vn 0 -2.901893138885498 -1.2112983465194702 
vn -0.023745089769363403 -3.0005812644958496 -0.9403066039085388 
vn -0.2373507171869278 -3.0650346279144287 -0.6614035367965698 
vn 0 -3.0492184162139893 -0.7684370875358582 
vn 0 -3.1439473628997803 -0.061825089156627655 
vn 0 -3.142866849899292 -0.1030300110578537 
vn 0 -3.1412463188171387 -0.14421723783016205 
vn 0 -3.1398661136627197 -0.17166204750537872 
vn 0 -3.1390862464904785 -0.18537966907024384 
vn 0 -3.1418464183807373 -0.13049055635929108 
vn 0 -3.1439473628997803 -0.061825089156627655 
vn 0 -3.144547700881958 0.006869891192764044 
vn 0 -3.144547700881958 0.006869891192764044 
vn 0 -3.144547700881958 0.006869891192764044 
vn 0 -3.144547700881958 0.006869891192764044 
vn 0 -3.144547700881958 0.006869891192764044 
vn 0 -3.144547700881958 0.006869891192764044 
vn 0 -3.144547700881958 0.006869891192764044 
vn 0.1186857596039772 -3.1417062282562256 -0.061825089156627655 
vn 0 -3.1202051639556885 0.39057284593582153 
vn 0.04744984582066536 -3.099803924560547 0.5264906883239746 
vn 0 -3.0621821880340576 0.7150295376777649 
vn 0 -3.0621821880340576 0.7150295376777649 
vn 0 -3.104649543762207 0.4993792474269867 
vn 0 -3.1342873573303223 0.25390946865081787 
vn 0 -3.144547700881958 0.006869891192764044 
vn 0 -3.144547700881958 0.006869891192764044 
vn 0 -3.144547700881958 0.006869891192764044 
vn 0 -3.144547700881958 0.006869891192764044 
vn -0.14239442348480225 -3.14042067527771 0.07556159049272537 
vn -0.04749193787574768 -3.1441290378570557 0.020609542727470398 
vn -1.8503568172454834 -2.3569936752319336 0.9534087181091309 
vn -1.8503568172454834 -2.3569936752319336 0.9534087181091309 
vn 0 -3.1444876194000244 -0.020609542727470398 
vn 1.8509323596954346 -2.361800193786621 -0.9403066039085388 
vn 1.8509323596954346 -2.361800193786621 -0.9403066039085388 
vn 0 -3.0621821880340576 0.7150295376777649 
vn -0.1661059707403183 -3.135469436645508 -0.17166204750537872 
vn 0 -3.1382460594177246 -0.199093759059906 
vn 0 -3.1390862464904785 -0.18537966907024384 
vn -0.2136337161064148 -3.12699818611145 -0.25390946865081787 
vn -0.23717893660068512 -3.1308953762054443 -0.17166204750537872 
vn -1.9695812463760376 -2.367777109146118 -0.6345137357711792 
vn 0 -3.1418464183807373 -0.13049055635929108 
vn -0.28446394205093384 -3.1303887367248535 0.08929665386676788 
vn -1.8516414165496826 -2.391185760498047 0.861325740814209 
vn -1.8516414165496826 -2.391185760498047 0.861325740814209 
vn -1.9947656393051147 -2.430629014968872 -0.03434880077838898 
vn -1.9157733917236328 -2.443084239959717 -0.4993792474269867 
vn -1.9157733917236328 -2.443084239959717 -0.4993792474269867 
vn -1.854833960533142 -2.4115779399871826 0.7950538396835327 
vn -1.854833960533142 -2.4115779399871826 0.7950538396835327 
vn 0.07106056809425354 -2.0537655353546143 2.3801732063293457 
vn 0.09446579962968826 -0.928957998752594 3.0027222633361816 
vn 0.09470879286527634 -1.7920640707015991 2.5822014808654785 
vn 0.23307441174983978 -0.7670704126358032 3.040642499923706 
vn 0.4808574914932251 -1.0490546226501465 2.925147533416748 
vn 0 -1.1667802333831787 2.920077323913574 
vn 0 -0.735083818435669 3.0574302673339844 
vn 0.09317843616008759 -0.44213175773620605 3.1119229793548584 
vn 0 -0.2744462490081787 3.1325559616088867 
vn 0.09600086510181427 0.00559141393750906 3.1430845260620117 
vn 0 0 3.14455509185791 
vn -5.67618258710649e-14 0.2744462490081787 3.1325559616088867 
vn 0.10462506115436554 0.4395637810230255 3.1119229793548584 
vn -1.5203231739941564e-13 0.735083818435669 3.0574302673339844 
vn 0.09446579962968826 0.928957998752594 3.0027222633361816 
vn -2.413171116925905e-13 1.1667802333831787 2.920077323913574 
vn 0.08289802819490433 2.0533218383789062 2.3801732063293457 
vn 0.09470879286527634 1.7920640707015991 2.5822014808654785 
vn 0.24436236917972565 0.7635494470596313 3.040642499923706 
vn 0.4915672838687897 1.0440789461135864 2.925147533416748 
vn 0.5423813462257385 0.6259413957595825 3.0335206985473633 
vn 0.8207188844680786 0.5466092824935913 2.9859447479248047 
vn 0.67281174659729 1.8177461624145508 2.47615647315979 
vn 0.9961202144622803 0.5022332072257996 2.9400227069854736 
vn 0.6683812737464905 2.4982516765594482 1.788919448852539 
vn 0.9716939330101013 0.7337891459465027 2.899240016937256 
vn 0.622440755367279 2.51009202003479 1.788919448852539 
vn 0.23503483831882477 0.2680058777332306 3.1242854595184326 
vn 0.4272196292877197 0.31914275884628296 3.0990092754364014 
vn 1.0251212120056152 -0.0058984411880373955 2.9727628231048584 
vn 0.9990514516830444 -0.011799843981862068 2.981607675552368 
vn 0.9961202144622803 -0.5022332072257996 2.9400227069854736 
vn 0.8207188844680786 -0.5466092824935913 2.9859447479248047 
vn 0.67281174659729 -1.8177461624145508 2.47615647315979 
vn 0.841485857963562 8.701936063002999e-14 3.0298726558685303 
vn 0.7217177152633667 7.479420186494445e-14 3.060612678527832 
vn 0.8319612145423889 -0.29022061824798584 3.018582582473755 
vn 0.8931530714035034 -1.8507511615753174 2.3801732063293457 
vn 1.060330867767334 -0.08848532289266586 2.9590702056884766 
vn 1.0768706798553467 -0.011829459108412266 2.954392671585083 
vn 1.0592832565307617 0.10025039315223694 2.9590702056884766 
vn 0.8319612145423889 0.29022061824798584 3.018582582473755 
vn 0.9038066864013672 1.8455719947814941 2.3801732063293457 
vn 0.9787848591804504 -0.724303662776947 2.899240016937256 
vn 0.6798318028450012 -2.495159864425659 1.788919448852539 
vn 0.6109222769737244 -2.512920379638672 1.788919448852539 
vn 0.5423813462257385 -0.6259413957595825 3.0335206985473633 
vn 0.4272196292877197 -0.31914275884628296 3.0990092754364014 
vn 0.23503483831882477 -0.2680058777332306 3.1242854595184326 
vn 0.2469935119152069 0.005791754927486181 3.1348347663879395 
vn 0.43820270895957947 -0.005883492063730955 3.11386775970459 
vn 0.7617508172988892 0.005894479341804981 3.050889730453491 
vn 2.920789957046509 1.058868646621704 0.4858090579509735 
vn 2.894359827041626 1.0527589321136475 0.6345137357711792 
vn 2.898756980895996 1.0641871690750122 0.5940888524055481 
vn 2.864394426345825 1.0355355739593506 0.78175288438797 
vn 2.839871406555176 1.0399399995803833 0.861325740814209 
vn 2.7870664596557617 1.0277290344238281 1.031630277633667 
vn 2.773552656173706 1.0108928680419922 1.0833876132965088 
vn 2.7241709232330322 0.9999386072158813 1.2112983465194702 
vn 0.5414049029350281 -2.188925266265869 -2.1917378902435303 
vn 0.4722432494163513 -2.435014486312866 -1.932852029800415 
vn 0.7973214387893677 -1.4522956609725952 -2.672703504562378 
vn 0.6101876497268677 -2.2772512435913086 -2.080871343612671 
vn 1.1804429292678833 -0.5581023693084717 -2.860647439956665 
vn 1.3687466382980347 -0.5894610285758972 -2.7689881324768066 
vn 1.330675721168518 1.376072514399848e-13 -2.849127769470215 
vn 1.8058207035064697 -0.005946723278611898 -2.5743355751037598 
vn 1.3687466382980347 0.5894610285758972 -2.7689881324768066 
vn 1.1753119230270386 0.5688283443450928 -2.860647439956665 
vn 2.4112913608551025 -0.011873599141836166 -2.0183560848236084 
vn 2.215906858444214 -0.690026044845581 -2.121756076812744 
vn 0.6801976561546326 -2.3587186336517334 -1.9651983976364136 
vn 2.676973819732666 -0.7449582815170288 -1.47209894657135 
vn 0.6352533102035522 -2.6917824745178223 -1.4963247776031494 
vn 1.121835708618164 -2.2121922969818115 -1.932852029800415 
vn 2.192272186279297 -0.842170774936676 -2.0911524295806885 
vn 2.215906858444214 0.690026044845581 -2.121756076812744 
vn 0.5653899908065796 2.4237353801727295 -1.9219958782196045 
vn 0.7973214387893677 1.4522956609725952 -2.672703504562378 
vn 0.47168686985969543 2.2724194526672363 -2.121756076812744 
vn 0.5414049029350281 2.188925266265869 -2.1917378902435303 
vn 1.121835708618164 2.2121922969818115 -1.932852029800415 
vn 2.196504592895508 0.8310694694519043 -2.0911524295806885 
vn 0.6687719225883484 2.36198353767395 -1.9651983976364136 
vn 2.680133581161499 0.7335094213485718 -1.47209894657135 
vn 0.6352533102035522 2.6917824745178223 -1.4963247776031494 
vn 1.3451085464267572e-25 -6.503666962615062e-13 -3.14455509185791 
vn 0 6.503666962615062e-13 -3.14455509185791 
vn 1.3451085464267572e-25 -6.503666962615062e-13 -3.14455509185791 
vn 1.3451085464267572e-25 -6.503666962615062e-13 -3.14455509185791 
vn 0 6.503666962615062e-13 -3.14455509185791 
vn 0 6.503666962615062e-13 -3.14455509185791 
vn 0 6.503666962615062e-13 -3.14455509185791 
vn 0 6.503666962615062e-13 -3.14455509185791 
vn 0 6.503666962615062e-13 -3.14455509185791 
vn 1.3451085464267572e-25 -6.503666962615062e-13 -3.14455509185791 
vn 0 6.503666962615062e-13 -3.14455509185791 
vn 1.121835708618164 -2.2121922969818115 -1.932852029800415 
vn 0.5414049029350281 -2.188925266265869 -2.1917378902435303 
vn 0.7973214387893677 -1.4522956609725952 -2.672703504562378 
vn 3.144547700881958 3.2518256208417806e-13 0.006869891192764044 
vn 3.144547700881958 3.2518256208417806e-13 0.006869891192764044 
vn 3.144547700881958 3.2518256208417806e-13 0.006869891192764044 
vn 3.144547700881958 3.2518256208417806e-13 0.006869891192764044 
vn 3.144547700881958 3.2518256208417806e-13 0.006869891192764044 
vn 3.144547700881958 3.2518256208417806e-13 0.006869891192764044 
vn 3.144547700881958 3.2518256208417806e-13 0.006869891192764044 
vn 3.144547700881958 3.2518256208417806e-13 0.006869891192764044 
vn 3.144547700881958 3.2518256208417806e-13 0.006869891192764044 
vn 3.144547700881958 3.2518256208417806e-13 0.006869891192764044 
vn 3.144547700881958 3.2518256208417806e-13 0.006869891192764044 
vn 3.144547700881958 3.2518256208417806e-13 -0.006869891192764044 
vn 3.144547700881958 3.2518256208417806e-13 -0.006869891192764044 
vn 3.144547700881958 3.2518256208417806e-13 -0.006869891192764044 
vn 3.144547700881958 3.2518256208417806e-13 -0.006869891192764044 
vn 3.144547700881958 3.2518256208417806e-13 -0.006869891192764044 
vn -3.144547700881958 -9.741513151695358e-13 0.006869891192764044 
vn -3.144547700881958 -9.741513151695358e-13 0.006869891192764044 
vn -3.144547700881958 -9.741513151695358e-13 0.006869891192764044 
vn -3.144547700881958 -9.741513151695358e-13 0.006869891192764044 
vn -3.144547700881958 -9.741513151695358e-13 0.006869891192764044 
vn -3.144547700881958 -9.741513151695358e-13 0.006869891192764044 
vn -3.144547700881958 -9.741513151695358e-13 0.006869891192764044 
vn -3.144547700881958 -9.741513151695358e-13 0.006869891192764044 
vn -3.144547700881958 -9.741513151695358e-13 0.006869891192764044 
vn -3.144547700881958 -9.741513151695358e-13 0.006869891192764044 
vn -3.144547700881958 -9.741513151695358e-13 0.006869891192764044 
vn -3.144547700881958 -9.741513151695358e-13 0.006869891192764044 
vn -3.144547700881958 -9.741513151695358e-13 0.006869891192764044 
vn -3.144547700881958 -9.741513151695358e-13 0.006869891192764044 
vn -3.144547700881958 -9.741513151695358e-13 0.006869891192764044 
vn -3.144547700881958 -9.741513151695358e-13 0.006869891192764044 
vn -1.7113314867019653 -1.4385632276535034 -2.2113587856292725 
vn -1.6597278118133545 -1.453894853591919 -2.2404732704162598 
vn -0.1661148965358734 -1.3453055620193481 -2.837390661239624 
vn -0.1661148965358734 -1.3453055620193481 -2.837390661239624 
vn 0.1660543978214264 -1.4320634603500366 -2.7946105003356934 
vn 0.6048274040222168 -1.5922194719314575 -2.6433403491973877 
vn -1.4976190328598022 -0.947036862373352 -2.597784996032715 
vn -0.4888952970504761 -1.3432286977767944 -2.8008830547332764 
vn -1.4129849672317505 -1.2786509990692139 -2.501350164413452 
vn -0.46884945034980774 -1.5276601314544678 -2.7082581520080566 
vn 0 -1.4416587352752686 -2.7946105003356934 
vn 0 -1.4416587352752686 -2.7946105003356934 
vn 0.1660543978214264 -1.4320634603500366 -2.7946105003356934 
vn 0.6048274040222168 -1.5922194719314575 -2.6433403491973877 
vn 2.0554535388946533 -1.925311803817749 -1.3987541198730469 
vn 2.4517037868499756 -1.4794397354125977 -1.2994745969772339 
vn 0.6048274040222168 -1.5922194719314575 -2.6433403491973877 
vn 2.0554535388946533 -1.925311803817749 -1.3987541198730469 
vn 1.8484196662902832 -1.5346816778182983 2.0288727283477783 
vn 1.5412439107894897 -1.5789470672607422 2.2404732704162598 
vn 0.28253746032714844 -1.500070333480835 2.749216079711914 
vn 0.09465190768241882 -1.4629660844802856 2.78190541267395 
vn 0 -1.4416587352752686 2.7946105003356934 
vn 0 -1.4416587352752686 2.7946105003356934 
vn 1.719399333000183 -1.652348518371582 2.0497896671295166 
vn 0.1654651015996933 -1.5893982648849487 2.7082581520080566 
vn 1.66496741771698 -1.6691572666168213 2.080871343612671 
vn 0.1654651015996933 -1.5893982648849487 2.7082581520080566 
vn 0 -1.5504125356674194 2.735772132873535 
vn 0 -1.5504125356674194 2.735772132873535 
vn -2.2259559631347656 -0.005936386529356241 -2.2211060523986816 
vn -2.2259559631347656 -0.005936386529356241 -2.2211060523986816 
vn -2.2259559631347656 -0.005936386529356241 -2.2211060523986816 
vn -2.2259559631347656 -0.005936386529356241 -2.2211060523986816 
vn -2.2259559631347656 -0.005936386529356241 -2.2211060523986816 
vn -2.2259559631347656 -0.005936386529356241 -2.2211060523986816 
vn -2.2259559631347656 -0.005936386529356241 -2.2211060523986816 
vn -2.2259559631347656 -0.005936386529356241 -2.2211060523986816 
vn -2.2259559631347656 -0.005936386529356241 -2.2211060523986816 
vn -2.2259559631347656 -0.005936386529356241 -2.2211060523986816 
vn 1.5789251327514648 -2.2216272354125977 1.5683096647262573 
vn 1.5789251327514648 -2.2216272354125977 1.5683096647262573 
vn 1.5789251327514648 -2.2216272354125977 1.5683096647262573 
vn 1.5789251327514648 -2.2216272354125977 1.5683096647262573 
vn 1.5789251327514648 -2.2216272354125977 1.5683096647262573 
vn 1.5789251327514648 -2.2216272354125977 1.5683096647262573 
vn 1.5789251327514648 -2.2216272354125977 1.5683096647262573 
vn 1.5789251327514648 -2.2216272354125977 1.5683096647262573 
vn 1.5789251327514648 -2.2216272354125977 1.5683096647262573 
vn 1.5789251327514648 -2.2216272354125977 1.5683096647262573 
vn -2.2259559631347656 -0.005936386529356241 -2.2211060523986816 
vn -2.2259559631347656 -0.005936386529356241 -2.2211060523986816 
vn -2.2259559631347656 -0.005936386529356241 -2.2211060523986816 
vn -2.2259559631347656 -0.005936386529356241 -2.2211060523986816 
vn -2.2259559631347656 -0.005936386529356241 -2.2211060523986816 
vn 1.5789251327514648 -2.2216272354125977 1.5683096647262573 
vn 1.5789251327514648 -2.2216272354125977 1.5683096647262573 
vn 1.5789251327514648 -2.2216272354125977 1.5683096647262573 
vn 1.5789251327514648 -2.2216272354125977 1.5683096647262573 
vn 1.5789251327514648 -2.2216272354125977 1.5683096647262573 
vn 1.5789251327514648 -2.2216272354125977 1.5683096647262573 
vn 1.5789251327514648 -2.2216272354125977 1.5683096647262573 
vn 1.5789251327514648 -2.2216272354125977 1.5683096647262573 
vn 1.5789251327514648 -2.2216272354125977 1.5683096647262573 
vn 1.5789251327514648 -2.2216272354125977 1.5683096647262573 
vn 1.5789251327514648 -2.2216272354125977 1.5683096647262573 
vn 1.5789251327514648 -2.2216272354125977 1.5683096647262573 
vn 1.5789251327514648 -2.2216272354125977 1.5683096647262573 
vn 1.5789251327514648 -2.2216272354125977 1.5683096647262573 
vn 1.5789251327514648 -2.2216272354125977 1.5683096647262573 
vn 1.5789251327514648 -2.2216272354125977 1.5683096647262573 
vn -0.8437661528587341 -2.9080934524536133 -0.8481031656265259 
vn -0.8437661528587341 -2.9080934524536133 -0.8481031656265259 
vn -0.8437661528587341 -2.9080934524536133 -0.8481031656265259 
vn -0.8437661528587341 -2.9080934524536133 -0.8481031656265259 
vn -0.8437661528587341 -2.9080934524536133 -0.8481031656265259 
vn 1.5789251327514648 -2.2216272354125977 1.5683096647262573 
vn 1.5789251327514648 -2.2216272354125977 1.5683096647262573 
vn 1.5789251327514648 -2.2216272354125977 1.5683096647262573 
vn 1.5789251327514648 -2.2216272354125977 1.5683096647262573 
vn 1.5789251327514648 -2.2216272354125977 1.5683096647262573 
vn 1.5789251327514648 -2.2216272354125977 1.5683096647262573 
vn 1.5789251327514648 -2.2216272354125977 1.5683096647262573 
vn 1.5789251327514648 -2.2216272354125977 1.5683096647262573 
vn 1.5789251327514648 -2.2216272354125977 1.5683096647262573 
vn 1.5789251327514648 -2.2216272354125977 1.5683096647262573 
vn 1.5789251327514648 -2.2216272354125977 1.5683096647262573 
vn 1.5789251327514648 -2.2216272354125977 1.5683096647262573 
vn 1.5789251327514648 -2.2216272354125977 1.5683096647262573 
vn -0.8437661528587341 -2.9080934524536133 -0.8481031656265259 
vn -0.8437661528587341 -2.9080934524536133 -0.8481031656265259 
vn -0.8437661528587341 -2.9080934524536133 -0.8481031656265259 
vn -0.8437661528587341 -2.9080934524536133 -0.8481031656265259 
vn -0.8437661528587341 -2.9080934524536133 -0.8481031656265259 
vn -0.8437661528587341 -2.9080934524536133 -0.8481031656265259 
vn -0.8437661528587341 -2.9080934524536133 -0.8481031656265259 
vn -0.8437661528587341 -2.9080934524536133 -0.8481031656265259 
vn -0.8437661528587341 -2.9080934524536133 -0.8481031656265259 
vn -0.8437661528587341 -2.9080934524536133 -0.8481031656265259 
vn -0.8437661528587341 -2.9080934524536133 -0.8481031656265259 
vn -0.8437661528587341 -2.9080934524536133 -0.8481031656265259 
vn -2.2259559631347656 -0.005936386529356241 -2.2211060523986816 
vn -2.2259559631347656 -0.005936386529356241 -2.2211060523986816 
vn -2.2259559631347656 -0.005936386529356241 -2.2211060523986816 
vn -2.2259559631347656 -0.005936386529356241 -2.2211060523986816 
vn -2.2259559631347656 -0.005936386529356241 -2.2211060523986816 
vn -0.8437661528587341 -2.9080934524536133 -0.8481031656265259 
vn -0.8437661528587341 -2.9080934524536133 -0.8481031656265259 
vn -0.8437661528587341 -2.9080934524536133 -0.8481031656265259 
vn -2.2259559631347656 -0.005936386529356241 -2.2211060523986816 
vn -2.2259559631347656 -0.005936386529356241 -2.2211060523986816 
vn -2.2259559631347656 -0.005936386529356241 -2.2211060523986816 
vn -2.2259559631347656 -0.005936386529356241 -2.2211060523986816 
vn -2.2259559631347656 -0.005936386529356241 -2.2211060523986816 
vn -0.8437661528587341 -2.9080934524536133 -0.8481031656265259 
vn -0.8437661528587341 -2.9080934524536133 -0.8481031656265259 
vn -0.8437661528587341 -2.9080934524536133 -0.8481031656265259 
vn -0.8437661528587341 -2.9080934524536133 -0.8481031656265259 
vn -0.8437661528587341 -2.9080934524536133 -0.8481031656265259 
vn -0.8437661528587341 -2.9080934524536133 -0.8481031656265259 
vn -0.8437661528587341 -2.9080934524536133 -0.8481031656265259 
vn -2.2259559631347656 -0.005936386529356241 -2.2211060523986816 
vn -2.2259559631347656 -0.005936386529356241 -2.2211060523986816 
vn -2.2259559631347656 -0.005936386529356241 -2.2211060523986816 
vn -2.2259559631347656 -0.005936386529356241 -2.2211060523986816 
vn -2.2259559631347656 -0.005936386529356241 -2.2211060523986816 
vn 1.5789251327514648 -2.2216272354125977 1.5683096647262573 
vn 1.5789251327514648 -2.2216272354125977 1.5683096647262573 
vn 1.5789251327514648 -2.2216272354125977 1.5683096647262573 
vn 1.5789251327514648 -2.2216272354125977 1.5683096647262573 
vn 1.5591691732406616 -2.218679666519165 1.5920673608779907 
vn 1.5789251327514648 -2.2216272354125977 1.5683096647262573 
vn -0.8437661528587341 -2.9080934524536133 -0.8481031656265259 
vn -0.8437661528587341 -2.9080934524536133 -0.8481031656265259 
vn -0.8437661528587341 -2.9080934524536133 -0.8481031656265259 
vn -0.8437661528587341 -2.9080934524536133 -0.8481031656265259 
vn -0.8437661528587341 -2.9080934524536133 -0.8481031656265259 
vn -0.8437661528587341 -2.9080934524536133 -0.8481031656265259 
vn -0.8437661528587341 -2.9080934524536133 -0.8481031656265259 
vn -0.8437661528587341 -2.9080934524536133 -0.8481031656265259 
vn -2.2259559631347656 -0.005936386529356241 -2.2211060523986816 
vn -2.2259559631347656 -0.005936386529356241 -2.2211060523986816 
vn -2.2259559631347656 -0.005936386529356241 -2.2211060523986816 
vn -2.2259559631347656 -0.005936386529356241 -2.2211060523986816 
vn -2.2259559631347656 -0.005936386529356241 -2.2211060523986816 
vn -2.2259559631347656 -0.005936386529356241 -2.2211060523986816 
vn 1.5789251327514648 -2.2216272354125977 1.5683096647262573 
vn 1.5789251327514648 -2.2216272354125977 1.5683096647262573 
vn 1.5789251327514648 -2.2216272354125977 1.5683096647262573 
vn 1.5789251327514648 -2.2216272354125977 1.5683096647262573 
vn 1.5789251327514648 -2.2216272354125977 1.5683096647262573 
vn 1.5789251327514648 -2.2216272354125977 1.5683096647262573 
vn 1.5789251327514648 -2.2216272354125977 1.5683096647262573 
vn 1.5789251327514648 -2.2216272354125977 1.5683096647262573 
vn 1.5789251327514648 -2.2216272354125977 1.5683096647262573 
vn 1.5789251327514648 -2.2216272354125977 1.5683096647262573 
vn 1.5789251327514648 -2.2216272354125977 1.5683096647262573 
vn 1.5789251327514648 -2.2216272354125977 1.5683096647262573 
vn 1.5789251327514648 -2.2216272354125977 1.5683096647262573 
vn 1.5789251327514648 -2.2216272354125977 1.5683096647262573 
vn 1.5789251327514648 -2.2216272354125977 1.5683096647262573 
vn 1.5789251327514648 -2.2216272354125977 1.5683096647262573 
vn 1.5789251327514648 -2.2216272354125977 1.5683096647262573 
vn 1.5789251327514648 -2.2216272354125977 1.5683096647262573 
vn 1.5789251327514648 -2.2216272354125977 1.5683096647262573 
vn 1.5789251327514648 -2.2216272354125977 1.5683096647262573 
vn 1.5789251327514648 -2.2216272354125977 1.5683096647262573 
vn 1.5789251327514648 -2.2216272354125977 1.5683096647262573 
vn 1.5789251327514648 -2.2216272354125977 1.5683096647262573 
vn -1.8946583271026611 -0.011857216246426105 2.509652853012085 
vn -3.1444876194000244 -9.741325584719518e-13 0.020609542727470398 
vn -2.1163811683654785 -0.295574814081192 2.306901454925537 
vn -2.9715914726257324 -0.14227399230003357 1.0186412334442139 
vn -2.2347240447998047 -0.6264079809188843 2.121756076812744 
vn -3.1443676948547363 -9.740954787576528e-13 0.03434880077838898 
vn -2.1163811683654785 0.295574814081192 2.306901454925537 
vn -2.9715914726257324 0.14227399230003357 1.0186412334442139 
vn -3.1444876194000244 -9.741325584719518e-13 0.020609542727470398 
vn -2.2314951419830322 0.6378153562545776 2.121756076812744 
vn -2.236584424972534 1.072380781173706 1.932852029800415 
vn -2.9983232021331787 0.47248604893684387 0.8216099739074707 
vn -2.529379367828369 1.1503874063491821 1.47209894657135 
vn -3.1209771633148193 0.3200676441192627 0.21280403435230255 
vn -2.9563820362091064 1.007994294166565 0.363291472196579 
vn -3.1379969120025635 0.16603969037532806 0.11676139384508133 
vn -2.2513206005096436 2.024970054626465 0.8481031656265259 
vn -3.025791883468628 0.798466145992279 0.30864760279655457 
vn -2.2226333618164062 2.214236259460449 0.21280403435230255 
vn -3.142306327819824 0.11870841681957245 0.006869891192764044 
vn -2.273331642150879 2.172589063644409 0.006869891192764044 
vn -2.9051830768585205 1.2033663988113403 0.006869891192764044 
vn -2.2235310077667236 2.2235310077667236 0.006869891192764044 
vn -3.143740653991699 0.07123588770627975 0.006869891192764044 
vn -2.2235310077667236 2.2235310077667236 0.006869891192764044 
vn -2.9402031898498535 1.1150720119476318 0.006869891192764044 
vn -2.2228944301605225 2.2228944301605225 -0.07556159049272537 
vn -2.922691822052002 1.1592185497283936 -0.04808740317821503 
vn -2.221621036529541 2.221621036529541 -0.13049055635929108 
vn -3.14418888092041 0.047492846846580505 -0.006869891192764044 
vn -3.144458055496216 0.023747101426124573 -0.006869891192764044 
vn -3.1443676948547363 -9.740954787576528e-13 -0.03434880077838898 
vn -3.1441874504089355 -9.740396423457698e-13 -0.04808740317821503 
vn -2.907151937484741 -0.005938296671956778 -1.198607325553894 
vn -3.0490736961364746 0.029675496742129326 -0.7684370875358582 
vn -2.853239059448242 0.43205925822257996 -1.2492316961288452 
vn -2.25919771194458 1.8776030540466309 -1.121989130973816 
vn -2.9978408813476562 0.9066718816757202 -0.281289279460907 
vn -2.1628904342651367 2.196458101272583 -0.6210505366325378 
vn -3.053114652633667 0.7525251507759094 -0.020609542727470398 
vn -2.2228944301605225 2.2228944301605225 -0.07556159049272537 
vn -2.8549935817718506 -0.42030763626098633 -1.2492316961288452 
vn -2.982964515686035 -0.8443681597709656 -0.5264906883239746 
vn -3.0594396591186523 -0.694817066192627 -0.21280403435230255 
vn -2.266770839691162 -1.8684533834457397 -1.121989130973816 
vn -2.1628904342651367 -2.196458101272583 -0.6210505366325378 
vn -3.14418888092041 -0.047492846846580505 -0.006869891192764044 
vn -2.2228944301605225 -2.2228944301605225 -0.07556159049272537 
vn -3.14418888092041 -0.047492846846580505 -0.006869891192764044 
vn -2.221621036529541 -2.221621036529541 -0.13049055635929108 
vn -2.922691822052002 -1.1592185497283936 -0.04808740317821503 
vn -2.2228944301605225 -2.2228944301605225 -0.07556159049272537 
vn -2.9402031898498535 -1.1150720119476318 0.006869891192764044 
vn -2.2235310077667236 -2.2235310077667236 0.006869891192764044 
vn -2.9647092819213867 -1.0481791496276855 0.006869891192764044 
vn -2.2235310077667236 -2.2235310077667236 0.006869891192764044 
vn -2.9051830768585205 -1.2033663988113403 0.006869891192764044 
vn -2.273331642150879 -2.172589063644409 0.006869891192764044 
vn -3.143740653991699 -0.07123588770627975 0.006869891192764044 
vn -2.2226333618164062 -2.214236259460449 0.21280403435230255 
vn -3.025791883468628 -0.798466145992279 0.30864760279655457 
vn -2.2513206005096436 -2.024970054626465 0.8481031656265259 
vn -3.1379969120025635 -0.16603969037532806 0.11676139384508133 
vn -2.952531337738037 -1.0192177295684814 0.363291472196579 
vn -3.1209771633148193 -0.3200676441192627 0.21280403435230255 
vn -2.529379367828369 -1.1503874063491821 1.47209894657135 
vn -2.9983232021331787 -0.47248604893684387 0.8216099739074707 
vn -2.231431007385254 -1.0830632448196411 1.932852029800415 
vn -1.2102596759796143 -2.337376832962036 1.7205140590667725 
vn -0.11854150891304016 -2.930251359939575 1.1348137855529785 
vn -0.04745307192206383 -2.529754400253296 1.867168664932251 
vn 0 -2.676316499710083 1.650926113128662 
vn 0 -2.5301992893218994 1.867168664932251 
vn 0 -2.8163299560546875 1.3987541198730469 
vn -2.2513206005096436 -2.024970054626465 0.8481031656265259 
vn -0.11870589852333069 -3.1308984756469727 0.2676019072532654 
vn -2.2226333618164062 -2.214236259460449 0.21280403435230255 
vn -0.1424352079629898 -3.14132022857666 0.006869891192764044 
vn -2.273331642150879 -2.172589063644409 0.006869891192764044 
vn -0.11870841681957245 -3.142306327819824 0.006869891192764044 
vn -2.2235310077667236 -2.2235310077667236 0.006869891192764044 
vn -0.09497486054897308 -3.143113136291504 0.006869891192764044 
vn -2.2235310077667236 -2.2235310077667236 0.006869891192764044 
vn -0.07117469608783722 -3.141040325164795 -0.13049055635929108 
vn -2.2228944301605225 -2.2228944301605225 -0.07556159049272537 
vn -0.07121541351079941 -3.1390583515167236 -0.17166204750537872 
vn -2.221621036529541 -2.221621036529541 -0.13049055635929108 
vn -0.07119780778884888 -3.1420602798461914 -0.1030300110578537 
vn 0 -3.142866849899292 -0.1030300110578537 
vn 0 -3.1423866748809814 -0.11676139384508133 
vn 0 -3.1418464183807373 -0.13049055635929108 
vn 0 -3.1390862464904785 -0.18537966907024384 
vn 0 -3.1390862464904785 -0.18537966907024384 
vn 0 -3.1390862464904785 -0.18537966907024384 
vn 0 -3.142866849899292 -0.1030300110578537 
vn 0 -3.144547700881958 0.006869891192764044 
vn 0 -3.144547700881958 0.006869891192764044 
vn 0 -3.144547700881958 0.006869891192764044 
vn 0 -3.104649543762207 0.4993792474269867 
vn 0 -3.143286943435669 -0.08929665386676788 
vn 0 -3.144547700881958 0.006869891192764044 
vn 0 -3.1436471939086914 -0.07556159049272537 
vn 0 -3.144547700881958 0.006869891192764044 
vn 0 -3.144547700881958 0.006869891192764044 
vn 0 -3.144547700881958 0.006869891192764044 
vn 0 -3.144547700881958 0.006869891192764044 
vn 0 -3.144547700881958 0.006869891192764044 
vn 0 -3.144547700881958 0.006869891192764044 
vn 0 -3.135366916656494 0.24021214246749878 
vn 0 -3.104649543762207 0.4993792474269867 
vn 0 -2.79775333404541 1.4355498552322388 
vn 0 -2.874739408493042 1.2744017839431763 
vn 0 -2.5301992893218994 1.867168664932251 
vn 0 -2.661787509918213 1.6742504835128784 
vn 0 -3.1001667976379395 0.5264906883239746 
vn 0 -3.135366916656494 0.24021214246749878 
vn 0 -3.144547700881958 0.006869891192764044 
vn 0 -3.144547700881958 0.006869891192764044 
vn 0 -3.144547700881958 0.006869891192764044 
vn 0 -3.144547700881958 0.006869891192764044 
vn 0 -3.144547700881958 0.006869891192764044 
vn 0 -2.5301992893218994 1.867168664932251 
vn 0 -2.907158136367798 1.198607325553894 
vn 0 -3.1436471939086914 0.07556159049272537 
vn 0 -3.1436471939086914 0.07556159049272537 
vn 0 -3.144547700881958 0.006869891192764044 
vn 0 -3.144547700881958 0.006869891192764044 
vn 0 -3.144547700881958 0.006869891192764044 
vn 0 -3.144547700881958 0.006869891192764044 
vn 0 -3.144547700881958 0.006869891192764044 
vn 0 -3.144547700881958 0.006869891192764044 
vn 0 -3.1439473628997803 -0.061825089156627655 
vn 0 -3.1418464183807373 -0.13049055635929108 
vn 0 -3.1390862464904785 -0.18537966907024384 
vn 0 -3.1398661136627197 -0.17166204750537872 
vn 0 -3.127992868423462 0.32231807708740234 
vn 0 -3.127992868423462 0.32231807708740234 
vn 0 -2.5301992893218994 1.867168664932251 
vn 0 -2.5301992893218994 1.867168664932251 
vn 0 -2.5301992893218994 1.867168664932251 
vn 0.5431557893753052 3.095576524734497 0.1030300110578537 
vn 0.47313377261161804 3.108689069747925 0.020609542727470398 
vn 0.5197629928588867 3.0995900630950928 0.1030300110578537 
vn 0.6122872829437256 2.8577628135681152 1.1603978872299194 
vn -1.32206392288208 1.6659879684448242 -2.316216230392456 
vn -1.4493917226791382 1.7766283750534058 -2.1519951820373535 
vn -0.7864718437194824 2.9389758110046387 -0.7950538396835327 
vn -0.2846086025238037 3.124410390853882 -0.21280403435230255 
vn 0.5199417471885681 3.1006557941436768 0.061825089156627655 
vn 0.5431557893753052 3.095576524734497 0.1030300110578537 
vn 0.4966060519218445 3.1050865650177 -0.006869891192764044 
vn 0.4730524718761444 3.108154773712158 0.061825089156627655 
vn -6.503651241683561e-13 3.144547700881958 0.006869891192764044 
vn -6.503527100534812e-13 3.1444876194000244 -0.020609542727470398 
vn 0.4143342673778534 3.060002088546753 0.5940888524055481 
vn 0.011865463107824326 3.12347674369812 0.363291472196579 
vn -6.01267462468219e-13 2.907158136367798 1.198607325553894 
vn 0.2368316799402237 2.7750139236450195 1.4599437713623047 
vn 0.011850596405565739 2.0859832763671875 2.353032350540161 
vn 0.21287097036838531 2.1764209270477295 2.259669303894043 
vn 0.6683812737464905 2.4982516765594482 1.788919448852539 
vn 0.67281174659729 1.8177461624145508 2.47615647315979 
vn 0.6361744999885559 3.0690455436706543 0.25390946865081787 
vn 0.5777508020401001 3.022345542907715 0.6479648351669312 
vn 0.622440755367279 2.51009202003479 1.788919448852539 
vn 1.4197958707809448 2.1235411167144775 1.8338429927825928 
vn 0.1660650670528412 3.1384763717651367 0.1030300110578537 
vn 0.5432283878326416 3.0959904193878174 0.08929665386676788 
vn 0.5430728197097778 3.0951037406921387 0.11676139384508133 
vn 0.5431557893753052 3.095576524734497 0.1030300110578537 
vn 0.5318222045898438 3.0958995819091797 0.14421723783016205 
vn 0.5317104458808899 3.0952489376068115 0.15794114768505096 
vn 0.9689022898674011 2.9858148097991943 -0.18537966907024384 
vn 0.5200887322425842 3.093937635421753 0.21280403435230255 
vn 1.7651602029800415 2.4214558601379395 -0.9534087181091309 
vn 2.0324630737304688 2.0408599376678467 -1.2618287801742554 
vn 2.0324630737304688 2.0408599376678467 -1.2618287801742554 
vn 0.4844290614128113 2.9485626220703125 0.9795580506324768 
vn 0.4486110806465149 2.6883788108825684 1.5683096647262573 
vn 0.693408727645874 2.8742802143096924 1.0704786777496338 
vn 0.49652430415153503 2.9755070209503174 -0.8877211213111877 
vn 0.6352533102035522 2.6917824745178223 -1.4963247776031494 
vn 0.42575037479400635 2.5665769577026367 -1.766252040863037 
vn 0.6687719225883484 2.36198353767395 -1.9651983976364136 
vn 0.5653899908065796 2.4237353801727295 -1.9219958782196045 
vn 0.4023110568523407 2.6312084197998047 -1.6742504835128784 
vn 0.47168686985969543 2.2724194526672363 -2.121756076812744 
vn 0.36682817339897156 2.4185659885406494 -1.9759058952331543 
vn 0.5414049029350281 2.188925266265869 -2.1917378902435303 
vn -0.17793115973472595 2.4310667514801025 -1.9865754842758179 
vn -0.011869344860315323 2.7391269207000732 -1.5444320440292358 
vn 0.011872589588165283 2.4375405311584473 -1.9865754842758179 
vn -5.471051671597504e-13 2.639613151550293 -1.7089967727661133 
vn 0.011872589588165283 2.4375405311584473 -1.9865754842758179 
vn 0.011869344860315323 2.7391269207000732 -1.5444320440292358 
vn 0.011872589588165283 2.4375405311584473 -1.9865754842758179 
vn -6.014672809286081e-13 2.901893138885498 -1.2112983465194702 
vn -0.023745089769363403 3.0005812644958496 -0.9403066039085388 
vn -0.22550508379936218 3.0659289360046387 -0.6614035367965698 
vn 0.011875729076564312 2.9749715328216553 -1.0186412334442139 
vn -0.0118793286383152 3.074187994003296 -0.6614035367965698 
vn -6.502409830196065e-13 3.1439473628997803 -0.061825089156627655 
vn -6.499182160328576e-13 3.1423866748809814 -0.11676139384508133 
vn -6.499182160328576e-13 3.1423866748809814 -0.11676139384508133 
vn 0.011870224960148335 3.139843702316284 -0.17166204750537872 
vn 0.011867276392877102 3.139063596725464 -0.18537966907024384 
vn -6.498064347888743e-13 3.1418464183807373 -0.13049055635929108 
vn -6.502409830196065e-13 3.1439473628997803 -0.061825089156627655 
vn -6.503651241683561e-13 3.144547700881958 0.006869891192764044 
vn -6.503651241683561e-13 3.144547700881958 0.006869891192764044 
vn -6.503651241683561e-13 3.144547700881958 0.006869891192764044 
vn -6.503651241683561e-13 3.144547700881958 0.006869891192764044 
vn -6.503651241683561e-13 3.144547700881958 0.006869891192764044 
vn -6.503651241683561e-13 3.144547700881958 0.006869891192764044 
vn -6.503651241683561e-13 3.144547700881958 0.006869891192764044 
vn 0.23708456754684448 3.133430242538452 -0.11676139384508133 
vn 0.03561345487833023 3.1248536109924316 0.34964025020599365 
vn 1.8509323596954346 2.361800193786621 -0.9403066039085388 
vn 1.8509323596954346 2.361800193786621 -0.9403066039085388 
vn -6.503527100534812e-13 3.1444876194000244 -0.020609542727470398 
vn 0.011867384426295757 3.108872175216675 0.47222965955734253 
vn 0.011862028390169144 3.062159299850464 0.7150295376777649 
vn 0.011873763054609299 3.0954248905181885 0.5535619258880615 
vn 0.011862028390169144 3.062159299850464 0.7150295376777649 
vn -6.482430694662589e-13 3.1342873573303223 0.25390946865081787 
vn -6.503651241683561e-13 3.144547700881958 0.006869891192764044 
vn -6.503651241683561e-13 3.144547700881958 0.006869891192764044 
vn -6.503651241683561e-13 3.144547700881958 0.006869891192764044 
vn -6.503651241683561e-13 3.144547700881958 0.006869891192764044 
vn -0.14239442348480225 3.14042067527771 0.07556159049272537 
vn -0.04749193787574768 3.1441290378570557 0.020609542727470398 
vn -1.841004729270935 2.3643057346343994 0.9534087181091309 
vn -1.841004729270935 2.3643057346343994 0.9534087181091309 
vn 0.011862028390169144 3.062159299850464 0.7150295376777649 
vn -0.15425118803977966 3.136075019836426 -0.17166204750537872 
vn -1.9604395627975464 2.375351905822754 -0.6345137357711792 
vn -0.2254822999238968 3.126166343688965 -0.25390946865081787 
vn -0.2490135282278061 3.129976272583008 -0.17166204750537872 
vn 0.011867276392877102 3.139063596725464 -0.18537966907024384 
vn -6.498064347888743e-13 3.1418464183807373 -0.13049055635929108 
vn -0.28446394205093384 3.1303887367248535 0.08929665386676788 
vn -1.8610056638717651 2.3839051723480225 0.861325740814209 
vn -1.8610056638717651 2.3839051723480225 0.861325740814209 
vn 0.011864100582897663 3.138223886489868 -0.199093759059906 
vn -1.9947656393051147 2.430629014968872 -0.03434880077838898 
vn -1.8642311096191406 2.4043209552764893 0.7950538396835327 
vn -1.8642311096191406 2.4043209552764893 0.7950538396835327 
vn -1.9157733917236328 2.443084239959717 -0.4993792474269867 
vn -1.9157733917236328 2.443084239959717 -0.4993792474269867 
vn 2.920789957046509 -1.058868646621704 0.4858090579509735 
vn 2.902827501296997 -1.0530327558517456 0.5940888524055481 
vn 2.890280246734619 -1.0639079809188843 0.6345137357711792 
vn 2.864394426345825 -1.0355355739593506 0.78175288438797 
vn 2.843928337097168 -1.0287938117980957 0.861325740814209 
vn 2.791146755218506 -1.0165953636169434 1.031630277633667 
vn 2.773552656173706 -1.0108928680419922 1.0833876132965088 
vn 2.7241709232330322 -0.9999386072158813 1.2112983465194702 
vn 1.121835708618164 2.2121922969818115 -1.932852029800415 
vn 0.5414049029350281 2.188925266265869 -2.1917378902435303 
vn 0.7973214387893677 1.4522956609725952 -2.672703504562378 
vn 3.144547700881958 3.2518256208417806e-13 0.006869891192764044 
vn 3.144547700881958 3.2518256208417806e-13 0.006869891192764044 
vn 3.144547700881958 3.2518256208417806e-13 0.006869891192764044 
vn 3.144547700881958 3.2518256208417806e-13 0.006869891192764044 
vn 3.144547700881958 3.2518256208417806e-13 0.006869891192764044 
vn 3.144547700881958 3.2518256208417806e-13 0.006869891192764044 
vn 3.144547700881958 3.2518256208417806e-13 0.006869891192764044 
vn 3.144547700881958 3.2518256208417806e-13 0.006869891192764044 
vn 3.144547700881958 3.2518256208417806e-13 0.006869891192764044 
vn 3.144547700881958 3.2518256208417806e-13 0.006869891192764044 
vn 3.144547700881958 3.2518256208417806e-13 0.006869891192764044 
vn 3.144547700881958 3.2518256208417806e-13 -0.006869891192764044 
vn 3.144547700881958 3.2518256208417806e-13 -0.006869891192764044 
vn 3.144547700881958 3.2518256208417806e-13 -0.006869891192764044 
vn 3.144547700881958 3.2518256208417806e-13 -0.006869891192764044 
vn 3.144547700881958 3.2518256208417806e-13 -0.006869891192764044 
vn -3.144547700881958 -9.741513151695358e-13 0.006869891192764044 
vn -3.144547700881958 -9.741513151695358e-13 0.006869891192764044 
vn -3.144547700881958 -9.741513151695358e-13 0.006869891192764044 
vn -3.144547700881958 -9.741513151695358e-13 0.006869891192764044 
vn -3.144547700881958 -9.741513151695358e-13 0.006869891192764044 
vn -3.144547700881958 -9.741513151695358e-13 0.006869891192764044 
vn -3.144547700881958 -9.741513151695358e-13 0.006869891192764044 
vn -3.144547700881958 -9.741513151695358e-13 0.006869891192764044 
vn -3.144547700881958 -9.741513151695358e-13 0.006869891192764044 
vn -3.144547700881958 -9.741513151695358e-13 0.006869891192764044 
vn -3.144547700881958 -9.741513151695358e-13 0.006869891192764044 
vn -3.144547700881958 -9.741513151695358e-13 0.006869891192764044 
vn -3.144547700881958 -9.741513151695358e-13 0.006869891192764044 
vn -3.144547700881958 -9.741513151695358e-13 0.006869891192764044 
vn -3.144547700881958 -9.741513151695358e-13 0.006869891192764044 
vn -3.144547700881958 -9.741513151695358e-13 0.006869891192764044 
vn -1.703660249710083 1.4476398229599 -2.2113587856292725 
vn -1.6675381660461426 1.444930076599121 -2.2404732704162598 
vn -0.1661148965358734 1.3453055620193481 -2.837390661239624 
vn -0.1661148965358734 1.3453055620193481 -2.837390661239624 
vn 0.15424059331417084 1.4333839416503906 -2.7946105003356934 
vn 0.6048274040222168 1.5922194719314575 -2.6433403491973877 
vn -1.4976190328598022 0.947036862373352 -2.597784996032715 
vn -0.4888952970504761 1.3432286977767944 -2.8008830547332764 
vn -1.4129849672317505 1.2786509990692139 -2.501350164413452 
vn -0.46884945034980774 1.5276601314544678 -2.7082581520080566 
vn 0.011887277476489544 1.4416096210479736 -2.7946105003356934 
vn 0.011887277476489544 1.4416096210479736 -2.7946105003356934 
vn 0.15424059331417084 1.4333839416503906 -2.7946105003356934 
vn 0.6048274040222168 1.5922194719314575 -2.6433403491973877 
vn 2.047316312789917 1.9339622259140015 -1.3987541198730469 
vn 2.4517037868499756 1.4794397354125977 -1.2994745969772339 
vn 0.6048274040222168 1.5922194719314575 -2.6433403491973877 
vn 2.047316312789917 1.9339622259140015 -1.3987541198730469 
vn 1.8408284187316895 1.5437791347503662 2.0288727283477783 
vn 1.5497009754180908 1.5706475973129272 2.2404732704162598 
vn 0.2941649258136749 1.4978336095809937 2.749216079711914 
vn 0.08283393085002899 1.463682770729065 2.78190541267395 
vn 0.011825204826891422 1.4416100978851318 2.7946105003356934 
vn 0.011825204826891422 1.4416100978851318 2.7946105003356934 
vn 1.719399333000183 1.652348518371582 2.0497896671295166 
vn 0.1654651015996933 1.5893982648849487 2.7082581520080566 
vn 1.6733365058898926 1.6607670783996582 2.080871343612671 
vn 0.1654651015996933 1.5893982648849487 2.7082581520080566 
vn 0.011850893497467041 1.5503672361373901 2.735772132873535 
vn 0.011850893497467041 1.5503672361373901 2.735772132873535 
vn -2.2259559631347656 -0.005936386529356241 -2.2211060523986816 
vn -2.2259559631347656 -0.005936386529356241 -2.2211060523986816 
vn -2.2259559631347656 -0.005936386529356241 -2.2211060523986816 
vn -2.2259559631347656 -0.005936386529356241 -2.2211060523986816 
vn -2.2259559631347656 -0.005936386529356241 -2.2211060523986816 
vn -2.2259559631347656 -0.005936386529356241 -2.2211060523986816 
vn -2.2259559631347656 -0.005936386529356241 -2.2211060523986816 
vn -2.2259559631347656 -0.005936386529356241 -2.2211060523986816 
vn -2.2259559631347656 -0.005936386529356241 -2.2211060523986816 
vn -2.2259559631347656 -0.005936386529356241 -2.2211060523986816 
vn 1.5789251327514648 2.2216272354125977 1.5683096647262573 
vn 1.5789251327514648 2.2216272354125977 1.5683096647262573 
vn 1.5789251327514648 2.2216272354125977 1.5683096647262573 
vn 1.5789251327514648 2.2216272354125977 1.5683096647262573 
vn 1.5789251327514648 2.2216272354125977 1.5683096647262573 
vn 1.5789251327514648 2.2216272354125977 1.5683096647262573 
vn 1.5789251327514648 2.2216272354125977 1.5683096647262573 
vn 1.5789251327514648 2.2216272354125977 1.5683096647262573 
vn 1.5789251327514648 2.2216272354125977 1.5683096647262573 
vn 1.5789251327514648 2.2216272354125977 1.5683096647262573 
vn -2.2259559631347656 -0.005936386529356241 -2.2211060523986816 
vn -2.2259559631347656 -0.005936386529356241 -2.2211060523986816 
vn -2.2259559631347656 -0.005936386529356241 -2.2211060523986816 
vn -2.2259559631347656 -0.005936386529356241 -2.2211060523986816 
vn -2.2259559631347656 -0.005936386529356241 -2.2211060523986816 
vn 1.5789251327514648 2.2216272354125977 1.5683096647262573 
vn 1.5789251327514648 2.2216272354125977 1.5683096647262573 
vn 1.5789251327514648 2.2216272354125977 1.5683096647262573 
vn 1.5789251327514648 2.2216272354125977 1.5683096647262573 
vn 1.5789251327514648 2.2216272354125977 1.5683096647262573 
vn 1.5789251327514648 2.2216272354125977 1.5683096647262573 
vn 1.5789251327514648 2.2216272354125977 1.5683096647262573 
vn 1.5789251327514648 2.2216272354125977 1.5683096647262573 
vn 1.5789251327514648 2.2216272354125977 1.5683096647262573 
vn 1.5789251327514648 2.2216272354125977 1.5683096647262573 
vn 1.5789251327514648 2.2216272354125977 1.5683096647262573 
vn 1.5789251327514648 2.2216272354125977 1.5683096647262573 
vn 1.5789251327514648 2.2216272354125977 1.5683096647262573 
vn 1.5789251327514648 2.2216272354125977 1.5683096647262573 
vn 1.5789251327514648 2.2216272354125977 1.5683096647262573 
vn 1.5789251327514648 2.2216272354125977 1.5683096647262573 
vn -0.8551654815673828 2.904761552810669 -0.8481031656265259 
vn -0.8551654815673828 2.904761552810669 -0.8481031656265259 
vn -0.8551654815673828 2.904761552810669 -0.8481031656265259 
vn -0.8551654815673828 2.904761552810669 -0.8481031656265259 
vn 0.1661323606967926 -2.99607253074646 0.9403066039085388 
vn 0.1661323606967926 -2.99607253074646 0.9403066039085388 
vn 0.1661323606967926 -2.99607253074646 0.9403066039085388 
vn 1.5789251327514648 2.2216272354125977 1.5683096647262573 
vn 1.5789251327514648 2.2216272354125977 1.5683096647262573 
vn 1.5789251327514648 2.2216272354125977 1.5683096647262573 
vn 1.5789251327514648 2.2216272354125977 1.5683096647262573 
vn 1.5789251327514648 2.2216272354125977 1.5683096647262573 
vn 1.5789251327514648 2.2216272354125977 1.5683096647262573 
vn 1.5789251327514648 2.2216272354125977 1.5683096647262573 
vn 1.5789251327514648 2.2216272354125977 1.5683096647262573 
vn 1.5789251327514648 2.2216272354125977 1.5683096647262573 
vn 1.5789251327514648 2.2216272354125977 1.5683096647262573 
vn 1.5789251327514648 2.2216272354125977 1.5683096647262573 
vn 1.5789251327514648 2.2216272354125977 1.5683096647262573 
vn 1.5789251327514648 2.2216272354125977 1.5683096647262573 
vn -0.8551654815673828 2.904761552810669 -0.8481031656265259 
vn -0.8551654815673828 2.904761552810669 -0.8481031656265259 
vn -0.8551654815673828 2.904761552810669 -0.8481031656265259 
vn -0.8551654815673828 2.904761552810669 -0.8481031656265259 
vn -0.8551654815673828 2.904761552810669 -0.8481031656265259 
vn -0.8551654815673828 2.904761552810669 -0.8481031656265259 
vn -0.8551654815673828 2.904761552810669 -0.8481031656265259 
vn -0.8551654815673828 2.904761552810669 -0.8481031656265259 
vn -0.8551654815673828 2.904761552810669 -0.8481031656265259 
vn -0.8551654815673828 2.904761552810669 -0.8481031656265259 
vn -0.8551654815673828 2.904761552810669 -0.8481031656265259 
vn -0.8551654815673828 2.904761552810669 -0.8481031656265259 
vn -2.2259559631347656 -0.005936386529356241 -2.2211060523986816 
vn -2.2259559631347656 -0.005936386529356241 -2.2211060523986816 
vn -2.2259559631347656 -0.005936386529356241 -2.2211060523986816 
vn -2.2259559631347656 -0.005936386529356241 -2.2211060523986816 
vn -2.2259559631347656 -0.005936386529356241 -2.2211060523986816 
vn -0.8551654815673828 2.904761552810669 -0.8481031656265259 
vn -0.8551654815673828 2.904761552810669 -0.8481031656265259 
vn -0.8551654815673828 2.904761552810669 -0.8481031656265259 
vn -2.2259559631347656 -0.005936386529356241 -2.2211060523986816 
vn -2.2259559631347656 -0.005936386529356241 -2.2211060523986816 
vn -2.2259559631347656 -0.005936386529356241 -2.2211060523986816 
vn -2.2259559631347656 -0.005936386529356241 -2.2211060523986816 
vn -2.2259559631347656 -0.005936386529356241 -2.2211060523986816 
vn -0.8551654815673828 2.904761552810669 -0.8481031656265259 
vn -0.8551654815673828 2.904761552810669 -0.8481031656265259 
vn -0.8551654815673828 2.904761552810669 -0.8481031656265259 
vn -0.8551654815673828 2.904761552810669 -0.8481031656265259 
vn -0.8551654815673828 2.904761552810669 -0.8481031656265259 
vn -0.8551654815673828 2.904761552810669 -0.8481031656265259 
vn -0.8551654815673828 2.904761552810669 -0.8481031656265259 
vn -2.2259559631347656 -0.005936386529356241 -2.2211060523986816 
vn -2.2259559631347656 -0.005936386529356241 -2.2211060523986816 
vn -2.2259559631347656 -0.005936386529356241 -2.2211060523986816 
vn -2.2259559631347656 -0.005936386529356241 -2.2211060523986816 
vn 1.1977790594100952 -1.227080225944519 2.6358730792999268 
vn 1.1977790594100952 -1.227080225944519 2.6358730792999268 
vn 1.1977790594100952 -1.227080225944519 2.6358730792999268 
vn 1.5789251327514648 2.2216272354125977 1.5683096647262573 
vn 1.5789251327514648 2.2216272354125977 1.5683096647262573 
vn 1.5789251327514648 2.2216272354125977 1.5683096647262573 
vn 1.5789251327514648 2.2216272354125977 1.5683096647262573 
vn 1.5789251327514648 2.2216272354125977 1.5683096647262573 
vn 1.5591691732406616 2.218679666519165 1.5920673608779907 
vn -0.8551654815673828 2.904761552810669 -0.8481031656265259 
vn -0.8551654815673828 2.904761552810669 -0.8481031656265259 
vn -0.8551654815673828 2.904761552810669 -0.8481031656265259 
vn -0.8551654815673828 2.904761552810669 -0.8481031656265259 
vn -0.8551654815673828 2.904761552810669 -0.8481031656265259 
vn -0.8551654815673828 2.904761552810669 -0.8481031656265259 
vn -0.8551654815673828 2.904761552810669 -0.8481031656265259 
vn -0.8551654815673828 2.904761552810669 -0.8481031656265259 
vn -2.2259559631347656 -0.005936386529356241 -2.2211060523986816 
vn -2.2259559631347656 -0.005936386529356241 -2.2211060523986816 
vn -2.2259559631347656 -0.005936386529356241 -2.2211060523986816 
vn -2.2259559631347656 -0.005936386529356241 -2.2211060523986816 
vn -2.2259559631347656 -0.005936386529356241 -2.2211060523986816 
vn -2.2258925437927246 0.01780899055302143 -2.2211060523986816 
vn 1.5789251327514648 2.2216272354125977 1.5683096647262573 
vn 1.5789251327514648 2.2216272354125977 1.5683096647262573 
vn 1.5789251327514648 2.2216272354125977 1.5683096647262573 
vn 1.5789251327514648 2.2216272354125977 1.5683096647262573 
vn 1.5593668222427368 2.227006673812866 1.580203652381897 
vn 1.5789251327514648 2.2216272354125977 1.5683096647262573 
vn 1.5789251327514648 2.2216272354125977 1.5683096647262573 
vn 1.5789251327514648 2.2216272354125977 1.5683096647262573 
vn 1.5789251327514648 2.2216272354125977 1.5683096647262573 
vn 1.5789251327514648 2.2216272354125977 1.5683096647262573 
vn 1.5789251327514648 2.2216272354125977 1.5683096647262573 
vn 1.5789251327514648 2.2216272354125977 1.5683096647262573 
vn 1.5596649646759033 2.2435097694396973 1.5563856363296509 
vn 1.5789251327514648 2.2216272354125977 1.5683096647262573 
vn 1.5789251327514648 2.2216272354125977 1.5683096647262573 
vn 1.5789251327514648 2.2216272354125977 1.5683096647262573 
vn 1.5789251327514648 2.2216272354125977 1.5683096647262573 
vn 1.5789251327514648 2.2216272354125977 1.5683096647262573 
vn 1.5789251327514648 2.2216272354125977 1.5683096647262573 
vn 1.5789251327514648 2.2216272354125977 1.5683096647262573 
vn 1.5789251327514648 2.2216272354125977 1.5683096647262573 
vn 1.5789251327514648 2.2216272354125977 1.5683096647262573 
vn 1.5789251327514648 2.2216272354125977 1.5683096647262573 
vn -1.1997121572494507 2.342808246612549 1.7205140590667725 
vn -0.04745307192206383 2.529754400253296 1.867168664932251 
vn -0.10669288039207458 2.930706739425659 1.1348137855529785 
vn 0.011858771555125713 2.676290273666382 1.650926113128662 
vn -6.421132614335689e-13 3.104649543762207 0.4993792474269867 
vn -0.1305699199438095 3.1304261684417725 0.2676019072532654 
vn -6.503651241683561e-13 3.144547700881958 0.006869891192764044 
vn -0.1424352079629898 3.14132022857666 0.006869891192764044 
vn -2.2226333618164062 2.214236259460449 0.21280403435230255 
vn -2.273331642150879 2.172589063644409 0.006869891192764044 
vn -0.11870841681957245 3.142306327819824 0.006869891192764044 
vn -2.2235310077667236 2.2235310077667236 0.006869891192764044 
vn -5.233036768671762e-13 2.5301992893218994 1.867168664932251 
vn -5.812314063206869e-13 2.8163299560546875 1.3987541198730469 
vn -2.2513206005096436 2.024970054626465 0.8481031656265259 
vn -6.503651241683561e-13 3.144547700881958 0.006869891192764044 
vn -6.503651241683561e-13 3.144547700881958 0.006869891192764044 
vn -0.09497486054897308 3.143113136291504 0.006869891192764044 
vn -2.2235310077667236 2.2235310077667236 0.006869891192764044 
vn -0.07117469608783722 3.141040325164795 -0.13049055635929108 
vn -2.2228944301605225 2.2228944301605225 -0.07556159049272537 
vn -0.0593477301299572 3.139305353164673 -0.17166204750537872 
vn -2.221621036529541 2.221621036529541 -0.13049055635929108 
vn -0.07119780778884888 3.1420602798461914 -0.1030300110578537 
vn -2.2228944301605225 2.2228944301605225 -0.07556159049272537 
vn -0.09493378549814224 3.051070213317871 -0.7551065683364868 
vn -2.1628904342651367 2.196458101272583 -0.6210505366325378 
vn -0.07122433185577393 2.8030943870544434 -1.423311710357666 
vn -2.25919771194458 1.8776030540466309 -1.121989130973816 
vn -0.05935731157660484 2.4368467330932617 -1.9865754842758179 
vn -2.853239059448242 0.43205925822257996 -1.2492316961288452 
vn -5.680674030131283e-13 2.752544403076172 -1.5204365253448486 
vn 0.011872589588165283 2.4375405311584473 -1.9865754842758179 
vn 0.011870356276631355 3.0491950511932373 -0.7684370875358582 
vn -6.500174747417486e-13 3.142866849899292 -0.1030300110578537 
vn 0.011870356276631355 3.0491950511932373 -0.7684370875358582 
vn 0.011878910474479198 2.7186472415924072 -1.580203652381897 
vn 0.011872589588165283 2.4375405311584473 -1.9865754842758179 
vn 0.011872741393744946 2.7323524951934814 -1.5563856363296509 
vn -6.425583806354829e-13 3.106801748275757 -0.4858090579509735 
vn -6.499182160328576e-13 3.1423866748809814 -0.11676139384508133 
vn 0.011867276392877102 3.139063596725464 -0.18537966907024384 
vn -6.500174747417486e-13 3.142866849899292 -0.1030300110578537 
vn -6.503651241683561e-13 3.144547700881958 0.006869891192764044 
vn -6.501043735458734e-13 3.143286943435669 -0.08929665386676788 
vn -6.503651241683561e-13 3.144547700881958 0.006869891192764044 
vn -6.503651241683561e-13 3.144547700881958 0.006869891192764044 
vn -6.503651241683561e-13 3.144547700881958 0.006869891192764044 
vn -6.503651241683561e-13 3.144547700881958 0.006869891192764044 
vn -6.503651241683561e-13 3.144547700881958 0.006869891192764044 
vn -6.484663066935736e-13 3.135366916656494 0.24021214246749878 
vn 0.011862896382808685 3.100144147872925 0.5264906883239746 
vn 0.01186131127178669 2.6617610454559326 1.6742504835128784 
vn -5.233036768671762e-13 2.5301992893218994 1.867168664932251 
vn 0.01186150498688221 2.7977280616760254 1.4355498552322388 
vn 0.011867589317262173 2.8747150897979736 1.2744017839431763 
vn -5.233036768671762e-13 2.5301992893218994 1.867168664932251 
vn -6.01267462468219e-13 2.907158136367798 1.198607325553894 
vn -5.233036768671762e-13 2.5301992893218994 1.867168664932251 
vn -5.233036768671762e-13 2.5301992893218994 1.867168664932251 
vn -5.233036768671762e-13 2.5301992893218994 1.867168664932251 
vn -6.501788582351231e-13 3.1436471939086914 0.07556159049272537 
vn -6.501788582351231e-13 3.1436471939086914 0.07556159049272537 
vn -6.503651241683561e-13 3.144547700881958 0.006869891192764044 
vn -6.503651241683561e-13 3.144547700881958 0.006869891192764044 
vn -6.503651241683561e-13 3.144547700881958 0.006869891192764044 
vn -6.503651241683561e-13 3.144547700881958 0.006869891192764044 
vn -6.503651241683561e-13 3.144547700881958 0.006869891192764044 
vn -6.503651241683561e-13 3.144547700881958 0.006869891192764044 
vn -6.502409830196065e-13 3.1439473628997803 -0.061825089156627655 
vn -6.498064347888743e-13 3.1418464183807373 -0.13049055635929108 
vn 0.011867276392877102 3.139063596725464 -0.18537966907024384 
vn 0.011870224960148335 3.139843702316284 -0.17166204750537872 
vn -6.469411594975383e-13 3.127992868423462 0.32231807708740234 
vn -6.469411594975383e-13 3.127992868423462 0.32231807708740234 
vn -6.498064347888743e-13 3.1418464183807373 -0.13049055635929108 
vn 0.011867276392877102 3.139063596725464 -0.18537966907024384 
vn 0.011867276392877102 3.139063596725464 -0.18537966907024384 
vn -6.501788582351231e-13 3.1436471939086914 -0.07556159049272537 
vn -6.503651241683561e-13 3.144547700881958 0.006869891192764044 
vn -6.503651241683561e-13 3.144547700881958 0.006869891192764044 
vn -6.503651241683561e-13 3.144547700881958 0.006869891192764044 
vn -6.503651241683561e-13 3.144547700881958 0.006869891192764044 
vn -6.503651241683561e-13 3.144547700881958 0.006869891192764044 
vn -6.503651241683561e-13 3.144547700881958 0.006869891192764044 
vn -6.484663066935736e-13 3.135366916656494 0.24021214246749878 
vn -6.421132614335689e-13 3.104649543762207 0.4993792474269867 
vn 1.6246607303619385 -2.6597232818603516 0.4178243577480316 
vn 1.6454887390136719 -2.660207748413086 0.32231807708740234 
vn 1.8042356967926025 -2.560046434402466 0.281289279460907 
vn 1.8236676454544067 -2.550443410873413 0.24021214246749878 
vn 2.4590694904327393 -1.9523667097091675 0.17166204750537872 
vn 2.7486491203308105 -1.5229979753494263 0.11676139384508133 
vn -1.503230333328247 -2.761970043182373 0.006869891192764044 
vn -0.07123588770627975 -3.143740653991699 0.006869891192764044 
vn -1.503230333328247 -2.761970043182373 0.006869891192764044 
vn -0.07123588770627975 -3.143740653991699 0.006869891192764044 
vn 0 -3.144547700881958 0.006869891192764044 
vn 0 -3.144547700881958 0.006869891192764044 
vn 0.26087045669555664 -3.133105754852295 -0.061825089156627655 
vn 0.14235322177410126 -2.8712127208709717 1.2744017839431763 
vn 0.5896555781364441 -3.0860178470611572 0.13049055635929108 
vn 0 -0.23336176574230194 3.1358840465545654 
vn 0 -0.24706140160560608 3.1348347663879395 
vn 0.8438253998756409 -2.996351480484009 -0.44504401087760925 
vn -6.503651241683561e-13 3.144547700881958 0.006869891192764044 
vn -6.503651241683561e-13 3.144547700881958 0.006869891192764044 
vn -6.503651241683561e-13 3.144547700881958 0.006869891192764044 
vn -6.503651241683561e-13 3.144547700881958 0.006869891192764044 
vn -6.503651241683561e-13 3.144547700881958 0.006869891192764044 
vn -6.503651241683561e-13 3.144547700881958 0.006869891192764044 
vn -1.397892951965332 2.816749095916748 0.006869891192764044 
vn -0.047492846846580505 3.14418888092041 0.006869891192764044 
vn -1.397892951965332 2.816749095916748 0.006869891192764044 
vn -0.07123588770627975 3.143740653991699 0.006869891192764044 
vn -6.503651241683561e-13 3.144547700881958 0.006869891192764044 
vn -6.503651241683561e-13 3.144547700881958 0.006869891192764044 
vn 0.21356143057346344 3.1372873783111572 0.006869891192764044 
vn 0.2609202563762665 3.1337039470672607 0.006869891192764044 
vn 0.7063409090042114 3.06419038772583 0.006869891192764044 
vn 0.7063409090042114 3.06419038772583 0.006869891192764044 
vn 2.4590694904327393 -1.9523667097091675 0.17166204750537872 
vn 3.142866849899292 3.250087373708743e-13 0.1030300110578537 
vn 2.7486491203308105 -1.5229979753494263 0.11676139384508133 
vn 3.1436471939086914 3.2508942911756156e-13 0.07556159049272537 
vn 2.7486491203308105 1.5229979753494263 0.11676139384508133 
vn 2.4516711235046387 1.9616494178771973 0.17166204750537872 
vn 1.6347770690917969 2.653517246246338 0.4178243577480316 
vn 1.8139243125915527 2.5531904697418213 0.281289279460907 
vn 1.6454887390136719 2.660207748413086 0.32231807708740234 
vn 1.8236676454544067 2.550443410873413 0.24021214246749878 
vn 2.4516711235046387 1.9616494178771973 0.17166204750537872 
vn 2.7486491203308105 1.5229979753494263 0.11676139384508133 
vn -1.5240453481674194 2.7505393028259277 0.006869891192764044 
vn -0.07123588770627975 3.143740653991699 0.006869891192764044 
vn -1.5240453481674194 2.7505393028259277 0.006869891192764044 
vn -0.07123588770627975 3.143740653991699 0.006869891192764044 
vn -6.503651241683561e-13 3.144547700881958 0.006869891192764044 
vn -6.503651241683561e-13 3.144547700881958 0.006869891192764044 
vn 0.26087045669555664 3.133105754852295 -0.061825089156627655 
vn 0.15420503914356232 2.870600700378418 1.2744017839431763 
vn 0.5896555781364441 3.0860178470611572 0.13049055635929108 
vn 0.011632123030722141 0.23307166993618011 3.1358840465545654 
vn -0.011580326594412327 0.2467898428440094 3.1348347663879395 
vn 0.8438253998756409 2.996351480484009 -0.44504401087760925 
vn 0 -3.144547700881958 0.006869891192764044 
vn 0 -3.144547700881958 0.006869891192764044 
vn 0 -3.144547700881958 0.006869891192764044 
vn 0 -3.144547700881958 0.006869891192764044 
vn 0 -3.144547700881958 0.006869891192764044 
vn 0 -3.144547700881958 0.006869891192764044 
vn -1.397892951965332 -2.816749095916748 0.006869891192764044 
vn -0.047492846846580505 -3.14418888092041 0.006869891192764044 
vn -1.397892951965332 -2.816749095916748 0.006869891192764044 
vn -0.07123588770627975 -3.143740653991699 0.006869891192764044 
vn 0 -3.144547700881958 0.006869891192764044 
vn 0 -3.144547700881958 0.006869891192764044 
vn 0.21356143057346344 -3.1372873783111572 0.006869891192764044 
vn 0.2609202563762665 -3.1337039470672607 0.006869891192764044 
vn 0.7063409090042114 -3.06419038772583 0.006869891192764044 
vn 0.7063409090042114 -3.06419038772583 0.006869891192764044 
vn 0 6.503666962615062e-13 -3.14455509185791 
vn 0 6.503666962615062e-13 -3.14455509185791 
vn 0 6.503666962615062e-13 -3.14455509185791 
vn 0 6.503666962615062e-13 -3.14455509185791 
vn 0 6.503666962615062e-13 -3.14455509185791 
vn 0 6.503666962615062e-13 -3.14455509185791 
vn 0 6.503666962615062e-13 -3.14455509185791 
vn 0 6.503666962615062e-13 -3.14455509185791 
vn 0 6.503666962615062e-13 -3.14455509185791 
vn -1.04541015625 -1.9094669818878174 2.269202709197998 
vn -0.1174461841583252 -0.6849483251571655 3.066802740097046 
vn -1.8606956005096436 -0.05918541178107262 2.5342724323272705 
vn -0.15096867084503174 -0.005786759778857231 3.1409237384796143 
vn 0 -0.21965767443180084 3.136873960494995 
vn 0 0 3.14455509185791 
vn 0.15096867084503174 -0.005786759778857231 3.1409237384796143 
vn 0.011690658517181873 0.21934634447097778 3.136873960494995 
vn -0.07115010917186737 -2.0223679542541504 2.40690541267395 
vn 0 -2.0236191749572754 2.40690541267395 
vn 0.1174461841583252 -0.6849483251571655 3.066802740097046 
vn 1.8606956005096436 -0.05918541178107262 2.5342724323272705 
vn 1.8726826906204224 -0.005918738432228565 2.526113986968994 
vn 1.8606956005096436 0.05918541178107262 2.5342724323272705 
vn 0.12906019389629364 0.6828552484512329 3.066802740097046 
vn 1.0557910203933716 1.9037468433380127 2.269202709197998 
vn 0.07115010917186737 2.0223679542541504 2.40690541267395 
vn -4.1853120361784457e-13 2.0236191749572754 2.40690541267395 
vn -0.12906019389629364 0.6828552484512329 3.066802740097046 
vn -0.07115010917186737 2.0223679542541504 2.40690541267395 
vn -1.0557910203933716 1.9037468433380127 2.269202709197998 
vn -1.8606956005096436 0.05918541178107262 2.5342724323272705 
vn -1.8726826906204224 -0.005918738432228565 2.526113986968994 
vn 0.07115010917186737 -2.0223679542541504 2.40690541267395 
vn 1.04541015625 -1.9094669818878174 2.269202709197998 
vn 0 -3.144547700881958 0.006869891192764044 
vn 0 -3.144547700881958 0.006869891192764044 
vn 0 -3.144547700881958 0.006869891192764044 
vn 0 -3.144547700881958 0.006869891192764044 
vn 0 -3.144547700881958 0.006869891192764044 
vn 0 -3.144547700881958 0.006869891192764044 
vn -1.397892951965332 -2.816749095916748 0.006869891192764044 
vn -1.397892951965332 -2.816749095916748 0.006869891192764044 
vn -0.07123588770627975 -3.143740653991699 0.006869891192764044 
vn -0.09497486054897308 -3.143113136291504 0.006869891192764044 
vn 0 -3.144547700881958 0.006869891192764044 
vn 0 -3.144547700881958 0.006869891192764044 
vn 0.07123588770627975 -3.143740653991699 0.006869891192764044 
vn 0.09497486054897308 -3.143113136291504 0.006869891192764044 
vn 1.397892951965332 -2.816749095916748 0.006869891192764044 
vn 1.397892951965332 -2.816749095916748 0.006869891192764044 
vn 1.503230333328247 2.761970043182373 0.006869891192764044 
vn 1.503230333328247 2.761970043182373 0.006869891192764044 
vn 0.09497486054897308 3.143113136291504 0.006869891192764044 
vn 0.11870841681957245 3.142306327819824 0.006869891192764044 
vn -6.503651241683561e-13 3.144547700881958 0.006869891192764044 
vn -6.503651241683561e-13 3.144547700881958 0.006869891192764044 
vn -0.09497486054897308 3.143113136291504 0.006869891192764044 
vn -0.11870841681957245 3.142306327819824 0.006869891192764044 
vn -1.503230333328247 2.761970043182373 0.006869891192764044 
vn -1.503230333328247 2.761970043182373 0.006869891192764044 
vn -6.503651241683561e-13 3.144547700881958 0.006869891192764044 
vn -6.503651241683561e-13 3.144547700881958 0.006869891192764044 
vn -6.503651241683561e-13 3.144547700881958 0.006869891192764044 
vn -6.503651241683561e-13 3.144547700881958 0.006869891192764044 
vn -6.503651241683561e-13 3.144547700881958 0.006869891192764044 
vn -6.503651241683561e-13 3.144547700881958 0.006869891192764044 
vn -1.397892951965332 2.816749095916748 0.006869891192764044 
vn -1.397892951965332 2.816749095916748 0.006869891192764044 
vn -0.07123588770627975 3.143740653991699 0.006869891192764044 
vn -0.09497486054897308 3.143113136291504 0.006869891192764044 
vn -6.503651241683561e-13 3.144547700881958 0.006869891192764044 
vn -6.503651241683561e-13 3.144547700881958 0.006869891192764044 
vn 0.07123588770627975 3.143740653991699 0.006869891192764044 
vn 0.09497486054897308 3.143113136291504 0.006869891192764044 
vn 1.397892951965332 2.816749095916748 0.006869891192764044 
vn 1.397892951965332 2.816749095916748 0.006869891192764044 
vn -1.503230333328247 -2.761970043182373 0.006869891192764044 
vn -0.09497486054897308 -3.143113136291504 0.006869891192764044 
vn -1.503230333328247 -2.761970043182373 0.006869891192764044 
vn -0.11870841681957245 -3.142306327819824 0.006869891192764044 
vn 0 -3.144547700881958 0.006869891192764044 
vn 0 -3.144547700881958 0.006869891192764044 
vn 0.09497486054897308 -3.143113136291504 0.006869891192764044 
vn 0.11870841681957245 -3.142306327819824 0.006869891192764044 
vn 1.503230333328247 -2.761970043182373 0.006869891192764044 
vn 1.503230333328247 -2.761970043182373 0.006869891192764044 
vn 1.409926414489746 -2.1301066875457764 1.8338429927825928 
vn 1.905222773551941 -0.9222055673599243 2.3254871368408203 
vn 0.6361744999885559 -3.0690455436706543 0.25390946865081787 
vn 2.7204747200012207 -0.37261876463890076 1.5324488878250122 
vn 2.302196741104126 -0.011856768280267715 2.141956090927124 
vn 2.822408437728882 0.0059349872171878815 1.3864352703094482 
vn 2.718839168548584 0.38437125086784363 1.5324488878250122 
vn 2.9123613834381104 0.005933505482971668 1.1858934164047241 
vn 2.9472711086273193 3.0478188874603906e-13 1.0962756872177124 
vn 2.9123613834381104 0.005933505482971668 1.1858934164047241 
vn 3.0087716579437256 -0.005929954349994659 0.9140487909317017 
vn 3.031697988510132 0.005930493585765362 0.8348645567893982 
vn 3.0712859630584717 -0.0059340354055166245 0.6748296022415161 
vn 1.9103572368621826 0.9115219712257385 2.3254871368408203 
vn 0.6361744999885559 3.0690455436706543 0.25390946865081787 
vn 1.4197958707809448 2.1235411167144775 1.8338429927825928 
vn 3.0087716579437256 -0.005929954349994659 0.9140487909317017 
vn 3.0712859630584717 -0.0059340354055166245 0.6748296022415161 
vn 3.0879201889038086 -0.005936963949352503 0.5940888524055481 
vn 2.4283695220947266 0.866326093673706 1.8002021312713623 
vn 2.6977200508117676 0.005926679354161024 1.6157037019729614 
vn 2.4666216373443604 0.38947466015815735 1.9111030101776123 
vn 2.970510244369507 0.005928936414420605 1.031630277633667 
vn 2.4666216373443604 -0.38947466015815735 1.9111030101776123 
vn 2.676973819732666 -0.7449582815170288 -1.47209894657135 
vn 2.846207618713379 -0.005937342997640371 -1.3368970155715942 
vn 2.215906858444214 -0.690026044845581 -2.121756076812744 
vn 2.4112913608551025 -0.011873599141836166 -2.0183560848236084 
vn 2.215906858444214 0.690026044845581 -2.121756076812744 
vn 2.680133581161499 0.7335094213485718 -1.47209894657135 
vn 2.432328701019287 -0.8551471829414368 1.8002021312713623 
vn 0.21287097036838531 -2.1764209270477295 2.259669303894043 
vn 0.09470879286527634 -1.7920640707015991 2.5822014808654785 
vn 0 -2.0860166549682617 2.353032350540161 
vn 0.0237124040722847 -2.07558012008667 2.362124443054199 
vn 0 -1.490278959274292 2.7689881324768066 
vn 0 -0.9599529504776001 2.994447946548462 
vn 0 -0.8811285495758057 3.018582582473755 
vn 0 -0.4518436789512634 3.1119229793548584 
vn 0 -0.3973885774612427 3.119344472885132 
vn 0 0 3.14455509185791 
vn 0 -1.8282577991485596 2.5584566593170166 
vn 0 -1.490278959274292 2.7689881324768066 
vn 0 -1.8282577991485596 2.5584566593170166 
vn 0 -1.490278959274292 2.7689881324768066 
vn 0 -1.8282577991485596 2.5584566593170166 
vn 0 -1.490278959274292 2.7689881324768066 
vn 0 -1.8282577991485596 2.5584566593170166 
vn 0 -0.8547164797782898 3.026167154312134 
vn 0 -0.3701145052909851 3.1226980686187744 
vn 0 0 3.14455509185791 
vn 0.011665922589600086 0.397217333316803 3.119344472885132 
vn 0.011730159632861614 0.4516913890838623 3.1119229793548584 
vn -1.8223774269146564e-13 0.8811285495758057 3.018582582473755 
vn 0.011826292611658573 0.9598800539970398 2.994447946548462 
vn 0.011852659285068512 1.4902318716049194 2.7689881324768066 
vn 0.0237124040722847 2.07558012008667 2.362124443054199 
vn 0.011850596405565739 2.0859832763671875 2.353032350540161 
vn 0.09470879286527634 1.7920640707015991 2.5822014808654785 
vn 0.21287097036838531 2.1764209270477295 2.259669303894043 
vn 0 -0.8811285495758057 3.018582582473755 
vn 0.011842477135360241 1.8282195329666138 2.5584566593170166 
vn 0.011852659285068512 1.4902318716049194 2.7689881324768066 
vn 0.011842477135360241 1.8282195329666138 2.5584566593170166 
vn 0.011852659285068512 1.4902318716049194 2.7689881324768066 
vn 0.011842477135360241 1.8282195329666138 2.5584566593170166 
vn 0.011852659285068512 1.4902318716049194 2.7689881324768066 
vn 0.011842477135360241 1.8282195329666138 2.5584566593170166 
vn 0.011828569695353508 0.8546346426010132 3.026167154312134 
vn 0.011742968112230301 0.36992815136909485 3.1226980686187744 
vn 0 0 3.14455509185791 
vn 0 -0.3973885774612427 3.119344472885132 
vn 0 -0.8282391428947449 3.0335206985473633 
vn -0.047403138130903244 -1.4895248413085938 2.7689881324768066 
vn -0.1183428019285202 -1.8244237899780273 2.5584566593170166 
vn -2.231431007385254 -1.0830632448196411 1.932852029800415 
vn -2.529379367828369 -1.1503874063491821 1.47209894657135 
vn -1.8223774269146564e-13 0.8811285495758057 3.018582582473755 
vn -2.2347240447998047 -0.6264079809188843 2.121756076812744 
vn -0.07063285261392593 -0.7584919929504395 3.050889730453491 
vn 0 -0.35646671056747437 3.1242854595184326 
vn 0 0 3.14455509185791 
vn 0.011665922589600086 0.397217333316803 3.119344472885132 
vn -1.712990101328249e-13 0.8282391428947449 3.0335206985473633 
vn -0.035554975271224976 1.4898548126220703 2.7689881324768066 
vn -0.10652267187833786 1.8251521587371826 2.5584566593170166 
vn -2.236584424972534 1.072380781173706 1.932852029800415 
vn -2.529379367828369 1.1503874063491821 1.47209894657135 
vn -2.1163811683654785 -0.295574814081192 2.306901454925537 
vn -2.2314951419830322 0.6378153562545776 2.121756076812744 
vn -0.0588865764439106 0.7594941854476929 3.050889730453491 
vn -2.1163811683654785 0.295574814081192 2.306901454925537 
vn -7.388385828708058e-14 0.35646671056747437 3.1242854595184326 
vn 0 0 3.14455509185791 
vn -0.06895425170660019 -0.27975839376449585 3.131326913833618 
vn -1.8946583271026611 -0.011857216246426105 2.509652853012085 
vn -0.05495637655258179 -1.7073778643076493e-14 3.1440749168395996 
vn -0.06895425170660019 0.27975839376449585 3.131326913833618 
vn -0.05357850342988968 -0.012228944338858128 -3.1440749168395996 
vn -0.05357850342988968 -0.012228944338858128 -3.1440749168395996 
vn 0 6.503666962615062e-13 -3.14455509185791 
vn 0 6.503666962615062e-13 -3.14455509185791 
vn 0 6.503666962615062e-13 -3.14455509185791 
vn -0.05357850342988968 -0.012228944338858128 -3.1440749168395996 
vn -1.2048969268798828 -0.011903831735253334 -2.9045326709747314 
vn -1.2048969268798828 -0.011903831735253334 -2.9045326709747314 
vn -1.2048969268798828 -0.011903831735253334 -2.9045326709747314 
vn -1.4493917226791382 -1.7766283750534058 -2.1519951820373535 
vn -1.32206392288208 -1.6659879684448242 -2.316216230392456 
vn -1.1694830656051636 -1.5045876502990723 -2.501350164413452 
vn -1.146478295326233 -1.452620506286621 -2.5423824787139893 
vn -1.0554484128952026 -1.3071480989456177 -2.658123254776001 
vn -0.990932822227478 -1.238503098487854 -2.715214490890503 
vn -0.9483973979949951 -1.1960688829421997 -2.749216079711914 
vn -0.9694573283195496 -1.225191593170166 -2.728971481323242 
vn -0.586440920829773 -2.012577772140503 -2.343895196914673 
vn -0.2844265103340149 -2.4296348094940186 -1.9759058952331543 
vn 0.30738940834999084 -2.5277979373931885 1.844986915588379 
vn 0.4239404499530792 -2.1047093868255615 2.2975423336029053 
vn 0.32977670431137085 -1.7982697486877441 2.5584566593170166 
vn 0.4446377456188202 -1.6441643238067627 2.6433403491973877 
vn 0.21287097036838531 -2.1764209270477295 2.259669303894043 
vn 0.67281174659729 -1.8177461624145508 2.47615647315979 
vn 0.21287097036838531 -2.1764209270477295 2.259669303894043 
vn 0.09470879286527634 -1.7920640707015991 2.5822014808654785 
vn 0.4446377456188202 -1.6441643238067627 2.6433403491973877 
vn 0.4239404499530792 -2.1047093868255615 2.2975423336029053 
vn 0.32977670431137085 -1.7982697486877441 2.5584566593170166 
vn 0.30738940834999084 -2.5277979373931885 1.844986915588379 
vn 0.67281174659729 -1.8177461624145508 2.47615647315979 
vn 0.3081451952457428 -2.9848110675811768 0.9403066039085388 
vn 0.4239404499530792 -2.1047093868255615 2.2975423336029053 
vn 0.472505658864975 -2.994656562805176 0.8348645567893982 
vn 0.5423813462257385 -0.6259413957595825 3.0335206985473633 
vn 1.0592832565307617 0.10025039315223694 2.9590702056884766 
vn 0.7617508172988892 0.005894479341804981 3.050889730453491 
vn 1.0768706798553467 -0.011829459108412266 2.954392671585083 
vn 1.060330867767334 -0.08848532289266586 2.9590702056884766 
vn 0.5423813462257385 0.6259413957595825 3.0335206985473633 
vn 0.09470879286527634 -1.7920640707015991 2.5822014808654785 
vn 0.0237124040722847 -2.07558012008667 2.362124443054199 
vn 0.07106056809425354 -2.0537655353546143 2.3801732063293457 
vn 0.02371504344046116 -2.8910999298095703 1.236610770225525 
vn -2.4594054222106934 -0.7193383574485779 1.8226641416549683 
vn -2.4637093544006348 -0.5762330293655396 1.867168664932251 
vn -2.4594054222106934 -0.7193383574485779 1.8226641416549683 
vn -2.471367835998535 -0.45984989404678345 1.8892080783843994 
vn -2.473205089569092 -0.27823686599731445 1.9219958782196045 
vn -2.466736078262329 -0.15994568169116974 1.943671464920044 
vn -2.454807996749878 -0.011864717118442059 1.9651983976364136 
vn -2.454807996749878 -0.011864717118442059 1.9651983976364136 
vn -2.465940475463867 0.17177507281303406 1.943671464920044 
vn -2.471850633621216 0.29002395272254944 1.9219958782196045 
vn -2.471367835998535 0.45984989404678345 1.8892080783843994 
vn -2.4637093544006348 0.5762330293655396 1.867168664932251 
vn -2.4560508728027344 0.7307097911834717 1.8226641416549683 
vn -2.4560508728027344 0.7307097911834717 1.8226641416549683 
vn 3.126464366912842 0.023725280538201332 0.3359823524951935 
vn 3.10016131401062 -0.005931458901613951 0.5264906883239746 
vn 3.100116014480591 0.0177942905575037 0.5264906883239746 
vn 3.0683135986328125 3.1798039678773704e-13 0.6882427930831909 
vn 3.10016131401062 -0.005931458901613951 0.5264906883239746 
vn 3.126464366912842 -0.023725280538201332 0.3359823524951935 
vn 1.9764374494552612 -2.056151866912842 1.3244481086730957 
vn 1.1924065351486206 -0.9336126446723938 2.755859375 
vn 1.6852761507034302 -1.4089550971984863 2.2500929832458496 
vn 0.8255316615104675 -0.671288788318634 2.9590702056884766 
vn 0.5181617736816406 -0.27654680609703064 3.0892162322998047 
vn 0.5175487399101257 -0.12849900126457214 3.0990092754364014 
vn 0.519683301448822 0.005873031448572874 3.1013097763061523 
vn 0.519683301448822 0.005873031448572874 3.1013097763061523 
vn 0.5175487399101257 0.12849900126457214 3.0990092754364014 
vn 0.5125246644020081 0.2868592441082001 3.0892162322998047 
vn 0.8329325914382935 0.6620833873748779 2.9590702056884766 
vn 1.1924065351486206 0.9336126446723938 2.755859375 
vn 1.6852761507034302 1.4089550971984863 2.2500929832458496 
vn 1.9849759340286255 2.04790997505188 1.3244481086730957 
vn 3.1382405757904053 0.005932060535997152 -0.199093759059906 
vn 3.1382405757904053 0.005932060535997152 -0.199093759059906 
vn 3.1382405757904053 0.005932060535997152 -0.199093759059906 
vn 3.1382405757904053 0.005932060535997152 -0.199093759059906 
vn 3.1382405757904053 0.005932060535997152 -0.199093759059906 
vn 3.1382405757904053 0.005932060535997152 -0.199093759059906 
vn 1.7850544452667236 -0.9075361490249634 2.424497127532959 
vn 1.5615931749343872 -1.0336353778839111 2.526113986968994 
vn 1.8389972448349 -1.0480585098266602 2.3254871368408203 
vn 1.409926414489746 -2.1301066875457764 1.8338429927825928 
vn 0.999995768070221 -0.5227851867675781 2.9351203441619873 
vn 1.905222773551941 -0.9222055673599243 2.3254871368408203 
vn 1.0121220350265503 -0.005910244304686785 2.9772136211395264 
vn 2.302196741104126 -0.011856768280267715 2.141956090927124 
vn 1.9103572368621826 0.9115219712257385 2.3254871368408203 
vn 0.999995768070221 0.5227851867675781 2.9351203441619873 
vn 1.4197958707809448 2.1235411167144775 1.8338429927825928 
vn 1.5550283193588257 1.0434856414794922 2.526113986968994 
vn 1.833099126815796 1.058340311050415 2.3254871368408203 
vn 1.7903923988342285 0.8969593048095703 2.424497127532959 
vn 1.3687466382980347 -0.5894610285758972 -2.7689881324768066 
vn 1.8058207035064697 -0.005946723278611898 -2.5743355751037598 
vn 2.192272186279297 -0.842170774936676 -2.0911524295806885 
vn 2.5301923751831055 -0.005940843373537064 -1.867168664932251 
vn 2.196504592895508 0.8310694694519043 -2.0911524295806885 
vn 1.3687466382980347 0.5894610285758972 -2.7689881324768066 
vn -1.7113314867019653 -1.4385632276535034 -2.2113587856292725 
vn -2.2723612785339355 -1.3576726913452148 -1.6974471807479858 
vn -1.6597278118133545 -1.453894853591919 -2.2404732704162598 
vn -2.2723612785339355 -1.3576726913452148 -1.6974471807479858 
vn -2.2746927738189697 -1.3681591749191284 -1.6858649253845215 
vn -2.2746927738189697 -1.3681591749191284 -1.6858649253845215 
vn -2.2791690826416016 -1.3890153169631958 -1.6626040935516357 
vn -2.2791690826416016 -1.3890153169631958 -1.6626040935516357 
vn -2.2728006839752197 -1.4401135444641113 -1.627475619316101 
vn -2.2728006839752197 -1.4401135444641113 -1.627475619316101 
vn -2.2728006839752197 -1.4401135444641113 -1.627475619316101 
vn -2.2728006839752197 -1.4401135444641113 -1.627475619316101 
vn -1.4129849672317505 -1.2786509990692139 -2.501350164413452 
vn -1.4976190328598022 -0.947036862373352 -2.597784996032715 
vn -0.586440920829773 -2.012577772140503 -2.343895196914673 
vn -0.2844265103340149 -2.4296348094940186 -1.9759058952331543 
vn 0 -2.739152669906616 -1.5444320440292358 
vn 0 -2.739152669906616 -1.5444320440292358 
vn 0 -2.739152669906616 -1.5444320440292358 
vn 0 -2.739152669906616 -1.5444320440292358 
vn 0 -2.739152669906616 -1.5444320440292358 
vn 0 -2.739152669906616 -1.5444320440292358 
vn 0 -2.739152669906616 -1.5444320440292358 
vn 0 -2.739152669906616 -1.5444320440292358 
vn -0.04747515171766281 -2.738741159439087 -1.5444320440292358 
vn -0.07120826840400696 -2.738226890563965 -1.5444320440292358 
vn -1.195173740386963 -2.536527395248413 -1.423311710357666 
vn -1.195173740386963 -2.536527395248413 -1.423311710357666 
vn 2.2884533405303955 -1.517500638961792 1.5324488878250122 
vn 2.2884533405303955 -1.517500638961792 1.5324488878250122 
vn 2.2884533405303955 -1.517500638961792 1.5324488878250122 
vn 2.302971124649048 -1.5075889825820923 1.5204365253448486 
vn 1.66496741771698 -1.6691572666168213 2.080871343612671 
vn 1.719399333000183 -1.652348518371582 2.0497896671295166 
vn 1.5412439107894897 -1.5789470672607422 2.2404732704162598 
vn 1.8484196662902832 -1.5346816778182983 2.0288727283477783 
vn 2.270766496658325 -1.4433189630508423 1.627475619316101 
vn 2.270766496658325 -1.4433189630508423 1.627475619316101 
vn 2.256049633026123 -1.4530783891677856 1.6392165422439575 
vn 2.256049633026123 -1.4530783891677856 1.6392165422439575 
vn 2.256049633026123 -1.4530783891677856 1.6392165422439575 
vn 2.256049633026123 -1.4530783891677856 1.6392165422439575 
vn -2.2259559631347656 -0.005936386529356241 -2.2211060523986816 
vn -2.2259559631347656 -0.005936386529356241 -2.2211060523986816 
vn -2.2259559631347656 -0.005936386529356241 -2.2211060523986816 
vn -2.2259559631347656 -0.005936386529356241 -2.2211060523986816 
vn -0.8437661528587341 -2.9080934524536133 -0.8481031656265259 
vn -0.8437661528587341 -2.9080934524536133 -0.8481031656265259 
vn -0.8437661528587341 -2.9080934524536133 -0.8481031656265259 
vn -0.8437661528587341 -2.9080934524536133 -0.8481031656265259 
vn -0.8437661528587341 -2.9080934524536133 -0.8481031656265259 
vn -0.8437661528587341 -2.9080934524536133 -0.8481031656265259 
vn -0.8437661528587341 -2.9080934524536133 -0.8481031656265259 
vn -0.8437661528587341 -2.9080934524536133 -0.8481031656265259 
vn -2.2259559631347656 -0.005936386529356241 -2.2211060523986816 
vn -2.2259559631347656 -0.005936386529356241 -2.2211060523986816 
vn -2.2259559631347656 -0.005936386529356241 -2.2211060523986816 
vn -2.2259559631347656 -0.005936386529356241 -2.2211060523986816 
vn 1.5789251327514648 -2.2216272354125977 1.5683096647262573 
vn 1.5789251327514648 -2.2216272354125977 1.5683096647262573 
vn 1.5789251327514648 -2.2216272354125977 1.5683096647262573 
vn 1.5789251327514648 -2.2216272354125977 1.5683096647262573 
vn 1.5789251327514648 -2.2216272354125977 1.5683096647262573 
vn 1.5789251327514648 -2.2216272354125977 1.5683096647262573 
vn 1.5789251327514648 -2.2216272354125977 1.5683096647262573 
vn 1.5789251327514648 -2.2216272354125977 1.5683096647262573 
vn 1.5789251327514648 -2.2216272354125977 1.5683096647262573 
vn 1.5789251327514648 -2.2216272354125977 1.5683096647262573 
vn 1.5789251327514648 -2.2216272354125977 1.5683096647262573 
vn 1.5789251327514648 -2.2216272354125977 1.5683096647262573 
vn 1.5789251327514648 -2.2216272354125977 1.5683096647262573 
vn 1.5789251327514648 -2.2216272354125977 1.5683096647262573 
vn 1.5789251327514648 -2.2216272354125977 1.5683096647262573 
vn 1.5789251327514648 -2.2216272354125977 1.5683096647262573 
vn 1.5789251327514648 -2.2216272354125977 1.5683096647262573 
vn 1.5789251327514648 -2.2216272354125977 1.5683096647262573 
vn 1.5789251327514648 -2.2216272354125977 1.5683096647262573 
vn 1.5789251327514648 -2.2216272354125977 1.5683096647262573 
vn 1.5789251327514648 -2.2216272354125977 1.5683096647262573 
vn 1.5789251327514648 -2.2216272354125977 1.5683096647262573 
vn 1.5789251327514648 -2.2216272354125977 1.5683096647262573 
vn 1.5789251327514648 -2.2216272354125977 1.5683096647262573 
vn -0.8437661528587341 -2.9080934524536133 -0.8481031656265259 
vn -0.8437661528587341 -2.9080934524536133 -0.8481031656265259 
vn -0.8437661528587341 -2.9080934524536133 -0.8481031656265259 
vn -0.8437661528587341 -2.9080934524536133 -0.8481031656265259 
vn -0.8437661528587341 -2.9080934524536133 -0.8481031656265259 
vn -0.8437661528587341 -2.9080934524536133 -0.8481031656265259 
vn -0.8437661528587341 -2.9080934524536133 -0.8481031656265259 
vn -0.8437661528587341 -2.9080934524536133 -0.8481031656265259 
vn -2.2259559631347656 -0.005936386529356241 -2.2211060523986816 
vn -2.2259559631347656 -0.005936386529356241 -2.2211060523986816 
vn -2.2259559631347656 -0.005936386529356241 -2.2211060523986816 
vn -2.2259559631347656 -0.005936386529356241 -2.2211060523986816 
vn -2.2259559631347656 -0.005936386529356241 -2.2211060523986816 
vn -2.2259559631347656 -0.005936386529356241 -2.2211060523986816 
vn -2.2259559631347656 -0.005936386529356241 -2.2211060523986816 
vn -2.2259559631347656 -0.005936386529356241 -2.2211060523986816 
vn -2.2259559631347656 -0.005936386529356241 -2.2211060523986816 
vn -2.2259559631347656 -0.005936386529356241 -2.2211060523986816 
vn -2.2259559631347656 -0.005936386529356241 -2.2211060523986816 
vn -2.2259559631347656 -0.005936386529356241 -2.2211060523986816 
vn 1.5789251327514648 -2.2216272354125977 1.5683096647262573 
vn 1.5789251327514648 -2.2216272354125977 1.5683096647262573 
vn 1.5789251327514648 -2.2216272354125977 1.5683096647262573 
vn 1.5789251327514648 -2.2216272354125977 1.5683096647262573 
vn 1.5789251327514648 -2.2216272354125977 1.5683096647262573 
vn 1.5789251327514648 -2.2216272354125977 1.5683096647262573 
vn 1.5789251327514648 -2.2216272354125977 1.5683096647262573 
vn 1.5789251327514648 -2.2216272354125977 1.5683096647262573 
vn -0.8437661528587341 -2.9080934524536133 -0.8481031656265259 
vn -0.8437661528587341 -2.9080934524536133 -0.8481031656265259 
vn -0.8437661528587341 -2.9080934524536133 -0.8481031656265259 
vn -0.8437661528587341 -2.9080934524536133 -0.8481031656265259 
vn -0.8437661528587341 -2.9080934524536133 -0.8481031656265259 
vn -0.8437661528587341 -2.9080934524536133 -0.8481031656265259 
vn -0.8437661528587341 -2.9080934524536133 -0.8481031656265259 
vn -0.8437661528587341 -2.9080934524536133 -0.8481031656265259 
vn 0.7855663299560547 2.93559193611145 0.8083395957946777 
vn 0.7855663299560547 2.93559193611145 0.8083395957946777 
vn 0.7855663299560547 2.93559193611145 0.8083395957946777 
vn -0.8437661528587341 -2.9080934524536133 -0.8481031656265259 
vn -0.8437661528587341 -2.9080934524536133 -0.8481031656265259 
vn -0.8437661528587341 -2.9080934524536133 -0.8481031656265259 
vn -0.8437661528587341 -2.9080934524536133 -0.8481031656265259 
vn -0.8437661528587341 -2.9080934524536133 -0.8481031656265259 
vn -0.8437661528587341 -2.9080934524536133 -0.8481031656265259 
vn -0.8437661528587341 -2.9080934524536133 -0.8481031656265259 
vn -0.8437661528587341 -2.9080934524536133 -0.8481031656265259 
vn -0.8437661528587341 -2.9080934524536133 -0.8481031656265259 
vn -0.8437661528587341 -2.9080934524536133 -0.8481031656265259 
vn -0.8437661528587341 -2.9080934524536133 -0.8481031656265259 
vn 1.5789251327514648 -2.2216272354125977 1.5683096647262573 
vn 1.5789251327514648 -2.2216272354125977 1.5683096647262573 
vn 1.5789251327514648 -2.2216272354125977 1.5683096647262573 
vn 1.5789251327514648 -2.2216272354125977 1.5683096647262573 
vn 1.5789251327514648 -2.2216272354125977 1.5683096647262573 
vn 1.5789251327514648 -2.2216272354125977 1.5683096647262573 
vn 1.5789251327514648 -2.2216272354125977 1.5683096647262573 
vn 1.5789251327514648 -2.2216272354125977 1.5683096647262573 
vn 1.5789251327514648 -2.2216272354125977 1.5683096647262573 
vn 1.5789251327514648 -2.2216272354125977 1.5683096647262573 
vn 1.5789251327514648 -2.2216272354125977 1.5683096647262573 
vn 1.5789251327514648 -2.2216272354125977 1.5683096647262573 
vn -0.8437661528587341 -2.9080934524536133 -0.8481031656265259 
vn -0.8437661528587341 -2.9080934524536133 -0.8481031656265259 
vn -0.8437661528587341 -2.9080934524536133 -0.8481031656265259 
vn -0.8437661528587341 -2.9080934524536133 -0.8481031656265259 
vn 1.5789251327514648 -2.2216272354125977 1.5683096647262573 
vn 1.5789251327514648 -2.2216272354125977 1.5683096647262573 
vn 1.5789251327514648 -2.2216272354125977 1.5683096647262573 
vn 1.5789251327514648 -2.2216272354125977 1.5683096647262573 
vn -0.8437661528587341 -2.9080934524536133 -0.8481031656265259 
vn -0.8437661528587341 -2.9080934524536133 -0.8481031656265259 
vn -0.8437661528587341 -2.9080934524536133 -0.8481031656265259 
vn -0.8437661528587341 -2.9080934524536133 -0.8481031656265259 
vn -2.2259559631347656 -0.005936386529356241 -2.2211060523986816 
vn -2.2259559631347656 -0.005936386529356241 -2.2211060523986816 
vn -2.2259559631347656 -0.005936386529356241 -2.2211060523986816 
vn -2.2259559631347656 -0.005936386529356241 -2.2211060523986816 
vn -2.2259559631347656 -0.005936386529356241 -2.2211060523986816 
vn -2.2259559631347656 -0.005936386529356241 -2.2211060523986816 
vn -2.2259559631347656 -0.005936386529356241 -2.2211060523986816 
vn -2.2259559631347656 -0.005936386529356241 -2.2211060523986816 
vn -0.8437661528587341 -2.9080934524536133 -0.8481031656265259 
vn -0.8437661528587341 -2.9080934524536133 -0.8481031656265259 
vn -0.8437661528587341 -2.9080934524536133 -0.8481031656265259 
vn -0.8437661528587341 -2.9080934524536133 -0.8481031656265259 
vn -0.8437661528587341 -2.9080934524536133 -0.8481031656265259 
vn -0.8437661528587341 -2.9080934524536133 -0.8481031656265259 
vn -0.8437661528587341 -2.9080934524536133 -0.8481031656265259 
vn -0.8437661528587341 -2.9080934524536133 -0.8481031656265259 
vn -2.2259559631347656 -0.005936386529356241 -2.2211060523986816 
vn -2.2259559631347656 -0.005936386529356241 -2.2211060523986816 
vn -2.2259559631347656 -0.005936386529356241 -2.2211060523986816 
vn -2.2259559631347656 -0.005936386529356241 -2.2211060523986816 
vn -2.2259559631347656 -0.005936386529356241 -2.2211060523986816 
vn -2.2259559631347656 -0.005936386529356241 -2.2211060523986816 
vn -2.2259559631347656 -0.005936386529356241 -2.2211060523986816 
vn -2.2259559631347656 -0.005936386529356241 -2.2211060523986816 
vn -2.2259559631347656 -0.005936386529356241 -2.2211060523986816 
vn -2.2259559631347656 -0.005936386529356241 -2.2211060523986816 
vn -2.2259559631347656 -0.005936386529356241 -2.2211060523986816 
vn -2.2259559631347656 -0.005936386529356241 -2.2211060523986816 
vn -0.8437661528587341 -2.9080934524536133 -0.8481031656265259 
vn -0.8437661528587341 -2.9080934524536133 -0.8481031656265259 
vn -0.8437661528587341 -2.9080934524536133 -0.8481031656265259 
vn -0.8437661528587341 -2.9080934524536133 -0.8481031656265259 
vn -0.8437661528587341 -2.9080934524536133 -0.8481031656265259 
vn -0.8437661528587341 -2.9080934524536133 -0.8481031656265259 
vn -0.8437661528587341 -2.9080934524536133 -0.8481031656265259 
vn -0.8437661528587341 -2.9080934524536133 -0.8481031656265259 
vn -0.8437661528587341 -2.9080934524536133 -0.8481031656265259 
vn -0.8437661528587341 -2.9080934524536133 -0.8481031656265259 
vn -0.8437661528587341 -2.9080934524536133 -0.8481031656265259 
vn -0.8437661528587341 -2.9080934524536133 -0.8481031656265259 
vn 1.5789251327514648 -2.2216272354125977 1.5683096647262573 
vn 1.5789251327514648 -2.2216272354125977 1.5683096647262573 
vn 1.5789251327514648 -2.2216272354125977 1.5683096647262573 
vn 1.5789251327514648 -2.2216272354125977 1.5683096647262573 
vn 1.5789251327514648 -2.2216272354125977 1.5683096647262573 
vn 1.5789251327514648 -2.2216272354125977 1.5683096647262573 
vn 1.5789251327514648 -2.2216272354125977 1.5683096647262573 
vn 1.5789251327514648 -2.2216272354125977 1.5683096647262573 
vn -2.2259559631347656 -0.005936386529356241 -2.2211060523986816 
vn -2.2259559631347656 -0.005936386529356241 -2.2211060523986816 
vn -2.2259559631347656 -0.005936386529356241 -2.2211060523986816 
vn -2.2259559631347656 -0.005936386529356241 -2.2211060523986816 
vn -0.8437661528587341 -2.9080934524536133 -0.8481031656265259 
vn -0.8437661528587341 -2.9080934524536133 -0.8481031656265259 
vn -0.8437661528587341 -2.9080934524536133 -0.8481031656265259 
vn -0.8437661528587341 -2.9080934524536133 -0.8481031656265259 
vn -0.8437661528587341 -2.9080934524536133 -0.8481031656265259 
vn -0.8437661528587341 -2.9080934524536133 -0.8481031656265259 
vn -0.8437661528587341 -2.9080934524536133 -0.8481031656265259 
vn -0.8437661528587341 -2.9080934524536133 -0.8481031656265259 
vn -2.2259559631347656 -0.005936386529356241 -2.2211060523986816 
vn -2.2259559631347656 -0.005936386529356241 -2.2211060523986816 
vn -2.2259559631347656 -0.005936386529356241 -2.2211060523986816 
vn -2.2259559631347656 -0.005936386529356241 -2.2211060523986816 
vn -2.2259559631347656 -0.005936386529356241 -2.2211060523986816 
vn -2.2259559631347656 -0.005936386529356241 -2.2211060523986816 
vn -2.2259559631347656 -0.005936386529356241 -2.2211060523986816 
vn -2.2259559631347656 -0.005936386529356241 -2.2211060523986816 
vn -2.2259559631347656 -0.005936386529356241 -2.2211060523986816 
vn -2.2259559631347656 -0.005936386529356241 -2.2211060523986816 
vn -2.2259559631347656 -0.005936386529356241 -2.2211060523986816 
vn -2.2259559631347656 -0.005936386529356241 -2.2211060523986816 
vn -2.2259559631347656 -0.005936386529356241 -2.2211060523986816 
vn -2.2259559631347656 -0.005936386529356241 -2.2211060523986816 
vn -2.2259559631347656 -0.005936386529356241 -2.2211060523986816 
vn -2.2259559631347656 -0.005936386529356241 -2.2211060523986816 
vn -2.2259559631347656 -0.005936386529356241 -2.2211060523986816 
vn -2.2259559631347656 -0.005936386529356241 -2.2211060523986816 
vn -2.2259559631347656 -0.005936386529356241 -2.2211060523986816 
vn -2.2259559631347656 -0.005936386529356241 -2.2211060523986816 
vn -2.2259559631347656 -0.005936386529356241 -2.2211060523986816 
vn -2.2259559631347656 -0.005936386529356241 -2.2211060523986816 
vn -2.2259559631347656 -0.005936386529356241 -2.2211060523986816 
vn -2.2259559631347656 -0.005936386529356241 -2.2211060523986816 
vn -2.2259559631347656 -0.005936386529356241 -2.2211060523986816 
vn -2.2259559631347656 -0.005936386529356241 -2.2211060523986816 
vn -2.2259559631347656 -0.005936386529356241 -2.2211060523986816 
vn -2.2259559631347656 -0.005936386529356241 -2.2211060523986816 
vn -2.2259559631347656 -0.005936386529356241 -2.2211060523986816 
vn -2.2259559631347656 -0.005936386529356241 -2.2211060523986816 
vn -2.2259559631347656 -0.005936386529356241 -2.2211060523986816 
vn -2.2259559631347656 -0.005936386529356241 -2.2211060523986816 
vn -2.2259559631347656 -0.005936386529356241 -2.2211060523986816 
vn -2.2259559631347656 -0.005936386529356241 -2.2211060523986816 
vn -2.2259559631347656 -0.005936386529356241 -2.2211060523986816 
vn -2.2259559631347656 -0.005936386529356241 -2.2211060523986816 
vn -2.2259559631347656 -0.005936386529356241 -2.2211060523986816 
vn -2.2259559631347656 -0.005936386529356241 -2.2211060523986816 
vn -2.2259559631347656 -0.005936386529356241 -2.2211060523986816 
vn -2.2259559631347656 -0.005936386529356241 -2.2211060523986816 
vn -0.8437661528587341 -2.9080934524536133 -0.8481031656265259 
vn -0.8437661528587341 -2.9080934524536133 -0.8481031656265259 
vn -0.8437661528587341 -2.9080934524536133 -0.8481031656265259 
vn -0.8437661528587341 -2.9080934524536133 -0.8481031656265259 
vn -0.8437661528587341 -2.9080934524536133 -0.8481031656265259 
vn -0.8437661528587341 -2.9080934524536133 -0.8481031656265259 
vn -0.8437661528587341 -2.9080934524536133 -0.8481031656265259 
vn -0.8437661528587341 -2.9080934524536133 -0.8481031656265259 
vn -0.8437661528587341 -2.9080934524536133 -0.8481031656265259 
vn -0.8437661528587341 -2.9080934524536133 -0.8481031656265259 
vn -0.8437661528587341 -2.9080934524536133 -0.8481031656265259 
vn -0.8437661528587341 -2.9080934524536133 -0.8481031656265259 
vn -0.8437661528587341 -2.9080934524536133 -0.8481031656265259 
vn -0.8437661528587341 -2.9080934524536133 -0.8481031656265259 
vn -0.8437661528587341 -2.9080934524536133 -0.8481031656265259 
vn -0.8437661528587341 -2.9080934524536133 -0.8481031656265259 
vn -0.8437661528587341 -2.9080934524536133 -0.8481031656265259 
vn -0.8437661528587341 -2.9080934524536133 -0.8481031656265259 
vn -0.8437661528587341 -2.9080934524536133 -0.8481031656265259 
vn -0.8437661528587341 -2.9080934524536133 -0.8481031656265259 
vn 1.5789251327514648 -2.2216272354125977 1.5683096647262573 
vn 1.5789251327514648 -2.2216272354125977 1.5683096647262573 
vn 1.5789251327514648 -2.2216272354125977 1.5683096647262573 
vn 1.5789251327514648 -2.2216272354125977 1.5683096647262573 
vn 1.5789251327514648 -2.2216272354125977 1.5683096647262573 
vn 1.5789251327514648 -2.2216272354125977 1.5683096647262573 
vn 1.5789251327514648 -2.2216272354125977 1.5683096647262573 
vn 1.5789251327514648 -2.2216272354125977 1.5683096647262573 
vn -2.2259559631347656 -0.005936386529356241 -2.2211060523986816 
vn -2.2259559631347656 -0.005936386529356241 -2.2211060523986816 
vn -2.2259559631347656 -0.005936386529356241 -2.2211060523986816 
vn -2.2259559631347656 -0.005936386529356241 -2.2211060523986816 
vn -2.2259559631347656 -0.005936386529356241 -2.2211060523986816 
vn -2.2259559631347656 -0.005936386529356241 -2.2211060523986816 
vn -2.2259559631347656 -0.005936386529356241 -2.2211060523986816 
vn -2.2259559631347656 -0.005936386529356241 -2.2211060523986816 
vn -0.8437661528587341 -2.9080934524536133 -0.8481031656265259 
vn -0.8437661528587341 -2.9080934524536133 -0.8481031656265259 
vn -0.8437661528587341 -2.9080934524536133 -0.8481031656265259 
vn -0.8437661528587341 -2.9080934524536133 -0.8481031656265259 
vn -0.8437661528587341 -2.9080934524536133 -0.8481031656265259 
vn -0.8437661528587341 -2.9080934524536133 -0.8481031656265259 
vn -0.8437661528587341 -2.9080934524536133 -0.8481031656265259 
vn -0.8437661528587341 -2.9080934524536133 -0.8481031656265259 
vn 1.5789251327514648 -2.2216272354125977 1.5683096647262573 
vn 1.5789251327514648 -2.2216272354125977 1.5683096647262573 
vn 1.5789251327514648 -2.2216272354125977 1.5683096647262573 
vn 1.5789251327514648 -2.2216272354125977 1.5683096647262573 
vn 1.5789251327514648 -2.2216272354125977 1.5683096647262573 
vn 1.5789251327514648 -2.2216272354125977 1.5683096647262573 
vn 1.5789251327514648 -2.2216272354125977 1.5683096647262573 
vn 1.5789251327514648 -2.2216272354125977 1.5683096647262573 
vn -2.605830192565918 -0.886650800704956 -1.5204365253448486 
vn -2.573953628540039 -0.47262364625930786 -1.7434496879577637 
vn -2.859718084335327 -0.34355199337005615 -1.2618287801742554 
vn -3.062159299850464 -0.011876672506332397 -0.7150295376777649 
vn -3.144547700881958 -9.741513151695358e-13 0.006869891192764044 
vn -3.144547700881958 -9.741513151695358e-13 0.006869891192764044 
vn -2.9923434257507324 -9.269997963690102e-13 0.9664925932884216 
vn -2.5889744758605957 -0.3253895044326782 1.7548675537109375 
vn -0.5428012609481812 -0.9598648548126221 2.944869041442871 
vn -0.1415456235408783 -1.0675932168960571 2.954392671585083 
vn 2.223040819168091 -0.7572304010391235 2.0911524295806885 
vn 2.1807126998901367 -0.39522433280944824 2.2308108806610107 
vn 2.1807126998901367 -0.39522433280944824 2.2308108806610107 
vn 2.096278190612793 2.167793803622628e-13 2.343895196914673 
vn 2.480419397354126 -0.9856442809104919 -1.6626040935516357 
vn 2.5990517139434814 -0.46096375584602356 -1.7089967727661133 
vn 2.8761091232299805 -0.34369969367980957 -1.223966360092163 
vn 3.074205160140991 -0.005939675495028496 -0.6614035367965698 
vn 3.144547700881958 3.2518256208417806e-13 0.006869891192764044 
vn 3.144547700881958 3.2518256208417806e-13 0.006869891192764044 
vn 3.144547700881958 3.2518256208417806e-13 0.006869891192764044 
vn 3.144547700881958 3.2518256208417806e-13 0.006869891192764044 
vn 2.5045576095581055 -0.9635292887687683 -1.6392165422439575 
vn 2.614119529724121 -0.46093979477882385 -1.6858649253845215 
vn 2.8828792572021484 -0.3316485583782196 -1.2112983465194702 
vn 3.0770485401153564 -0.011875774711370468 -0.6479648351669312 
vn 3.144547700881958 3.2518256208417806e-13 0.006869891192764044 
vn 3.144547700881958 3.2518256208417806e-13 0.006869891192764044 
vn 3.144547700881958 3.2518256208417806e-13 0.006869891192764044 
vn 3.144547700881958 3.2518256208417806e-13 0.006869891192764044 
vn 2.2478718757629395 -0.7403525114059448 2.0705502033233643 
vn 2.210256338119507 -0.39507803320884705 2.2015693187713623 
vn 2.210256338119507 -0.39507803320884705 2.2015693187713623 
vn 2.1166725158691406 -0.005926684010773897 2.3254871368408203 
vn -2.605830192565918 -0.886650800704956 -1.5204365253448486 
vn -2.573953628540039 -0.47262364625930786 -1.7434496879577637 
vn -2.859718084335327 -0.34355199337005615 -1.2618287801742554 
vn -3.062159299850464 -0.011876672506332397 -0.7150295376777649 
vn -3.144547700881958 -9.741513151695358e-13 0.006869891192764044 
vn -3.144547700881958 -9.741513151695358e-13 0.006869891192764044 
vn -2.9923434257507324 -9.269997963690102e-13 0.9664925932884216 
vn -2.5889744758605957 -0.3253895044326782 1.7548675537109375 
vn -0.5220944285392761 -0.9712832570075989 2.944869041442871 
vn -0.1415456235408783 -1.0675932168960571 2.954392671585083 
vn -0.5428012609481812 -0.9598648548126221 2.944869041442871 
vn -0.1415456235408783 -1.0675932168960571 2.954392671585083 
vn 0 -1.0769356489181519 2.954392671585083 
vn 0 -1.0769356489181519 2.954392671585083 
vn 0 -3.0621821880340576 0.7150295376777649 
vn 0 -3.0621821880340576 0.7150295376777649 
vn 0 -3.1148176193237305 0.43143829703330994 
vn 0 -3.1373462677001953 0.21280403435230255 
vn 0 -3.144547700881958 0.006869891192764044 
vn 0 -3.144547700881958 0.006869891192764044 
vn 0 -3.144547700881958 0.006869891192764044 
vn 0 -3.144547700881958 0.006869891192764044 
vn 0 -3.144547700881958 0.006869891192764044 
vn 0 -3.144547700881958 0.006869891192764044 
vn 0 -3.0621821880340576 0.7150295376777649 
vn 0 -3.0621821880340576 0.7150295376777649 
vn 0 -3.1148176193237305 0.43143829703330994 
vn 0 -3.1373462677001953 0.21280403435230255 
vn 0 -3.144547700881958 0.006869891192764044 
vn 0 -3.144547700881958 0.006869891192764044 
vn 0 -3.144547700881958 0.006869891192764044 
vn 0 -3.144547700881958 0.006869891192764044 
vn 0 -3.144547700881958 0.006869891192764044 
vn 0 -3.144547700881958 0.006869891192764044 
vn 0 -1.5861393213272095 -2.715214490890503 
vn 0 -1.5861393213272095 -2.715214490890503 
vn 0 -1.5861393213272095 -2.715214490890503 
vn 0 -1.5861393213272095 -2.715214490890503 
vn -0.5220944285392761 -0.9712832570075989 2.944869041442871 
vn -0.1415456235408783 -1.0675932168960571 2.954392671585083 
vn 0 -1.0769356489181519 2.954392671585083 
vn 0 -1.0769356489181519 2.954392671585083 
vn 0 -1.5861393213272095 -2.715214490890503 
vn 0 -1.5861393213272095 -2.715214490890503 
vn 0 -1.5861393213272095 -2.715214490890503 
vn 0 -1.5861393213272095 -2.715214490890503 
vn 0.7049354910850525 -2.8714749813079834 1.0704786777496338 
vn 0.6352533102035522 -2.6917824745178223 -1.4963247776031494 
vn 2.205496311187744 -2.2390618324279785 0.1030300110578537 
vn 2.205496311187744 -2.2390618324279785 0.1030300110578537 
vn 2.2049355506896973 -2.2343053817749023 -0.18537966907024384 
vn 2.20580792427063 -2.2309985160827637 -0.21280403435230255 
vn 2.20580792427063 -2.2309985160827637 -0.21280403435230255 
vn 2.2051329612731934 -2.230315685272217 -0.22651025652885437 
vn 1.6693377494812012 -1.6903129816055298 2.060189723968506 
vn 0.6122872829437256 -2.8577628135681152 1.1603978872299194 
vn 1.6693377494812012 -1.6903129816055298 2.060189723968506 
vn 2.432328701019287 -0.8551471829414368 1.8002021312713623 
vn 0.7049354910850525 -2.8714749813079834 1.0704786777496338 
vn 2.4666216373443604 -0.38947466015815735 1.9111030101776123 
vn 1.6852761507034302 -1.4089550971984863 2.2500929832458496 
vn 2.094224691390991 -2.2620227336883545 0.6210505366325378 
vn 1.9764374494552612 -2.056151866912842 1.3244481086730957 
vn 2.189444065093994 -2.256601333618164 -0.04808740317821503 
vn -0.2962205111980438 2.428225040435791 -1.9759058952331543 
vn -0.586440920829773 2.012577772140503 -2.343895196914673 
vn -0.9601096510887146 1.2325304746627808 -2.728971481323242 
vn -0.939044713973999 1.203425645828247 -2.749216079711914 
vn -0.9816189408302307 1.2458981275558472 -2.715214490890503 
vn -1.0554484128952026 1.3071480989456177 -2.658123254776001 
vn -1.137122392654419 1.4599560499191284 -2.5423824787139893 
vn -1.1694830656051636 1.5045876502990723 -2.501350164413452 
vn -1.32206392288208 1.6659879684448242 -2.316216230392456 
vn -1.4493917226791382 1.7766283750534058 -2.1519951820373535 
vn 0.29562124609947205 2.5292012691497803 1.844986915588379 
vn 0.435554563999176 2.1023364067077637 2.2975423336029053 
vn 0.3414180278778076 1.7960959672927856 2.5584566593170166 
vn 0.4446377456188202 1.6441643238067627 2.6433403491973877 
vn 0.21287097036838531 2.1764209270477295 2.259669303894043 
vn 0.67281174659729 1.8177461624145508 2.47615647315979 
vn 0.435554563999176 2.1023364067077637 2.2975423336029053 
vn 0.4446377456188202 1.6441643238067627 2.6433403491973877 
vn 0.09470879286527634 1.7920640707015991 2.5822014808654785 
vn 0.21287097036838531 2.1764209270477295 2.259669303894043 
vn 0.3414180278778076 1.7960959672927856 2.5584566593170166 
vn 0.29562124609947205 2.5292012691497803 1.844986915588379 
vn 0.67281174659729 1.8177461624145508 2.47615647315979 
vn 0.3081451952457428 2.9848110675811768 0.9403066039085388 
vn 0.435554563999176 2.1023364067077637 2.2975423336029053 
vn 0.46078601479530334 2.9964821338653564 0.8348645567893982 
vn 0.02371504344046116 2.8910999298095703 1.236610770225525 
vn 0.0237124040722847 2.07558012008667 2.362124443054199 
vn 0.08289802819490433 2.0533218383789062 2.3801732063293457 
vn 0.09470879286527634 1.7920640707015991 2.5822014808654785 
vn -1.703660249710083 1.4476398229599 -2.2113587856292725 
vn -1.6675381660461426 1.444930076599121 -2.2404732704162598 
vn -2.2723612785339355 1.3576726913452148 -1.6974471807479858 
vn -2.2723612785339355 1.3576726913452148 -1.6974471807479858 
vn -2.2746927738189697 1.3681591749191284 -1.6858649253845215 
vn -2.2746927738189697 1.3681591749191284 -1.6858649253845215 
vn -2.2791690826416016 1.3890153169631958 -1.6626040935516357 
vn -2.2791690826416016 1.3890153169631958 -1.6626040935516357 
vn -2.2728006839752197 1.4401135444641113 -1.627475619316101 
vn -2.2728006839752197 1.4401135444641113 -1.627475619316101 
vn -2.2728006839752197 1.4401135444641113 -1.627475619316101 
vn -2.2728006839752197 1.4401135444641113 -1.627475619316101 
vn -1.4129849672317505 1.2786509990692139 -2.501350164413452 
vn -1.4976190328598022 0.947036862373352 -2.597784996032715 
vn -0.586440920829773 2.012577772140503 -2.343895196914673 
vn -0.2962205111980438 2.428225040435791 -1.9759058952331543 
vn 0.011869344860315323 2.7391269207000732 -1.5444320440292358 
vn 0.011869344860315323 2.7391269207000732 -1.5444320440292358 
vn 0.011869344860315323 2.7391269207000732 -1.5444320440292358 
vn 0.011869344860315323 2.7391269207000732 -1.5444320440292358 
vn 0.011869344860315323 2.7391269207000732 -1.5444320440292358 
vn 0.011869344860315323 2.7391269207000732 -1.5444320440292358 
vn 0.011869344860315323 2.7391269207000732 -1.5444320440292358 
vn 0.011869344860315323 2.7391269207000732 -1.5444320440292358 
vn -0.059342265129089355 2.7385098934173584 -1.5444320440292358 
vn -0.059342265129089355 2.7385098934173584 -1.5444320440292358 
vn -1.195173740386963 2.536527395248413 -1.423311710357666 
vn -1.195173740386963 2.536527395248413 -1.423311710357666 
vn 2.294989585876465 1.5075974464416504 1.5324488878250122 
vn 2.294989585876465 1.5075974464416504 1.5324488878250122 
vn 2.294989585876465 1.5075974464416504 1.5324488878250122 
vn 2.296452760696411 1.517499566078186 1.5204365253448486 
vn 1.6733365058898926 1.6607670783996582 2.080871343612671 
vn 1.719399333000183 1.652348518371582 2.0497896671295166 
vn 2.2624480724334717 1.4430956840515137 1.6392165422439575 
vn 2.2624480724334717 1.4430956840515137 1.6392165422439575 
vn 2.2624480724334717 1.4430956840515137 1.6392165422439575 
vn 2.2624480724334717 1.4430956840515137 1.6392165422439575 
vn 2.264385223388672 1.4533101320266724 1.627475619316101 
vn 2.264385223388672 1.4533101320266724 1.627475619316101 
vn 1.8408284187316895 1.5437791347503662 2.0288727283477783 
vn 1.5497009754180908 1.5706475973129272 2.2404732704162598 
vn -2.2259559631347656 -0.005936386529356241 -2.2211060523986816 
vn -2.2259559631347656 -0.005936386529356241 -2.2211060523986816 
vn -2.2259559631347656 -0.005936386529356241 -2.2211060523986816 
vn -2.2259559631347656 -0.005936386529356241 -2.2211060523986816 
vn -0.8551654815673828 2.904761552810669 -0.8481031656265259 
vn -0.8551654815673828 2.904761552810669 -0.8481031656265259 
vn -0.8551654815673828 2.904761552810669 -0.8481031656265259 
vn -0.8551654815673828 2.904761552810669 -0.8481031656265259 
vn -0.8551654815673828 2.904761552810669 -0.8481031656265259 
vn -0.8551654815673828 2.904761552810669 -0.8481031656265259 
vn -0.8551654815673828 2.904761552810669 -0.8481031656265259 
vn -0.8551654815673828 2.904761552810669 -0.8481031656265259 
vn -2.2259559631347656 -0.005936386529356241 -2.2211060523986816 
vn -2.2259559631347656 -0.005936386529356241 -2.2211060523986816 
vn -2.2259559631347656 -0.005936386529356241 -2.2211060523986816 
vn -2.2259559631347656 -0.005936386529356241 -2.2211060523986816 
vn 1.5789251327514648 2.2216272354125977 1.5683096647262573 
vn 1.5789251327514648 2.2216272354125977 1.5683096647262573 
vn 1.5789251327514648 2.2216272354125977 1.5683096647262573 
vn 1.5789251327514648 2.2216272354125977 1.5683096647262573 
vn 1.5789251327514648 2.2216272354125977 1.5683096647262573 
vn 1.5789251327514648 2.2216272354125977 1.5683096647262573 
vn 1.5789251327514648 2.2216272354125977 1.5683096647262573 
vn 1.5789251327514648 2.2216272354125977 1.5683096647262573 
vn 1.5789251327514648 2.2216272354125977 1.5683096647262573 
vn 1.5789251327514648 2.2216272354125977 1.5683096647262573 
vn 1.5789251327514648 2.2216272354125977 1.5683096647262573 
vn 1.5789251327514648 2.2216272354125977 1.5683096647262573 
vn 1.5789251327514648 2.2216272354125977 1.5683096647262573 
vn 1.5789251327514648 2.2216272354125977 1.5683096647262573 
vn 1.5789251327514648 2.2216272354125977 1.5683096647262573 
vn 1.5789251327514648 2.2216272354125977 1.5683096647262573 
vn 1.5789251327514648 2.2216272354125977 1.5683096647262573 
vn 1.5789251327514648 2.2216272354125977 1.5683096647262573 
vn 1.5789251327514648 2.2216272354125977 1.5683096647262573 
vn 1.5789251327514648 2.2216272354125977 1.5683096647262573 
vn 1.5789251327514648 2.2216272354125977 1.5683096647262573 
vn 1.5789251327514648 2.2216272354125977 1.5683096647262573 
vn 1.5789251327514648 2.2216272354125977 1.5683096647262573 
vn 1.5789251327514648 2.2216272354125977 1.5683096647262573 
vn -0.8551654815673828 2.904761552810669 -0.8481031656265259 
vn -0.8551654815673828 2.904761552810669 -0.8481031656265259 
vn -0.8551654815673828 2.904761552810669 -0.8481031656265259 
vn -0.8551654815673828 2.904761552810669 -0.8481031656265259 
vn -0.8551654815673828 2.904761552810669 -0.8481031656265259 
vn -0.8551654815673828 2.904761552810669 -0.8481031656265259 
vn -0.8551654815673828 2.904761552810669 -0.8481031656265259 
vn -0.8551654815673828 2.904761552810669 -0.8481031656265259 
vn -2.2259559631347656 -0.005936386529356241 -2.2211060523986816 
vn -2.2259559631347656 -0.005936386529356241 -2.2211060523986816 
vn -2.2259559631347656 -0.005936386529356241 -2.2211060523986816 
vn -2.2259559631347656 -0.005936386529356241 -2.2211060523986816 
vn -2.2259559631347656 -0.005936386529356241 -2.2211060523986816 
vn -2.2259559631347656 -0.005936386529356241 -2.2211060523986816 
vn -2.2259559631347656 -0.005936386529356241 -2.2211060523986816 
vn -2.2259559631347656 -0.005936386529356241 -2.2211060523986816 
vn -2.2259559631347656 -0.005936386529356241 -2.2211060523986816 
vn -2.2259559631347656 -0.005936386529356241 -2.2211060523986816 
vn -2.2259559631347656 -0.005936386529356241 -2.2211060523986816 
vn -2.2259559631347656 -0.005936386529356241 -2.2211060523986816 
vn 1.5789251327514648 2.2216272354125977 1.5683096647262573 
vn 1.5789251327514648 2.2216272354125977 1.5683096647262573 
vn 1.5789251327514648 2.2216272354125977 1.5683096647262573 
vn 1.5789251327514648 2.2216272354125977 1.5683096647262573 
vn 1.5789251327514648 2.2216272354125977 1.5683096647262573 
vn 1.5789251327514648 2.2216272354125977 1.5683096647262573 
vn 1.5789251327514648 2.2216272354125977 1.5683096647262573 
vn 1.5789251327514648 2.2216272354125977 1.5683096647262573 
vn -0.8551654815673828 2.904761552810669 -0.8481031656265259 
vn -0.8551654815673828 2.904761552810669 -0.8481031656265259 
vn -0.8551654815673828 2.904761552810669 -0.8481031656265259 
vn -0.8551654815673828 2.904761552810669 -0.8481031656265259 
vn -0.8551654815673828 2.904761552810669 -0.8481031656265259 
vn -0.8551654815673828 2.904761552810669 -0.8481031656265259 
vn -0.8551654815673828 2.904761552810669 -0.8481031656265259 
vn -0.8551654815673828 2.904761552810669 -0.8481031656265259 
vn -0.8551654815673828 2.904761552810669 -0.8481031656265259 
vn -0.8551654815673828 2.904761552810669 -0.8481031656265259 
vn -0.8551654815673828 2.904761552810669 -0.8481031656265259 
vn 0.7741039395332336 -2.9386353492736816 0.8083395957946777 
vn 0.7741039395332336 -2.9386353492736816 0.8083395957946777 
vn 0.7741039395332336 -2.9386353492736816 0.8083395957946777 
vn -0.8551654815673828 2.904761552810669 -0.8481031656265259 
vn -0.8551654815673828 2.904761552810669 -0.8481031656265259 
vn -0.8551654815673828 2.904761552810669 -0.8481031656265259 
vn -0.8551654815673828 2.904761552810669 -0.8481031656265259 
vn -0.8551654815673828 2.904761552810669 -0.8481031656265259 
vn -0.8551654815673828 2.904761552810669 -0.8481031656265259 
vn -0.8551654815673828 2.904761552810669 -0.8481031656265259 
vn -0.8551654815673828 2.904761552810669 -0.8481031656265259 
vn 1.5789251327514648 2.2216272354125977 1.5683096647262573 
vn 1.5789251327514648 2.2216272354125977 1.5683096647262573 
vn 1.5789251327514648 2.2216272354125977 1.5683096647262573 
vn 1.5789251327514648 2.2216272354125977 1.5683096647262573 
vn 1.5789251327514648 2.2216272354125977 1.5683096647262573 
vn 1.5789251327514648 2.2216272354125977 1.5683096647262573 
vn 1.5789251327514648 2.2216272354125977 1.5683096647262573 
vn 1.5789251327514648 2.2216272354125977 1.5683096647262573 
vn 1.5789251327514648 2.2216272354125977 1.5683096647262573 
vn 1.5789251327514648 2.2216272354125977 1.5683096647262573 
vn 1.5789251327514648 2.2216272354125977 1.5683096647262573 
vn 1.5789251327514648 2.2216272354125977 1.5683096647262573 
vn -0.8551654815673828 2.904761552810669 -0.8481031656265259 
vn -0.8551654815673828 2.904761552810669 -0.8481031656265259 
vn -0.8551654815673828 2.904761552810669 -0.8481031656265259 
vn -0.8551654815673828 2.904761552810669 -0.8481031656265259 
vn 1.5789251327514648 2.2216272354125977 1.5683096647262573 
vn 1.5789251327514648 2.2216272354125977 1.5683096647262573 
vn 1.5789251327514648 2.2216272354125977 1.5683096647262573 
vn 1.5789251327514648 2.2216272354125977 1.5683096647262573 
vn -0.8551654815673828 2.904761552810669 -0.8481031656265259 
vn -0.8551654815673828 2.904761552810669 -0.8481031656265259 
vn -0.8551654815673828 2.904761552810669 -0.8481031656265259 
vn -0.8551654815673828 2.904761552810669 -0.8481031656265259 
vn -2.2259559631347656 -0.005936386529356241 -2.2211060523986816 
vn -2.2259559631347656 -0.005936386529356241 -2.2211060523986816 
vn -2.2259559631347656 -0.005936386529356241 -2.2211060523986816 
vn -2.2259559631347656 -0.005936386529356241 -2.2211060523986816 
vn -2.2259559631347656 -0.005936386529356241 -2.2211060523986816 
vn -2.2259559631347656 -0.005936386529356241 -2.2211060523986816 
vn -2.2259559631347656 -0.005936386529356241 -2.2211060523986816 
vn -2.2259559631347656 -0.005936386529356241 -2.2211060523986816 
vn -0.8551654815673828 2.904761552810669 -0.8481031656265259 
vn -0.8551654815673828 2.904761552810669 -0.8481031656265259 
vn -0.8551654815673828 2.904761552810669 -0.8481031656265259 
vn -0.8551654815673828 2.904761552810669 -0.8481031656265259 
vn -0.8551654815673828 2.904761552810669 -0.8481031656265259 
vn -0.8551654815673828 2.904761552810669 -0.8481031656265259 
vn -0.8551654815673828 2.904761552810669 -0.8481031656265259 
vn -0.8551654815673828 2.904761552810669 -0.8481031656265259 
vn -2.2259559631347656 -0.005936386529356241 -2.2211060523986816 
vn -2.2259559631347656 -0.005936386529356241 -2.2211060523986816 
vn -2.2259559631347656 -0.005936386529356241 -2.2211060523986816 
vn -2.2259559631347656 -0.005936386529356241 -2.2211060523986816 
vn -2.2259559631347656 -0.005936386529356241 -2.2211060523986816 
vn -2.2259559631347656 -0.005936386529356241 -2.2211060523986816 
vn -2.2259559631347656 -0.005936386529356241 -2.2211060523986816 
vn -2.2259559631347656 -0.005936386529356241 -2.2211060523986816 
vn -2.2259559631347656 -0.005936386529356241 -2.2211060523986816 
vn -2.2259559631347656 -0.005936386529356241 -2.2211060523986816 
vn -2.2259559631347656 -0.005936386529356241 -2.2211060523986816 
vn -2.2259559631347656 -0.005936386529356241 -2.2211060523986816 
vn -0.8551654815673828 2.904761552810669 -0.8481031656265259 
vn -0.8551654815673828 2.904761552810669 -0.8481031656265259 
vn -0.8551654815673828 2.904761552810669 -0.8481031656265259 
vn -0.8551654815673828 2.904761552810669 -0.8481031656265259 
vn -0.8551654815673828 2.904761552810669 -0.8481031656265259 
vn -0.8551654815673828 2.904761552810669 -0.8481031656265259 
vn -0.8551654815673828 2.904761552810669 -0.8481031656265259 
vn -0.8551654815673828 2.904761552810669 -0.8481031656265259 
vn -0.8551654815673828 2.904761552810669 -0.8481031656265259 
vn -0.8551654815673828 2.904761552810669 -0.8481031656265259 
vn -0.8551654815673828 2.904761552810669 -0.8481031656265259 
vn -0.8551654815673828 2.904761552810669 -0.8481031656265259 
vn 1.5789251327514648 2.2216272354125977 1.5683096647262573 
vn 1.5789251327514648 2.2216272354125977 1.5683096647262573 
vn 1.5789251327514648 2.2216272354125977 1.5683096647262573 
vn 1.5789251327514648 2.2216272354125977 1.5683096647262573 
vn 1.5789251327514648 2.2216272354125977 1.5683096647262573 
vn 1.5789251327514648 2.2216272354125977 1.5683096647262573 
vn 1.5789251327514648 2.2216272354125977 1.5683096647262573 
vn 1.5789251327514648 2.2216272354125977 1.5683096647262573 
vn -2.2259559631347656 -0.005936386529356241 -2.2211060523986816 
vn -2.2259559631347656 -0.005936386529356241 -2.2211060523986816 
vn -2.2259559631347656 -0.005936386529356241 -2.2211060523986816 
vn -2.2259559631347656 -0.005936386529356241 -2.2211060523986816 
vn -0.8551654815673828 2.904761552810669 -0.8481031656265259 
vn -0.8551654815673828 2.904761552810669 -0.8481031656265259 
vn -0.8551654815673828 2.904761552810669 -0.8481031656265259 
vn -0.8551654815673828 2.904761552810669 -0.8481031656265259 
vn -0.8551654815673828 2.904761552810669 -0.8481031656265259 
vn -0.8551654815673828 2.904761552810669 -0.8481031656265259 
vn -0.8551654815673828 2.904761552810669 -0.8481031656265259 
vn -0.8551654815673828 2.904761552810669 -0.8481031656265259 
vn -2.2259559631347656 -0.005936386529356241 -2.2211060523986816 
vn -2.2259559631347656 -0.005936386529356241 -2.2211060523986816 
vn -2.2259559631347656 -0.005936386529356241 -2.2211060523986816 
vn -2.2259559631347656 -0.005936386529356241 -2.2211060523986816 
vn -2.2259559631347656 -0.005936386529356241 -2.2211060523986816 
vn -2.2259559631347656 -0.005936386529356241 -2.2211060523986816 
vn -2.2259559631347656 -0.005936386529356241 -2.2211060523986816 
vn -2.2259559631347656 -0.005936386529356241 -2.2211060523986816 
vn -2.2259559631347656 -0.005936386529356241 -2.2211060523986816 
vn -2.2259559631347656 -0.005936386529356241 -2.2211060523986816 
vn -2.2259559631347656 -0.005936386529356241 -2.2211060523986816 
vn -2.2259559631347656 -0.005936386529356241 -2.2211060523986816 
vn -2.2259559631347656 -0.005936386529356241 -2.2211060523986816 
vn -2.2259559631347656 -0.005936386529356241 -2.2211060523986816 
vn -2.2259559631347656 -0.005936386529356241 -2.2211060523986816 
vn -2.2259559631347656 -0.005936386529356241 -2.2211060523986816 
vn -2.2259559631347656 -0.005936386529356241 -2.2211060523986816 
vn -2.2259559631347656 -0.005936386529356241 -2.2211060523986816 
vn -2.2259559631347656 -0.005936386529356241 -2.2211060523986816 
vn -2.2259559631347656 -0.005936386529356241 -2.2211060523986816 
vn -2.2259559631347656 -0.005936386529356241 -2.2211060523986816 
vn -2.2259559631347656 -0.005936386529356241 -2.2211060523986816 
vn -2.2259559631347656 -0.005936386529356241 -2.2211060523986816 
vn -2.2259559631347656 -0.005936386529356241 -2.2211060523986816 
vn -2.2259559631347656 -0.005936386529356241 -2.2211060523986816 
vn -2.2259559631347656 -0.005936386529356241 -2.2211060523986816 
vn -2.2259559631347656 -0.005936386529356241 -2.2211060523986816 
vn -2.2259559631347656 -0.005936386529356241 -2.2211060523986816 
vn -2.2259559631347656 -0.005936386529356241 -2.2211060523986816 
vn -2.2259559631347656 -0.005936386529356241 -2.2211060523986816 
vn -2.2259559631347656 -0.005936386529356241 -2.2211060523986816 
vn -2.2259559631347656 -0.005936386529356241 -2.2211060523986816 
vn -2.2259559631347656 -0.005936386529356241 -2.2211060523986816 
vn -2.2259559631347656 -0.005936386529356241 -2.2211060523986816 
vn -2.2259559631347656 -0.005936386529356241 -2.2211060523986816 
vn -2.2259559631347656 -0.005936386529356241 -2.2211060523986816 
vn -2.2259559631347656 -0.005936386529356241 -2.2211060523986816 
vn -2.2259559631347656 -0.005936386529356241 -2.2211060523986816 
vn -2.2259559631347656 -0.005936386529356241 -2.2211060523986816 
vn -2.2259559631347656 -0.005936386529356241 -2.2211060523986816 
vn -0.8551654815673828 2.904761552810669 -0.8481031656265259 
vn -0.8551654815673828 2.904761552810669 -0.8481031656265259 
vn -0.8551654815673828 2.904761552810669 -0.8481031656265259 
vn -0.8551654815673828 2.904761552810669 -0.8481031656265259 
vn -0.8551654815673828 2.904761552810669 -0.8481031656265259 
vn -0.8551654815673828 2.904761552810669 -0.8481031656265259 
vn -0.8551654815673828 2.904761552810669 -0.8481031656265259 
vn -0.8551654815673828 2.904761552810669 -0.8481031656265259 
vn -0.8551654815673828 2.904761552810669 -0.8481031656265259 
vn -0.8551654815673828 2.904761552810669 -0.8481031656265259 
vn -0.8551654815673828 2.904761552810669 -0.8481031656265259 
vn -0.8551654815673828 2.904761552810669 -0.8481031656265259 
vn -0.8551654815673828 2.904761552810669 -0.8481031656265259 
vn -0.8551654815673828 2.904761552810669 -0.8481031656265259 
vn -0.8551654815673828 2.904761552810669 -0.8481031656265259 
vn -0.8551654815673828 2.904761552810669 -0.8481031656265259 
vn -0.8551654815673828 2.904761552810669 -0.8481031656265259 
vn -0.8551654815673828 2.904761552810669 -0.8481031656265259 
vn -0.8551654815673828 2.904761552810669 -0.8481031656265259 
vn -0.8551654815673828 2.904761552810669 -0.8481031656265259 
vn 1.5789251327514648 2.2216272354125977 1.5683096647262573 
vn 1.5789251327514648 2.2216272354125977 1.5683096647262573 
vn 1.5789251327514648 2.2216272354125977 1.5683096647262573 
vn 1.5789251327514648 2.2216272354125977 1.5683096647262573 
vn 1.5789251327514648 2.2216272354125977 1.5683096647262573 
vn 1.5789251327514648 2.2216272354125977 1.5683096647262573 
vn 1.5789251327514648 2.2216272354125977 1.5683096647262573 
vn 1.5789251327514648 2.2216272354125977 1.5683096647262573 
vn -2.2259559631347656 -0.005936386529356241 -2.2211060523986816 
vn -2.2259559631347656 -0.005936386529356241 -2.2211060523986816 
vn -2.2259559631347656 -0.005936386529356241 -2.2211060523986816 
vn -2.2259559631347656 -0.005936386529356241 -2.2211060523986816 
vn -2.2259559631347656 -0.005936386529356241 -2.2211060523986816 
vn -2.2259559631347656 -0.005936386529356241 -2.2211060523986816 
vn -2.2259559631347656 -0.005936386529356241 -2.2211060523986816 
vn -2.2259559631347656 -0.005936386529356241 -2.2211060523986816 
vn -0.8551654815673828 2.904761552810669 -0.8481031656265259 
vn -0.8551654815673828 2.904761552810669 -0.8481031656265259 
vn -0.8551654815673828 2.904761552810669 -0.8481031656265259 
vn -0.8551654815673828 2.904761552810669 -0.8481031656265259 
vn -0.8551654815673828 2.904761552810669 -0.8481031656265259 
vn -0.8551654815673828 2.904761552810669 -0.8481031656265259 
vn -0.8551654815673828 2.904761552810669 -0.8481031656265259 
vn -0.8551654815673828 2.904761552810669 -0.8481031656265259 
vn 1.5789251327514648 2.2216272354125977 1.5683096647262573 
vn 1.5789251327514648 2.2216272354125977 1.5683096647262573 
vn 1.5789251327514648 2.2216272354125977 1.5683096647262573 
vn 1.5789251327514648 2.2216272354125977 1.5683096647262573 
vn 1.5789251327514648 2.2216272354125977 1.5683096647262573 
vn 1.5789251327514648 2.2216272354125977 1.5683096647262573 
vn 1.5789251327514648 2.2216272354125977 1.5683096647262573 
vn 1.5789251327514648 2.2216272354125977 1.5683096647262573 
vn -2.605830192565918 0.886650800704956 -1.5204365253448486 
vn -2.573953628540039 0.47262364625930786 -1.7434496879577637 
vn -2.859718084335327 0.34355199337005615 -1.2618287801742554 
vn -3.062159299850464 -0.011876672506332397 -0.7150295376777649 
vn -3.144547700881958 -9.741513151695358e-13 0.006869891192764044 
vn -3.144547700881958 -9.741513151695358e-13 0.006869891192764044 
vn -2.9923434257507324 -9.269997963690102e-13 0.9664925932884216 
vn -2.5904271602630615 0.3136155307292938 1.7548675537109375 
vn -0.5324784517288208 0.965629518032074 2.944869041442871 
vn -0.1415456235408783 1.0675932168960571 2.954392671585083 
vn 2.096278190612793 2.167793803622628e-13 2.343895196914673 
vn 2.1785662174224854 0.4068897068500519 2.2308108806610107 
vn 2.1785662174224854 0.4068897068500519 2.2308108806610107 
vn 2.223040819168091 0.7572304010391235 2.0911524295806885 
vn 2.480419397354126 0.9856442809104919 -1.6626040935516357 
vn 2.5990517139434814 0.46096375584602356 -1.7089967727661133 
vn 2.8761091232299805 0.34369969367980957 -1.223966360092163 
vn 3.074205160140991 -0.005939675495028496 -0.6614035367965698 
vn 3.144547700881958 3.2518256208417806e-13 0.006869891192764044 
vn 3.144547700881958 3.2518256208417806e-13 0.006869891192764044 
vn 3.144547700881958 3.2518256208417806e-13 0.006869891192764044 
vn 3.144547700881958 3.2518256208417806e-13 0.006869891192764044 
vn 2.5045576095581055 0.9635292887687683 -1.6392165422439575 
vn 2.614119529724121 0.46093979477882385 -1.6858649253845215 
vn 2.8828792572021484 0.3316485583782196 -1.2112983465194702 
vn 3.0770485401153564 -0.011875774711370468 -0.6479648351669312 
vn 3.144547700881958 3.2518256208417806e-13 0.006869891192764044 
vn 3.144547700881958 3.2518256208417806e-13 0.006869891192764044 
vn 3.144547700881958 3.2518256208417806e-13 0.006869891192764044 
vn 3.144547700881958 3.2518256208417806e-13 0.006869891192764044 
vn 2.1166725158691406 -0.005926684010773897 2.3254871368408203 
vn 2.208139657974243 0.4067426025867462 2.2015693187713623 
vn 2.208139657974243 0.4067426025867462 2.2015693187713623 
vn 2.2441341876983643 0.7516061663627625 2.0705502033233643 
vn -2.605830192565918 0.886650800704956 -1.5204365253448486 
vn -2.573953628540039 0.47262364625930786 -1.7434496879577637 
vn -2.859718084335327 0.34355199337005615 -1.2618287801742554 
vn -3.062159299850464 -0.011876672506332397 -0.7150295376777649 
vn -3.144547700881958 -9.741513151695358e-13 0.006869891192764044 
vn -3.144547700881958 -9.741513151695358e-13 0.006869891192764044 
vn -2.9923434257507324 -9.269997963690102e-13 0.9664925932884216 
vn -2.5904271602630615 0.3136155307292938 1.7548675537109375 
vn -0.5324784517288208 0.965629518032074 2.944869041442871 
vn -0.1415456235408783 1.0675932168960571 2.954392671585083 
vn -2.227351739462688e-13 1.0769356489181519 2.954392671585083 
vn -2.227351739462688e-13 1.0769356489181519 2.954392671585083 
vn -0.1415456235408783 1.0675932168960571 2.954392671585083 
vn -0.5324784517288208 0.965629518032074 2.944869041442871 
vn -6.503651241683561e-13 3.144547700881958 0.006869891192764044 
vn -6.503651241683561e-13 3.144547700881958 0.006869891192764044 
vn -6.503651241683561e-13 3.144547700881958 0.006869891192764044 
vn -6.503651241683561e-13 3.144547700881958 0.006869891192764044 
vn -6.503651241683561e-13 3.144547700881958 0.006869891192764044 
vn -6.503651241683561e-13 3.144547700881958 0.006869891192764044 
vn -6.488757014339042e-13 3.1373462677001953 0.21280403435230255 
vn 0.011861168779432774 3.114794969558716 0.43143829703330994 
vn 0.011862028390169144 3.062159299850464 0.7150295376777649 
vn 0.011862028390169144 3.062159299850464 0.7150295376777649 
vn 0.011862028390169144 3.062159299850464 0.7150295376777649 
vn 0.011862028390169144 3.062159299850464 0.7150295376777649 
vn 0.011861168779432774 3.114794969558716 0.43143829703330994 
vn -6.488757014339042e-13 3.1373462677001953 0.21280403435230255 
vn -6.503651241683561e-13 3.144547700881958 0.006869891192764044 
vn -6.503651241683561e-13 3.144547700881958 0.006869891192764044 
vn -6.503651241683561e-13 3.144547700881958 0.006869891192764044 
vn -6.503651241683561e-13 3.144547700881958 0.006869891192764044 
vn -6.503651241683561e-13 3.144547700881958 0.006869891192764044 
vn -6.503651241683561e-13 3.144547700881958 0.006869891192764044 
vn 0.011892498470842838 1.5860947370529175 -2.715214490890503 
vn 0.011892498470842838 1.5860947370529175 -2.715214490890503 
vn 0.011892498470842838 1.5860947370529175 -2.715214490890503 
vn 0.011892498470842838 1.5860947370529175 -2.715214490890503 
vn -2.227351739462688e-13 1.0769356489181519 2.954392671585083 
vn -2.227351739462688e-13 1.0769356489181519 2.954392671585083 
vn -0.1415456235408783 1.0675932168960571 2.954392671585083 
vn -0.5324784517288208 0.965629518032074 2.944869041442871 
vn 0.011892498470842838 1.5860947370529175 -2.715214490890503 
vn 0.011892498470842838 1.5860947370529175 -2.715214490890503 
vn 0.011892498470842838 1.5860947370529175 -2.715214490890503 
vn 0.011892498470842838 1.5860947370529175 -2.715214490890503 
vn 2.205496311187744 2.2390618324279785 0.1030300110578537 
vn 2.205496311187744 2.2390618324279785 0.1030300110578537 
vn 0.6352533102035522 2.6917824745178223 -1.4963247776031494 
vn 0.693408727645874 2.8742802143096924 1.0704786777496338 
vn 2.2051329612731934 2.230315685272217 -0.22651025652885437 
vn 2.20580792427063 2.2309985160827637 -0.21280403435230255 
vn 2.20580792427063 2.2309985160827637 -0.21280403435230255 
vn 2.1964731216430664 2.2426252365112305 -0.18537966907024384 
vn 1.6777592897415161 1.6819543838500977 2.060189723968506 
vn 0.6122872829437256 2.8577628135681152 1.1603978872299194 
vn 1.6777592897415161 1.6819543838500977 2.060189723968506 
vn 2.4283695220947266 0.866326093673706 1.8002021312713623 
vn 0.693408727645874 2.8742802143096924 1.0704786777496338 
vn 2.4666216373443604 0.38947466015815735 1.9111030101776123 
vn 2.189444065093994 2.256601333618164 -0.04808740317821503 
vn 1.9849759340286255 2.04790997505188 1.3244481086730957 
vn 2.094224691390991 2.2620227336883545 0.6210505366325378 
vn 1.6852761507034302 1.4089550971984863 2.2500929832458496 
vn 0 6.503666962615062e-13 -3.14455509185791 
vn 0 6.503666962615062e-13 -3.14455509185791 
vn 0 6.503666962615062e-13 -3.14455509185791 
vn 0 6.503666962615062e-13 -3.14455509185791 
vt 0.951589822769165 0.2995012700557709 
vt 0.9689610004425049 0.2995012700557709 
vt 0.951589822769165 0.35586658120155334 
vt 0.9735771417617798 0.35586658120155334 
vt 0.951589822769165 0.5904386639595032 
vt 0.9689610004425049 0.5904386639595032 
vt 0.9735771417617798 0.5810849666595459 
vt 0.9735771417617798 0.31966644525527954 
vt 0.3168724775314331 0.8558658957481384 
vt 0.31857314705848694 0.86655592918396 
vt 0.3213671147823334 0.86655592918396 
vt 0.31857314705848694 0.8902438879013062 
vt 0.3213671147823334 0.8913372159004211 
vt 0.3168724775314331 0.8935238122940063 
vt 0.30132341384887695 0.8902438879013062 
vt 0.30132341384887695 0.8937667608261108 
vt 0.952075719833374 0.15700873732566833 
vt 0.9560844302177429 0.1588308960199356 
vt 0.9560844302177429 0.16186782717704773 
vt 0.9820805191993713 0.16186782717704773 
vt 0.9560844302177429 0.08217891305685043 
vt 0.952075719833374 0.08217891305685043 
vt 0.952075719833374 0.007349079940468073 
vt 0.9560844302177429 0.005526924971491098 
vt 0.9560844302177429 0.0024900001008063555 
vt 0.9820805191993713 0.0024900001008063555 
vt 0.9808657765388489 0.005526924971491098 
vt 0.9843885898590088 0.007349079940468073 
vt 0.9843885898590088 0.022776659578084946 
vt 0.9808657765388489 0.022776659578084946 
vt 0.9808657765388489 0.1588308960199356 
vt 0.9843885898590088 0.15700873732566833 
vt 0.9843885898590088 0.14145968854427338 
vt 0.9808657765388489 0.14145968854427338 
vt 0.7741119265556335 0.6290683746337891 
vt 0.7694957852363586 0.6492335200309753 
vt 0.7679165601730347 0.6290683746337891 
vt 0.7538252472877502 0.6492335200309753 
vt 0.7679165601730347 0.5928682088851929 
vt 0.7741119265556335 0.5928682088851929 
vt 0.7679165601730347 0.36752837896347046 
vt 0.7741119265556335 0.3674069046974182 
vt 0.7694957852363586 0.35805317759513855 
vt 0.7571051120758057 0.3674069046974182 
vt 0.7539467215538025 0.35805317759513855 
vt 0.7439855933189392 0.3674069046974182 
vt 0.7490876317024231 0.35805317759513855 
vt 0.7571051120758057 0.5928682088851929 
vt 0.7571051120758057 0.6290683746337891 
vt 0.7494520545005798 0.6492335200309753 
vt 0.7439855933189392 0.6290683746337891 
vt 0.7439855933189392 0.5928682088851929 
vt 0.6831256151199341 0.01014305092394352 
vt 0.6591946482658386 0.04439956322312355 
vt 0.7032908201217651 0.031765956431627274 
vt 0.6591946482658386 0.15360738337039948 
vt 0.6150985360145569 0.031765956431627274 
vt 0.5825426578521729 0.08387959003448486 
vt 0.5825426578521729 0.15360738337039948 
vt 0.5825426578521729 0.388422429561615 
vt 0.6591946482658386 0.388422429561615 
vt 0.7358466386795044 0.388422429561615 
vt 0.7358466386795044 0.15360738337039948 
vt 0.7358466386795044 0.08387959003448486 
vt 0.6591946482658386 0.0024900001008063555 
vt 0.6352636814117432 0.01014305092394352 
vt 0.4492824077606201 0.03188743442296982 
vt 0.4692046344280243 0.01014305092394352 
vt 0.41769838333129883 0.08351515978574753 
vt 0.49264970421791077 0.10149375349283218 
vt 0.420856773853302 0.11716429144144058 
vt 0.49264970421791077 0.15324296057224274 
vt 0.5644425749778748 0.11716429144144058 
vt 0.5644425749778748 0.15324296057224274 
vt 0.5775620937347412 0.1166783794760704 
vt 0.5775620937347412 0.1528785228729248 
vt 0.5644425749778748 0.37858280539512634 
vt 0.5775620937347412 0.37809687852859497 
vt 0.5723385810852051 0.38745060563087463 
vt 0.5676010251045227 0.3875720798969269 
vt 0.49264970421791077 0.37858280539512634 
vt 0.49264970421791077 0.3875720798969269 
vt 0.49264970421791077 0.0024900001008063555 
vt 0.5162162184715271 0.01014305092394352 
vt 0.567722499370575 0.08351515978574753 
vt 0.5361384749412537 0.03188743442296982 
vt 0.420856773853302 0.15324296057224274 
vt 0.4078587591648102 0.1166783794760704 
vt 0.4078587591648102 0.1528785228729248 
vt 0.420856773853302 0.37858280539512634 
vt 0.4078587591648102 0.37809687852859497 
vt 0.41296079754829407 0.38745060563087463 
vt 0.4178198575973511 0.3875720798969269 
vt 0.9251078367233276 0.29342740774154663 
vt 0.9251078367233276 0.23706208169460297 
vt 0.9423575401306152 0.29342740774154663 
vt 0.9470951557159424 0.27326223254203796 
vt 0.9470951557159424 0.23706208169460297 
vt 0.9251078367233276 0.0024900001008063555 
vt 0.9470951557159424 0.011843728832900524 
vt 0.9423575401306152 0.0024900001008063555 
vt 0.29184821248054504 0.8937667608261108 
vt 0.2935488820075989 0.8830767869949341 
vt 0.2963428497314453 0.8830767869949341 
vt 0.2935488820075989 0.8592672944068909 
vt 0.2963428497314453 0.8581739664077759 
vt 0.29184821248054504 0.8561089038848877 
vt 0.27617767453193665 0.8592672944068909 
vt 0.27617767453193665 0.8558658957481384 
vt 0.8794324398040771 0.6409730911254883 
vt 0.874816358089447 0.6209294199943542 
vt 0.873237133026123 0.6409730911254883 
vt 0.8591458201408386 0.6209294199943542 
vt 0.873237133026123 0.6771732568740845 
vt 0.8794324398040771 0.6771732568740845 
vt 0.873237133026123 0.9026345610618591 
vt 0.8794324398040771 0.9026345610618591 
vt 0.874816358089447 0.9119883179664612 
vt 0.862425684928894 0.9026345610618591 
vt 0.8592672944068909 0.9119883179664612 
vt 0.8493061661720276 0.9026345610618591 
vt 0.8544082045555115 0.9119883179664612 
vt 0.862425684928894 0.6771732568740845 
vt 0.862425684928894 0.6409730911254883 
vt 0.8547726273536682 0.6209294199943542 
vt 0.8493061661720276 0.6410945653915405 
vt 0.8493061661720276 0.6771732568740845 
vt 0.8361866474151611 0.9383488297462463 
vt 0.8315705060958862 0.9475810527801514 
vt 0.8361866474151611 0.8015657067298889 
vt 0.8141993284225464 0.9475810527801514 
vt 0.8141993284225464 0.8015657067298889 
vt 0.8141993284225464 0.6554288864135742 
vt 0.8361866474151611 0.6647825837135315 
vt 0.8315705060958862 0.6554288864135742 
vt 0.655307412147522 0.8302342891693115 
vt 0.6593161225318909 0.8254966735839844 
vt 0.6593161225318909 0.8284121155738831 
vt 0.6853122115135193 0.8254966735839844 
vt 0.6593161225318909 0.9050641059875488 
vt 0.655307412147522 0.9050641059875488 
vt 0.655307412147522 0.9800153970718384 
vt 0.6593161225318909 0.9818375706672668 
vt 0.6593161225318909 0.9847530126571655 
vt 0.6853122115135193 0.9847530126571655 
vt 0.6840974688529968 0.9818375706672668 
vt 0.6876202821731567 0.9800153970718384 
vt 0.6874988079071045 0.9644663333892822 
vt 0.6840974688529968 0.9644663333892822 
vt 0.6840974688529968 0.8284121155738831 
vt 0.6876202821731567 0.8302342891693115 
vt 0.6874988079071045 0.8457833528518677 
vt 0.6840974688529968 0.8457833528518677 
vt 0.8193013668060303 0.6504483222961426 
vt 0.8241604566574097 0.6504483222961426 
vt 0.8141993284225464 0.6410945653915405 
vt 0.8273188471794128 0.6410945653915405 
vt 0.8273188471794128 0.5043115019798279 
vt 0.8141993284225464 0.5043115019798279 
vt 0.8141993284225464 0.3674069046974182 
vt 0.8273188471794128 0.3674069046974182 
vt 0.8241604566574097 0.35805317759513855 
vt 0.839709460735321 0.35805317759513855 
vt 0.8381302952766418 0.3674069046974182 
vt 0.844325602054596 0.3674069046974182 
vt 0.844325602054596 0.5043115019798279 
vt 0.8381302952766418 0.5043115019798279 
vt 0.8381302952766418 0.6410945653915405 
vt 0.839709460735321 0.6504483222961426 
vt 0.844325602054596 0.6410945653915405 
vt 0.8193013668060303 0.35805317759513855 
vt 0.9470951557159424 0.6302831172943115 
vt 0.9517112970352173 0.6209294199943542 
vt 0.9470951557159424 0.7669447660446167 
vt 0.9690824747085571 0.6209294199943542 
vt 0.9690824747085571 0.7669447660446167 
vt 0.9690824747085571 0.9130815863609314 
vt 0.9470951557159424 0.9037278890609741 
vt 0.9517112970352173 0.9130815863609314 
vt 0.8041167259216309 0.6504483222961426 
vt 0.7992576360702515 0.6504483222961426 
vt 0.8092187643051147 0.6410945653915405 
vt 0.7962207198143005 0.6410945653915405 
vt 0.7962207198143005 0.5043115019798279 
vt 0.8092187643051147 0.5043115019798279 
vt 0.8092187643051147 0.3674069046974182 
vt 0.7962207198143005 0.3674069046974182 
vt 0.7992576360702515 0.35805317759513855 
vt 0.7837085723876953 0.35805317759513855 
vt 0.7852877974510193 0.3674069046974182 
vt 0.7790924906730652 0.3674069046974182 
vt 0.7790924906730652 0.5043115019798279 
vt 0.7852877974510193 0.5043115019798279 
vt 0.7852877974510193 0.6410945653915405 
vt 0.7837085723876953 0.6504483222961426 
vt 0.7790924906730652 0.6410945653915405 
vt 0.8041167259216309 0.35805317759513855 
vt 0.6926008462905884 0.9800153970718384 
vt 0.6966095566749573 0.9847530126571655 
vt 0.6966095566749573 0.9818375706672668 
vt 0.7226056456565857 0.9847530126571655 
vt 0.6966095566749573 0.9050641059875488 
vt 0.6926008462905884 0.9050641059875488 
vt 0.6926008462905884 0.8302342891693115 
vt 0.6966095566749573 0.8284121155738831 
vt 0.6966095566749573 0.8254966735839844 
vt 0.7226056456565857 0.8254966735839844 
vt 0.7213909029960632 0.8284121155738831 
vt 0.7249137163162231 0.8302342891693115 
vt 0.7247922420501709 0.8457833528518677 
vt 0.7213909029960632 0.8457833528518677 
vt 0.7213909029960632 0.9818375706672668 
vt 0.7249137163162231 0.9800153970718384 
vt 0.7247922420501709 0.9644663333892822 
vt 0.7213909029960632 0.9644663333892822 
vt 0.19381627440452576 0.8124986290931702 
vt 0.20219819247722626 0.619714617729187 
vt 0.20377738773822784 0.8149281740188599 
vt 0.21373850107192993 0.8166288733482361 
vt 0.18227596580982208 0.6018575429916382 
vt 0.18251891434192657 0.5968769788742065 
vt 0.19211558997631073 0.6140052080154419 
vt 0.19235855340957642 0.6090246438980103 
vt 0.19211558997631073 0.619714617729187 
vt 0.18397663533687592 0.8090972900390625 
vt 0.18215447664260864 0.6195931434631348 
vt 0.17231485247612 0.6195931434631348 
vt 0.18227596580982208 0.6018575429916382 
vt 0.17231485247612 0.5816923379898071 
vt 0.1579805612564087 0.6195931434631348 
vt 0.15810203552246094 0.5490150451660156 
vt 0.14401070773601532 0.5013960599899292 
vt 0.14388923346996307 0.6193501949310303 
vt 0.13137710094451904 0.4519549012184143 
vt 0.1336851567029953 0.6158273816108704 
vt 0.14534695446491241 0.7441070675849915 
vt 0.13599322736263275 0.7215123772621155 
vt 0.17401552200317383 0.8046026229858398 
vt 0.15955975651741028 0.7811575531959534 
vt 0.15579397976398468 0.7812790274620056 
vt 0.16842758655548096 0.8010798096656799 
vt 0.16113896667957306 0.7918475270271301 
vt 0.5175524950027466 0.8486987948417664 
vt 0.5201035141944885 0.8584169149398804 
vt 0.5085631608963013 0.8637619018554688 
vt 0.5103853344917297 0.8738445043563843 
vt 0.5219256281852722 0.8684995174407959 
vt 0.5113571286201477 0.8842915296554565 
vt 0.522897481918335 0.8789465427398682 
vt 0.522897481918335 0.8898794651031494 
vt 0.5039470791816711 0.888178825378418 
vt 0.5071054697036743 0.8981398940086365 
vt 0.21215930581092834 0.6236019134521484 
vt 0.21859757602214813 0.631133496761322 
vt 0.2201767861843109 0.8229456543922424 
vt 0.22479291260242462 0.6324697136878967 
vt 0.2263721078634262 0.8233100771903992 
vt 0.23183856904506683 0.6277320981025696 
vt 0.2336607277393341 0.818086564540863 
vt 0.23681913316249847 0.8150496482849121 
vt 0.2471446841955185 0.7564977407455444 
vt 0.24568694829940796 0.6144911050796509 
vt 0.25431182980537415 0.6141266822814941 
vt 0.25455477833747864 0.6091461181640625 
vt 0.24592991173267365 0.609389066696167 
vt 0.2546762526035309 0.521318256855011 
vt 0.2460513859987259 0.5137866735458374 
vt 0.2549192011356354 0.39486071467399597 
vt 0.24617286026477814 0.3952251374721527 
vt 0.2549192011356354 0.3065469264984131 
vt 0.24629433453083038 0.3069113492965698 
vt 0.2550406754016876 0.2206626981496811 
vt 0.24641580879688263 0.22090564668178558 
vt 0.25516214966773987 0.09141116589307785 
vt 0.24653729796409607 0.09165411442518234 
vt 0.2552836239337921 0.007106125820428133 
vt 0.24665877223014832 0.007349079940468073 
vt 0.24592991173267365 0.003218861995264888 
vt 0.2325674444437027 0.0034618161153048277 
vt 0.2328103929758072 0.007592034060508013 
vt 0.22321370244026184 0.0034618161153048277 
vt 0.2552836239337921 0.7114297747612 
vt 0.2537044286727905 0.0029759081080555916 
vt 0.23268891870975494 0.09189707040786743 
vt 0.2325674444437027 0.22114859521389008 
vt 0.23244595527648926 0.3071543276309967 
vt 0.232324481010437 0.3954680860042572 
vt 0.2360902726650238 0.5063766241073608 
vt 0.23208153247833252 0.5781695246696472 
vt 0.23208153247833252 0.6227515339851379 
vt 0.23220300674438477 0.5086846351623535 
vt 0.22782982885837555 0.5005456805229187 
vt 0.22272780537605286 0.3954680860042572 
vt 0.2226063311100006 0.4970228672027588 
vt 0.21264520287513733 0.3954680860042572 
vt 0.21252372860908508 0.4899772107601166 
vt 0.20280557870864868 0.3954680860042572 
vt 0.20268408954143524 0.4948362708091736 
vt 0.1926015019416809 0.39534661173820496 
vt 0.19248002767562866 0.48074495792388916 
vt 0.18834981322288513 0.47260600328445435 
vt 0.18276186287403107 0.39534661173820496 
vt 0.18264038860797882 0.4684757590293884 
vt 0.17280074954032898 0.3952251374721527 
vt 0.17267927527427673 0.46130862832069397 
vt 0.16818462312221527 0.45802876353263855 
vt 0.15846647322177887 0.3952251374721527 
vt 0.15846647322177887 0.4630092978477478 
vt 0.1442536562681198 0.4576643109321594 
vt 0.1442536562681198 0.49641549587249756 
vt 0.15834498405456543 0.5072269439697266 
vt 0.15834498405456543 0.544034481048584 
vt 0.1725578010082245 0.5420908331871033 
vt 0.1725578010082245 0.5767117738723755 
vt 0.18251891434192657 0.5968769788742065 
vt 0.18251891434192657 0.5492579936981201 
vt 0.1868920922279358 0.5524163842201233 
vt 0.19235855340957642 0.5496224164962769 
vt 0.18519140779972076 0.5484076142311096 
vt 0.1906578689813614 0.5456136465072632 
vt 0.202562615275383 0.5584902167320251 
vt 0.16065305471420288 0.4665321409702301 
vt 0.17037121951580048 0.4616730511188507 
vt 0.14437513053417206 0.3949821889400482 
vt 0.20244114100933075 0.6147340536117554 
vt 0.20681431889533997 0.5667506456375122 
vt 0.21252372860908508 0.5707594156265259 
vt 0.21240225434303284 0.6184998750686646 
vt 0.22236336767673492 0.6216582655906677 
vt 0.21215930581092834 0.6236019134521484 
vt 0.22248484194278717 0.5779265761375427 
vt 0.22649358212947845 0.5809634923934937 
vt 0.23025937378406525 0.5741607546806335 
vt 0.22467143833637238 0.57695472240448 
vt 0.23183856904506683 0.6277320981025696 
vt 0.22479291260242462 0.6324697136878967 
vt 0.21859757602214813 0.631133496761322 
vt 0.24592991173267365 0.609389066696167 
vt 0.24568694829940796 0.6144911050796509 
vt 0.8425034284591675 0.08387959003448486 
vt 0.8279262185096741 0.08485140651464462 
vt 0.844325602054596 0.16490474343299866 
vt 0.8268329501152039 0.1674557626247406 
vt 0.8363081216812134 0.2168969064950943 
vt 0.8435967564582825 0.0028544310480356216 
vt 0.8279262185096741 0.0026114769279956818 
vt 0.8053314685821533 0.08472993224859238 
vt 0.8053314685821533 0.0024900001008063555 
vt 0.7925764322280884 0.08472993224859238 
vt 0.7925764322280884 0.0024900001008063555 
vt 0.7798213362693787 0.0024900001008063555 
vt 0.7798213362693787 0.08472993224859238 
vt 0.7573480606079102 0.0026114769279956818 
vt 0.7573480606079102 0.08485140651464462 
vt 0.7416775226593018 0.0028544310480356216 
vt 0.7427708506584167 0.08387959003448486 
vt 0.740827202796936 0.16490474343299866 
vt 0.7583199143409729 0.1674557626247406 
vt 0.7489661574363708 0.2168969064950943 
vt 0.7623286247253418 0.2455654740333557 
vt 0.7583199143409729 0.2882038950920105 
vt 0.743864119052887 0.2722904086112976 
vt 0.7605064511299133 0.32428258657455444 
vt 0.7415560483932495 0.29512810707092285 
vt 0.7618427276611328 0.3530726134777069 
vt 0.7431352734565735 0.332785964012146 
vt 0.7809146046638489 0.16733428835868835 
vt 0.773747444152832 0.20353443920612335 
vt 0.7925764322280884 0.35295113921165466 
vt 0.7925764322280884 0.32294633984565735 
vt 0.8246463537216187 0.32428258657455444 
vt 0.8268329501152039 0.2882038950920105 
vt 0.841288685798645 0.2722904086112976 
vt 0.7925764322280884 0.2888112962245941 
vt 0.7925764322280884 0.28516697883605957 
vt 0.7608709335327148 0.28516697883605957 
vt 0.7623286247253418 0.2455654740333557 
vt 0.764515221118927 0.24787354469299316 
vt 0.7925764322280884 0.24787354469299316 
vt 0.8207590579986572 0.24787354469299316 
vt 0.8242819309234619 0.28516697883605957 
vt 0.8228241801261902 0.2455654740333557 
vt 0.8233100771903992 0.3530726134777069 
vt 0.8435967564582825 0.29512810707092285 
vt 0.8420175313949585 0.332785964012146 
vt 0.8228241801261902 0.2455654740333557 
vt 0.8114053606987 0.20353443920612335 
vt 0.8043596744537354 0.16733428835868835 
vt 0.7925764322280884 0.16733428835868835 
vt 0.7925764322280884 0.20353443920612335 
vt 0.7925764322280884 0.2455654740333557 
vt 0.9251078367233276 0.9706616997718811 
vt 0.9173333048820496 0.9603361487388611 
vt 0.9251078367233276 0.9605790972709656 
vt 0.9251078367233276 0.95049649477005 
vt 0.9173333048820496 0.9502535462379456 
vt 0.9251078367233276 0.9402924180030823 
vt 0.9173333048820496 0.9400494694709778 
vt 0.9251078367233276 0.9300884008407593 
vt 0.27678507566452026 0.720176100730896 
vt 0.277635395526886 0.7653655409812927 
vt 0.29233410954475403 0.7998650074005127 
vt 0.28127971291542053 0.8241604566574097 
vt 0.29998716711997986 0.8429893851280212 
vt 0.3104341924190521 0.8182080388069153 
vt 0.32889869809150696 0.8429893851280212 
vt 0.32889869809150696 0.8182080388069153 
vt 0.34724172949790955 0.8182080388069153 
vt 0.35781022906303406 0.8429893851280212 
vt 0.32889869809150696 0.8459048271179199 
vt 0.29865092039108276 0.8459048271179199 
vt 0.2800649404525757 0.8270758986473083 
vt 0.293913334608078 0.8508853912353516 
vt 0.2753273546695709 0.83205646276474 
vt 0.2957354784011841 0.7925764322280884 
vt 0.3151718080043793 0.8122556805610657 
vt 0.3590250015258789 0.8459048271179199 
vt 0.37639620900154114 0.8241604566574097 
vt 0.3654632866382599 0.7998650074005127 
vt 0.38016200065612793 0.7653655409812927 
vt 0.38101232051849365 0.720176100730896 
vt 0.36206191778182983 0.7925764322280884 
vt 0.3425041139125824 0.8122556805610657 
vt 0.37773245573043823 0.8270758986473083 
vt 0.3638840615749359 0.8508853912353516 
vt 0.382470041513443 0.83205646276474 
vt 0.27678507566452026 0.720176100730896 
vt 0.32889869809150696 0.7213909029960632 
vt 0.2957354784011841 0.7925764322280884 
vt 0.3151718080043793 0.8122556805610657 
vt 0.32889869809150696 0.8122556805610657 
vt 0.3425041139125824 0.8122556805610657 
vt 0.36206191778182983 0.7925764322280884 
vt 0.38101232051849365 0.720176100730896 
vt 0.3974117338657379 0.62177973985672 
vt 0.32889869809150696 0.62177973985672 
vt 0.26026418805122375 0.62177973985672 
vt 0.326347678899765 0.8641263842582703 
vt 0.33400073647499084 0.9349474310874939 
vt 0.33400073647499084 0.8558658957481384 
vt 0.9557200074195862 0.25479772686958313 
vt 0.9523186683654785 0.24046343564987183 
vt 0.9549911618232727 0.24046343564987183 
vt 0.9548696875572205 0.22625063359737396 
vt 0.9521971940994263 0.22625063359737396 
vt 0.9548696875572205 0.21628952026367188 
vt 0.9521971940994263 0.21628952026367188 
vt 0.9547482132911682 0.20644988119602203 
vt 0.952075719833374 0.20644988119602203 
vt 0.9547482132911682 0.19624581933021545 
vt 0.952075719833374 0.19624581933021545 
vt 0.9553555846214294 0.1864061802625656 
vt 0.9526830911636353 0.1864061802625656 
vt 0.9557200074195862 0.17644506692886353 
vt 0.953047513961792 0.17644506692886353 
vt 0.9531689882278442 0.16684837639331818 
vt 0.3897586762905121 0.8558658957481384 
vt 0.38635730743408203 0.8703216910362244 
vt 0.3890298008918762 0.8703216910362244 
vt 0.3862358331680298 0.884534478187561 
vt 0.388908326625824 0.884534478187561 
vt 0.38611435890197754 0.8944956064224243 
vt 0.388908326625824 0.8944956064224243 
vt 0.38611435890197754 0.9044567346572876 
vt 0.38878685235977173 0.9044567346572876 
vt 0.3859928846359253 0.9145393371582031 
vt 0.38878685235977173 0.9145393371582031 
vt 0.3866002857685089 0.9245004057884216 
vt 0.3892727792263031 0.9245004057884216 
vt 0.3870861828327179 0.9344615340232849 
vt 0.3897586762905121 0.9344615340232849 
vt 0.38720765709877014 0.9440582394599915 
vt 0.9796509742736816 0.23888424038887024 
vt 0.9835382699966431 0.23791243135929108 
vt 0.9794080257415771 0.23062381148338318 
vt 0.9832953214645386 0.22965198755264282 
vt 0.9835382699966431 0.17061416804790497 
vt 0.9797724485397339 0.16684837639331818 
vt 0.4800160825252533 0.9823234677314758 
vt 0.4800160825252533 0.9475810527801514 
vt 0.4837818741798401 0.9800153970718384 
vt 0.4837818741798401 0.9464877843856812 
vt 0.4837818741798401 0.9070077538490295 
vt 0.4800160825252533 0.9032419323921204 
vt 0.7453218698501587 0.9848744869232178 
vt 0.741313099861145 0.9848744869232178 
vt 0.743864119052887 0.9747918844223022 
vt 0.4660462439060211 0.9709046483039856 
vt 0.4662891924381256 0.9614294171333313 
vt 0.4624019265174866 0.9711475968360901 
vt 0.518767237663269 0.9795295000076294 
vt 0.5150014758110046 0.9803798794746399 
vt 0.518767237663269 0.9711475968360901 
vt 0.5150014758110046 0.9719979166984558 
vt 0.518767237663269 0.9070077538490295 
vt 0.5150014758110046 0.9032419323921204 
vt 0.4925282299518585 0.9032419323921204 
vt 0.4925282299518585 0.9113808870315552 
vt 0.488883912563324 0.9042137861251831 
vt 0.48876243829727173 0.9123527407646179 
vt 0.488883912563324 0.9770999550819397 
vt 0.4925282299518585 0.9809872508049011 
vt 0.9236500859260559 0.9774643778800964 
vt 0.9245004057884216 0.9763711094856262 
vt 0.9236500859260559 0.9885188341140747 
vt 0.9251078367233276 0.9915557503700256 
vt 0.9251078367233276 0.9756422638893127 
vt 0.8844130039215088 0.9726053476333618 
vt 0.885141909122467 0.9719979166984558 
vt 0.8844130039215088 0.995807409286499 
vt 0.8857492804527283 0.996414840221405 
vt 0.8857492804527283 0.9715120196342468 
vt 0.13696503639221191 0.9395635724067688 
vt 0.13866572082042694 0.9331253170967102 
vt 0.13696503639221191 0.9792865514755249 
vt 0.13890866935253143 0.9786791801452637 
vt 0.13890866935253143 0.9326393604278564 
vt 0.9733341932296753 0.288446843624115 
vt 0.9713905453681946 0.29184821248054504 
vt 0.9733341932296753 0.2557695508003235 
vt 0.9728482961654663 0.2549192011356354 
vt 0.9713905453681946 0.25236818194389343 
vt 0.9648308157920837 0.9724838733673096 
vt 0.9662885069847107 0.9716334939002991 
vt 0.9648308157920837 0.9938638210296631 
vt 0.9655596613883972 0.9942282438278198 
vt 0.9662885069847107 0.9945926666259766 
vt 0.8318134546279907 0.9627656936645508 
vt 0.8336356282234192 0.9564488530158997 
vt 0.8318134546279907 0.9660455584526062 
vt 0.8327853083610535 0.976249635219574 
vt 0.8331497311592102 0.9806228280067444 
vt 0.8336356282234192 0.9813516736030579 
vt 0.8179650902748108 0.9826878905296326 
vt 0.817600667476654 0.9831738471984863 
vt 0.8179650902748108 0.952561616897583 
vt 0.8161429166793823 0.953047513961792 
vt 0.8161429166793823 0.9835382699966431 
vt 0.12263075262308121 0.9800153970718384 
vt 0.12105154991149902 0.9814731478691101 
vt 0.12263075262308121 0.9426004886627197 
vt 0.12068711966276169 0.943207859992981 
vt 0.12068711966276169 0.9818375706672668 
vt 0.11886496841907501 0.9455159306526184 
vt 0.12068711966276169 0.943207859992981 
vt 0.11886496841907501 0.9803798794746399 
vt 0.12032268941402435 0.9815946221351624 
vt 0.12068711966276169 0.9818375706672668 
vt 0.9820805191993713 0.29002606868743896 
vt 0.9809872508049011 0.2919696867465973 
vt 0.9820805191993713 0.25236818194389343 
vt 0.9801368713378906 0.2528541088104248 
vt 0.9801368713378906 0.2928200364112854 
vt 0.3947392404079437 0.9592428803443909 
vt 0.3960754871368408 0.9538978934288025 
vt 0.3947392404079437 0.9843885898590088 
vt 0.39668285846710205 0.987546980381012 
vt 0.39668285846710205 0.952075719833374 
vt 0.9768570065498352 0.6050159335136414 
vt 0.9764925837516785 0.6011286377906799 
vt 0.9768570065498352 0.5995494723320007 
vt 0.9786791801452637 0.6150985360145569 
vt 0.9786791801452637 0.5954192280769348 
vt 0.9772214293479919 0.6073240041732788 
vt 0.9780718088150024 0.596634030342102 
vt 0.9768570065498352 0.5995494723320007 
vt 0.9768570065498352 0.6050159335136414 
vt 0.3985050320625305 0.9869396090507507 
vt 0.3981405794620514 0.9873040318489075 
vt 0.3985050320625305 0.9487958550453186 
vt 0.39668285846710205 0.952075719833374 
vt 0.39729025959968567 0.9507394433021545 
vt 0.39668285846710205 0.987546980381012 
vt 0.8411672115325928 0.907736599445343 
vt 0.8425034284591675 0.9070077538490295 
vt 0.8411672115325928 0.9379843473434448 
vt 0.8421390056610107 0.9387132525444031 
vt 0.8425034284591675 0.9389562010765076 
vt 0.9399279952049255 0.6059877276420593 
vt 0.9393206238746643 0.6014930605888367 
vt 0.9399279952049255 0.599185049533844 
vt 0.8710505366325378 0.9713905453681946 
vt 0.8710505366325378 0.9961718320846558 
vt 0.8716579079627991 0.9709046483039856 
vt 0.8723868131637573 0.9975081086158752 
vt 0.8723868131637573 0.9705402255058289 
vt 0.7967066168785095 0.9563273787498474 
vt 0.796949565410614 0.9549911618232727 
vt 0.7967066168785095 0.9786791801452637 
vt 0.7970710396766663 0.9814731478691101 
vt 0.798528790473938 0.986575186252594 
vt 0.7976784706115723 0.9859678149223328 
vt 0.798528790473938 0.953047513961792 
vt 0.9898550510406494 0.36291226744651794 
vt 0.9911913275718689 0.3621833920478821 
vt 0.9898550510406494 0.3895157277584076 
vt 0.9909483194351196 0.39048755168914795 
vt 0.9911913275718689 0.3906090259552002 
vt 0.43446221947669983 0.9839026927947998 
vt 0.4325185716152191 0.9792865514755249 
vt 0.43446221947669983 0.9616723656654358 
vt 0.43312597274780273 0.9632515907287598 
vt 0.43421927094459534 0.961793839931488 
vt 0.4325185716152191 0.963858962059021 
vt 0.9695683717727661 0.2535829544067383 
vt 0.9702972769737244 0.2524896562099457 
vt 0.9695683717727661 0.29318445920944214 
vt 0.9713905453681946 0.29184821248054504 
vt 0.9713905453681946 0.25236818194389343 
vt 0.8423819541931152 0.9892476797103882 
vt 0.8411672115325928 0.9835382699966431 
vt 0.8423819541931152 0.9808657765388489 
vt 0.9899765253067017 0.5965125560760498 
vt 0.9899765253067017 0.6144911050796509 
vt 0.9911913275718689 0.5955407023429871 
vt 0.9913128018379211 0.6155844330787659 
vt 0.9913128018379211 0.5954192280769348 
vt 0.9910698533058167 0.6154629588127136 
vt 0.015002131462097168 0.9696898460388184 
vt 0.015002131462097168 0.9347044825553894 
vt 0.013179975561797619 0.9770999550819397 
vt 0.014880654402077198 0.9344615340232849 
vt 0.013179975561797619 0.9350689053535461 
vt 0.7790924906730652 0.9605790972709656 
vt 0.7801857590675354 0.9554770588874817 
vt 0.7790924906730652 0.9735771417617798 
vt 0.7799428105354309 0.9822019934654236 
vt 0.7807931303977966 0.9876684546470642 
vt 0.7803072333335876 0.9866966605186462 
vt 0.7810360789299011 0.988032877445221 
vt 0.7810360789299011 0.9538978934288025 
vt 0.9418716430664062 0.6120615601539612 
vt 0.9418716430664062 0.596634030342102 
vt 0.9404138922691345 0.6072025299072266 
vt 0.9399279952049255 0.599185049533844 
vt 0.9399279952049255 0.6059877276420593 
vt 0.853071928024292 0.9837812185287476 
vt 0.8514927625656128 0.985481858253479 
vt 0.853071928024292 0.9495247006416321 
vt 0.8512498140335083 0.9498891234397888 
vt 0.8512498140335083 0.985481858253479 
vt 0.4078587591648102 0.7668232917785645 
vt 0.4119889736175537 0.7668232917785645 
vt 0.4078587591648102 0.7783635854721069 
vt 0.4119889736175537 0.7779991626739502 
vt 0.41186749935150146 0.800593912601471 
vt 0.41587623953819275 0.799500584602356 
vt 0.4078587591648102 0.755161464214325 
vt 0.4119889736175537 0.7556474208831787 
vt 0.41587623953819275 0.734145998954773 
vt 0.41186749935150146 0.733052670955658 
vt 0.41964203119277954 0.7136163711547852 
vt 0.4232863187789917 0.7155600190162659 
vt 0.42960312962532043 0.699646532535553 
vt 0.4308179020881653 0.7049915194511414 
vt 0.4322756230831146 0.7011042237281799 
vt 0.43264004588127136 0.7059633135795593 
vt 0.44308707118034363 0.6930867433547974 
vt 0.4449092447757721 0.6968525052070618 
vt 0.4570569396018982 0.6899283528327942 
vt 0.4575428366661072 0.6939370632171631 
vt 0.4711482524871826 0.6899283528327942 
vt 0.4711482524871826 0.6939370632171631 
vt 0.4811093807220459 0.6899283528327942 
vt 0.4811093807220459 0.6939370632171631 
vt 0.49094900488853455 0.6899283528327942 
vt 0.49094900488853455 0.6939370632171631 
vt 0.5010316371917725 0.6899283528327942 
vt 0.5010316371917725 0.6939370632171631 
vt 0.5108712315559387 0.6905357241630554 
vt 0.5107497572898865 0.6946659684181213 
vt 0.5412405133247375 0.7002539038658142 
vt 0.5467069745063782 0.7668232917785645 
vt 0.5467069745063782 0.828898012638092 
vt 0.5508371591567993 0.7668232917785645 
vt 0.5467069745063782 0.7047485113143921 
vt 0.5508371591567993 0.7028049230575562 
vt 0.5434271097183228 0.6967310309410095 
vt 0.5294572114944458 0.6952733397483826 
vt 0.5303075909614563 0.6912645697593689 
vt 0.5207108855247498 0.6951518654823303 
vt 0.5209538340568542 0.6910216212272644 
vt 0.5508371591567993 0.8308416604995728 
vt 0.5412405133247375 0.8333926796913147 
vt 0.5294572114944458 0.8382517695426941 
vt 0.5434271097183228 0.8369154930114746 
vt 0.5303075909614563 0.8423819541931152 
vt 0.5207108855247498 0.8384947180747986 
vt 0.5209538340568542 0.8425034284591675 
vt 0.5107497572898865 0.8389806151390076 
vt 0.5108712315559387 0.8431108593940735 
vt 0.5010316371917725 0.8395879864692688 
vt 0.5010316371917725 0.8437182307243347 
vt 0.49094900488853455 0.8395879864692688 
vt 0.49094900488853455 0.8437182307243347 
vt 0.4811093807220459 0.8395879864692688 
vt 0.4811093807220459 0.8437182307243347 
vt 0.4711482524871826 0.8395879864692688 
vt 0.4711482524871826 0.8437182307243347 
vt 0.4575428366661072 0.8395879864692688 
vt 0.4570569396018982 0.8437182307243347 
vt 0.4449092447757721 0.8366725444793701 
vt 0.44308707118034363 0.8404383659362793 
vt 0.43264004588127136 0.8276832699775696 
vt 0.4322756230831146 0.832542359828949 
vt 0.4308179020881653 0.8286550641059875 
vt 0.42960312962532043 0.8340000510215759 
vt 0.4232863187789917 0.818086564540863 
vt 0.41964203119277954 0.8200302124023438 
vt 0.13526436686515808 0.0024900001008063555 
vt 0.14473956823349 0.007106125820428133 
vt 0.1350214034318924 0.0066202180460095406 
vt 0.14473956823349 0.05363181605935097 
vt 0.13489992916584015 0.09092525392770767 
vt 0.14461809396743774 0.13404959440231323 
vt 0.1455899029970169 0.0029759081080555916 
vt 0.15895237028598785 0.007349079940468073 
vt 0.1593168079853058 0.003218861995264888 
vt 0.17328666150569916 0.007470557000488043 
vt 0.17328666150569916 0.003218861995264888 
vt 0.183126300573349 0.007470557000488043 
vt 0.18324777483940125 0.0033403390552848577 
vt 0.1930874139070511 0.007470557000488043 
vt 0.19320888817310333 0.0033403390552848577 
vt 0.20317000150680542 0.007592034060508013 
vt 0.20329147577285767 0.0033403390552848577 
vt 0.2131311148405075 0.007592034060508013 
vt 0.2131311148405075 0.0033403390552848577 
vt 0.2230922281742096 0.007592034060508013 
vt 0.2230922281742096 0.09189707040786743 
vt 0.2228492796421051 0.22114859521389008 
vt 0.22272780537605286 0.3071543276309967 
vt 0.21288816630840302 0.22114859521389008 
vt 0.21276669204235077 0.30703285336494446 
vt 0.21300964057445526 0.09189707040786743 
vt 0.20317000150680542 0.09189707040786743 
vt 0.19296593964099884 0.0539962463080883 
vt 0.183126300573349 0.04488547146320343 
vt 0.1731651872396469 0.04488547146320343 
vt 0.15895237028598785 0.044763997197151184 
vt 0.20292705297470093 0.22114859521389008 
vt 0.1928444653749466 0.1345355063676834 
vt 0.20280557870864868 0.30703285336494446 
vt 0.19272297620773315 0.26755282282829285 
vt 0.19272297620773315 0.30703285336494446 
vt 0.1828833520412445 0.27702802419662476 
vt 0.18276186287403107 0.30703285336494446 
vt 0.17292222380638123 0.27702802419662476 
vt 0.17292222380638123 0.3069113492965698 
vt 0.15870942175388336 0.2769065499305725 
vt 0.15858794748783112 0.3069113492965698 
vt 0.1444966197013855 0.2671883702278137 
vt 0.1444966197013855 0.30666840076446533 
vt 0.1347784548997879 0.22430700063705444 
vt 0.14461809396743774 0.18482697010040283 
vt 0.1588308960199356 0.1758376806974411 
vt 0.1588308960199356 0.14388923346996307 
vt 0.17304371297359467 0.1758376806974411 
vt 0.17304371297359467 0.14388923346996307 
vt 0.18300482630729675 0.17595915496349335 
vt 0.18300482630729675 0.14401070773601532 
vt 0.1928444653749466 0.18519140779972076 
vt 0.13465698063373566 0.30618250370025635 
vt 0.14437513053417206 0.3949821889400482 
vt 0.1588308960199356 0.3067898750305176 
vt 0.15870942175388336 0.39510366320610046 
vt 0.17292222380638123 0.39510366320610046 
vt 0.17304371297359467 0.3067898750305176 
vt 0.1828833520412445 0.3952251374721527 
vt 0.18300482630729675 0.3067898750305176 
vt 0.19272297620773315 0.3952251374721527 
vt 0.1928444653749466 0.3069113492965698 
vt 0.20292705297470093 0.3952251374721527 
vt 0.20304852724075317 0.3069113492965698 
vt 0.21288816630840302 0.3952251374721527 
vt 0.21288816630840302 0.3069113492965698 
vt 0.2228492796421051 0.39534661173820496 
vt 0.22297075390815735 0.3069113492965698 
vt 0.1345355063676834 0.39449629187583923 
vt 0.1442536562681198 0.49641549587249756 
vt 0.1345355063676834 0.4581502377986908 
vt 0.06492917984724045 0.013301452621817589 
vt 0.07331109046936035 0.2060854583978653 
vt 0.07489029318094254 0.01087191328406334 
vt 0.08485140651464462 0.009049758315086365 
vt 0.05338886380195618 0.2239425778388977 
vt 0.05363181605935097 0.22892312705516815 
vt 0.06322850286960602 0.2117948681116104 
vt 0.06347145140171051 0.21677543222904205 
vt 0.06322850286960602 0.2060854583978653 
vt 0.05508954077959061 0.016702808439731598 
vt 0.05326738581061363 0.2060854583978653 
vt 0.04342775046825409 0.20620693266391754 
vt 0.05338886380195618 0.2239425778388977 
vt 0.04342775046825409 0.24410775303840637 
vt 0.029093462973833084 0.20620693266391754 
vt 0.02921493910253048 0.27678507566452026 
vt 0.015123607590794563 0.3244040608406067 
vt 0.014880654402077198 0.20644988119602203 
vt 0.0024900001008063555 0.3738451898097992 
vt 0.004798063077032566 0.20997270941734314 
vt 0.016459854319691658 0.08169300109148026 
vt 0.007106125820428133 0.10428772866725922 
vt 0.04512842744588852 0.02119745872914791 
vt 0.03067266382277012 0.04464251920580864 
vt 0.026906877756118774 0.044521041214466095 
vt 0.03954048454761505 0.024720290675759315 
vt 0.03225186467170715 0.03395254164934158 
vt 0.49362149834632874 0.8981398940086365 
vt 0.4961725175380707 0.8884217739105225 
vt 0.4846322238445282 0.8830767869949341 
vt 0.4864543676376343 0.8729941844940186 
vt 0.49799469113349915 0.8783391714096069 
vt 0.48742619156837463 0.8625471591949463 
vt 0.4989664852619171 0.8678921461105347 
vt 0.4989664852619171 0.8569592237472534 
vt 0.4800160825252533 0.8586599230766296 
vt 0.48317450284957886 0.8486987948417664 
vt 0.08327220380306244 0.20219819247722626 
vt 0.08971048891544342 0.19454513490200043 
vt 0.09128968417644501 0.0028544310480356216 
vt 0.09590581059455872 0.19333036243915558 
vt 0.0974850133061409 0.0024900001008063555 
vt 0.10283000022172928 0.19806796312332153 
vt 0.1047736331820488 0.007713511120527983 
vt 0.10793203860521317 0.01075043622404337 
vt 0.11679985374212265 0.21130895614624023 
vt 0.11825758218765259 0.06930235028266907 
vt 0.12542472779750824 0.21167339384555817 
vt 0.1263965368270874 0.11437031626701355 
vt 0.12566767632961273 0.2166539579629898 
vt 0.11704280972480774 0.21641099452972412 
vt 0.12578915059566498 0.3044818341732025 
vt 0.11716429144144058 0.3120133876800537 
vt 0.12591062486171722 0.43093937635421753 
vt 0.11728576570749283 0.4305749535560608 
vt 0.12603211402893066 0.519253134727478 
vt 0.10708169639110565 0.31942349672317505 
vt 0.10319443047046661 0.24763058125972748 
vt 0.10307295620441437 0.20304852724075317 
vt 0.10331591218709946 0.3171154260635376 
vt 0.1034373864531517 0.4303320050239563 
vt 0.09894273430109024 0.3252543807029724 
vt 0.0937192291021347 0.3287772238254547 
vt 0.0937192291021347 0.4303320050239563 
vt 0.08375811576843262 0.4303320050239563 
vt 0.08363663405179977 0.3358228802680969 
vt 0.07379700243473053 0.4303320050239563 
vt 0.07367552071809769 0.3309638202190399 
vt 0.0637144073843956 0.43045347929000854 
vt 0.06359293311834335 0.34505513310432434 
vt 0.05934123694896698 0.35319408774375916 
vt 0.05375329405069351 0.3573243021965027 
vt 0.05375329405069351 0.43045347929000854 
vt 0.04391365870833397 0.4305749535560608 
vt 0.043792180716991425 0.36449146270751953 
vt 0.03929753229022026 0.36777132749557495 
vt 0.029579371213912964 0.3627907931804657 
vt 0.03164447844028473 0.3592679500579834 
vt 0.04148411750793457 0.3641270399093628 
vt 0.07367552071809769 0.26730987429618835 
vt 0.029579371213912964 0.4305749535560608 
vt 0.015366561710834503 0.3681357800960541 
vt 0.02945789322257042 0.31857314705848694 
vt 0.015366561710834503 0.32938459515571594 
vt 0.02945789322257042 0.2817656099796295 
vt 0.04367070272564888 0.28370925784111023 
vt 0.04367070272564888 0.249088317155838 
vt 0.05363181605935097 0.22892312705516815 
vt 0.05363181605935097 0.2765420973300934 
vt 0.058004990220069885 0.2733837068080902 
vt 0.06347145140171051 0.27617767453193665 
vt 0.05630430951714516 0.2773924469947815 
vt 0.06177077442407608 0.28018641471862793 
vt 0.015488038770854473 0.4308179020881653 
vt 0.07355404645204544 0.21106600761413574 
vt 0.08327220380306244 0.20219819247722626 
vt 0.08351515978574753 0.20730021595954895 
vt 0.09347627311944962 0.20414182543754578 
vt 0.08351515978574753 0.2550406754016876 
vt 0.09359774738550186 0.24775207042694092 
vt 0.09760648757219315 0.24483661353588104 
vt 0.1012507975101471 0.25163933634757996 
vt 0.09578433632850647 0.24884535372257233 
vt 0.07792721688747406 0.2590494155883789 
vt 0.10283000022172928 0.19806796312332153 
vt 0.11704280972480774 0.21641099452972412 
vt 0.11679985374212265 0.21130895614624023 
vt 0.09590581059455872 0.19333036243915558 
vt 0.08971048891544342 0.19454513490200043 
vt 0.741313099861145 0.9698113799095154 
vt 0.741313099861145 0.9598502516746521 
vt 0.7489661574363708 0.9596073031425476 
vt 0.741313099861145 0.9496461749076843 
vt 0.7489661574363708 0.9495247006416321 
vt 0.741313099861145 0.9395635724067688 
vt 0.7489661574363708 0.9393206238746643 
vt 0.741313099861145 0.9292380213737488 
vt 0.3389813005924225 0.9268084764480591 
vt 0.34675583243370056 0.8558658957481384 
vt 0.34675583243370056 0.9349474310874939 
vt 0.3985050320625305 0.8558658957481384 
vt 0.3949821889400482 0.8702002167701721 
vt 0.3976546823978424 0.8703216910362244 
vt 0.3976546823978424 0.884534478187561 
vt 0.3949821889400482 0.884534478187561 
vt 0.39753320813179016 0.8944956064224243 
vt 0.39486071467399597 0.8943741321563721 
vt 0.39753320813179016 0.9043352603912354 
vt 0.39486071467399597 0.9043352603912354 
vt 0.3974117338657379 0.9144178628921509 
vt 0.3947392404079437 0.9144178628921509 
vt 0.39801910519599915 0.9243789315223694 
vt 0.39534661173820496 0.9242574572563171 
vt 0.3985050320625305 0.9343400597572327 
vt 0.3957110345363617 0.9342185854911804 
vt 0.3959540128707886 0.943815290927887 
vt 0.38101232051849365 0.9440582394599915 
vt 0.377610981464386 0.9297239184379578 
vt 0.3802834749221802 0.9297239184379578 
vt 0.37748950719833374 0.9153896570205688 
vt 0.38016200065612793 0.9153896570205688 
vt 0.37748950719833374 0.9054285287857056 
vt 0.38016200065612793 0.9054285287857056 
vt 0.3773680329322815 0.8955888748168945 
vt 0.3800405263900757 0.8955888748168945 
vt 0.3773680329322815 0.8853848576545715 
vt 0.3800405263900757 0.8853848576545715 
vt 0.3779754042625427 0.8755452036857605 
vt 0.3806478977203369 0.8755452036857605 
vt 0.37833982706069946 0.865462601184845 
vt 0.38101232051849365 0.865462601184845 
vt 0.3784613013267517 0.8558658957481384 
vt 0.3519793152809143 0.9085869193077087 
vt 0.35586658120155334 0.9095587730407715 
vt 0.3517363667488098 0.9168474078178406 
vt 0.35562363266944885 0.9178192019462585 
vt 0.35586658120155334 0.9768570065498352 
vt 0.3519793152809143 0.9806228280067444 
vt 0.3176013231277466 0.8987473249435425 
vt 0.3176013231277466 0.9334897398948669 
vt 0.3213671147823334 0.9010553956031799 
vt 0.3213671147823334 0.9345830082893372 
vt 0.3213671147823334 0.9740630388259888 
vt 0.3176013231277466 0.977828860282898 
vt 0.9364051818847656 0.9818375706672668 
vt 0.9404138922691345 0.9818375706672668 
vt 0.9379843473434448 0.9718764424324036 
vt 0.45717841386795044 0.9774643778800964 
vt 0.45742136240005493 0.9869396090507507 
vt 0.45341262221336365 0.9772214293479919 
vt 0.510020911693573 0.9040923118591309 
vt 0.5062550902366638 0.9032419323921204 
vt 0.510020911693573 0.9124742150306702 
vt 0.5062550902366638 0.9115023612976074 
vt 0.510020911693573 0.9766140580177307 
vt 0.5062550902366638 0.9803798794746399 
vt 0.501274585723877 0.9809872508049011 
vt 0.501274585723877 0.9727268218994141 
vt 0.49763023853302 0.9800153970718384 
vt 0.4975087642669678 0.9717549681663513 
vt 0.49763023853302 0.9070077538490295 
vt 0.501274585723877 0.9032419323921204 
vt 0.9173333048820496 0.9897335767745972 
vt 0.9181836247444153 0.9908268451690674 
vt 0.9173333048820496 0.9788006544113159 
vt 0.9186695218086243 0.9915557503700256 
vt 0.9186695218086243 0.9756422638893127 
vt 0.8921875357627869 0.9726053476333618 
vt 0.8921875357627869 0.995807409286499 
vt 0.8913372159004211 0.9719979166984558 
vt 0.8907298445701599 0.9715120196342468 
vt 0.8907298445701599 0.996414840221405 
vt 0.12821869552135468 0.9711475968360901 
vt 0.12821869552135468 0.9313031435012817 
vt 0.1299193799495697 0.9774643778800964 
vt 0.1301623284816742 0.9780718088150024 
vt 0.1301623284816742 0.931910514831543 
vt 0.9607005715370178 0.288446843624115 
vt 0.9607005715370178 0.2557695508003235 
vt 0.9626442193984985 0.29184821248054504 
vt 0.9611864686012268 0.2549192011356354 
vt 0.9626442193984985 0.25236818194389343 
vt 0.9585139751434326 0.9937423467636108 
vt 0.9598502516746521 0.9945926666259766 
vt 0.9585139751434326 0.9723623394966125 
vt 0.9598502516746521 0.9716334939002991 
vt 0.9591213464736938 0.9719979166984558 
vt 0.8229456543922424 0.9711475968360901 
vt 0.8229456543922424 0.9679892063140869 
vt 0.8248893022537231 0.9775858521461487 
vt 0.8240389227867126 0.9576636552810669 
vt 0.8248893022537231 0.952561616897583 
vt 0.8244034051895142 0.9534119367599487 
vt 0.8092187643051147 0.9534119367599487 
vt 0.8092187643051147 0.9834167957305908 
vt 0.808854341506958 0.9529260396957397 
vt 0.807275116443634 0.952561616897583 
vt 0.807275116443634 0.9830523729324341 
vt 0.11011862009763718 0.9800153970718384 
vt 0.11011862009763718 0.9426004886627197 
vt 0.11169782280921936 0.9814731478691101 
vt 0.1120622530579567 0.9818375706672668 
vt 0.1120622530579567 0.943207859992981 
vt 0.11388441175222397 0.9455159306526184 
vt 0.11388441175222397 0.9803798794746399 
vt 0.1120622530579567 0.943207859992981 
vt 0.1120622530579567 0.9818375706672668 
vt 0.11388441175222397 0.9803798794746399 
vt 0.11242668330669403 0.9815946221351624 
vt 0.1120622530579567 0.9818375706672668 
vt 0.10513806343078613 0.9453944563865662 
vt 0.10404477268457413 0.9434508681297302 
vt 0.10513806343078613 0.9830523729324341 
vt 0.10319443047046661 0.9426004886627197 
vt 0.10319443047046661 0.9825664162635803 
vt 0.36801430583000183 0.9717549681663513 
vt 0.36801430583000183 0.9464877843856812 
vt 0.3693505525588989 0.9769784808158875 
vt 0.36995792388916016 0.9788006544113159 
vt 0.36995792388916016 0.943329393863678 
vt 0.9696898460388184 0.6055018305778503 
vt 0.9696898460388184 0.610968291759491 
vt 0.9693254232406616 0.609389066696167 
vt 0.9715120196342468 0.5954192280769348 
vt 0.9700543284416199 0.6031937599182129 
vt 0.9715120196342468 0.6150985360145569 
vt 0.9709046483039856 0.6138837337493896 
vt 0.9696898460388184 0.6055018305778503 
vt 0.9696898460388184 0.610968291759491 
vt 0.37178006768226624 0.9440582394599915 
vt 0.37178006768226624 0.9820805191993713 
vt 0.3714156448841095 0.9435723423957825 
vt 0.36995792388916016 0.9788006544113159 
vt 0.36995792388916016 0.943329393863678 
vt 0.3705652952194214 0.9801368713378906 
vt 0.27046826481819153 0.9331253170967102 
vt 0.27046826481819153 0.963373064994812 
vt 0.2690105438232422 0.932396411895752 
vt 0.2690105438232422 0.96434485912323 
vt 0.26949644088745117 0.9641019105911255 
vt 0.9718764424324036 0.977828860282898 
vt 0.9718764424324036 0.9846315383911133 
vt 0.9712690711021423 0.9823234677314758 
vt 0.27046826481819153 0.9702972769737244 
vt 0.2698608636856079 0.9698113799095154 
vt 0.27046826481819153 0.9950785636901855 
vt 0.2690105438232422 0.9693254232406616 
vt 0.2690105438232422 0.996414840221405 
vt 0.7878388166427612 0.9828093647956848 
vt 0.7878388166427612 0.9604576230049133 
vt 0.788203239440918 0.9841456413269043 
vt 0.7883247137069702 0.9576636552810669 
vt 0.7897824645042419 0.952561616897583 
vt 0.7888106107711792 0.9531689882278442 
vt 0.7897824645042419 0.986089289188385 
vt 0.9898550510406494 0.3565954566001892 
vt 0.9911913275718689 0.35720282793045044 
vt 0.9898550510406494 0.32999199628829956 
vt 0.9911913275718689 0.3287772238254547 
vt 0.9898550510406494 0.32999199628829956 
vt 0.9911913275718689 0.3287772238254547 
vt 0.9909483194351196 0.3290201723575592 
vt 0.4746710956096649 0.9614294171333313 
vt 0.4746710956096649 0.9836597442626953 
vt 0.47284895181655884 0.9660455584526062 
vt 0.4733348488807678 0.9822019934654236 
vt 0.47284895181655884 0.9814731478691101 
vt 0.47454962134361267 0.9836597442626953 
vt 0.9644663333892822 0.2535829544067383 
vt 0.9644663333892822 0.29318445920944214 
vt 0.9637374877929688 0.2524896562099457 
vt 0.9626442193984985 0.25236818194389343 
vt 0.9626442193984985 0.29184821248054504 
vt 0.5354095697402954 0.9788006544113159 
vt 0.5354095697402954 0.9871825575828552 
vt 0.534194827079773 0.9846315383911133 
vt 0.9836597442626953 0.6144911050796509 
vt 0.9848744869232178 0.6154629588127136 
vt 0.9836597442626953 0.596634030342102 
vt 0.98499596118927 0.5954192280769348 
vt 0.9847530126571655 0.5955407023429871 
vt 0.98499596118927 0.6155844330787659 
vt 0.006255786865949631 0.9449085593223572 
vt 0.004312154836952686 0.9373769760131836 
vt 0.006255786865949631 0.9797724485397339 
vt 0.004312154836952686 0.9795295000076294 
vt 0.006134309805929661 0.9800153970718384 
vt 0.8580524921417236 0.9768570065498352 
vt 0.8580524921417236 0.9639804363250732 
vt 0.8591458201408386 0.9819590449333191 
vt 0.8599961400032043 0.9836597442626953 
vt 0.8597531914710999 0.9498891234397888 
vt 0.8599961400032043 0.9495247006416321 
vt 0.8592672944068909 0.9507394433021545 
vt 0.8589028716087341 0.9552341103553772 
vt 0.973698616027832 0.9716334939002991 
vt 0.9722408652305603 0.9764925837516785 
vt 0.973698616027832 0.9871825575828552 
vt 0.9718764424324036 0.977828860282898 
vt 0.9718764424324036 0.9846315383911133 
vt 0.3811337947845459 0.9508609175682068 
vt 0.3811337947845459 0.9851174354553223 
vt 0.3795545995235443 0.9491602778434753 
vt 0.3791901767253876 0.9490388035774231 
vt 0.3791901767253876 0.9846315383911133 
vt 0.006377263925969601 0.8233100771903992 
vt 0.006134309805929661 0.8190584182739258 
vt 0.015852469950914383 0.8186939358711243 
vt 0.015852469950914383 0.7721682786941528 
vt 0.030065279453992844 0.7810360789299011 
vt 0.030065279453992844 0.8184509873390198 
vt 0.044278088957071304 0.7809146046638489 
vt 0.044278088957071304 0.8183295130729675 
vt 0.03042970970273018 0.8225812315940857 
vt 0.04439956322312355 0.8225812315940857 
vt 0.05423920229077339 0.8183295130729675 
vt 0.054360680282115936 0.8224597573280334 
vt 0.006012833211570978 0.7348748445510864 
vt 0.015730993822216988 0.6917505264282227 
vt 0.016702808439731598 0.8228241801261902 
vt 0.05423920229077339 0.7809146046638489 
vt 0.06407883763313293 0.7718038558959961 
vt 0.06420031934976578 0.8183295130729675 
vt 0.06420031934976578 0.8224597573280334 
vt 0.07428290694952011 0.8182080388069153 
vt 0.07440438121557236 0.8224597573280334 
vt 0.0842440202832222 0.8182080388069153 
vt 0.0842440202832222 0.8224597573280334 
vt 0.09420513361692429 0.8182080388069153 
vt 0.09420513361692429 0.8223382830619812 
vt 0.10380181670188904 0.8182080388069153 
vt 0.10355886071920395 0.8223382830619812 
vt 0.11777167022228241 0.8184509873390198 
vt 0.11704280972480774 0.8225812315940857 
vt 0.1263965368270874 0.8186939358711243 
vt 0.12481734156608582 0.8228241801261902 
vt 0.11765019595623016 0.734145998954773 
vt 0.12627506256103516 0.7343889474868774 
vt 0.10380181670188904 0.7339029908180237 
vt 0.09408365935087204 0.7339029908180237 
vt 0.10355886071920395 0.6046515107154846 
vt 0.11752872169017792 0.6048944592475891 
vt 0.1261535882949829 0.6051374077796936 
vt 0.11740723997354507 0.5188887119293213 
vt 0.10355886071920395 0.5186457633972168 
vt 0.0939621776342392 0.6046515107154846 
vt 0.08412254601716995 0.7339029908180237 
vt 0.07416143268346786 0.7339029908180237 
vt 0.06395736336708069 0.6912645697593689 
vt 0.07403995096683502 0.6046515107154846 
vt 0.06395736336708069 0.6406086683273315 
vt 0.05411772429943085 0.6817893981933594 
vt 0.05411772429943085 0.6498409509658813 
vt 0.04415661096572876 0.6817893981933594 
vt 0.04415661096572876 0.6499624252319336 
vt 0.0299438014626503 0.6819108724594116 
vt 0.029822325333952904 0.6499624252319336 
vt 0.015730993822216988 0.6409730911254883 
vt 0.005891356151551008 0.6013715863227844 
vt 0.015609515830874443 0.5586116909980774 
vt 0.015488038770854473 0.5191316604614258 
vt 0.005769879091531038 0.5196176171302795 
vt 0.015488038770854473 0.4308179020881653 
vt 0.005648402031511068 0.43130379915237427 
vt 0.015366561710834503 0.32938459515571594 
vt 0.005526924971491098 0.3676498532295227 
vt 0.0299438014626503 0.5190101861953735 
vt 0.029822325333952904 0.43069642782211304 
vt 0.044035132974386215 0.43069642782211304 
vt 0.04415661096572876 0.5190101861953735 
vt 0.0539962463080883 0.4305749535560608 
vt 0.05411772429943085 0.5188887119293213 
vt 0.06383588165044785 0.4305749535560608 
vt 0.06395736336708069 0.5188887119293213 
vt 0.07403995096683502 0.4305749535560608 
vt 0.07416143268346786 0.5188887119293213 
vt 0.08387959003448486 0.4305749535560608 
vt 0.08400106430053711 0.5188887119293213 
vt 0.0939621776342392 0.43045347929000854 
vt 0.09408365935087204 0.5188887119293213 
vt 0.09384070336818695 0.5186457633972168 
vt 0.08400106430053711 0.6046515107154846 
vt 0.08387959003448486 0.518767237663269 
vt 0.07391847670078278 0.518767237663269 
vt 0.06383588165044785 0.5582472681999207 
vt 0.06383588165044785 0.518767237663269 
vt 0.0539962463080883 0.5487720966339111 
vt 0.053874772042036057 0.518767237663269 
vt 0.044035132974386215 0.5487720966339111 
vt 0.04391365870833397 0.5188887119293213 
vt 0.02970084734261036 0.5487720966339111 
vt 0.02970084734261036 0.5188887119293213 
vt 0.2606286108493805 0.8558658957481384 
vt 0.271197110414505 0.8564733266830444 
vt 0.26026418805122375 0.9057929515838623 
vt 0.2709541618824005 0.9068862795829773 
vt 0.271197110414505 0.9274159073829651 
vt 0.2606286108493805 0.9265655279159546 
vt 0.8785821199417114 0.6158273816108704 
vt 0.8788250684738159 0.6062306761741638 
vt 0.852586030960083 0.6159488558769226 
vt 0.8508853912353516 0.6063521504402161 
vt 0.8495491147041321 0.38125529885292053 
vt 0.8774888515472412 0.3811337947845459 
vt 0.8493061661720276 0.34505513310432434 
vt 0.8772459030151367 0.3449336588382721 
vt 0.876759946346283 0.311648964881897 
vt 0.8872069716453552 0.31189191341400146 
vt 0.8872069716453552 0.34566253423690796 
vt 0.8510068655014038 0.3252543807029724 
vt 0.9169688820838928 0.2995012700557709 
vt 0.9169688820838928 0.5339518785476685 
vt 0.8921875357627869 0.2996227443218231 
vt 0.8921875357627869 0.5340733528137207 
vt 0.9169688820838928 0.6036796569824219 
vt 0.8921875357627869 0.5903171896934509 
vt 0.5696660876274109 0.6899283528327942 
vt 0.5669935941696167 0.699524998664856 
vt 0.5730674862861633 0.6899283528327942 
vt 0.5733104348182678 0.699524998664856 
vt 0.5733104348182678 0.9246218800544739 
vt 0.5669935941696167 0.9246218800544739 
vt 0.5733104348182678 0.9607005715370178 
vt 0.5669935941696167 0.9607005715370178 
vt 0.5696660876274109 0.9806228280067444 
vt 0.5730674862861633 0.9806228280067444 
vt 0.3522222936153412 0.9036064147949219 
vt 0.3517363667488098 0.8797969222068787 
vt 0.3630337417125702 0.9032419323921204 
vt 0.3624263405799866 0.8797969222068787 
vt 0.3630337417125702 0.8562303781509399 
vt 0.3522222936153412 0.8558658957481384 
vt 0.5282424688339233 0.9202487468719482 
vt 0.5278780460357666 0.8703216910362244 
vt 0.5388109683990479 0.919641375541687 
vt 0.5384465456008911 0.8692284226417542 
vt 0.5388109683990479 0.8486987948417664 
vt 0.5281209945678711 0.8495491147041321 
vt 0.8785821199417114 0.0026114769279956818 
vt 0.8788250684738159 0.012208160012960434 
vt 0.852586030960083 0.0024900001008063555 
vt 0.8508853912353516 0.012086682952940464 
vt 0.8495491147041321 0.2371835708618164 
vt 0.8774888515472412 0.23730504512786865 
vt 0.8493061661720276 0.2733837068080902 
vt 0.8772459030151367 0.2733837068080902 
vt 0.876759946346283 0.30666840076446533 
vt 0.8872069716453552 0.3065469264984131 
vt 0.8872069716453552 0.272776335477829 
vt 0.8510068655014038 0.29318445920944214 
vt 0.9173333048820496 0.6209294199943542 
vt 0.9173333048820496 0.8553799986839294 
vt 0.9421145915985107 0.6209294199943542 
vt 0.9421145915985107 0.8553799986839294 
vt 0.9173333048820496 0.9251078367233276 
vt 0.9421145915985107 0.9116238951683044 
vt 0.9822019934654236 0.2995012700557709 
vt 0.9848744869232178 0.30909794569015503 
vt 0.9788006544113159 0.2995012700557709 
vt 0.9785577058792114 0.30909794569015503 
vt 0.9785577058792114 0.534194827079773 
vt 0.9848744869232178 0.5343163013458252 
vt 0.9785577058792114 0.5703949928283691 
vt 0.9848744869232178 0.5703949928283691 
vt 0.9822019934654236 0.5903171896934509 
vt 0.9788006544113159 0.5903171896934509 
vt 0.7358466386795044 0.39340299367904663 
vt 0.6591946482658386 0.39340299367904663 
vt 0.6591946482658386 0.5395398139953613 
vt 0.5825426578521729 0.39340299367904663 
vt 0.5825426578521729 0.5395398139953613 
vt 0.5825426578521729 0.6857981085777283 
vt 0.6591946482658386 0.6857981085777283 
vt 0.7358466386795044 0.6857981085777283 
vt 0.7358466386795044 0.5395398139953613 
vt 0.5723385810852051 0.392795592546463 
vt 0.5644425749778748 0.4016634225845337 
vt 0.5676010251045227 0.3925526440143585 
vt 0.49264970421791077 0.4016634225845337 
vt 0.5644425749778748 0.5384465456008911 
vt 0.49264970421791077 0.5384465456008911 
vt 0.49264970421791077 0.6751081347465515 
vt 0.420856773853302 0.5384465456008911 
vt 0.5775620937347412 0.4021493196487427 
vt 0.5775620937347412 0.5388109683990479 
vt 0.5644425749778748 0.6751081347465515 
vt 0.5676010251045227 0.6847048401832581 
vt 0.49264970421791077 0.6847048401832581 
vt 0.4178198575973511 0.6847048401832581 
vt 0.420856773853302 0.6751081347465515 
vt 0.41296079754829407 0.6849477887153625 
vt 0.4078587591648102 0.6755940318107605 
vt 0.4078587591648102 0.5388109683990479 
vt 0.420856773853302 0.4016634225845337 
vt 0.4078587591648102 0.4021493196487427 
vt 0.41296079754829407 0.392795592546463 
vt 0.4178198575973511 0.3925526440143585 
vt 0.49264970421791077 0.3925526440143585 
vt 0.5775620937347412 0.6755940318107605 
vt 0.5723385810852051 0.6849477887153625 
vt 0.9466092586517334 0.5916534662246704 
vt 0.9466092586517334 0.44563809037208557 
vt 0.9219493865966797 0.5915319919586182 
vt 0.9219493865966797 0.4455166161060333 
vt 0.9219493865966797 0.2995012700557709 
vt 0.9466092586517334 0.2996227443218231 
vt 0.9777073264122009 0.6209294199943542 
vt 0.9743059873580933 0.6209294199943542 
vt 0.9802583456039429 0.630526065826416 
vt 0.9740630388259888 0.630526065826416 
vt 0.9740630388259888 0.7671877145767212 
vt 0.9802583456039429 0.7671877145767212 
vt 0.9802583456039429 0.9038493633270264 
vt 0.9740630388259888 0.9038493633270264 
vt 0.9743059873580933 0.9128386378288269 
vt 0.9777073264122009 0.9128386378288269 
vt 0.9121097922325134 0.9128386378288269 
vt 0.886113703250885 0.9129601120948792 
vt 0.9123527407646179 0.9038493633270264 
vt 0.8844130039215088 0.9039708375930786 
vt 0.8844130039215088 0.7673091888427734 
vt 0.9123527407646179 0.7671877145767212 
vt 0.9123527407646179 0.630526065826416 
vt 0.8844130039215088 0.6306475400924683 
vt 0.886113703250885 0.6209294199943542 
vt 0.9121097922325134 0.6209294199943542 
vt 0.7790924906730652 0.9475810527801514 
vt 0.8038737773895264 0.9474595785140991 
vt 0.7790924906730652 0.8015657067298889 
vt 0.8038737773895264 0.8014442324638367 
vt 0.8038737773895264 0.6554288864135742 
vt 0.7790924906730652 0.6555503606796265 
vt 0.5583687424659729 0.6899283528327942 
vt 0.5617700815200806 0.6899283528327942 
vt 0.555817723274231 0.699524998664856 
vt 0.5620130896568298 0.699524998664856 
vt 0.5620130896568298 0.8361866474151611 
vt 0.555817723274231 0.8361866474151611 
vt 0.555817723274231 0.9728482961654663 
vt 0.5620130896568298 0.9728482961654663 
vt 0.5617700815200806 0.9818375706672668 
vt 0.5583687424659729 0.9819590449333191 
vt 0.9197628498077393 0.29452070593833923 
vt 0.920127272605896 0.2849240303039551 
vt 0.8938882350921631 0.29452070593833923 
vt 0.8921875357627869 0.2849240303039551 
vt 0.8921875357627869 0.1482623964548111 
vt 0.920127272605896 0.1482623964548111 
vt 0.920127272605896 0.011600774712860584 
vt 0.8921875357627869 0.011600774712860584 
vt 0.8938882350921631 0.0024900001008063555 
vt 0.9197628498077393 0.0026114769279956818 
vt 0.6502053737640381 0.9279018044471741 
vt 0.6488690972328186 0.909315824508667 
vt 0.644495964050293 0.9279018044471741 
vt 0.6431596875190735 0.909315824508667 
vt 0.6488690972328186 0.8790680170059204 
vt 0.6431596875190735 0.8790680170059204 
vt 0.6431596875190735 0.8489417433738708 
vt 0.6328341364860535 0.8489417433738708 
vt 0.6328341364860535 0.8790680170059204 
vt 0.6328341364860535 0.909315824508667 
vt 0.6226300597190857 0.909315824508667 
vt 0.6226300597190857 0.8790680170059204 
vt 0.6125475168228149 0.909315824508667 
vt 0.6488690972328186 0.8489417433738708 
vt 0.644495964050293 0.8302342891693115 
vt 0.6502053737640381 0.8302342891693115 
vt 0.6226300597190857 0.8489417433738708 
vt 0.6125475168228149 0.8489417433738708 
vt 0.6125475168228149 0.8790680170059204 
vt 0.6024649143218994 0.8489417433738708 
vt 0.6024649143218994 0.8790680170059204 
vt 0.5954192280769348 0.8440826535224915 
vt 0.5954192280769348 0.8790680170059204 
vt 0.5954192280769348 0.9140533804893494 
vt 0.5891024470329285 0.9140533804893494 
vt 0.5891024470329285 0.8790680170059204 
vt 0.5825426578521729 0.909315824508667 
vt 0.5825426578521729 0.8790680170059204 
vt 0.5825426578521729 0.8489417433738708 
vt 0.5891024470329285 0.8440826535224915 
vt 0.6024649143218994 0.909315824508667 
vt 0.40287819504737854 0.6167991757392883 
vt 0.3833203911781311 0.6164347529411316 
vt 0.40105605125427246 0.45292672514915466 
vt 0.38562846183776855 0.4503757059574127 
vt 0.38562846183776855 0.39510366320610046 
vt 0.3658277094364166 0.4500112533569336 
vt 0.3658277094364166 0.3947392404079437 
vt 0.3433544635772705 0.44988977909088135 
vt 0.3433544635772705 0.3946177661418915 
vt 0.33157119154930115 0.44988977909088135 
vt 0.40105605125427246 0.3954680860042572 
vt 0.38562846183776855 0.30666840076446533 
vt 0.40105605125427246 0.3071543276309967 
vt 0.38562846183776855 0.22479291260242462 
vt 0.40105605125427246 0.2252788245677948 
vt 0.38562846183776855 0.09128968417644501 
vt 0.40105605125427246 0.09177559614181519 
vt 0.3658277094364166 0.30642545223236084 
vt 0.3433544635772705 0.30618250370025635 
vt 0.33157119154930115 0.3946177661418915 
vt 0.31990939378738403 0.3946177661418915 
vt 0.31990939378738403 0.44988977909088135 
vt 0.29731467366218567 0.3947392404079437 
vt 0.29731467366218567 0.4500112533569336 
vt 0.27751392126083374 0.39510366320610046 
vt 0.27751392126083374 0.4503757059574127 
vt 0.26220783591270447 0.45292672514915466 
vt 0.2798219919204712 0.6164347529411316 
vt 0.26026418805122375 0.6167991757392883 
vt 0.3658277094364166 0.22454994916915894 
vt 0.26220783591270447 0.3954680860042572 
vt 0.27751392126083374 0.30666840076446533 
vt 0.26220783591270447 0.3071543276309967 
vt 0.27751392126083374 0.22479291260242462 
vt 0.26220783591270447 0.2252788245677948 
vt 0.27751392126083374 0.09128968417644501 
vt 0.26220783591270447 0.09177559614181519 
vt 0.29731467366218567 0.30642545223236084 
vt 0.31990939378738403 0.30618250370025635 
vt 0.33157119154930115 0.30618250370025635 
vt 0.3433544635772705 0.22430700063705444 
vt 0.3658277094364166 0.09092525392770767 
vt 0.38562846183776855 0.00698464922606945 
vt 0.40105605125427246 0.007470557000488043 
vt 0.38477811217308044 0.0029759081080555916 
vt 0.398747980594635 0.0033403390552848577 
vt 0.29731467366218567 0.22454994916915894 
vt 0.36534181237220764 0.0026114769279956818 
vt 0.3658277094364166 0.0066202180460095406 
vt 0.3433544635772705 0.09080377966165543 
vt 0.33157119154930115 0.22430700063705444 
vt 0.31990939378738403 0.22430700063705444 
vt 0.29731467366218567 0.09092525392770767 
vt 0.27751392126083374 0.00698464922606945 
vt 0.26220783591270447 0.007470557000488043 
vt 0.27836427092552185 0.0029759081080555916 
vt 0.2643944025039673 0.0033403390552848577 
vt 0.34323298931121826 0.0024900001008063555 
vt 0.29780060052871704 0.0026114769279956818 
vt 0.29731467366218567 0.0066202180460095406 
vt 0.3200308680534363 0.0024900001008063555 
vt 0.31990939378738403 0.09080377966165543 
vt 0.33157119154930115 0.09080377966165543 
vt 0.3433544635772705 0.006498740985989571 
vt 0.33157119154930115 0.0024900001008063555 
vt 0.33157119154930115 0.006498740985989571 
vt 0.31990939378738403 0.006498740985989571 
vt 0.5865514278411865 0.8205161094665527 
vt 0.5865514278411865 0.7556474208831787 
vt 0.6710994243621826 0.8205161094665527 
vt 0.6710994243621826 0.7556474208831787 
vt 0.6710994243621826 0.6907786726951599 
vt 0.5865514278411865 0.6907786726951599 
vt 0.5825426578521729 0.6916289925575256 
vt 0.5825426578521729 0.7556474208831787 
vt 0.5825426578521729 0.819665789604187 
vt 0.9931349158287048 0.9365266561508179 
vt 0.9897335767745972 0.9416286945343018 
vt 0.9915557503700256 0.9164829254150391 
vt 0.9882758259773254 0.921584963798523 
vt 0.9890047311782837 0.8838056325912476 
vt 0.985481858253479 0.8889076709747314 
vt 0.988640308380127 0.8361866474151611 
vt 0.9852389097213745 0.841288685798645 
vt 0.9931349158287048 0.7977999448776245 
vt 0.9909483194351196 0.7917260527610779 
vt 0.4106527268886566 0.9043352603912354 
vt 0.4078587591648102 0.8547726273536682 
vt 0.42340779304504395 0.9447870850563049 
vt 0.4230433702468872 0.8519786596298218 
vt 0.42608028650283813 0.8486987948417664 
vt 0.42608028650283813 0.9580280780792236 
vt 0.4190346300601959 0.9873040318489075 
vt 0.4190346300601959 0.9630086421966553 
vt 0.41696953773498535 0.9842671155929565 
vt 0.4166050851345062 0.9653167128562927 
vt 0.46179452538490295 0.9429649114608765 
vt 0.45632806420326233 0.8999620676040649 
vt 0.4614301025867462 0.9564488530158997 
vt 0.45341262221336365 0.8999620676040649 
vt 0.46179452538490295 0.851614236831665 
vt 0.4590005576610565 0.8486987948417664 
vt 0.7710749506950378 0.7585628628730774 
vt 0.773868978023529 0.7606279850006104 
vt 0.7704675793647766 0.7888106107711792 
vt 0.773868978023529 0.7888106107711792 
vt 0.773868978023529 0.8168718218803406 
vt 0.7710749506950378 0.8190584182739258 
vt 0.7714394330978394 0.9913128018379211 
vt 0.7714394330978394 0.8254966735839844 
vt 0.7646366953849792 0.9105305671691895 
vt 0.7646366953849792 0.8296269178390503 
vt 0.448432058095932 0.9566918611526489 
vt 0.4405360519886017 0.9370125532150269 
vt 0.4413864016532898 0.9536548852920532 
vt 0.4351910650730133 0.9379843473434448 
vt 0.4365273118019104 0.9144178628921509 
vt 0.4310608506202698 0.9153896570205688 
vt 0.4365273118019104 0.9027560353279114 
vt 0.4310608506202698 0.9027560353279114 
vt 0.4310608506202698 0.8900009393692017 
vt 0.4365273118019104 0.8909727931022644 
vt 0.4351910650730133 0.8674062490463257 
vt 0.4405360519886017 0.8683780431747437 
vt 0.4413864016532898 0.8517357110977173 
vt 0.448432058095932 0.8486987948417664 
vt 0.8426249027252197 0.7356036901473999 
vt 0.8425034284591675 0.7048699855804443 
vt 0.841288685798645 0.7354822158813477 
vt 0.8411672115325928 0.7048699855804443 
vt 0.841288685798645 0.6742578148841858 
vt 0.8426249027252197 0.6741363406181335 
vt 0.7513957023620605 0.9173333048820496 
vt 0.7466580867767334 0.9172118306159973 
vt 0.7596561312675476 0.9242574572563171 
vt 0.7488446831703186 0.9238930344581604 
vt 0.7345104217529297 0.9053070545196533 
vt 0.7298942804336548 0.9053070545196533 
vt 0.7345104217529297 0.874816358089447 
vt 0.7298942804336548 0.874816358089447 
vt 0.7298942804336548 0.8444470763206482 
vt 0.7345104217529297 0.8444470763206482 
vt 0.7488446831703186 0.8258610963821411 
vt 0.7466580867767334 0.8324208855628967 
vt 0.7596561312675476 0.8254966735839844 
vt 0.7513957023620605 0.8322994112968445 
vt 0.7730185985565186 0.7348748445510864 
vt 0.7730185985565186 0.7045055627822876 
vt 0.7704675793647766 0.7348748445510864 
vt 0.7704675793647766 0.7045055627822876 
vt 0.7704675793647766 0.6742578148841858 
vt 0.7730185985565186 0.6741363406181335 
vt 0.1350214034318924 0.8350933790206909 
vt 0.13975900411605835 0.8352148532867432 
vt 0.12821869552135468 0.8282906413078308 
vt 0.13769389688968658 0.8285335898399353 
vt 0.1517852395772934 0.8471195697784424 
vt 0.15652284026145935 0.8471195697784424 
vt 0.1517852395772934 0.877367377281189 
vt 0.15652284026145935 0.877367377281189 
vt 0.15652284026145935 0.9074936509132385 
vt 0.1517852395772934 0.9074936509132385 
vt 0.13769389688968658 0.9260796308517456 
vt 0.13975900411605835 0.9193983674049377 
vt 0.12821869552135468 0.9263225793838501 
vt 0.1350214034318924 0.9195199012756348 
vt 0.9300884008407593 0.9300884008407593 
vt 0.9300884008407593 0.9484313726425171 
vt 0.9378628730773926 0.9348259568214417 
vt 0.9378628730773926 0.9484313726425171 
vt 0.9378628730773926 0.9621583223342896 
vt 0.9300884008407593 0.9668958783149719 
vt 0.9554770588874817 0.6148555278778076 
vt 0.9553555846214294 0.6092675924301147 
vt 0.9517112970352173 0.6129119396209717 
vt 0.951589822769165 0.6092675924301147 
vt 0.9553555846214294 0.5994279980659485 
vt 0.951589822769165 0.5993065237998962 
vt 0.9554770588874817 0.5954192280769348 
vt 0.9517112970352173 0.5972414016723633 
vt 0.9219493865966797 0.5984561443328857 
vt 0.9255937337875366 0.596634030342102 
vt 0.9219493865966797 0.6008856892585754 
vt 0.9255937337875366 0.6008856892585754 
vt 0.9219493865966797 0.6107253432273865 
vt 0.9255937337875366 0.6107253432273865 
vt 0.1345355063676834 0.4581502377986908 
vt 0.13137710094451904 0.4519549012184143 
vt 0.1345355063676834 0.39449629187583923 
vt 0.1314985752105713 0.3946177661418915 
vt 0.13465698063373566 0.30618250370025635 
vt 0.13162004947662354 0.3063039779663086 
vt 0.1347784548997879 0.22430700063705444 
vt 0.13162004947662354 0.2244284749031067 
vt 0.13489992916584015 0.09092525392770767 
vt 0.13186299800872803 0.09104673564434052 
vt 0.1350214034318924 0.0066202180460095406 
vt 0.13186299800872803 0.0067416951060295105 
vt 0.1325918734073639 0.0026114769279956818 
vt 0.13526436686515808 0.0024900001008063555 
vt 0.4624019265174866 0.9711475968360901 
vt 0.4624019265174866 0.9815946221351624 
vt 0.4660462439060211 0.9709046483039856 
vt 0.46616771817207336 0.9814731478691101 
vt 0.4625234007835388 0.9851174354553223 
vt 0.4662891924381256 0.9869396090507507 
vt 0.4432085454463959 0.9828093647956848 
vt 0.43944278359413147 0.9809872508049011 
vt 0.4432085454463959 0.9768570065498352 
vt 0.43944278359413147 0.9769784808158875 
vt 0.4432085454463959 0.9664099812507629 
vt 0.43944278359413147 0.9665314555168152 
vt 0.4432085454463959 0.9616723656654358 
vt 0.43944278359413147 0.963858962059021 
vt 0.8787035942077637 0.9705402255058289 
vt 0.8787035942077637 0.9965363144874573 
vt 0.877367377281189 0.9712690711021423 
vt 0.877367377281189 0.9955644607543945 
vt 0.7810360789299011 0.988032877445221 
vt 0.7810360789299011 0.9538978934288025 
vt 0.7828582525253296 0.9876684546470642 
vt 0.7828582525253296 0.952561616897583 
vt 0.013179975561797619 0.9350689053535461 
vt 0.013179975561797619 0.9770999550819397 
vt 0.011236344464123249 0.9373769760131836 
vt 0.011236344464123249 0.9800153970718384 
vt 0.7639078497886658 0.6555503606796265 
vt 0.7639078497886658 0.6857981085777283 
vt 0.7625715732574463 0.6562792062759399 
vt 0.7625715732574463 0.6844618916511536 
vt 0.23912718892097473 0.9336112141609192 
vt 0.23912718892097473 0.9797724485397339 
vt 0.2371835708618164 0.9372555017471313 
vt 0.2371835708618164 0.9803798794746399 
vt 0.6458321809768677 0.9389562010765076 
vt 0.6458321809768677 0.9796509742736816 
vt 0.643888533115387 0.9424790143966675 
vt 0.643888533115387 0.9801368713378906 
vt 0.909315824508667 0.9191554188728333 
vt 0.909315824508667 0.9653167128562927 
vt 0.9073721766471863 0.9227997660636902 
vt 0.9073721766471863 0.965924084186554 
vt 0.08327220380306244 0.9756422638893127 
vt 0.08327220380306244 0.9349474310874939 
vt 0.08521583676338196 0.9721193909645081 
vt 0.08521583676338196 0.9344615340232849 
vt 0.180939719080925 0.9336112141609192 
vt 0.180939719080925 0.9797724485397339 
vt 0.17899608612060547 0.9372555017471313 
vt 0.17899608612060547 0.9803798794746399 
vt 0.5932326316833496 0.9389562010765076 
vt 0.5932326316833496 0.9796509742736816 
vt 0.5912890434265137 0.9424790143966675 
vt 0.5912890434265137 0.9801368713378906 
vt 0.048165351152420044 0.9349474310874939 
vt 0.048165351152420044 0.9756422638893127 
vt 0.04634319618344307 0.9373769760131836 
vt 0.04634319618344307 0.9769784808158875 
vt 0.16332554817199707 0.933003842830658 
vt 0.16332554817199707 0.9790436029434204 
vt 0.1615033894777298 0.9353118538856506 
vt 0.1615033894777298 0.9803798794746399 
vt 0.9962933659553528 0.20377738773822784 
vt 0.9962933659553528 0.23196005821228027 
vt 0.9949570894241333 0.20450624823570251 
vt 0.9949570894241333 0.2312311977148056 
vt 0.8971680998802185 0.9961718320846558 
vt 0.8971680998802185 0.9715120196342468 
vt 0.898504376411438 0.9955644607543945 
vt 0.898504376411438 0.9726053476333618 
vt 0.9801368713378906 0.9716334939002991 
vt 0.9801368713378906 0.9909483194351196 
vt 0.9788006544113159 0.9724838733673096 
vt 0.9788006544113159 0.9882758259773254 
vt 0.26220783591270447 0.9337326884269714 
vt 0.26220783591270447 0.9797724485397339 
vt 0.26026418805122375 0.9373769760131836 
vt 0.26026418805122375 0.9803798794746399 
vt 0.6370858550071716 0.9389562010765076 
vt 0.6370858550071716 0.9796509742736816 
vt 0.6351422071456909 0.9424790143966675 
vt 0.6351422071456909 0.9801368713378906 
vt 0.08327220380306244 0.9349474310874939 
vt 0.08327220380306244 0.9756422638893127 
vt 0.08145005255937576 0.9373769760131836 
vt 0.08145005255937576 0.9769784808158875 
vt 0.909315824508667 0.9653167128562927 
vt 0.909315824508667 0.9191554188728333 
vt 0.9111379384994507 0.9630086421966553 
vt 0.9111379384994507 0.9179406762123108 
vt 0.4325185716152191 0.9792865514755249 
vt 0.43203267455101013 0.9761281609535217 
vt 0.4310608506202698 0.9702972769737244 
vt 0.4325185716152191 0.9792865514755249 
vt 0.4325185716152191 0.963858962059021 
vt 0.4310608506202698 0.9702972769737244 
vt 0.5932326316833496 0.9796509742736816 
vt 0.5932326316833496 0.9389562010765076 
vt 0.5950548052787781 0.9773429036140442 
vt 0.5950548052787781 0.9377413988113403 
vt 0.180939719080925 0.9797724485397339 
vt 0.180939719080925 0.9336112141609192 
vt 0.18276186287403107 0.9774643778800964 
vt 0.18276186287403107 0.932396411895752 
vt 0.03067266382277012 0.9789221286773682 
vt 0.03067266382277012 0.9350689053535461 
vt 0.03261629492044449 0.9770999550819397 
vt 0.03261629492044449 0.9344615340232849 
vt 0.09214002639055252 0.9357978105545044 
vt 0.09214002639055252 0.9764925837516785 
vt 0.090196393430233 0.9393206238746643 
vt 0.090196393430233 0.9769784808158875 
vt 0.6282180547714233 0.9788006544113159 
vt 0.6282180547714233 0.9381058812141418 
vt 0.6301616430282593 0.975277841091156 
vt 0.6301616430282593 0.9377413988113403 
vt 0.6282180547714233 0.9381058812141418 
vt 0.6282180547714233 0.9788006544113159 
vt 0.6263958811759949 0.9405353665351868 
vt 0.6263958811759949 0.9801368713378906 
vt 0.798528790473938 0.986575186252594 
vt 0.798528790473938 0.953047513961792 
vt 0.8004724383354187 0.9847530126571655 
vt 0.8004724383354187 0.952561616897583 
vt 0.8161429166793823 0.953047513961792 
vt 0.8161429166793823 0.9835382699966431 
vt 0.8141993284225464 0.9554770588874817 
vt 0.8141993284225464 0.9825664162635803 
vt 0.8998405933380127 0.6086602210998535 
vt 0.8998405933380127 0.6146125793457031 
vt 0.898504376411438 0.6116971373558044 
vt 0.898504376411438 0.6140052080154419 
vt 0.9975081086158752 0.4619159996509552 
vt 0.9975081086158752 0.4899772107601166 
vt 0.9961718320846558 0.46264487504959106 
vt 0.9961718320846558 0.48936980962753296 
vt 0.8512498140335083 0.9498891234397888 
vt 0.8512498140335083 0.985481858253479 
vt 0.8493061661720276 0.9523186683654785 
vt 0.8493061661720276 0.984510064125061 
vt 0.8336356282234192 0.9813516736030579 
vt 0.8336356282234192 0.9564488530158997 
vt 0.8355792760848999 0.9811087250709534 
vt 0.8355792760848999 0.952561616897583 
vt 0.33800947666168213 0.9769784808158875 
vt 0.33800947666168213 0.9909483194351196 
vt 0.33667322993278503 0.9801368713378906 
vt 0.33667322993278503 0.9893691539764404 
vt 0.9975081086158752 0.39558956027030945 
vt 0.9975081086158752 0.42377224564552307 
vt 0.9961718320846558 0.39643990993499756 
vt 0.9961718320846558 0.42316484451293945 
vt 0.3621833920478821 0.9085869193077087 
vt 0.3621833920478821 0.9405353665351868 
vt 0.360847145318985 0.909315824508667 
vt 0.360847145318985 0.9399279952049255 
vt 0.06577951461076736 0.9349474310874939 
vt 0.06577951461076736 0.9756422638893127 
vt 0.06383588165044785 0.9373769760131836 
vt 0.06383588165044785 0.9769784808158875 
vt 0.18956458568572998 0.933003842830658 
vt 0.18956458568572998 0.9790436029434204 
vt 0.1877424269914627 0.9353118538856506 
vt 0.1877424269914627 0.9803798794746399 
vt 0.9801368713378906 0.2528541088104248 
vt 0.9801368713378906 0.2928200364112854 
vt 0.9783147573471069 0.25516214966773987 
vt 0.9783147573471069 0.2919696867465973 
vt 0.16332554817199707 0.9790436029434204 
vt 0.16332554817199707 0.933003842830658 
vt 0.1652691811323166 0.9753993153572083 
vt 0.1652691811323166 0.932396411895752 
vt 0.048165351152420044 0.9756422638893127 
vt 0.048165351152420044 0.9349474310874939 
vt 0.05010898411273956 0.9721193909645081 
vt 0.05010898411273956 0.9344615340232849 
vt 0.9975081086158752 0.5281209945678711 
vt 0.9975081086158752 0.5561821460723877 
vt 0.9961718320846558 0.5288498401641846 
vt 0.9961718320846558 0.5555747747421265 
vt 0.09214002639055252 0.9764925837516785 
vt 0.09214002639055252 0.9357978105545044 
vt 0.0939621776342392 0.9740630388259888 
vt 0.0939621776342392 0.9344615340232849 
vt 0.03067266382277012 0.9350689053535461 
vt 0.03067266382277012 0.9789221286773682 
vt 0.028850508853793144 0.9374984502792358 
vt 0.028850508853793144 0.9774643778800964 
vt 0.9961718320846558 0.4568139910697937 
vt 0.9961718320846558 0.4287527799606323 
vt 0.9975081086158752 0.45608511567115784 
vt 0.9975081086158752 0.42936018109321594 
vt 0.33800947666168213 0.9399279952049255 
vt 0.33800947666168213 0.9719979166984558 
vt 0.33667322993278503 0.9406569004058838 
vt 0.33667322993278503 0.9712690711021423 
vt 0.9911913275718689 0.5281209945678711 
vt 0.9911913275718689 0.5561821460723877 
vt 0.9898550510406494 0.5288498401641846 
vt 0.9898550510406494 0.5555747747421265 
vt 0.952075719833374 0.2917267382144928 
vt 0.952075719833374 0.25977829098701477 
vt 0.9534119367599487 0.29111936688423157 
vt 0.9534119367599487 0.26050713658332825 
vt 0.15591545403003693 0.9682321548461914 
vt 0.15591545403003693 0.996414840221405 
vt 0.15457920730113983 0.9690824747085571 
vt 0.15457920730113983 0.995807409286499 
vt 0.9883973598480225 0.25236818194389343 
vt 0.9883973598480225 0.28431662917137146 
vt 0.987061083316803 0.2530970573425293 
vt 0.987061083316803 0.283587783575058 
vt 0.9898550510406494 0.589345395565033 
vt 0.9898550510406494 0.5611627101898193 
vt 0.9911913275718689 0.5884950757026672 
vt 0.9911913275718689 0.5617700815200806 
vt 0.9866966605186462 0.9466092586517334 
vt 0.9866966605186462 0.9785577058792114 
vt 0.9852389097213745 0.9473381042480469 
vt 0.9852389097213745 0.977828860282898 
vt 0.9911913275718689 0.39558956027030945 
vt 0.9911913275718689 0.42377224564552307 
vt 0.9898550510406494 0.39643990993499756 
vt 0.9898550510406494 0.42316484451293945 
vt 0.8425034284591675 0.8700787425041199 
vt 0.8425034284591675 0.9020271897315979 
vt 0.8411672115325928 0.8708075881004333 
vt 0.8411672115325928 0.9012983441352844 
vt 0.6370858550071716 0.9796509742736816 
vt 0.6370858550071716 0.9389562010765076 
vt 0.6389080286026001 0.9773429036140442 
vt 0.6389080286026001 0.9377413988113403 
vt 0.26220783591270447 0.9797724485397339 
vt 0.26220783591270447 0.9337326884269714 
vt 0.26402997970581055 0.9774643778800964 
vt 0.26402997970581055 0.932396411895752 
vt 0.13890866935253143 0.9786791801452637 
vt 0.13890866935253143 0.9326393604278564 
vt 0.1407308280467987 0.9763711094856262 
vt 0.1407308280467987 0.9313031435012817 
vt 0.6458321809768677 0.9796509742736816 
vt 0.6458321809768677 0.9389562010765076 
vt 0.6476543545722961 0.9773429036140442 
vt 0.6476543545722961 0.9377413988113403 
vt 0.23912718892097473 0.9797724485397339 
vt 0.23912718892097473 0.9336112141609192 
vt 0.240949347615242 0.9774643778800964 
vt 0.240949347615242 0.932396411895752 
vt 0.21276669204235077 0.9336112141609192 
vt 0.21276669204235077 0.9797724485397339 
vt 0.21082305908203125 0.9372555017471313 
vt 0.21082305908203125 0.9803798794746399 
vt 0.6107253432273865 0.9389562010765076 
vt 0.6107253432273865 0.9796509742736816 
vt 0.6087816953659058 0.9424790143966675 
vt 0.6087816953659058 0.9801368713378906 
vt 0.9911913275718689 0.49495774507522583 
vt 0.9911913275718689 0.5231404304504395 
vt 0.9898550510406494 0.4956866204738617 
vt 0.9898550510406494 0.522411584854126 
vt 0.8425034284591675 0.7962207198143005 
vt 0.8425034284591675 0.8281691670417786 
vt 0.8411672115325928 0.796949565410614 
vt 0.8411672115325928 0.8274403214454651 
vt 0.6107253432273865 0.9796509742736816 
vt 0.6107253432273865 0.9389562010765076 
vt 0.6125475168228149 0.9773429036140442 
vt 0.6125475168228149 0.9377413988113403 
vt 0.21276669204235077 0.9797724485397339 
vt 0.21276669204235077 0.9336112141609192 
vt 0.2147103250026703 0.9774643778800964 
vt 0.2147103250026703 0.932396411895752 
vt 0.18956458568572998 0.9790436029434204 
vt 0.18956458568572998 0.933003842830658 
vt 0.1915082186460495 0.9753993153572083 
vt 0.1915082186460495 0.932396411895752 
vt 0.06577951461076736 0.9756422638893127 
vt 0.06577951461076736 0.9349474310874939 
vt 0.06760167330503464 0.9721193909645081 
vt 0.06760167330503464 0.9344615340232849 
vt 0.9609435200691223 0.918062150478363 
vt 0.964952290058136 0.9200057983398438 
vt 0.9585139751434326 0.9325178861618042 
vt 0.962887167930603 0.9321534633636475 
vt 0.9594858288764954 0.9467307329177856 
vt 0.963858962059021 0.9464877843856812 
vt 0.9600932002067566 0.9566918611526489 
vt 0.9644663333892822 0.9563273787498474 
vt 0.9607005715370178 0.9666529297828674 
vt 0.964952290058136 0.9648308157920837 
vt 0.873237133026123 0.9169688820838928 
vt 0.8774888515472412 0.9187909960746765 
vt 0.8726297616958618 0.9275373816490173 
vt 0.8770028948783875 0.9277803301811218 
vt 0.8774888515472412 0.9634945392608643 
vt 0.8734800815582275 0.9655596613883972 
vt 0.8754237294197083 0.9519542455673218 
vt 0.8710505366325378 0.951589822769165 
vt 0.876274049282074 0.9377413988113403 
vt 0.8719009160995483 0.9373769760131836 
vt 0.8770028948783875 0.9277803301811218 
vt 0.8726297616958618 0.9275373816490173 
vt 0.9023916125297546 0.9644663333892822 
vt 0.8983829021453857 0.9665314555168152 
vt 0.9002050161361694 0.9528045654296875 
vt 0.8958318829536438 0.952561616897583 
vt 0.9011768698692322 0.9385917782783508 
vt 0.8968036770820618 0.9383488297462463 
vt 0.9017842411994934 0.9287521243095398 
vt 0.897411048412323 0.9285091757774353 
vt 0.8980184197425842 0.9179406762123108 
vt 0.9023916125297546 0.9197628498077393 
vt 0.897411048412323 0.9285091757774353 
vt 0.9017842411994934 0.9287521243095398 
vt 0.5303075909614563 0.9252293109893799 
vt 0.5343163013458252 0.9271728992462158 
vt 0.5278780460357666 0.939685046672821 
vt 0.5322511792182922 0.9393206238746643 
vt 0.5287283658981323 0.9538978934288025 
vt 0.5331015586853027 0.9536548852920532 
vt 0.5293357372283936 0.963858962059021 
vt 0.533708930015564 0.9634945392608643 
vt 0.530064582824707 0.9738200902938843 
vt 0.5343163013458252 0.9719979166984558 
vt 0.9744274616241455 0.24738763272762299 
vt 0.9700543284416199 0.24738763272762299 
vt 0.9744274616241455 0.16684837639331818 
vt 0.9700543284416199 0.16684837639331818 
vt 0.2058424949645996 0.8381302952766418 
vt 0.2058424949645996 0.918548047542572 
vt 0.193937748670578 0.8284121155738831 
vt 0.193937748670578 0.9274159073829651 
vt 0.17972494661808014 0.8282906413078308 
vt 0.17972494661808014 0.9274159073829651 
vt 0.16976383328437805 0.8282906413078308 
vt 0.16976383328437805 0.9272943735122681 
vt 0.1615033894777298 0.8377658724784851 
vt 0.1615033894777298 0.9183050990104675 
vt 0.0024900001008063555 0.9197628498077393 
vt 0.0024900001008063555 0.8374014496803284 
vt 0.014516223222017288 0.9294809699058533 
vt 0.014516223222017288 0.8282906413078308 
vt 0.02872903272509575 0.9294809699058533 
vt 0.02872903272509575 0.8282906413078308 
vt 0.038690146058797836 0.9294809699058533 
vt 0.038690146058797836 0.8284121155738831 
vt 0.046950582414865494 0.9200057983398438 
vt 0.046950582414865494 0.8376443982124329 
vt 0.27617767453193665 0.8987473249435425 
vt 0.2800649404525757 0.8987473249435425 
vt 0.27617767453193665 0.9811087250709534 
vt 0.2800649404525757 0.9812301993370056 
vt 0.37238746881484985 0.9383488297462463 
vt 0.36801430583000183 0.9383488297462463 
vt 0.37238746881484985 0.8559874296188354 
vt 0.36801430583000183 0.8558658957481384 
vt 0.3027811348438263 0.8987473249435425 
vt 0.3065469264984131 0.8987473249435425 
vt 0.3027811348438263 0.9792865514755249 
vt 0.3065469264984131 0.9792865514755249 
vt 0.5967555046081543 0.9327608942985535 
vt 0.5904386639595032 0.9326393604278564 
vt 0.5954192280769348 0.9140533804893494 
vt 0.5891024470329285 0.9140533804893494 
vt 0.7741119265556335 0.7535822987556458 
vt 0.7711964845657349 0.7467795610427856 
vt 0.7730185985565186 0.7348748445510864 
vt 0.7704675793647766 0.7348748445510864 
vt 0.740827202796936 0.6602879762649536 
vt 0.7498164772987366 0.6582228541374207 
vt 0.740827202796936 0.6726785898208618 
vt 0.7498164772987366 0.6847048401832581 
vt 0.7575910091400146 0.6593161225318909 
vt 0.7575910091400146 0.6857981085777283 
vt 0.8435967564582825 0.7543111443519592 
vt 0.8426249027252197 0.7356036901473999 
vt 0.841774582862854 0.7473869919776917 
vt 0.841288685798645 0.7354822158813477 
vt 0.9950785636901855 0.15239261090755463 
vt 0.9972651600837708 0.14631876349449158 
vt 0.9893691539764404 0.10283000022172928 
vt 0.9927704930305481 0.10793203860521317 
vt 0.9896121025085449 0.05521101877093315 
vt 0.9931349158287048 0.06031305342912674 
vt 0.9924060702323914 0.0226551815867424 
vt 0.9956859350204468 0.02775721624493599 
vt 0.9937423467636108 0.0024900001008063555 
vt 0.9972651600837708 0.007592034060508013 
vt 0.10404477268457413 0.8819834589958191 
vt 0.10137227922677994 0.931424617767334 
vt 0.1169213354587555 0.8414101600646973 
vt 0.11643542349338531 0.9342185854911804 
vt 0.11947235465049744 0.9376199245452881 
vt 0.11947235465049744 0.8282906413078308 
vt 0.9898550510406494 0.3214885890483856 
vt 0.9900979995727539 0.3025381863117218 
vt 0.9921631217002869 0.32379665970802307 
vt 0.9921631217002869 0.2995012700557709 
vt 0.47503551840782166 0.8620612621307373 
vt 0.46956905722618103 0.9051855802536011 
vt 0.47479256987571716 0.8486987948417664 
vt 0.4667750895023346 0.9051855802536011 
vt 0.47503551840782166 0.953533411026001 
vt 0.4722415506839752 0.9564488530158997 
vt 0.9852389097213745 0.7826153039932251 
vt 0.9920416474342346 0.7867454886436462 
vt 0.9852389097213745 0.7015901207923889 
vt 0.9920416474342346 0.6209294199943542 
vt 0.96434485912323 0.5954192280769348 
vt 0.9605790972709656 0.5973628759384155 
vt 0.9642233848571777 0.6010071635246277 
vt 0.9604576230049133 0.6011286377906799 
vt 0.9642233848571777 0.6108468174934387 
vt 0.9604576230049133 0.610968291759491 
vt 0.96434485912323 0.6148555278778076 
vt 0.9605790972709656 0.6130334138870239 
vt 0.9305742979049683 0.608903169631958 
vt 0.9343400597572327 0.6107253432273865 
vt 0.9305742979049683 0.6064736247062683 
vt 0.9343400597572327 0.6064736247062683 
vt 0.9305742979049683 0.596634030342102 
vt 0.9343400597572327 0.596634030342102 
vt 0.005526924971491098 0.3676498532295227 
vt 0.0024900001008063555 0.3738451898097992 
vt 0.005648402031511068 0.43130379915237427 
vt 0.0026114769279956818 0.431182324886322 
vt 0.005769879091531038 0.5196176171302795 
vt 0.0026114769279956818 0.5194960832595825 
vt 0.005891356151551008 0.6013715863227844 
vt 0.0027329539880156517 0.6013715863227844 
vt 0.006012833211570978 0.7348748445510864 
vt 0.0029759081080555916 0.7347533702850342 
vt 0.006134309805929661 0.8190584182739258 
vt 0.0029759081080555916 0.8190584182739258 
vt 0.003704770002514124 0.8231886029243469 
vt 0.006377263925969601 0.8233100771903992 
vt 0.45341262221336365 0.9772214293479919 
vt 0.45341262221336365 0.9667744040489197 
vt 0.45717841386795044 0.9774643778800964 
vt 0.45717841386795044 0.9670173525810242 
vt 0.4535340964794159 0.9632515907287598 
vt 0.45742136240005493 0.9614294171333313 
vt 0.4078587591648102 0.9818375706672668 
vt 0.411624550819397 0.9841456413269043 
vt 0.4078587591648102 0.9791650772094727 
vt 0.411624550819397 0.9794080257415771 
vt 0.4078587591648102 0.9687180519104004 
vt 0.411624550819397 0.9689610004425049 
vt 0.4078587591648102 0.9648308157920837 
vt 0.411624550819397 0.9630086421966553 
vt 0.9073721766471863 0.9718764424324036 
vt 0.9073721766471863 0.9961718320846558 
vt 0.908708393573761 0.9709046483039856 
vt 0.908708393573761 0.996900737285614 
vt 0.8619397878646851 0.98499596118927 
vt 0.8619397878646851 0.9497676491737366 
vt 0.8599961400032043 0.9836597442626953 
vt 0.8599961400032043 0.9495247006416321 
vt 0.0024900001008063555 0.9344615340232849 
vt 0.0024900001008063555 0.9770999550819397 
vt 0.004312154836952686 0.9373769760131836 
vt 0.004312154836952686 0.9795295000076294 
vt 0.9885188341140747 0.20511363446712494 
vt 0.9885188341140747 0.23329630494117737 
vt 0.9899765253067017 0.20377738773822784 
vt 0.9899765253067017 0.23402516543865204 
vt 0.23220300674438477 0.9803798794746399 
vt 0.23220300674438477 0.9372555017471313 
vt 0.23025937378406525 0.9797724485397339 
vt 0.23025937378406525 0.9336112141609192 
vt 0.34675583243370056 0.9824449419975281 
vt 0.34675583243370056 0.9447870850563049 
vt 0.34481218457221985 0.9819590449333191 
vt 0.34481218457221985 0.941264271736145 
vt 0.7539467215538025 0.9292380213737488 
vt 0.7539467215538025 0.9722408652305603 
vt 0.7558903694152832 0.92984539270401 
vt 0.7558903694152832 0.9758852124214172 
vt 0.07258222997188568 0.9344615340232849 
vt 0.07258222997188568 0.9721193909645081 
vt 0.0745258629322052 0.9349474310874939 
vt 0.0745258629322052 0.9756422638893127 
vt 0.17024973034858704 0.932396411895752 
vt 0.17024973034858704 0.9753993153572083 
vt 0.17219336330890656 0.933003842830658 
vt 0.17219336330890656 0.9790436029434204 
vt 0.5825426578521729 0.9377413988113403 
vt 0.5825426578521729 0.975277841091156 
vt 0.5844863057136536 0.9381058812141418 
vt 0.5844863057136536 0.9788006544113159 
vt 0.03759685158729553 0.9344615340232849 
vt 0.03759685158729553 0.9740630388259888 
vt 0.03941900655627251 0.9357978105545044 
vt 0.03941900655627251 0.9764925837516785 
vt 0.14571137726306915 0.9313031435012817 
vt 0.14571137726306915 0.9763711094856262 
vt 0.14765501022338867 0.9326393604278564 
vt 0.14765501022338867 0.9786791801452637 
vt 0.9933778643608093 0.25297558307647705 
vt 0.9933778643608093 0.27970051765441895 
vt 0.9947141408920288 0.25236818194389343 
vt 0.9947141408920288 0.28055086731910706 
vt 0.9470951557159424 0.9727268218994141 
vt 0.9470951557159424 0.9955644607543945 
vt 0.9484313726425171 0.9715120196342468 
vt 0.9484313726425171 0.9962933659553528 
vt 0.9300884008407593 0.9745489358901978 
vt 0.9300884008407593 0.9903409481048584 
vt 0.931424617767334 0.9718764424324036 
vt 0.931424617767334 0.9910698533058167 
vt 0.24969568848609924 0.9803798794746399 
vt 0.24969568848609924 0.9372555017471313 
vt 0.24775207042694092 0.9797724485397339 
vt 0.24775207042694092 0.9336112141609192 
vt 0.3301134705543518 0.9824449419975281 
vt 0.3301134705543518 0.9447870850563049 
vt 0.3281698226928711 0.9819590449333191 
vt 0.3281698226928711 0.941264271736145 
vt 0.07646949589252472 0.9769784808158875 
vt 0.07646949589252472 0.9373769760131836 
vt 0.0745258629322052 0.9756422638893127 
vt 0.0745258629322052 0.9349474310874939 
vt 0.7577124834060669 0.9772214293479919 
vt 0.7577124834060669 0.9321534633636475 
vt 0.7558903694152832 0.9758852124214172 
vt 0.7558903694152832 0.92984539270401 
vt 0.47284895181655884 0.9660455584526062 
vt 0.47126975655555725 0.9750348329544067 
vt 0.47284895181655884 0.9814731478691101 
vt 0.47284895181655884 0.9660455584526062 
vt 0.47126975655555725 0.9750348329544067 
vt 0.4722415506839752 0.9692039489746094 
vt 0.586308479309082 0.9801368713378906 
vt 0.586308479309082 0.9405353665351868 
vt 0.5844863057136536 0.9788006544113159 
vt 0.5844863057136536 0.9381058812141418 
vt 0.17401552200317383 0.9803798794746399 
vt 0.17401552200317383 0.9353118538856506 
vt 0.17219336330890656 0.9790436029434204 
vt 0.17219336330890656 0.933003842830658 
vt 0.01998268812894821 0.9344615340232849 
vt 0.01998268812894821 0.9770999550819397 
vt 0.02192631922662258 0.9350689053535461 
vt 0.02192631922662258 0.9789221286773682 
vt 0.5475572943687439 0.9785577058792114 
vt 0.5475572943687439 0.9408998489379883 
vt 0.5456136465072632 0.9781932830810547 
vt 0.5456136465072632 0.9374984502792358 
vt 0.6175280213356018 0.9377413988113403 
vt 0.6175280213356018 0.975277841091156 
vt 0.6194716691970825 0.9381058812141418 
vt 0.6194716691970825 0.9788006544113159 
vt 0.6214153170585632 0.9801368713378906 
vt 0.6214153170585632 0.9405353665351868 
vt 0.6194716691970825 0.9788006544113159 
vt 0.6194716691970825 0.9381058812141418 
vt 0.7917260527610779 0.986575186252594 
vt 0.7917260527610779 0.9543837904930115 
vt 0.7897824645042419 0.986089289188385 
vt 0.7897824645042419 0.952561616897583 
vt 0.8054529428482056 0.953533411026001 
vt 0.8054529428482056 0.9806228280067444 
vt 0.807275116443634 0.952561616897583 
vt 0.807275116443634 0.9830523729324341 
vt 0.8921875357627869 0.6092675924301147 
vt 0.8921875357627869 0.6115756630897522 
vt 0.8935238122940063 0.6086602210998535 
vt 0.8935238122940063 0.6146125793457031 
vt 0.9949570894241333 0.1674557626247406 
vt 0.9949570894241333 0.1941807121038437 
vt 0.9962933659553528 0.16684837639331818 
vt 0.9962933659553528 0.19490957260131836 
vt 0.3773680329322815 0.9500105977058411 
vt 0.3773680329322815 0.9823234677314758 
vt 0.3791901767253876 0.9490388035774231 
vt 0.3791901767253876 0.9846315383911133 
vt 0.8268329501152039 0.9813516736030579 
vt 0.8268329501152039 0.9529260396957397 
vt 0.8248893022537231 0.9775858521461487 
vt 0.8248893022537231 0.952561616897583 
vt 0.5278780460357666 0.9803798794746399 
vt 0.5278780460357666 0.9896121025085449 
vt 0.5292142629623413 0.9788006544113159 
vt 0.5292142629623413 0.9928919672966003 
vt 0.9916772246360779 0.9472166299819946 
vt 0.9916772246360779 0.9739415645599365 
vt 0.9930134415626526 0.9466092586517334 
vt 0.9930134415626526 0.9747918844223022 
vt 0.8411672115325928 0.9446656107902527 
vt 0.8411672115325928 0.975277841091156 
vt 0.8425034284591675 0.9439367651939392 
vt 0.8425034284591675 0.9758852124214172 
vt 0.05508954077959061 0.9344615340232849 
vt 0.05508954077959061 0.9740630388259888 
vt 0.05691169574856758 0.9357978105545044 
vt 0.05691169574856758 0.9764925837516785 
vt 0.19648876786231995 0.932396411895752 
vt 0.19648876786231995 0.9774643778800964 
vt 0.19843240082263947 0.9336112141609192 
vt 0.19843240082263947 0.9797724485397339 
vt 0.10137227922677994 0.9434508681297302 
vt 0.10137227922677994 0.9802583456039429 
vt 0.10319443047046661 0.9426004886627197 
vt 0.10319443047046661 0.9825664162635803 
vt 0.1495986431837082 0.9792865514755249 
vt 0.1495986431837082 0.9362837076187134 
vt 0.14765501022338867 0.9786791801452637 
vt 0.14765501022338867 0.9326393604278564 
vt 0.041362639516592026 0.9769784808158875 
vt 0.041362639516592026 0.9393206238746643 
vt 0.03941900655627251 0.9764925837516785 
vt 0.03941900655627251 0.9357978105545044 
vt 0.9961718320846558 0.32938459515571594 
vt 0.9961718320846558 0.35623103380203247 
vt 0.9975081086158752 0.3287772238254547 
vt 0.9975081086158752 0.35695987939834595 
vt 0.5437915325164795 0.9361622333526611 
vt 0.5437915325164795 0.975763738155365 
vt 0.5456136465072632 0.9374984502792358 
vt 0.5456136465072632 0.9781932830810547 
vt 0.0238699521869421 0.9774643778800964 
vt 0.0238699521869421 0.9374984502792358 
vt 0.02192631922662258 0.9789221286773682 
vt 0.02192631922662258 0.9350689053535461 
vt 0.42401519417762756 0.9636160135269165 
vt 0.42401519417762756 0.9903409481048584 
vt 0.42535144090652466 0.9630086421966553 
vt 0.42535144090652466 0.9910698533058167 
vt 0.38611435890197754 0.9497676491737366 
vt 0.38611435890197754 0.9803798794746399 
vt 0.38745060563087463 0.9490388035774231 
vt 0.38745060563087463 0.9809872508049011 
vt 0.9975081086158752 0.5887380242347717 
vt 0.9975081086158752 0.5618915557861328 
vt 0.9961718320846558 0.589345395565033 
vt 0.9961718320846558 0.5611627101898193 
vt 0.360847145318985 0.9462448358535767 
vt 0.360847145318985 0.9768570065498352 
vt 0.3621833920478821 0.9455159306526184 
vt 0.3621833920478821 0.9775858521461487 
vt 0.9961718320846558 0.49556514620780945 
vt 0.9961718320846558 0.5222901105880737 
vt 0.9975081086158752 0.49495774507522583 
vt 0.9975081086158752 0.5231404304504395 
vt 0.9885188341140747 0.16757723689079285 
vt 0.9885188341140747 0.19806796312332153 
vt 0.9899765253067017 0.16684837639331818 
vt 0.9899765253067017 0.1987968385219574 
vt 0.9961718320846558 0.3627907931804657 
vt 0.9961718320846558 0.38963720202445984 
vt 0.9975081086158752 0.3621833920478821 
vt 0.9975081086158752 0.3903660476207733 
vt 0.15591545403003693 0.9626442193984985 
vt 0.15591545403003693 0.9320319890975952 
vt 0.15457920730113983 0.9632515907287598 
vt 0.15457920730113983 0.9313031435012817 
vt 0.9898550510406494 0.42936018109321594 
vt 0.9898550510406494 0.45608511567115784 
vt 0.9911913275718689 0.4287527799606323 
vt 0.9911913275718689 0.45693546533584595 
vt 0.8425034284591675 0.7905113101005554 
vt 0.8425034284591675 0.7600205540657043 
vt 0.8411672115325928 0.7912401556968689 
vt 0.8411672115325928 0.7592917084693909 
vt 0.326347678899765 0.9399279952049255 
vt 0.326347678899765 0.9795295000076294 
vt 0.3281698226928711 0.941264271736145 
vt 0.3281698226928711 0.9819590449333191 
vt 0.24592991173267365 0.932396411895752 
vt 0.24592991173267365 0.9774643778800964 
vt 0.24775207042694092 0.9336112141609192 
vt 0.24775207042694092 0.9797724485397339 
vt 0.13198448717594147 0.9792865514755249 
vt 0.13198448717594147 0.9342185854911804 
vt 0.1301623284816742 0.9780718088150024 
vt 0.1301623284816742 0.931910514831543 
vt 0.34299004077911377 0.9399279952049255 
vt 0.34299004077911377 0.9795295000076294 
vt 0.34481218457221985 0.941264271736145 
vt 0.34481218457221985 0.9819590449333191 
vt 0.22843721508979797 0.932396411895752 
vt 0.22843721508979797 0.9774643778800964 
vt 0.23025937378406525 0.9336112141609192 
vt 0.23025937378406525 0.9797724485397339 
vt 0.21969087421894073 0.932396411895752 
vt 0.21969087421894073 0.9753993153572083 
vt 0.221513032913208 0.933003842830658 
vt 0.221513032913208 0.9790436029434204 
vt 0.6000353693962097 0.9377413988113403 
vt 0.6000353693962097 0.975277841091156 
vt 0.6019790172576904 0.9381058812141418 
vt 0.6019790172576904 0.9788006544113159 
vt 0.9898550510406494 0.4625234007835388 
vt 0.9898550510406494 0.4892483353614807 
vt 0.9911913275718689 0.4619159996509552 
vt 0.9911913275718689 0.4899772107601166 
vt 0.8425034284591675 0.8643693327903748 
vt 0.8425034284591675 0.8338785767555237 
vt 0.8411672115325928 0.8650981783866882 
vt 0.8411672115325928 0.8331497311592102 
vt 0.6038011312484741 0.9801368713378906 
vt 0.6038011312484741 0.9405353665351868 
vt 0.6019790172576904 0.9788006544113159 
vt 0.6019790172576904 0.9381058812141418 
vt 0.22345666587352753 0.9803798794746399 
vt 0.22345666587352753 0.9353118538856506 
vt 0.221513032913208 0.9790436029434204 
vt 0.221513032913208 0.933003842830658 
vt 0.20025455951690674 0.9803798794746399 
vt 0.20025455951690674 0.9372555017471313 
vt 0.19843240082263947 0.9797724485397339 
vt 0.19843240082263947 0.9336112141609192 
vt 0.0588553287088871 0.9769784808158875 
vt 0.0588553287088871 0.9393206238746643 
vt 0.05691169574856758 0.9764925837516785 
vt 0.05691169574856758 0.9357978105545044 
vt 0.7323238253593445 0.9779503345489502 
vt 0.7363325357437134 0.9758852124214172 
vt 0.7298942804336548 0.9634945392608643 
vt 0.7342674732208252 0.9637374877929688 
vt 0.7307446002960205 0.9492817521095276 
vt 0.7351177930831909 0.9495247006416321 
vt 0.7313519716262817 0.9393206238746643 
vt 0.7357251644134521 0.9395635724067688 
vt 0.7319594025611877 0.9292380213737488 
vt 0.7363325357437134 0.9310601949691772 
vt 0.8903654217720032 0.9557200074195862 
vt 0.8859922289848328 0.9559629559516907 
vt 0.8908513188362122 0.9645878672599792 
vt 0.886599600315094 0.9665314555168152 
vt 0.8908513188362122 0.9200057983398438 
vt 0.8869640231132507 0.9179406762123108 
vt 0.8887861967086792 0.9315460920333862 
vt 0.8844130039215088 0.9317890405654907 
vt 0.8897579908370972 0.9457588791847229 
vt 0.8853848576545715 0.9460018873214722 
vt 0.8903654217720032 0.9557200074195862 
vt 0.8859922289848328 0.9559629559516907 
vt 0.953533411026001 0.9200057983398438 
vt 0.9495247006416321 0.918062150478363 
vt 0.9514683485031128 0.9316675662994385 
vt 0.9470951557159424 0.931910514831543 
vt 0.9523186683654785 0.9458803534507751 
vt 0.9480669498443604 0.9461233615875244 
vt 0.953047513961792 0.9558414816856384 
vt 0.9486743807792664 0.9560844302177429 
vt 0.953047513961792 0.9558414816856384 
vt 0.9486743807792664 0.9560844302177429 
vt 0.953533411026001 0.9647093415260315 
vt 0.9492817521095276 0.9665314555168152 
vt 0.9723623394966125 0.9666529297828674 
vt 0.9763711094856262 0.9647093415260315 
vt 0.9699328541755676 0.9523186683654785 
vt 0.9743059873580933 0.952561616897583 
vt 0.9709046483039856 0.9379843473434448 
vt 0.975277841091156 0.9383488297462463 
vt 0.9715120196342468 0.9281447529792786 
vt 0.9758852124214172 0.9283877015113831 
vt 0.9721193909645081 0.918062150478363 
vt 0.9763711094856262 0.9198843240737915 
vt 0.9607005715370178 0.24738763272762299 
vt 0.9650737643241882 0.24738763272762299 
vt 0.9607005715370178 0.16684837639331818 
vt 0.9650737643241882 0.16684837639331818 
vt 0.21082305908203125 0.8374014496803284 
vt 0.21082305908203125 0.9179406762123108 
vt 0.21920496225357056 0.8284121155738831 
vt 0.21920496225357056 0.9274159073829651 
vt 0.2290446013212204 0.8282906413078308 
vt 0.2290446013212204 0.9274159073829651 
vt 0.2433788925409317 0.8282906413078308 
vt 0.2433788925409317 0.9272943735122681 
vt 0.2552836239337921 0.8371584415435791 
vt 0.2552836239337921 0.917576253414154 
vt 0.0963917225599289 0.9197628498077393 
vt 0.0963917225599289 0.8374014496803284 
vt 0.08436549454927444 0.9294809699058533 
vt 0.08436549454927444 0.8282906413078308 
vt 0.07015269249677658 0.9294809699058533 
vt 0.07015269249677658 0.8282906413078308 
vt 0.060191575437784195 0.9294809699058533 
vt 0.060191575437784195 0.8284121155738831 
vt 0.05193113908171654 0.9200057983398438 
vt 0.05193113908171654 0.8376443982124329 
vt 0.28893277049064636 0.8987473249435425 
vt 0.2850455045700073 0.8987473249435425 
vt 0.28893277049064636 0.9811087250709534 
vt 0.2850455045700073 0.9812301993370056 
vt 0.5437915325164795 0.9311816692352295 
vt 0.5481646656990051 0.9310601949691772 
vt 0.5437915325164795 0.8486987948417664 
vt 0.5481646656990051 0.8486987948417664 
vt 0.293913334608078 0.9792865514755249 
vt 0.2976790964603424 0.9792865514755249 
vt 0.293913334608078 0.8987473249435425 
vt 0.2976790964603424 0.8987473249435425 
vt 0.5891024470329285 0.8440826535224915 
vt 0.5954192280769348 0.8440826535224915 
vt 0.5904386639595032 0.8254966735839844 
vt 0.5967555046081543 0.8254966735839844 
vt 0.7704675793647766 0.6742578148841858 
vt 0.7730185985565186 0.6741363406181335 
vt 0.7711964845657349 0.6622315645217896 
vt 0.7741119265556335 0.6554288864135742 
vt 0.8493061661720276 0.9426004886627197 
vt 0.8582954406738281 0.9445441365242004 
vt 0.8493061661720276 0.9302098751068115 
vt 0.8582954406738281 0.918062150478363 
vt 0.8660699725151062 0.9434508681297302 
vt 0.8660699725151062 0.9169688820838928 
vt 0.841288685798645 0.6742578148841858 
vt 0.841774582862854 0.6623530387878418 
vt 0.8426249027252197 0.6741363406181335 
vt 0.8435967564582825 0.6554288864135742 
vt 0.6760799884796143 0.8205161094665527 
vt 0.6760799884796143 0.6907786726951599 
vt 0.764515221118927 0.8205161094665527 
vt 0.764515221118927 0.6907786726951599 
s on 
f 1/1/1 2/2/2 3/3/3 
f 2/2/2 4/4/4 3/3/3 
f 3/3/3 4/4/4 5/5/5 
f 4/4/4 4/4/4 5/5/5 
f 5/5/5 4/4/4 6/6/6 
f 4/4/4 7/7/7 6/6/6 
f 6/6/6 7/7/7 7/7/7 
f 7/7/7 2/2/2 7/7/7 
f 7/7/7 2/2/2 2/2/2 
f 2/2/2 8/8/8 2/2/2 
f 2/2/2 8/8/8 4/4/4 
f 8/8/8 4/4/4 4/4/4 
f 4/4/4 4/4/4 9/9/9 
f 4/4/4 9/9/9 9/9/9 
f 9/9/9 9/9/9 10/10/10 
f 9/9/9 11/11/11 10/10/10 
f 10/10/10 11/11/11 12/12/12 
f 11/11/11 13/13/13 12/12/12 
f 12/12/12 13/13/13 12/12/12 
f 13/13/13 14/14/14 12/12/12 
f 12/12/12 14/14/14 15/15/15 
f 14/14/14 16/16/16 15/15/15 
f 15/15/15 16/16/16 16/16/16 
f 16/16/16 17/17/17 16/16/16 
f 16/16/16 17/17/17 17/17/17 
f 17/17/17 18/18/18 17/17/17 
f 17/17/17 18/18/18 19/19/19 
f 18/18/18 20/20/20 19/19/19 
f 19/19/19 20/20/20 20/20/20 
f 20/20/20 18/18/18 20/20/20 
f 20/20/20 18/18/18 18/18/18 
f 18/18/18 17/17/17 18/18/18 
f 18/18/18 17/17/17 21/21/21 
f 17/17/17 22/22/22 21/21/21 
f 21/21/21 22/22/22 21/21/21 
f 22/22/22 23/23/23 21/21/21 
f 21/21/21 23/23/23 24/24/24 
f 23/23/23 25/25/25 24/24/24 
f 24/24/24 25/25/25 24/24/24 
f 25/25/25 26/26/26 24/24/24 
f 24/24/24 26/26/26 27/27/27 
f 26/26/26 28/28/28 27/27/27 
f 27/27/27 28/28/28 27/27/27 
f 28/28/28 29/29/29 27/27/27 
f 27/27/27 29/29/29 30/30/30 
f 29/29/29 30/30/30 30/30/30 
f 30/30/30 30/30/30 18/18/18 
f 30/30/30 18/18/18 18/18/18 
f 18/18/18 18/18/18 20/20/20 
f 18/18/18 31/31/31 20/20/20 
f 20/20/20 31/31/31 32/32/32 
f 31/31/31 31/31/31 32/32/32 
f 32/32/32 31/31/31 33/33/33 
f 31/31/31 34/34/34 33/33/33 
f 33/33/33 34/34/34 34/34/34 
f 34/34/34 35/35/35 34/34/34 
f 34/34/34 35/35/35 35/35/35 
f 35/35/35 36/36/36 35/35/35 
f 35/35/35 36/36/36 37/37/37 
f 36/36/36 38/38/38 37/37/37 
f 37/37/37 38/38/38 38/38/38 
f 38/38/38 37/37/37 38/38/38 
f 38/38/38 37/37/37 37/37/37 
f 37/37/37 39/39/39 37/37/37 
f 37/37/37 39/39/39 35/35/35 
f 39/39/39 39/39/39 35/35/35 
f 35/35/35 39/39/39 40/40/40 
f 39/39/39 41/41/41 40/40/40 
f 40/40/40 41/41/41 42/42/42 
f 41/41/41 41/41/41 42/42/42 
f 42/42/42 41/41/41 43/43/43 
f 41/41/41 44/44/44 43/43/43 
f 43/43/43 44/44/44 45/45/45 
f 44/44/44 46/46/46 45/45/45 
f 45/45/45 46/46/46 47/47/47 
f 46/46/46 47/47/47 47/47/47 
f 47/47/47 47/47/47 41/41/41 
f 47/47/47 41/41/41 41/41/41 
f 41/41/41 41/41/41 44/44/44 
f 41/41/41 39/39/39 44/44/44 
f 44/44/44 39/39/39 48/48/48 
f 39/39/39 37/37/37 48/48/48 
f 48/48/48 37/37/37 49/49/49 
f 37/37/37 38/38/38 49/49/49 
f 49/49/49 38/38/38 49/49/49 
f 38/38/38 50/50/50 49/49/49 
f 49/49/49 50/50/50 49/49/49 
f 50/50/50 51/51/51 49/49/49 
f 49/49/49 51/51/51 49/49/49 
f 51/51/51 52/52/52 49/49/49 
f 49/49/49 52/52/52 48/48/48 
f 52/52/52 46/46/46 48/48/48 
f 48/48/48 46/46/46 44/44/44 
f 46/46/46 44/44/44 44/44/44 
f 44/44/44 44/44/44 53/53/53 
f 44/44/44 53/53/53 53/53/53 
f 53/53/53 53/53/53 54/54/54 
f 53/53/53 55/55/55 54/54/54 
f 54/54/54 55/55/55 54/54/54 
f 55/55/55 56/56/56 54/54/54 
f 54/54/54 56/56/56 57/57/57 
f 56/56/56 56/56/56 57/57/57 
f 57/57/57 56/56/56 58/58/58 
f 56/56/56 56/56/56 58/58/58 
f 58/58/58 56/56/56 59/59/59 
f 56/56/56 56/56/56 59/59/59 
f 59/59/59 56/56/56 60/60/60 
f 56/56/56 56/56/56 60/60/60 
f 60/60/60 56/56/56 61/61/61 
f 56/56/56 56/56/56 61/61/61 
f 61/61/61 56/56/56 62/62/62 
f 56/56/56 56/56/56 62/62/62 
f 62/62/62 56/56/56 63/63/63 
f 56/56/56 55/55/55 63/63/63 
f 63/63/63 55/55/55 64/64/64 
f 55/55/55 64/64/64 64/64/64 
f 64/64/64 64/64/64 53/53/53 
f 64/64/64 53/53/53 53/53/53 
f 53/53/53 53/53/53 65/65/65 
f 53/53/53 54/54/54 65/65/65 
f 65/65/65 54/54/54 66/66/66 
f 54/54/54 57/57/57 66/66/66 
f 66/66/66 57/57/57 57/57/57 
f 57/57/57 67/67/67 57/57/57 
f 57/57/57 67/67/67 67/67/67 
f 67/67/67 68/68/68 67/67/67 
f 67/67/67 68/68/68 69/69/69 
f 68/68/68 70/70/70 69/69/69 
f 69/69/69 70/70/70 71/71/71 
f 70/70/70 70/70/70 71/71/71 
f 71/71/71 70/70/70 72/72/72 
f 70/70/70 73/73/73 72/72/72 
f 72/72/72 73/73/73 74/74/74 
f 73/73/73 75/75/75 74/74/74 
f 74/74/74 75/75/75 74/74/74 
f 75/75/75 76/76/76 74/74/74 
f 74/74/74 76/76/76 77/77/77 
f 76/76/76 78/78/78 77/77/77 
f 77/77/77 78/78/78 77/77/77 
f 78/78/78 79/79/79 77/77/77 
f 77/77/77 79/79/79 77/77/77 
f 79/79/79 80/80/80 77/77/77 
f 77/77/77 80/80/80 81/81/81 
f 80/80/80 82/82/82 81/81/81 
f 81/81/81 82/82/82 82/82/82 
f 82/82/82 68/68/68 82/82/82 
f 82/82/82 68/68/68 68/68/68 
f 68/68/68 83/83/83 68/68/68 
f 68/68/68 83/83/83 70/70/70 
f 83/83/83 84/84/84 70/70/70 
f 70/70/70 84/84/84 85/85/85 
f 84/84/84 86/86/86 85/85/85 
f 85/85/85 86/86/86 86/86/86 
f 86/86/86 85/85/85 86/86/86 
f 86/86/86 85/85/85 85/85/85 
f 85/85/85 73/73/73 85/85/85 
f 85/85/85 73/73/73 70/70/70 
f 73/73/73 70/70/70 70/70/70 
f 70/70/70 70/70/70 77/77/77 
f 70/70/70 77/77/77 77/77/77 
f 77/77/77 77/77/77 74/74/74 
f 77/77/77 81/81/81 74/74/74 
f 74/74/74 81/81/81 72/72/72 
f 81/81/81 87/87/87 72/72/72 
f 72/72/72 87/87/87 71/71/71 
f 87/87/87 87/87/87 71/71/71 
f 71/71/71 87/87/87 88/88/88 
f 87/87/87 87/87/87 88/88/88 
f 88/88/88 87/87/87 89/89/89 
f 87/87/87 90/90/90 89/89/89 
f 89/89/89 90/90/90 91/91/91 
f 90/90/90 90/90/90 91/91/91 
f 91/91/91 90/90/90 92/92/92 
f 90/90/90 90/90/90 92/92/92 
f 92/92/92 90/90/90 93/93/93 
f 90/90/90 81/81/81 93/93/93 
f 93/93/93 81/81/81 82/82/82 
f 81/81/81 82/82/82 82/82/82 
f 82/82/82 82/82/82 81/81/81 
f 82/82/82 81/81/81 81/81/81 
f 81/81/81 81/81/81 87/87/87 
f 81/81/81 90/90/90 87/87/87 
f 87/87/87 90/90/90 90/90/90 
f 90/90/90 94/94/94 90/90/90 
f 90/90/90 94/94/94 94/94/94 
f 94/94/94 95/95/95 94/94/94 
f 94/94/94 95/95/95 96/96/96 
f 95/95/95 95/95/95 96/96/96 
f 96/96/96 95/95/95 97/97/97 
f 95/95/95 95/95/95 97/97/97 
f 97/97/97 95/95/95 98/98/98 
f 95/95/95 99/99/99 98/98/98 
f 98/98/98 99/99/99 100/100/100 
f 99/99/99 101/101/101 100/100/100 
f 100/100/100 101/101/101 101/101/101 
f 101/101/101 102/102/102 101/101/101 
f 101/101/101 102/102/102 102/102/102 
f 102/102/102 103/103/103 102/102/102 
f 102/102/102 103/103/103 104/104/104 
f 103/103/103 105/105/105 104/104/104 
f 104/104/104 105/105/105 106/106/106 
f 105/105/105 105/105/105 106/106/106 
f 106/106/106 105/105/105 107/107/107 
f 105/105/105 108/108/108 107/107/107 
f 107/107/107 108/108/108 109/109/109 
f 108/108/108 109/109/109 109/109/109 
f 109/109/109 109/109/109 110/110/110 
f 109/109/109 110/110/110 110/110/110 
f 110/110/110 110/110/110 111/111/111 
f 110/110/110 112/112/112 111/111/111 
f 111/111/111 112/112/112 113/113/113 
f 112/112/112 113/113/113 113/113/113 
f 113/113/113 113/113/113 112/112/112 
f 113/113/113 112/112/112 112/112/112 
f 112/112/112 112/112/112 114/114/114 
f 112/112/112 110/110/110 114/114/114 
f 114/114/114 110/110/110 114/114/114 
f 110/110/110 115/115/115 114/114/114 
f 114/114/114 115/115/115 116/116/116 
f 115/115/115 117/117/117 116/116/116 
f 116/116/116 117/117/117 116/116/116 
f 117/117/117 118/118/118 116/116/116 
f 116/116/116 118/118/118 119/119/119 
f 118/118/118 120/120/120 119/119/119 
f 119/119/119 120/120/120 121/121/121 
f 120/120/120 122/122/122 121/121/121 
f 121/121/121 122/122/122 122/122/122 
f 122/122/122 116/116/116 122/122/122 
f 122/122/122 116/116/116 116/116/116 
f 116/116/116 119/119/119 116/116/116 
f 116/116/116 119/119/119 114/114/114 
f 119/119/119 123/123/123 114/114/114 
f 114/114/114 123/123/123 112/112/112 
f 123/123/123 124/124/124 112/112/112 
f 112/112/112 124/124/124 113/113/113 
f 124/124/124 124/124/124 113/113/113 
f 113/113/113 124/124/124 125/125/125 
f 124/124/124 124/124/124 125/125/125 
f 125/125/125 124/124/124 126/126/126 
f 124/124/124 124/124/124 126/126/126 
f 126/126/126 124/124/124 127/127/127 
f 124/124/124 123/123/123 127/127/127 
f 127/127/127 123/123/123 121/121/121 
f 123/123/123 119/119/119 121/121/121 
f 121/121/121 119/119/119 119/119/119 
f 119/119/119 128/128/128 119/119/119 
f 119/119/119 128/128/128 128/128/128 
f 128/128/128 129/129/129 128/128/128 
f 128/128/128 129/129/129 130/130/130 
f 129/129/129 131/131/131 130/130/130 
f 130/130/130 131/131/131 130/130/130 
f 131/131/131 132/132/132 130/130/130 
f 130/130/130 132/132/132 130/130/130 
f 132/132/132 133/133/133 130/130/130 
f 130/130/130 133/133/133 134/134/134 
f 133/133/133 135/135/135 134/134/134 
f 134/134/134 135/135/135 135/135/135 
f 135/135/135 136/136/136 135/135/135 
f 135/135/135 136/136/136 136/136/136 
f 136/136/136 137/137/137 136/136/136 
f 136/136/136 137/137/137 138/138/138 
f 137/137/137 139/139/139 138/138/138 
f 138/138/138 139/139/139 139/139/139 
f 139/139/139 138/138/138 139/139/139 
f 139/139/139 138/138/138 138/138/138 
f 138/138/138 140/140/140 138/138/138 
f 138/138/138 140/140/140 136/136/136 
f 140/140/140 140/140/140 136/136/136 
f 136/136/136 140/140/140 141/141/141 
f 140/140/140 140/140/140 141/141/141 
f 141/141/141 140/140/140 142/142/142 
f 140/140/140 143/143/143 142/142/142 
f 142/142/142 143/143/143 144/144/144 
f 143/143/143 143/143/143 144/144/144 
f 144/144/144 143/143/143 145/145/145 
f 143/143/143 146/146/146 145/145/145 
f 145/145/145 146/146/146 147/147/147 
f 146/146/146 146/146/146 147/147/147 
f 147/147/147 146/146/146 148/148/148 
f 146/146/146 149/149/149 148/148/148 
f 148/148/148 149/149/149 149/149/149 
f 149/149/149 138/138/138 149/149/149 
f 149/149/149 138/138/138 138/138/138 
f 138/138/138 139/139/139 138/138/138 
f 138/138/138 139/139/139 150/150/150 
f 139/139/139 151/151/151 150/150/150 
f 150/150/150 151/151/151 150/150/150 
f 151/151/151 152/152/152 150/150/150 
f 150/150/150 152/152/152 153/153/153 
f 152/152/152 153/153/153 153/153/153 
f 153/153/153 153/153/153 154/154/154 
f 153/153/153 154/154/154 154/154/154 
f 154/154/154 154/154/154 155/155/155 
f 154/154/154 156/156/156 155/155/155 
f 155/155/155 156/156/156 157/157/157 
f 156/156/156 156/156/156 157/157/157 
f 157/157/157 156/156/156 158/158/158 
f 156/156/156 159/159/159 158/158/158 
f 158/158/158 159/159/159 158/158/158 
f 159/159/159 160/160/160 158/158/158 
f 158/158/158 160/160/160 161/161/161 
f 160/160/160 162/162/162 161/161/161 
f 161/161/161 162/162/162 161/161/161 
f 162/162/162 163/163/163 161/161/161 
f 161/161/161 163/163/163 164/164/164 
f 163/163/163 165/165/165 164/164/164 
f 164/164/164 165/165/165 164/164/164 
f 165/165/165 166/166/166 164/164/164 
f 164/164/164 166/166/166 164/164/164 
f 166/166/166 167/167/167 164/164/164 
f 164/164/164 167/167/167 161/161/161 
f 167/167/167 167/167/167 161/161/161 
f 161/161/161 167/167/167 158/158/158 
f 167/167/167 167/167/167 158/158/158 
f 158/158/158 167/167/167 157/157/157 
f 167/167/167 168/168/168 157/157/157 
f 157/157/157 168/168/168 169/169/169 
f 168/168/168 168/168/168 169/169/169 
f 169/169/169 168/168/168 170/170/170 
f 168/168/168 168/168/168 170/170/170 
f 170/170/170 168/168/168 166/166/166 
f 168/168/168 167/167/167 166/166/166 
f 166/166/166 167/167/167 167/167/167 
f 167/167/167 169/169/169 167/167/167 
f 167/167/167 169/169/169 169/169/169 
f 169/169/169 155/155/155 169/169/169 
f 169/169/169 155/155/155 157/157/157 
f 155/155/155 157/157/157 157/157/157 
f 157/157/157 157/157/157 162/162/162 
f 157/157/157 162/162/162 162/162/162 
f 162/162/162 162/162/162 171/171/171 
f 162/162/162 160/160/160 171/171/171 
f 171/171/171 160/160/160 160/160/160 
f 160/160/160 172/172/172 160/160/160 
f 160/160/160 172/172/172 172/172/172 
f 172/172/172 173/173/173 172/172/172 
f 172/172/172 173/173/173 174/174/174 
f 173/173/173 175/175/175 174/174/174 
f 174/174/174 175/175/175 174/174/174 
f 175/175/175 176/176/176 174/174/174 
f 174/174/174 176/176/176 174/174/174 
f 176/176/176 177/177/177 174/174/174 
f 174/174/174 177/177/177 178/178/178 
f 177/177/177 179/179/179 178/178/178 
f 178/178/178 179/179/179 179/179/179 
f 179/179/179 180/180/180 179/179/179 
f 179/179/179 180/180/180 180/180/180 
f 180/180/180 181/181/181 180/180/180 
f 180/180/180 181/181/181 182/182/182 
f 181/181/181 183/183/183 182/182/182 
f 182/182/182 183/183/183 182/182/182 
f 183/183/183 184/184/184 182/182/182 
f 182/182/182 184/184/184 185/185/185 
f 184/184/184 184/184/184 185/185/185 
f 185/185/185 184/184/184 186/186/186 
f 184/184/184 187/187/187 186/186/186 
f 186/186/186 187/187/187 188/188/188 
f 187/187/187 187/187/187 188/188/188 
f 188/188/188 187/187/187 189/189/189 
f 187/187/187 190/190/190 189/189/189 
f 189/189/189 190/190/190 191/191/191 
f 190/190/190 190/190/190 191/191/191 
f 191/191/191 190/190/190 192/192/192 
f 190/190/190 190/190/190 192/192/192 
f 192/192/192 190/190/190 193/193/193 
f 190/190/190 187/187/187 193/193/193 
f 193/193/193 187/187/187 193/193/193 
f 187/187/187 184/184/184 193/193/193 
f 193/193/193 184/184/184 193/193/193 
f 184/184/184 183/183/183 193/193/193 
f 193/193/193 183/183/183 194/194/194 
f 183/183/183 195/195/195 194/194/194 
f 194/194/194 195/195/195 194/194/194 
f 195/195/195 196/196/196 194/194/194 
f 194/194/194 196/196/196 194/194/194 
f 196/196/196 192/192/192 194/194/194 
f 194/194/194 192/192/192 193/193/193 
f 192/192/192 193/193/193 193/193/193 
f 193/193/193 193/193/193 195/195/195 
f 193/193/193 195/195/195 195/195/195 
f 195/195/195 195/195/195 181/181/181 
f 195/195/195 183/183/183 181/181/181 
f 181/181/181 183/183/183 183/183/183 
f 183/183/183 188/188/188 183/183/183 
f 183/183/183 188/188/188 188/188/188 
f 188/188/188 197/197/197 188/188/188 
f 188/188/188 197/197/197 186/186/186 
f 197/197/197 186/186/186 186/186/186 
f 186/186/186 186/186/186 198/198/198 
f 186/186/186 198/198/198 198/198/198 
f 198/198/198 198/198/198 199/199/199 
f 198/198/198 200/200/200 199/199/199 
f 199/199/199 200/200/200 201/201/201 
f 200/200/200 201/201/201 201/201/201 
f 201/201/201 201/201/201 200/200/200 
f 201/201/201 200/200/200 200/200/200 
f 200/200/200 200/200/200 202/202/202 
f 200/200/200 198/198/198 202/202/202 
f 202/202/202 198/198/198 202/202/202 
f 198/198/198 203/203/203 202/202/202 
f 202/202/202 203/203/203 202/202/202 
f 203/203/203 204/204/204 202/202/202 
f 202/202/202 204/204/204 205/205/205 
f 204/204/204 206/206/206 205/205/205 
f 205/205/205 206/206/206 205/205/205 
f 206/206/206 207/207/207 205/205/205 
f 205/205/205 207/207/207 208/208/208 
f 207/207/207 209/209/209 208/208/208 
f 208/208/208 209/209/209 208/208/208 
f 209/209/209 210/210/210 208/208/208 
f 208/208/208 210/210/210 211/211/211 
f 210/210/210 211/211/211 211/211/211 
f 211/211/211 211/211/211 200/200/200 
f 211/211/211 200/200/200 200/200/200 
f 200/200/200 200/200/200 201/201/201 
f 200/200/200 212/212/212 201/201/201 
f 201/201/201 212/212/212 213/213/213 
f 212/212/212 212/212/212 213/213/213 
f 213/213/213 212/212/212 214/214/214 
f 212/212/212 215/215/215 214/214/214 
f 214/214/214 215/215/215 215/215/215 
f 215/215/215 216/216/216 215/215/215 
f 215/215/215 216/216/216 216/216/216 
f 216/216/216 217/217/217 216/216/216 
f 216/216/216 217/217/217 218/218/218 
f 217/217/217 219/219/219 218/218/218 
f 218/218/218 219/219/219 219/219/219 
f 219/219/219 220/220/220 219/219/219 
f 219/219/219 220/220/220 220/220/220 
f 220/220/220 221/221/221 220/220/220 
f 220/220/220 221/221/221 222/222/222 
f 221/221/221 223/223/223 222/222/222 
f 222/222/222 223/223/223 222/222/222 
f 223/223/223 217/217/217 222/222/222 
f 222/222/222 217/217/217 224/224/224 
f 217/217/217 216/216/216 224/224/224 
f 224/224/224 216/216/216 224/224/224 
f 216/216/216 225/225/225 224/224/224 
f 224/224/224 225/225/225 226/226/226 
f 225/225/225 227/227/227 226/226/226 
f 226/226/226 227/227/227 228/228/228 
f 227/227/227 227/227/227 228/228/228 
f 228/228/228 227/227/227 229/229/229 
f 227/227/227 230/230/230 229/229/229 
f 229/229/229 230/230/230 231/231/231 
f 230/230/230 230/230/230 231/231/231 
f 231/231/231 230/230/230 232/232/232 
f 230/230/230 233/233/233 232/232/232 
f 232/232/232 233/233/233 234/234/234 
f 233/233/233 233/233/233 234/234/234 
f 234/234/234 233/233/233 235/235/235 
f 233/233/233 236/236/236 235/235/235 
f 235/235/235 236/236/236 237/237/237 
f 236/236/236 237/237/237 237/237/237 
f 237/237/237 237/237/237 224/224/224 
f 237/237/237 224/224/224 224/224/224 
f 224/224/224 224/224/224 222/222/222 
f 224/224/224 226/226/226 222/222/222 
f 222/222/222 226/226/226 228/228/228 
f 226/226/226 228/228/228 228/228/228 
f 228/228/228 228/228/228 225/225/225 
f 228/228/228 225/225/225 225/225/225 
f 225/225/225 225/225/225 227/227/227 
f 225/225/225 238/238/238 227/227/227 
f 227/227/227 238/238/238 230/230/230 
f 238/238/238 239/239/239 230/230/230 
f 230/230/230 239/239/239 240/240/240 
f 239/239/239 241/241/241 240/240/240 
f 240/240/240 241/241/241 242/242/242 
f 241/241/241 242/242/242 242/242/242 
f 242/242/242 242/242/242 233/233/233 
f 242/242/242 233/233/233 233/233/233 
f 233/233/233 233/233/233 236/236/236 
f 233/233/233 230/230/230 236/236/236 
f 236/236/236 230/230/230 240/240/240 
f 230/230/230 240/240/240 240/240/240 
f 240/240/240 240/240/240 238/238/238 
f 240/240/240 238/238/238 238/238/238 
f 238/238/238 238/238/238 239/239/239 
f 238/238/238 241/241/241 239/239/239 
f 239/239/239 241/241/241 241/241/241 
f 241/241/241 243/243/243 241/241/241 
f 241/241/241 243/243/243 243/243/243 
f 243/243/243 244/244/244 243/243/243 
f 243/243/243 244/244/244 245/245/245 
f 244/244/244 244/244/244 245/245/245 
f 245/245/245 244/244/244 246/246/246 
f 244/244/244 247/247/247 246/246/246 
f 246/246/246 247/247/247 248/248/248 
f 247/247/247 249/249/249 248/248/248 
f 248/248/248 249/249/249 248/248/248 
f 249/249/249 250/250/250 248/248/248 
f 248/248/248 250/250/250 251/251/251 
f 250/250/250 252/252/252 251/251/251 
f 251/251/251 252/252/252 252/252/252 
f 252/252/252 217/217/217 252/252/252 
f 252/252/252 217/217/217 217/217/217 
f 217/217/217 253/253/253 217/217/217 
f 217/217/217 253/253/253 219/219/219 
f 253/253/253 254/254/254 219/219/219 
f 219/219/219 254/254/254 255/255/255 
f 254/254/254 256/256/256 255/255/255 
f 255/255/255 256/256/256 257/257/257 
f 256/256/256 258/258/258 257/257/257 
f 257/257/257 258/258/258 259/259/259 
f 258/258/258 258/258/258 259/259/259 
f 259/259/259 258/258/258 260/260/260 
f 258/258/258 258/258/258 260/260/260 
f 260/260/260 258/258/258 261/261/261 
f 258/258/258 262/262/262 261/261/261 
f 261/261/261 262/262/262 263/263/263 
f 262/262/262 262/262/262 263/263/263 
f 263/263/263 262/262/262 264/264/264 
f 262/262/262 265/265/265 264/264/264 
f 264/264/264 265/265/265 266/266/266 
f 265/265/265 267/267/267 266/266/266 
f 266/266/266 267/267/267 268/268/268 
f 267/267/267 269/269/269 268/268/268 
f 268/268/268 269/269/269 270/270/270 
f 269/269/269 271/271/271 270/270/270 
f 270/270/270 271/271/271 272/272/272 
f 271/271/271 273/273/273 272/272/272 
f 272/272/272 273/273/273 274/274/274 
f 273/273/273 275/275/275 274/274/274 
f 274/274/274 275/275/275 276/276/276 
f 275/275/275 277/277/277 276/276/276 
f 276/276/276 277/277/277 278/278/278 
f 277/277/277 277/277/277 278/278/278 
f 278/278/278 277/277/277 279/279/279 
f 277/277/277 280/280/280 279/279/279 
f 279/279/279 280/280/280 281/281/281 
f 280/280/280 281/281/281 281/281/281 
f 281/281/281 281/281/281 261/261/261 
f 281/281/281 261/261/261 261/261/261 
f 261/261/261 261/261/261 282/282/282 
f 261/261/261 263/263/263 282/282/282 
f 282/282/282 263/263/263 263/263/263 
f 263/263/263 278/278/278 263/263/263 
f 263/263/263 278/278/278 278/278/278 
f 278/278/278 283/283/283 278/278/278 
f 278/278/278 283/283/283 276/276/276 
f 283/283/283 276/276/276 276/276/276 
f 276/276/276 276/276/276 280/280/280 
f 276/276/276 280/280/280 280/280/280 
f 280/280/280 280/280/280 284/284/284 
f 280/280/280 277/277/277 284/284/284 
f 284/284/284 277/277/277 284/284/284 
f 277/277/277 275/275/275 284/284/284 
f 284/284/284 275/275/275 285/285/285 
f 275/275/275 273/273/273 285/285/285 
f 285/285/285 273/273/273 286/286/286 
f 273/273/273 271/271/271 286/286/286 
f 286/286/286 271/271/271 287/287/287 
f 271/271/271 269/269/269 287/287/287 
f 287/287/287 269/269/269 287/287/287 
f 269/269/269 267/267/267 287/287/287 
f 287/287/287 267/267/267 288/288/288 
f 267/267/267 265/265/265 288/288/288 
f 288/288/288 265/265/265 289/289/289 
f 265/265/265 290/290/290 289/289/289 
f 289/289/289 290/290/290 290/290/290 
f 290/290/290 289/289/289 290/290/290 
f 290/290/290 289/289/289 289/289/289 
f 289/289/289 291/291/291 289/289/289 
f 289/289/289 291/291/291 288/288/288 
f 291/291/291 291/291/291 288/288/288 
f 288/288/288 291/291/291 287/287/287 
f 291/291/291 292/292/292 287/287/287 
f 287/287/287 292/292/292 293/293/293 
f 292/292/292 294/294/294 293/293/293 
f 293/293/293 294/294/294 295/295/295 
f 294/294/294 296/296/296 295/295/295 
f 295/295/295 296/296/296 297/297/297 
f 296/296/296 298/298/298 297/297/297 
f 297/297/297 298/298/298 299/299/299 
f 298/298/298 300/300/300 299/299/299 
f 299/299/299 300/300/300 299/299/299 
f 300/300/300 301/301/301 299/299/299 
f 299/299/299 301/301/301 302/302/302 
f 301/301/301 303/303/303 302/302/302 
f 302/302/302 303/303/303 304/304/304 
f 303/303/303 305/305/305 304/304/304 
f 304/304/304 305/305/305 304/304/304 
f 305/305/305 306/306/306 304/304/304 
f 304/304/304 306/306/306 307/307/307 
f 306/306/306 308/308/308 307/307/307 
f 307/307/307 308/308/308 309/309/309 
f 308/308/308 308/308/308 309/309/309 
f 309/309/309 308/308/308 310/310/310 
f 308/308/308 311/311/311 310/310/310 
f 310/310/310 311/311/311 312/312/312 
f 311/311/311 313/313/313 312/312/312 
f 312/312/312 313/313/313 314/314/314 
f 313/313/313 313/313/313 314/314/314 
f 314/314/314 313/313/313 315/315/315 
f 313/313/313 316/316/316 315/315/315 
f 315/315/315 316/316/316 315/315/315 
f 316/316/316 317/317/317 315/315/315 
f 315/315/315 317/317/317 318/318/318 
f 317/317/317 319/319/319 318/318/318 
f 318/318/318 319/319/319 320/320/320 
f 319/319/319 320/320/320 320/320/320 
f 320/320/320 320/320/320 321/321/321 
f 320/320/320 321/321/321 321/321/321 
f 321/321/321 321/321/321 298/298/298 
f 321/321/321 300/300/300 298/298/298 
f 298/298/298 300/300/300 300/300/300 
f 300/300/300 308/308/308 300/300/300 
f 300/300/300 308/308/308 308/308/308 
f 308/308/308 306/306/306 308/308/308 
f 308/308/308 306/306/306 322/322/322 
f 306/306/306 323/323/323 322/322/322 
f 322/322/322 323/323/323 323/323/323 
f 323/323/323 309/309/309 323/323/323 
f 323/323/323 309/309/309 309/309/309 
f 309/309/309 324/324/324 309/309/309 
f 309/309/309 324/324/324 307/307/307 
f 324/324/324 307/307/307 307/307/307 
f 307/307/307 307/307/307 315/315/315 
f 307/307/307 315/315/315 315/315/315 
f 315/315/315 315/315/315 223/223/223 
f 315/315/315 318/318/318 223/223/223 
f 223/223/223 318/318/318 325/325/325 
f 318/318/318 321/321/321 325/325/325 
f 325/325/325 321/321/321 325/325/325 
f 321/321/321 326/326/326 325/325/325 
f 325/325/325 326/326/326 325/325/325 
f 326/326/326 327/327/327 325/325/325 
f 325/325/325 327/327/327 328/328/328 
f 327/327/327 329/329/329 328/328/328 
f 328/328/328 329/329/329 328/328/328 
f 329/329/329 330/330/330 328/328/328 
f 328/328/328 330/330/330 325/325/325 
f 330/330/330 217/217/217 325/325/325 
f 325/325/325 217/217/217 223/223/223 
f 217/217/217 223/223/223 223/223/223 
f 223/223/223 223/223/223 321/321/321 
f 223/223/223 321/321/321 321/321/321 
f 321/321/321 321/321/321 300/300/300 
f 321/321/321 318/318/318 300/300/300 
f 300/300/300 318/318/318 318/318/318 
f 318/318/318 327/327/327 318/318/318 
f 318/318/318 327/327/327 327/327/327 
f 327/327/327 331/331/331 327/327/327 
f 327/327/327 331/331/331 329/329/329 
f 331/331/331 332/332/332 329/329/329 
f 329/329/329 332/332/332 289/289/289 
f 332/332/332 332/332/332 289/289/289 
f 289/289/289 332/332/332 333/333/333 
f 332/332/332 334/334/334 333/333/333 
f 333/333/333 334/334/334 334/334/334 
f 334/334/334 289/289/289 334/334/334 
f 334/334/334 289/289/289 289/289/289 
f 289/289/289 290/290/290 289/289/289 
f 289/289/289 290/290/290 329/329/329 
f 290/290/290 335/335/335 329/329/329 
f 329/329/329 335/335/335 330/330/330 
f 335/335/335 336/336/336 330/330/330 
f 330/330/330 336/336/336 337/337/337 
f 336/336/336 337/337/337 337/337/337 
f 337/337/337 337/337/337 290/290/290 
f 337/337/337 290/290/290 290/290/290 
f 290/290/290 290/290/290 335/335/335 
f 290/290/290 338/338/338 335/335/335 
f 335/335/335 338/338/338 339/339/339 
f 338/338/338 339/339/339 339/339/339 
f 339/339/339 339/339/339 340/340/340 
f 339/339/339 340/340/340 340/340/340 
f 340/340/340 340/340/340 341/341/341 
f 340/340/340 342/342/342 341/341/341 
f 341/341/341 342/342/342 343/343/343 
f 342/342/342 344/344/344 343/343/343 
f 343/343/343 344/344/344 344/344/344 
f 344/344/344 340/340/340 344/344/344 
f 344/344/344 340/340/340 340/340/340 
f 340/340/340 341/341/341 340/340/340 
f 340/340/340 341/341/341 345/345/345 
f 341/341/341 341/341/341 345/345/345 
f 345/345/345 341/341/341 346/346/346 
f 341/341/341 347/347/347 346/346/346 
f 346/346/346 347/347/347 348/348/348 
f 347/347/347 349/349/349 348/348/348 
f 348/348/348 349/349/349 350/350/350 
f 349/349/349 349/349/349 350/350/350 
f 350/350/350 349/349/349 351/351/351 
f 349/349/349 352/352/352 351/351/351 
f 351/351/351 352/352/352 353/353/353 
f 352/352/352 354/354/354 353/353/353 
f 353/353/353 354/354/354 355/355/355 
f 354/354/354 354/354/354 355/355/355 
f 355/355/355 354/354/354 356/356/356 
f 354/354/354 354/354/354 356/356/356 
f 356/356/356 354/354/354 357/357/357 
f 354/354/354 358/358/358 357/357/357 
f 357/357/357 358/358/358 359/359/359 
f 358/358/358 360/360/360 359/359/359 
f 359/359/359 360/360/360 359/359/359 
f 360/360/360 361/361/361 359/359/359 
f 359/359/359 361/361/361 362/362/362 
f 361/361/361 363/363/363 362/362/362 
f 362/362/362 363/363/363 364/364/364 
f 363/363/363 365/365/365 364/364/364 
f 364/364/364 365/365/365 366/366/366 
f 365/365/365 366/366/366 366/366/366 
f 366/366/366 366/366/366 347/347/347 
f 366/366/366 347/347/347 347/347/347 
f 347/347/347 347/347/347 343/343/343 
f 347/347/347 341/341/341 343/343/343 
f 343/343/343 341/341/341 341/341/341 
f 341/341/341 354/354/354 341/341/341 
f 341/341/341 354/354/354 354/354/354 
f 354/354/354 352/352/352 354/354/354 
f 354/354/354 352/352/352 358/358/358 
f 352/352/352 367/367/367 358/358/358 
f 358/358/358 367/367/367 358/358/358 
f 367/367/367 368/368/368 358/358/358 
f 358/358/358 368/368/368 360/360/360 
f 368/368/368 360/360/360 360/360/360 
f 360/360/360 360/360/360 349/349/349 
f 360/360/360 349/349/349 349/349/349 
f 349/349/349 349/349/349 352/352/352 
f 349/349/349 367/367/367 352/352/352 
f 352/352/352 367/367/367 367/367/367 
f 367/367/367 365/365/365 367/367/367 
f 367/367/367 365/365/365 365/365/365 
f 365/365/365 363/363/363 365/365/365 
f 365/365/365 363/363/363 369/369/369 
f 363/363/363 370/370/370 369/369/369 
f 369/369/369 370/370/370 371/371/371 
f 370/370/370 372/372/372 371/371/371 
f 371/371/371 372/372/372 373/373/373 
f 372/372/372 344/344/344 373/373/373 
f 373/373/373 344/344/344 344/344/344 
f 344/344/344 363/363/363 344/344/344 
f 344/344/344 363/363/363 363/363/363 
f 363/363/363 361/361/361 363/363/363 
f 363/363/363 361/361/361 370/370/370 
f 361/361/361 374/374/374 370/370/370 
f 370/370/370 374/374/374 372/372/372 
f 374/374/374 374/374/374 372/372/372 
f 372/372/372 374/374/374 375/375/375 
f 374/374/374 361/361/361 375/375/375 
f 375/375/375 361/361/361 376/376/376 
f 361/361/361 377/377/377 376/376/376 
f 376/376/376 377/377/377 376/376/376 
f 377/377/377 378/378/378 376/376/376 
f 376/376/376 378/378/378 375/375/375 
f 378/378/378 379/379/379 375/375/375 
f 375/375/375 379/379/379 375/375/375 
f 379/379/379 380/380/380 375/375/375 
f 375/375/375 380/380/380 381/381/381 
f 380/380/380 382/382/382 381/381/381 
f 381/381/381 382/382/382 381/381/381 
f 382/382/382 372/372/372 381/381/381 
f 381/381/381 372/372/372 375/375/375 
f 372/372/372 375/375/375 375/375/375 
f 375/375/375 375/375/375 369/369/369 
f 375/375/375 369/369/369 369/369/369 
f 369/369/369 369/369/369 383/383/383 
f 369/369/369 371/371/371 383/383/383 
f 383/383/383 371/371/371 384/384/384 
f 371/371/371 373/373/373 384/384/384 
f 384/384/384 373/373/373 373/373/373 
f 373/373/373 384/384/384 373/373/373 
f 373/373/373 384/384/384 384/384/384 
f 384/384/384 385/385/385 384/384/384 
f 384/384/384 385/385/385 383/383/383 
f 385/385/385 383/383/383 383/383/383 
f 383/383/383 383/383/383 372/372/372 
f 383/383/383 372/372/372 372/372/372 
f 372/372/372 372/372/372 344/344/344 
f 372/372/372 386/386/386 344/344/344 
f 344/344/344 386/386/386 343/343/343 
f 386/386/386 387/387/387 343/343/343 
f 343/343/343 387/387/387 343/343/343 
f 387/387/387 388/388/388 343/343/343 
f 343/343/343 388/388/388 347/347/347 
f 388/388/388 388/388/388 347/347/347 
f 347/347/347 388/388/388 349/349/349 
f 388/388/388 389/389/389 349/349/349 
f 349/349/349 389/389/389 367/367/367 
f 389/389/389 390/390/390 367/367/367 
f 367/367/367 390/390/390 368/368/368 
f 390/390/390 391/391/391 368/368/368 
f 368/368/368 391/391/391 360/360/360 
f 391/391/391 360/360/360 360/360/360 
f 360/360/360 360/360/360 386/386/386 
f 360/360/360 386/386/386 386/386/386 
f 386/386/386 386/386/386 387/387/387 
f 386/386/386 391/391/391 387/387/387 
f 387/387/387 391/391/391 387/387/387 
f 391/391/391 390/390/390 387/387/387 
f 387/387/387 390/390/390 388/388/388 
f 390/390/390 389/389/389 388/388/388 
f 388/388/388 389/389/389 389/389/389 
f 389/389/389 392/392/392 389/389/389 
f 389/389/389 392/392/392 392/392/392 
f 392/392/392 393/393/393 392/392/392 
f 392/392/392 393/393/393 394/394/394 
f 393/393/393 393/393/393 394/394/394 
f 394/394/394 393/393/393 395/395/395 
f 393/393/393 396/396/396 395/395/395 
f 395/395/395 396/396/396 397/397/397 
f 396/396/396 398/398/398 397/397/397 
f 397/397/397 398/398/398 399/399/399 
f 398/398/398 399/399/399 399/399/399 
f 399/399/399 399/399/399 400/400/400 
f 399/399/399 400/400/400 400/400/400 
f 400/400/400 400/400/400 401/401/401 
f 400/400/400 402/402/402 401/401/401 
f 401/401/401 402/402/402 403/403/403 
f 402/402/402 402/402/402 403/403/403 
f 403/403/403 402/402/402 404/404/404 
f 402/402/402 405/405/405 404/404/404 
f 404/404/404 405/405/405 406/406/406 
f 405/405/405 407/407/407 406/406/406 
f 406/406/406 407/407/407 406/406/406 
f 407/407/407 408/408/408 406/406/406 
f 406/406/406 408/408/408 406/406/406 
f 408/408/408 409/409/409 406/406/406 
f 406/406/406 409/409/409 406/406/406 
f 409/409/409 410/410/410 406/406/406 
f 406/406/406 410/410/410 404/404/404 
f 410/410/410 411/411/411 404/404/404 
f 404/404/404 411/411/411 403/403/403 
f 411/411/411 411/411/411 403/403/403 
f 403/403/403 411/411/411 412/412/412 
f 411/411/411 413/413/413 412/412/412 
f 412/412/412 413/413/413 414/414/414 
f 413/413/413 414/414/414 414/414/414 
f 414/414/414 414/414/414 402/402/402 
f 414/414/414 402/402/402 402/402/402 
f 402/402/402 402/402/402 405/405/405 
f 402/402/402 415/415/415 405/405/405 
f 405/405/405 415/415/415 416/416/416 
f 415/415/415 416/416/416 416/416/416 
f 416/416/416 416/416/416 410/410/410 
f 416/416/416 410/410/410 410/410/410 
f 410/410/410 410/410/410 417/417/417 
f 410/410/410 409/409/409 417/417/417 
f 417/417/417 409/409/409 418/418/418 
f 409/409/409 419/419/419 418/418/418 
f 418/418/418 419/419/419 420/420/420 
f 419/419/419 421/421/421 420/420/420 
f 420/420/420 421/421/421 421/421/421 
f 421/421/421 409/409/409 421/421/421 
f 421/421/421 409/409/409 409/409/409 
f 409/409/409 408/408/408 409/409/409 
f 409/409/409 408/408/408 419/419/419 
f 408/408/408 408/408/408 419/419/419 
f 419/419/419 408/408/408 422/422/422 
f 408/408/408 423/423/423 422/422/422 
f 422/422/422 423/423/423 423/423/423 
f 423/423/423 418/418/418 423/423/423 
f 423/423/423 418/418/418 418/418/418 
f 418/418/418 424/424/424 418/418/418 
f 418/418/418 424/424/424 417/417/417 
f 424/424/424 424/424/424 417/417/417 
f 417/417/417 424/424/424 425/425/425 
f 424/424/424 426/426/426 425/425/425 
f 425/425/425 426/426/426 426/426/426 
f 426/426/426 427/427/427 426/426/426 
f 426/426/426 427/427/427 427/427/427 
f 427/427/427 428/428/428 427/427/427 
f 427/427/427 428/428/428 429/429/429 
f 428/428/428 428/428/428 429/429/429 
f 429/429/429 428/428/428 430/430/430 
f 428/428/428 428/428/428 430/430/430 
f 430/430/430 428/428/428 431/431/431 
f 428/428/428 428/428/428 431/431/431 
f 431/431/431 428/428/428 432/432/432 
f 428/428/428 428/428/428 432/432/432 
f 432/432/432 428/428/428 433/433/433 
f 428/428/428 428/428/428 433/433/433 
f 433/433/433 428/428/428 434/434/434 
f 428/428/428 428/428/428 434/434/434 
f 434/434/434 428/428/428 435/435/435 
f 428/428/428 428/428/428 435/435/435 
f 435/435/435 428/428/428 436/436/436 
f 428/428/428 427/427/427 436/436/436 
f 436/436/436 427/427/427 437/437/437 
f 427/427/427 437/437/437 437/437/437 
f 437/437/437 437/437/437 438/438/438 
f 437/437/437 438/438/438 438/438/438 
f 438/438/438 438/438/438 439/439/439 
f 438/438/438 440/440/440 439/439/439 
f 439/439/439 440/440/440 440/440/440 
f 440/440/440 441/441/441 440/440/440 
f 440/440/440 441/441/441 441/441/441 
f 441/441/441 442/442/442 441/441/441 
f 441/441/441 442/442/442 443/443/443 
f 442/442/442 442/442/442 443/443/443 
f 443/443/443 442/442/442 444/444/444 
f 442/442/442 445/445/445 444/444/444 
f 444/444/444 445/445/445 446/446/446 
f 445/445/445 447/447/447 446/446/446 
f 446/446/446 447/447/447 448/448/448 
f 447/447/447 449/449/449 448/448/448 
f 448/448/448 449/449/449 450/450/450 
f 449/449/449 451/451/451 450/450/450 
f 450/450/450 451/451/451 452/452/452 
f 451/451/451 453/453/453 452/452/452 
f 452/452/452 453/453/453 454/454/454 
f 453/453/453 455/455/455 454/454/454 
f 454/454/454 455/455/455 456/456/456 
f 455/455/455 456/456/456 456/456/456 
f 456/456/456 456/456/456 457/457/457 
f 456/456/456 457/457/457 457/457/457 
f 457/457/457 457/457/457 458/458/458 
f 457/457/457 459/459/459 458/458/458 
f 458/458/458 459/459/459 460/460/460 
f 459/459/459 461/461/461 460/460/460 
f 460/460/460 461/461/461 462/462/462 
f 461/461/461 463/463/463 462/462/462 
f 462/462/462 463/463/463 464/464/464 
f 463/463/463 465/465/465 464/464/464 
f 464/464/464 465/465/465 466/466/466 
f 465/465/465 467/467/467 466/466/466 
f 466/466/466 467/467/467 468/468/468 
f 467/467/467 469/469/469 468/468/468 
f 468/468/468 469/469/469 470/470/470 
f 469/469/469 471/471/471 470/470/470 
f 470/470/470 471/471/471 472/472/472 
f 471/471/471 472/472/472 472/472/472 
f 472/472/472 472/472/472 473/473/473 
f 472/472/472 473/473/473 473/473/473 
f 473/473/473 473/473/473 474/474/474 
f 473/473/473 475/475/475 474/474/474 
f 474/474/474 475/475/475 476/476/476 
f 475/475/475 475/475/475 476/476/476 
f 476/476/476 475/475/475 477/477/477 
f 475/475/475 478/478/478 477/477/477 
f 477/477/477 478/478/478 478/478/478 
f 478/478/478 479/479/479 478/478/478 
f 478/478/478 479/479/479 479/479/479 
f 479/479/479 480/480/480 479/479/479 
f 479/479/479 480/480/480 481/481/481 
f 480/480/480 480/480/480 481/481/481 
f 481/481/481 480/480/480 482/482/482 
f 480/480/480 480/480/480 482/482/482 
f 482/482/482 480/480/480 483/483/483 
f 480/480/480 484/484/484 483/483/483 
f 483/483/483 484/484/484 484/484/484 
f 484/484/484 485/485/485 484/484/484 
f 484/484/484 485/485/485 485/485/485 
f 485/485/485 486/486/486 485/485/485 
f 485/485/485 486/486/486 487/487/487 
f 486/486/486 487/487/487 487/487/487 
f 487/487/487 487/487/487 488/488/488 
f 487/487/487 488/488/488 488/488/488 
f 488/488/488 488/488/488 489/489/489 
f 488/488/488 490/490/490 489/489/489 
f 489/489/489 490/490/490 490/490/490 
f 490/490/490 491/491/491 490/490/490 
f 490/490/490 491/491/491 491/491/491 
f 491/491/491 492/492/492 491/491/491 
f 491/491/491 492/492/492 493/493/493 
f 492/492/492 494/494/494 493/493/493 
f 493/493/493 494/494/494 495/495/495 
f 494/494/494 496/496/496 495/495/495 
f 495/495/495 496/496/496 496/496/496 
f 496/496/496 497/497/497 496/496/496 
f 496/496/496 497/497/497 497/497/497 
f 497/497/497 498/498/498 497/497/497 
f 497/497/497 498/498/498 499/499/499 
f 498/498/498 498/498/498 499/499/499 
f 499/499/499 498/498/498 500/500/500 
f 498/498/498 498/498/498 500/500/500 
f 500/500/500 498/498/498 501/501/501 
f 498/498/498 502/502/502 501/501/501 
f 501/501/501 502/502/502 502/502/502 
f 502/502/502 503/503/503 502/502/502 
f 502/502/502 503/503/503 503/503/503 
f 503/503/503 504/504/504 503/503/503 
f 503/503/503 504/504/504 505/505/505 
f 504/504/504 504/504/504 505/505/505 
f 505/505/505 504/504/504 506/506/506 
f 504/504/504 507/507/507 506/506/506 
f 506/506/506 507/507/507 507/507/507 
f 507/507/507 508/508/508 507/507/507 
f 507/507/507 508/508/508 508/508/508 
f 508/508/508 509/509/509 508/508/508 
f 508/508/508 509/509/509 510/510/510 
f 509/509/509 509/509/509 510/510/510 
f 510/510/510 509/509/509 511/511/511 
f 509/509/509 512/512/512 511/511/511 
f 511/511/511 512/512/512 512/512/512 
f 512/512/512 513/513/513 512/512/512 
f 512/512/512 513/513/513 513/513/513 
f 513/513/513 514/514/514 513/513/513 
f 513/513/513 514/514/514 515/515/515 
f 514/514/514 514/514/514 515/515/515 
f 515/515/515 514/514/514 516/516/516 
f 514/514/514 517/517/517 516/516/516 
f 516/516/516 517/517/517 517/517/517 
f 517/517/517 518/518/518 517/517/517 
f 517/517/517 518/518/518 518/518/518 
f 518/518/518 519/519/519 518/518/518 
f 518/518/518 519/519/519 520/520/520 
f 519/519/519 519/519/519 520/520/520 
f 520/520/520 519/519/519 521/521/521 
f 519/519/519 522/522/522 521/521/521 
f 521/521/521 522/522/522 522/522/522 
f 522/522/522 523/523/523 522/522/522 
f 522/522/522 523/523/523 523/523/523 
f 523/523/523 524/524/524 523/523/523 
f 523/523/523 524/524/524 525/525/525 
f 524/524/524 524/524/524 525/525/525 
f 525/525/525 524/524/524 526/526/526 
f 524/524/524 527/527/527 526/526/526 
f 526/526/526 527/527/527 527/527/527 
f 527/527/527 528/528/528 527/527/527 
f 527/527/527 528/528/528 528/528/528 
f 528/528/528 529/529/529 528/528/528 
f 528/528/528 529/529/529 530/530/530 
f 529/529/529 529/529/529 530/530/530 
f 530/530/530 529/529/529 531/531/531 
f 529/529/529 529/529/529 531/531/531 
f 531/531/531 529/529/529 532/532/532 
f 529/529/529 533/533/533 532/532/532 
f 532/532/532 533/533/533 533/533/533 
f 533/533/533 534/534/534 533/533/533 
f 533/533/533 534/534/534 534/534/534 
f 534/534/534 535/535/535 534/534/534 
f 534/534/534 535/535/535 536/536/536 
f 535/535/535 535/535/535 536/536/536 
f 536/536/536 535/535/535 537/537/537 
f 535/535/535 538/538/538 537/537/537 
f 537/537/537 538/538/538 538/538/538 
f 538/538/538 539/539/539 538/538/538 
f 538/538/538 539/539/539 539/539/539 
f 539/539/539 540/540/540 539/539/539 
f 539/539/539 540/540/540 541/541/541 
f 540/540/540 540/540/540 541/541/541 
f 541/541/541 540/540/540 542/542/542 
f 540/540/540 543/543/543 542/542/542 
f 542/542/542 543/543/543 543/543/543 
f 543/543/543 544/544/544 543/543/543 
f 543/543/543 544/544/544 544/544/544 
f 544/544/544 545/545/545 544/544/544 
f 544/544/544 545/545/545 546/546/546 
f 545/545/545 545/545/545 546/546/546 
f 546/546/546 545/545/545 547/547/547 
f 545/545/545 548/548/548 547/547/547 
f 547/547/547 548/548/548 548/548/548 
f 548/548/548 549/549/549 548/548/548 
f 548/548/548 549/549/549 549/549/549 
f 549/549/549 550/550/550 549/549/549 
f 549/549/549 550/550/550 551/551/551 
f 550/550/550 550/550/550 551/551/551 
f 551/551/551 550/550/550 552/552/552 
f 550/550/550 553/553/553 552/552/552 
f 552/552/552 553/553/553 553/553/553 
f 553/553/553 554/554/554 553/553/553 
f 553/553/553 554/554/554 554/554/554 
f 554/554/554 555/555/555 554/554/554 
f 554/554/554 555/555/555 556/556/556 
f 555/555/555 555/555/555 556/556/556 
f 556/556/556 555/555/555 557/557/557 
f 555/555/555 558/558/558 557/557/557 
f 557/557/557 558/558/558 558/558/558 
f 558/558/558 559/559/559 558/558/558 
f 558/558/558 559/559/559 559/559/559 
f 559/559/559 560/560/560 559/559/559 
f 559/559/559 560/560/560 561/561/561 
f 560/560/560 561/561/561 561/561/561 
f 561/561/561 561/561/561 562/562/562 
f 561/561/561 562/562/562 562/562/562 
f 562/562/562 562/562/562 563/563/563 
f 562/562/562 564/564/564 563/563/563 
f 563/563/563 564/564/564 565/565/565 
f 564/564/564 564/564/564 565/565/565 
f 565/565/565 564/564/564 566/566/566 
f 564/564/564 567/567/567 566/566/566 
f 566/566/566 567/567/567 567/567/567 
f 567/567/567 568/568/568 567/567/567 
f 567/567/567 568/568/568 568/568/568 
f 568/568/568 569/569/569 568/568/568 
f 568/568/568 569/569/569 570/570/570 
f 569/569/569 571/571/571 570/570/570 
f 570/570/570 571/571/571 572/572/572 
f 571/571/571 572/572/572 572/572/572 
f 572/572/572 572/572/572 569/569/569 
f 572/572/572 569/569/569 569/569/569 
f 569/569/569 569/569/569 571/571/571 
f 569/569/569 573/573/573 571/571/571 
f 571/571/571 573/573/573 573/573/573 
f 573/573/573 574/574/574 573/573/573 
f 573/573/573 574/574/574 574/574/574 
f 574/574/574 575/575/575 574/574/574 
f 574/574/574 575/575/575 576/576/576 
f 575/575/575 575/575/575 576/576/576 
f 576/576/576 575/575/575 577/577/577 
f 575/575/575 578/578/578 577/577/577 
f 577/577/577 578/578/578 578/578/578 
f 578/578/578 579/579/579 578/578/578 
f 578/578/578 579/579/579 579/579/579 
f 579/579/579 580/580/580 579/579/579 
f 579/579/579 580/580/580 581/581/581 
f 580/580/580 581/581/581 581/581/581 
f 581/581/581 581/581/581 582/582/582 
f 581/581/581 582/582/582 582/582/582 
f 582/582/582 582/582/582 583/583/583 
f 582/582/582 584/584/584 583/583/583 
f 583/583/583 584/584/584 585/585/585 
f 584/584/584 586/586/586 585/585/585 
f 585/585/585 586/586/586 586/586/586 
f 586/586/586 587/587/587 586/586/586 
f 586/586/586 587/587/587 587/587/587 
f 587/587/587 588/588/588 587/587/587 
f 587/587/587 588/588/588 589/589/589 
f 588/588/588 588/588/588 589/589/589 
f 589/589/589 588/588/588 590/590/590 
f 588/588/588 591/591/591 590/590/590 
f 590/590/590 591/591/591 592/592/592 
f 591/591/591 592/592/592 592/592/592 
f 592/592/592 592/592/592 588/588/588 
f 592/592/592 588/588/588 588/588/588 
f 588/588/588 588/588/588 591/591/591 
f 588/588/588 593/593/593 591/591/591 
f 591/591/591 593/593/593 593/593/593 
f 593/593/593 594/594/594 593/593/593 
f 593/593/593 594/594/594 594/594/594 
f 594/594/594 595/595/595 594/594/594 
f 594/594/594 595/595/595 596/596/596 
f 595/595/595 595/595/595 596/596/596 
f 596/596/596 595/595/595 597/597/597 
f 595/595/595 598/598/598 597/597/597 
f 597/597/597 598/598/598 598/598/598 
f 598/598/598 599/599/599 598/598/598 
f 598/598/598 599/599/599 599/599/599 
f 599/599/599 600/600/600 599/599/599 
f 599/599/599 600/600/600 601/601/601 
f 600/600/600 602/602/602 601/601/601 
f 601/601/601 602/602/602 603/603/603 
f 602/602/602 603/603/603 603/603/603 
f 603/603/603 603/603/603 600/600/600 
f 603/603/603 600/600/600 600/600/600 
f 600/600/600 600/600/600 602/602/602 
f 600/600/600 604/604/604 602/602/602 
f 602/602/602 604/604/604 604/604/604 
f 604/604/604 605/605/605 604/604/604 
f 604/604/604 605/605/605 605/605/605 
f 605/605/605 606/606/606 605/605/605 
f 605/605/605 606/606/606 607/607/607 
f 606/606/606 606/606/606 607/607/607 
f 607/607/607 606/606/606 608/608/608 
f 606/606/606 609/609/609 608/608/608 
f 608/608/608 609/609/609 609/609/609 
f 609/609/609 610/610/610 609/609/609 
f 609/609/609 610/610/610 610/610/610 
f 610/610/610 611/611/611 610/610/610 
f 610/610/610 611/611/611 612/612/612 
f 611/611/611 612/612/612 612/612/612 
f 612/612/612 612/612/612 613/613/613 
f 612/612/612 613/613/613 613/613/613 
f 613/613/613 613/613/613 614/614/614 
f 613/613/613 615/615/615 614/614/614 
f 614/614/614 615/615/615 616/616/616 
f 615/615/615 617/617/617 616/616/616 
f 616/616/616 617/617/617 617/617/617 
f 617/617/617 616/616/616 617/617/617 
f 617/617/617 616/616/616 616/616/616 
f 616/616/616 618/618/618 616/616/616 
f 616/616/616 618/618/618 614/614/614 
f 618/618/618 614/614/614 614/614/614 
f 614/614/614 614/614/614 619/619/619 
f 614/614/614 619/619/619 619/619/619 
f 619/619/619 619/619/619 620/620/620 
f 619/619/619 621/621/621 620/620/620 
f 620/620/620 621/621/621 622/622/622 
f 621/621/621 623/623/623 622/622/622 
f 622/622/622 623/623/623 623/623/623 
f 623/623/623 624/624/624 623/623/623 
f 623/623/623 624/624/624 624/624/624 
f 624/624/624 625/625/625 624/624/624 
f 624/624/624 625/625/625 626/626/626 
f 625/625/625 625/625/625 626/626/626 
f 626/626/626 625/625/625 627/627/627 
f 625/625/625 628/628/628 627/627/627 
f 627/627/627 628/628/628 629/629/629 
f 628/628/628 629/629/629 629/629/629 
f 629/629/629 629/629/629 628/628/628 
f 629/629/629 628/628/628 628/628/628 
f 628/628/628 628/628/628 630/630/630 
f 628/628/628 625/625/625 630/630/630 
f 630/630/630 625/625/625 631/631/631 
f 625/625/625 631/631/631 631/631/631 
f 631/631/631 631/631/631 632/632/632 
f 631/631/631 632/632/632 632/632/632 
f 632/632/632 632/632/632 633/633/633 
f 632/632/632 634/634/634 633/633/633 
f 633/633/633 634/634/634 635/635/635 
f 634/634/634 636/636/636 635/635/635 
f 635/635/635 636/636/636 636/636/636 
f 636/636/636 637/637/637 636/636/636 
f 636/636/636 637/637/637 637/637/637 
f 637/637/637 638/638/638 637/637/637 
f 637/637/637 638/638/638 639/639/639 
f 638/638/638 638/638/638 639/639/639 
f 639/639/639 638/638/638 640/640/640 
f 638/638/638 641/641/641 640/640/640 
f 640/640/640 641/641/641 641/641/641 
f 641/641/641 642/642/642 641/641/641 
f 641/641/641 642/642/642 642/642/642 
f 642/642/642 643/643/643 642/642/642 
f 642/642/642 643/643/643 644/644/644 
f 643/643/643 645/645/645 644/644/644 
f 644/644/644 645/645/645 646/646/646 
f 645/645/645 645/645/645 646/646/646 
f 646/646/646 645/645/645 647/647/647 
f 645/645/645 643/643/643 647/647/647 
f 647/647/647 643/643/643 643/643/643 
f 643/643/643 642/642/642 643/643/643 
f 643/643/643 642/642/642 642/642/642 
f 642/642/642 648/648/648 642/642/642 
f 642/642/642 648/648/648 643/643/643 
f 648/648/648 649/649/649 643/643/643 
f 643/643/643 649/649/649 650/650/650 
f 649/649/649 651/651/651 650/650/650 
f 650/650/650 651/651/651 650/650/650 
f 651/651/651 652/652/652 650/650/650 
f 650/650/650 652/652/652 653/653/653 
f 652/652/652 654/654/654 653/653/653 
f 653/653/653 654/654/654 655/655/655 
f 654/654/654 656/656/656 655/655/655 
f 655/655/655 656/656/656 657/657/657 
f 656/656/656 658/658/658 657/657/657 
f 657/657/657 658/658/658 659/659/659 
f 658/658/658 660/660/660 659/659/659 
f 659/659/659 660/660/660 661/661/661 
f 660/660/660 662/662/662 661/661/661 
f 661/661/661 662/662/662 663/663/663 
f 662/662/662 664/664/664 663/663/663 
f 663/663/663 664/664/664 665/665/665 
f 664/664/664 666/666/666 665/665/665 
f 665/665/665 666/666/666 667/667/667 
f 666/666/666 668/668/668 667/667/667 
f 667/667/667 668/668/668 669/669/669 
f 668/668/668 670/670/670 669/669/669 
f 669/669/669 670/670/670 670/670/670 
f 670/670/670 651/651/651 670/670/670 
f 670/670/670 651/651/651 651/651/651 
f 651/651/651 649/649/649 651/651/651 
f 651/651/651 649/649/649 648/648/648 
f 649/649/649 648/648/648 648/648/648 
f 648/648/648 648/648/648 653/653/653 
f 648/648/648 653/653/653 653/653/653 
f 653/653/653 653/653/653 650/650/650 
f 653/653/653 655/655/655 650/650/650 
f 650/650/650 655/655/655 650/650/650 
f 655/655/655 657/657/657 650/650/650 
f 650/650/650 657/657/657 661/661/661 
f 657/657/657 659/659/659 661/661/661 
f 661/661/661 659/659/659 659/659/659 
f 659/659/659 661/661/661 659/659/659 
f 659/659/659 661/661/661 661/661/661 
f 661/661/661 665/665/665 661/661/661 
f 661/661/661 665/665/665 650/650/650 
f 665/665/665 671/671/671 650/650/650 
f 650/650/650 671/671/671 650/650/650 
f 671/671/671 672/672/672 650/650/650 
f 650/650/650 672/672/672 650/650/650 
f 672/672/672 673/673/673 650/650/650 
f 650/650/650 673/673/673 643/643/643 
f 673/673/673 674/674/674 643/643/643 
f 643/643/643 674/674/674 647/647/647 
f 674/674/674 647/647/647 647/647/647 
f 647/647/647 647/647/647 665/665/665 
f 647/647/647 665/665/665 665/665/665 
f 665/665/665 665/665/665 671/671/671 
f 665/665/665 667/667/667 671/671/671 
f 671/671/671 667/667/667 671/671/671 
f 667/667/667 669/669/669 671/671/671 
f 671/671/671 669/669/669 670/670/670 
f 669/669/669 670/670/670 670/670/670 
f 670/670/670 670/670/670 674/674/674 
f 670/670/670 674/674/674 674/674/674 
f 674/674/674 674/674/674 675/675/675 
f 674/674/674 673/673/673 675/675/675 
f 675/675/675 673/673/673 676/676/676 
f 673/673/673 672/672/672 676/676/676 
f 676/676/676 672/672/672 677/677/677 
f 672/672/672 672/672/672 677/677/677 
f 677/677/677 672/672/672 678/678/678 
f 672/672/672 679/679/679 678/678/678 
f 678/678/678 679/679/679 680/680/680 
f 679/679/679 681/681/681 680/680/680 
f 680/680/680 681/681/681 682/682/682 
f 681/681/681 671/671/671 682/682/682 
f 682/682/682 671/671/671 670/670/670 
f 671/671/671 670/670/670 670/670/670 
f 670/670/670 670/670/670 676/676/676 
f 670/670/670 676/676/676 676/676/676 
f 676/676/676 676/676/676 675/675/675 
f 676/676/676 677/677/677 675/675/675 
f 675/675/675 677/677/677 677/677/677 
f 677/677/677 679/679/679 677/677/677 
f 677/677/677 679/679/679 679/679/679 
f 679/679/679 672/672/672 679/679/679 
f 679/679/679 672/672/672 681/681/681 
f 672/672/672 671/671/671 681/681/681 
f 681/681/681 671/671/671 671/671/671 
f 671/671/671 675/675/675 671/671/671 
f 671/671/671 675/675/675 675/675/675 
f 675/675/675 683/683/683 675/675/675 
f 675/675/675 683/683/683 674/674/674 
f 683/683/683 684/684/684 674/674/674 
f 674/674/674 684/684/684 685/685/685 
f 684/684/684 686/686/686 685/685/685 
f 685/685/685 686/686/686 685/685/685 
f 686/686/686 687/687/687 685/685/685 
f 685/685/685 687/687/687 688/688/688 
f 687/687/687 689/689/689 688/688/688 
f 688/688/688 689/689/689 690/690/690 
f 689/689/689 691/691/691 690/690/690 
f 690/690/690 691/691/691 692/692/692 
f 691/691/691 693/693/693 692/692/692 
f 692/692/692 693/693/693 694/694/694 
f 693/693/693 695/695/695 694/694/694 
f 694/694/694 695/695/695 696/696/696 
f 695/695/695 697/697/697 696/696/696 
f 696/696/696 697/697/697 698/698/698 
f 697/697/697 699/699/699 698/698/698 
f 698/698/698 699/699/699 700/700/700 
f 699/699/699 701/701/701 700/700/700 
f 700/700/700 701/701/701 702/702/702 
f 701/701/701 703/703/703 702/702/702 
f 702/702/702 703/703/703 704/704/704 
f 703/703/703 705/705/705 704/704/704 
f 704/704/704 705/705/705 706/706/706 
f 705/705/705 707/707/707 706/706/706 
f 706/706/706 707/707/707 708/708/708 
f 707/707/707 709/709/709 708/708/708 
f 708/708/708 709/709/709 709/709/709 
f 709/709/709 684/684/684 709/709/709 
f 709/709/709 684/684/684 684/684/684 
f 684/684/684 683/683/683 684/684/684 
f 684/684/684 683/683/683 686/686/686 
f 683/683/683 686/686/686 686/686/686 
f 686/686/686 686/686/686 674/674/674 
f 686/686/686 674/674/674 674/674/674 
f 674/674/674 674/674/674 688/688/688 
f 674/674/674 685/685/685 688/688/688 
f 688/688/688 685/685/685 685/685/685 
f 685/685/685 692/692/692 685/685/685 
f 685/685/685 692/692/692 692/692/692 
f 692/692/692 694/694/694 692/692/692 
f 692/692/692 694/694/694 690/690/690 
f 694/694/694 696/696/696 690/690/690 
f 690/690/690 696/696/696 690/690/690 
f 696/696/696 700/700/700 690/690/690 
f 690/690/690 700/700/700 647/647/647 
f 700/700/700 704/704/704 647/647/647 
f 647/647/647 704/704/704 647/647/647 
f 704/704/704 706/706/706 647/647/647 
f 647/647/647 706/706/706 647/647/647 
f 706/706/706 708/708/708 647/647/647 
f 647/647/647 708/708/708 647/647/647 
f 708/708/708 709/709/709 647/647/647 
f 647/647/647 709/709/709 646/646/646 
f 709/709/709 646/646/646 646/646/646 
f 646/646/646 646/646/646 700/700/700 
f 646/646/646 700/700/700 700/700/700 
f 700/700/700 700/700/700 704/704/704 
f 700/700/700 702/702/702 704/704/704 
f 704/704/704 702/702/702 702/702/702 
f 702/702/702 690/690/690 702/702/702 
f 702/702/702 690/690/690 690/690/690 
f 690/690/690 647/647/647 690/690/690 
f 690/690/690 647/647/647 688/688/688 
f 647/647/647 674/674/674 688/688/688 
f 688/688/688 674/674/674 674/674/674 
f 674/674/674 710/710/710 674/674/674 
f 674/674/674 710/710/710 710/710/710 
f 710/710/710 711/711/711 710/710/710 
f 710/710/710 711/711/711 712/712/712 
f 711/711/711 713/713/713 712/712/712 
f 712/712/712 713/713/713 714/714/714 
f 713/713/713 715/715/715 714/714/714 
f 714/714/714 715/715/715 715/715/715 
f 715/715/715 710/710/710 715/715/715 
f 715/715/715 710/710/710 710/710/710 
f 710/710/710 716/716/716 710/710/710 
f 710/710/710 716/716/716 711/711/711 
f 716/716/716 716/716/716 711/711/711 
f 711/711/711 716/716/716 717/717/717 
f 716/716/716 718/718/718 717/717/717 
f 717/717/717 718/718/718 719/719/719 
f 718/718/718 720/720/720 719/719/719 
f 719/719/719 720/720/720 721/721/721 
f 720/720/720 722/722/722 721/721/721 
f 721/721/721 722/722/722 723/723/723 
f 722/722/722 724/724/724 723/723/723 
f 723/723/723 724/724/724 725/725/725 
f 724/724/724 726/726/726 725/725/725 
f 725/725/725 726/726/726 727/727/727 
f 726/726/726 728/728/728 727/727/727 
f 727/727/727 728/728/728 729/729/729 
f 728/728/728 281/281/281 729/729/729 
f 729/729/729 281/281/281 729/729/729 
f 281/281/281 280/280/280 729/729/729 
f 729/729/729 280/280/280 729/729/729 
f 280/280/280 284/284/284 729/729/729 
f 729/729/729 284/284/284 730/730/730 
f 284/284/284 285/285/285 730/730/730 
f 730/730/730 285/285/285 731/731/731 
f 285/285/285 286/286/286 731/731/731 
f 731/731/731 286/286/286 731/731/731 
f 286/286/286 732/732/732 731/731/731 
f 731/731/731 732/732/732 733/733/733 
f 732/732/732 734/734/734 733/733/733 
f 733/733/733 734/734/734 734/734/734 
f 734/734/734 729/729/729 734/734/734 
f 734/734/734 729/729/729 729/729/729 
f 729/729/729 730/730/730 729/729/729 
f 729/729/729 730/730/730 727/727/727 
f 730/730/730 735/735/735 727/727/727 
f 727/727/727 735/735/735 725/725/725 
f 735/735/735 736/736/736 725/725/725 
f 725/725/725 736/736/736 723/723/723 
f 736/736/736 737/737/737 723/723/723 
f 723/723/723 737/737/737 721/721/721 
f 737/737/737 738/738/738 721/721/721 
f 721/721/721 738/738/738 719/719/719 
f 738/738/738 739/739/739 719/719/719 
f 719/719/719 739/739/739 717/717/717 
f 739/739/739 740/740/740 717/717/717 
f 717/717/717 740/740/740 711/711/711 
f 740/740/740 713/713/713 711/711/711 
f 711/711/711 713/713/713 713/713/713 
f 713/713/713 730/730/730 713/713/713 
f 713/713/713 730/730/730 730/730/730 
f 730/730/730 731/731/731 730/730/730 
f 730/730/730 731/731/731 735/735/735 
f 731/731/731 733/733/733 735/735/735 
f 735/735/735 733/733/733 736/736/736 
f 733/733/733 741/741/741 736/736/736 
f 736/736/736 741/741/741 736/736/736 
f 741/741/741 742/742/742 736/736/736 
f 736/736/736 742/742/742 737/737/737 
f 742/742/742 737/737/737 737/737/737 
f 737/737/737 737/737/737 733/733/733 
f 737/737/737 733/733/733 733/733/733 
f 733/733/733 733/733/733 741/741/741 
f 733/733/733 734/734/734 741/741/741 
f 741/741/741 734/734/734 741/741/741 
f 734/734/734 743/743/743 741/741/741 
f 741/741/741 743/743/743 744/744/744 
f 743/743/743 745/745/745 744/744/744 
f 744/744/744 745/745/745 746/746/746 
f 745/745/745 747/747/747 746/746/746 
f 746/746/746 747/747/747 748/748/748 
f 747/747/747 749/749/749 748/748/748 
f 748/748/748 749/749/749 750/750/750 
f 749/749/749 751/751/751 750/750/750 
f 750/750/750 751/751/751 752/752/752 
f 751/751/751 753/753/753 752/752/752 
f 752/752/752 753/753/753 752/752/752 
f 753/753/753 754/754/754 752/752/752 
f 752/752/752 754/754/754 755/755/755 
f 754/754/754 714/714/714 755/755/755 
f 755/755/755 714/714/714 755/755/755 
f 714/714/714 715/715/715 755/755/755 
f 755/755/755 715/715/715 756/756/756 
f 715/715/715 757/757/757 756/756/756 
f 756/756/756 757/757/757 758/758/758 
f 757/757/757 759/759/759 758/758/758 
f 758/758/758 759/759/759 760/760/760 
f 759/759/759 761/761/761 760/760/760 
f 760/760/760 761/761/761 762/762/762 
f 761/761/761 742/742/742 762/762/762 
f 762/762/762 742/742/742 762/762/762 
f 742/742/742 741/741/741 762/762/762 
f 762/762/762 741/741/741 744/744/744 
f 741/741/741 744/744/744 744/744/744 
f 744/744/744 744/744/744 754/754/754 
f 744/744/744 754/754/754 754/754/754 
f 754/754/754 754/754/754 763/763/763 
f 754/754/754 753/753/753 763/763/763 
f 763/763/763 753/753/753 764/764/764 
f 753/753/753 765/765/765 764/764/764 
f 764/764/764 765/765/765 766/766/766 
f 765/765/765 765/765/765 766/766/766 
f 766/766/766 765/765/765 767/767/767 
f 765/765/765 768/768/768 767/767/767 
f 767/767/767 768/768/768 769/769/769 
f 768/768/768 770/770/770 769/769/769 
f 769/769/769 770/770/770 771/771/771 
f 770/770/770 772/772/772 771/771/771 
f 771/771/771 772/772/772 773/773/773 
f 772/772/772 774/774/774 773/773/773 
f 773/773/773 774/774/774 775/775/775 
f 774/774/774 776/776/776 775/775/775 
f 775/775/775 776/776/776 777/777/777 
f 776/776/776 778/778/778 777/777/777 
f 777/777/777 778/778/778 777/777/777 
f 778/778/778 286/286/286 777/777/777 
f 777/777/777 286/286/286 287/287/287 
f 286/286/286 287/287/287 287/287/287 
f 287/287/287 287/287/287 763/763/763 
f 287/287/287 763/763/763 763/763/763 
f 763/763/763 763/763/763 779/779/779 
f 763/763/763 764/764/764 779/779/779 
f 779/779/779 764/764/764 779/779/779 
f 764/764/764 780/780/780 779/779/779 
f 779/779/779 780/780/780 781/781/781 
f 780/780/780 781/781/781 781/781/781 
f 781/781/781 781/781/781 782/782/782 
f 781/781/781 782/782/782 782/782/782 
f 782/782/782 782/782/782 783/783/783 
f 782/782/782 784/784/784 783/783/783 
f 783/783/783 784/784/784 785/785/785 
f 784/784/784 785/785/785 785/785/785 
f 785/785/785 785/785/785 786/786/786 
f 785/785/785 786/786/786 786/786/786 
f 786/786/786 786/786/786 787/787/787 
f 786/786/786 788/788/788 787/787/787 
f 787/787/787 788/788/788 789/789/789 
f 788/788/788 788/788/788 789/789/789 
f 789/789/789 788/788/788 783/783/783 
f 788/788/788 790/790/790 783/783/783 
f 783/783/783 790/790/790 782/782/782 
f 790/790/790 790/790/790 782/782/782 
f 782/782/782 790/790/790 791/791/791 
f 790/790/790 792/792/792 791/791/791 
f 791/791/791 792/792/792 793/793/793 
f 792/792/792 794/794/794 793/793/793 
f 793/793/793 794/794/794 793/793/793 
f 794/794/794 795/795/795 793/793/793 
f 793/793/793 795/795/795 796/796/796 
f 795/795/795 797/797/797 796/796/796 
f 796/796/796 797/797/797 796/796/796 
f 797/797/797 798/798/798 796/796/796 
f 796/796/796 798/798/798 799/799/799 
f 798/798/798 800/800/800 799/799/799 
f 799/799/799 800/800/800 799/799/799 
f 800/800/800 801/801/801 799/799/799 
f 799/799/799 801/801/801 802/802/802 
f 801/801/801 803/803/803 802/802/802 
f 802/802/802 803/803/803 803/803/803 
f 803/803/803 790/790/790 803/803/803 
f 803/803/803 790/790/790 790/790/790 
f 790/790/790 788/788/788 790/790/790 
f 790/790/790 788/788/788 792/792/792 
f 788/788/788 794/794/794 792/792/792 
f 792/792/792 794/794/794 794/794/794 
f 794/794/794 791/791/791 794/794/794 
f 794/794/794 791/791/791 791/791/791 
f 791/791/791 793/793/793 791/791/791 
f 791/791/791 793/793/793 804/804/804 
f 793/793/793 796/796/796 804/804/804 
f 804/804/804 796/796/796 805/805/805 
f 796/796/796 806/806/806 805/805/805 
f 805/805/805 806/806/806 807/807/807 
f 806/806/806 808/808/808 807/807/807 
f 807/807/807 808/808/808 808/808/808 
f 808/808/808 799/799/799 808/808/808 
f 808/808/808 799/799/799 799/799/799 
f 799/799/799 802/802/802 799/799/799 
f 799/799/799 802/802/802 796/796/796 
f 802/802/802 806/806/806 796/796/796 
f 796/796/796 806/806/806 806/806/806 
f 806/806/806 804/804/804 806/806/806 
f 806/806/806 804/804/804 804/804/804 
f 804/804/804 805/805/805 804/804/804 
f 804/804/804 805/805/805 807/807/807 
f 805/805/805 807/807/807 807/807/807 
f 807/807/807 807/807/807 809/809/809 
f 807/807/807 809/809/809 809/809/809 
f 809/809/809 809/809/809 810/810/810 
f 809/809/809 811/811/811 810/810/810 
f 810/810/810 811/811/811 810/810/810 
f 811/811/811 812/812/812 810/810/810 
f 810/810/810 812/812/812 813/813/813 
f 812/812/812 814/814/814 813/813/813 
f 813/813/813 814/814/814 815/815/815 
f 814/814/814 814/814/814 815/815/815 
f 815/815/815 814/814/814 816/816/816 
f 814/814/814 817/817/817 816/816/816 
f 816/816/816 817/817/817 818/818/818 
f 817/817/817 818/818/818 818/818/818 
f 818/818/818 818/818/818 783/783/783 
f 818/818/818 783/783/783 783/783/783 
f 783/783/783 783/783/783 819/819/819 
f 783/783/783 785/785/785 819/819/819 
f 819/819/819 785/785/785 820/820/820 
f 785/785/785 821/821/821 820/820/820 
f 820/820/820 821/821/821 822/822/822 
f 821/821/821 823/823/823 822/822/822 
f 822/822/822 823/823/823 824/824/824 
f 823/823/823 825/825/825 824/824/824 
f 824/824/824 825/825/825 824/824/824 
f 825/825/825 826/826/826 824/824/824 
f 824/824/824 826/826/826 827/827/827 
f 826/826/826 828/828/828 827/827/827 
f 827/827/827 828/828/828 829/829/829 
f 828/828/828 830/830/830 829/829/829 
f 829/829/829 830/830/830 830/830/830 
f 830/830/830 829/829/829 830/830/830 
f 830/830/830 829/829/829 829/829/829 
f 829/829/829 831/831/831 829/829/829 
f 829/829/829 831/831/831 827/827/827 
f 831/831/831 831/831/831 827/827/827 
f 827/827/827 831/831/831 832/832/832 
f 831/831/831 833/833/833 832/832/832 
f 832/832/832 833/833/833 834/834/834 
f 833/833/833 835/835/835 834/834/834 
f 834/834/834 835/835/835 836/836/836 
f 835/835/835 837/837/837 836/836/836 
f 836/836/836 837/837/837 837/837/837 
f 837/837/837 836/836/836 837/837/837 
f 837/837/837 836/836/836 836/836/836 
f 836/836/836 838/838/838 836/836/836 
f 836/836/836 838/838/838 834/834/834 
f 838/838/838 838/838/838 834/834/834 
f 834/834/834 838/838/838 832/832/832 
f 838/838/838 839/839/839 832/832/832 
f 832/832/832 839/839/839 840/840/840 
f 839/839/839 840/840/840 840/840/840 
f 840/840/840 840/840/840 839/839/839 
f 840/840/840 839/839/839 839/839/839 
f 839/839/839 839/839/839 841/841/841 
f 839/839/839 838/838/838 841/841/841 
f 841/841/841 838/838/838 841/841/841 
f 838/838/838 836/836/836 841/841/841 
f 841/841/841 836/836/836 841/841/841 
f 836/836/836 842/842/842 841/841/841 
f 841/841/841 842/842/842 843/843/843 
f 842/842/842 842/842/842 843/843/843 
f 843/843/843 842/842/842 844/844/844 
f 842/842/842 845/845/845 844/844/844 
f 844/844/844 845/845/845 844/844/844 
f 845/845/845 846/846/846 844/844/844 
f 844/844/844 846/846/846 847/847/847 
f 846/846/846 848/848/848 847/847/847 
f 847/847/847 848/848/848 849/849/849 
f 848/848/848 850/850/850 849/849/849 
f 849/849/849 850/850/850 851/851/851 
f 850/850/850 850/850/850 851/851/851 
f 851/851/851 850/850/850 852/852/852 
f 850/850/850 850/850/850 852/852/852 
f 852/852/852 850/850/850 853/853/853 
f 850/850/850 854/854/854 853/853/853 
f 853/853/853 854/854/854 853/853/853 
f 854/854/854 855/855/855 853/853/853 
f 853/853/853 855/855/855 856/856/856 
f 855/855/855 855/855/855 856/856/856 
f 856/856/856 855/855/855 857/857/857 
f 855/855/855 858/858/858 857/857/857 
f 857/857/857 858/858/858 857/857/857 
f 858/858/858 859/859/859 857/857/857 
f 857/857/857 859/859/859 860/860/860 
f 859/859/859 860/860/860 860/860/860 
f 860/860/860 860/860/860 861/861/861 
f 860/860/860 861/861/861 861/861/861 
f 861/861/861 861/861/861 851/851/851 
f 861/861/861 849/849/849 851/851/851 
f 851/851/851 849/849/849 849/849/849 
f 849/849/849 855/855/855 849/849/849 
f 849/849/849 855/855/855 855/855/855 
f 855/855/855 862/862/862 855/855/855 
f 855/855/855 862/862/862 858/858/858 
f 862/862/862 863/863/863 858/858/858 
f 858/858/858 863/863/863 864/864/864 
f 863/863/863 865/865/865 864/864/864 
f 864/864/864 865/865/865 864/864/864 
f 865/865/865 866/866/866 864/864/864 
f 864/864/864 866/866/866 867/867/867 
f 866/866/866 868/868/868 867/867/867 
f 867/867/867 868/868/868 867/867/867 
f 868/868/868 869/869/869 867/867/867 
f 867/867/867 869/869/869 870/870/870 
f 869/869/869 869/869/869 870/870/870 
f 870/870/870 869/869/869 871/871/871 
f 869/869/869 872/872/872 871/871/871 
f 871/871/871 872/872/872 873/873/873 
f 872/872/872 874/874/874 873/873/873 
f 873/873/873 874/874/874 874/874/874 
f 874/874/874 862/862/862 874/874/874 
f 874/874/874 862/862/862 862/862/862 
f 862/862/862 875/875/875 862/862/862 
f 862/862/862 875/875/875 863/863/863 
f 875/875/875 863/863/863 863/863/863 
f 863/863/863 863/863/863 869/869/869 
f 863/863/863 869/869/869 869/869/869 
f 869/869/869 869/869/869 872/872/872 
f 869/869/869 789/789/789 872/872/872 
f 872/872/872 789/789/789 876/876/876 
f 789/789/789 783/783/783 876/876/876 
f 876/876/876 783/783/783 876/876/876 
f 783/783/783 877/877/877 876/876/876 
f 876/876/876 877/877/877 878/878/878 
f 877/877/877 879/879/879 878/878/878 
f 878/878/878 879/879/879 880/880/880 
f 879/879/879 879/879/879 880/880/880 
f 880/880/880 879/879/879 881/881/881 
f 879/879/879 879/879/879 881/881/881 
f 881/881/881 879/879/879 882/882/882 
f 879/879/879 839/839/839 882/882/882 
f 882/882/882 839/839/839 882/882/882 
f 839/839/839 883/883/883 882/882/882 
f 882/882/882 883/883/883 884/884/884 
f 883/883/883 884/884/884 884/884/884 
f 884/884/884 884/884/884 878/878/878 
f 884/884/884 878/878/878 878/878/878 
f 878/878/878 878/878/878 876/876/876 
f 878/878/878 880/880/880 876/876/876 
f 876/876/876 880/880/880 876/876/876 
f 880/880/880 885/885/885 876/876/876 
f 876/876/876 885/885/885 876/876/876 
f 885/885/885 861/861/861 876/876/876 
f 876/876/876 861/861/861 872/872/872 
f 861/861/861 851/851/851 872/872/872 
f 872/872/872 851/851/851 851/851/851 
f 851/851/851 839/839/839 851/851/851 
f 851/851/851 839/839/839 839/839/839 
f 839/839/839 879/879/879 839/839/839 
f 839/839/839 879/879/879 840/840/840 
f 879/879/879 886/886/886 840/840/840 
f 840/840/840 886/886/886 887/887/887 
f 886/886/886 888/888/888 887/887/887 
f 887/887/887 888/888/888 888/888/888 
f 888/888/888 879/879/879 888/888/888 
f 888/888/888 879/879/879 879/879/879 
f 879/879/879 877/877/877 879/879/879 
f 879/879/879 877/877/877 886/886/886 
f 877/877/877 877/877/877 886/886/886 
f 886/886/886 877/877/877 889/889/889 
f 877/877/877 890/890/890 889/889/889 
f 889/889/889 890/890/890 890/890/890 
f 890/890/890 891/891/891 890/890/890 
f 890/890/890 891/891/891 891/891/891 
f 891/891/891 892/892/892 891/891/891 
f 891/891/891 892/892/892 893/893/893 
f 892/892/892 894/894/894 893/893/893 
f 893/893/893 894/894/894 895/895/895 
f 894/894/894 896/896/896 895/895/895 
f 895/895/895 896/896/896 897/897/897 
f 896/896/896 898/898/898 897/897/897 
f 897/897/897 898/898/898 898/898/898 
f 898/898/898 899/899/899 898/898/898 
f 898/898/898 899/899/899 899/899/899 
f 899/899/899 900/900/900 899/899/899 
f 899/899/899 900/900/900 901/901/901 
f 900/900/900 901/901/901 901/901/901 
f 901/901/901 901/901/901 902/902/902 
f 901/901/901 902/902/902 902/902/902 
f 902/902/902 902/902/902 903/903/903 
f 902/902/902 904/904/904 903/903/903 
f 903/903/903 904/904/904 903/903/903 
f 904/904/904 905/905/905 903/903/903 
f 903/903/903 905/905/905 906/906/906 
f 905/905/905 907/907/907 906/906/906 
f 906/906/906 907/907/907 908/908/908 
f 907/907/907 909/909/909 908/908/908 
f 908/908/908 909/909/909 910/910/910 
f 909/909/909 911/911/911 910/910/910 
f 910/910/910 911/911/911 912/912/912 
f 911/911/911 913/913/913 912/912/912 
f 912/912/912 913/913/913 914/914/914 
f 913/913/913 915/915/915 914/914/914 
f 914/914/914 915/915/915 916/916/916 
f 915/915/915 917/917/917 916/916/916 
f 916/916/916 917/917/917 917/917/917 
f 917/917/917 918/918/918 917/917/917 
f 917/917/917 918/918/918 918/918/918 
f 918/918/918 919/919/919 918/918/918 
f 918/918/918 919/919/919 920/920/920 
f 919/919/919 921/921/921 920/920/920 
f 920/920/920 921/921/921 922/922/922 
f 921/921/921 923/923/923 922/922/922 
f 922/922/922 923/923/923 924/924/924 
f 923/923/923 925/925/925 924/924/924 
f 924/924/924 925/925/925 926/926/926 
f 925/925/925 927/927/927 926/926/926 
f 926/926/926 927/927/927 928/928/928 
f 927/927/927 929/929/929 928/928/928 
f 928/928/928 929/929/929 930/930/930 
f 929/929/929 931/931/931 930/930/930 
f 930/930/930 931/931/931 932/932/932 
f 931/931/931 933/933/933 932/932/932 
f 932/932/932 933/933/933 933/933/933 
f 933/933/933 934/934/934 933/933/933 
f 933/933/933 934/934/934 934/934/934 
f 934/934/934 935/935/935 934/934/934 
f 934/934/934 935/935/935 936/936/936 
f 935/935/935 937/937/937 936/936/936 
f 936/936/936 937/937/937 936/936/936 
f 937/937/937 938/938/938 936/936/936 
f 936/936/936 938/938/938 939/939/939 
f 938/938/938 939/939/939 939/939/939 
f 939/939/939 939/939/939 940/940/940 
f 939/939/939 940/940/940 940/940/940 
f 940/940/940 940/940/940 941/941/941 
f 940/940/940 942/942/942 941/941/941 
f 941/941/941 942/942/942 941/941/941 
f 942/942/942 943/943/943 941/941/941 
f 941/941/941 943/943/943 941/941/941 
f 943/943/943 944/944/944 941/941/941 
f 941/941/941 944/944/944 945/945/945 
f 944/944/944 945/945/945 945/945/945 
f 945/945/945 945/945/945 946/946/946 
f 945/945/945 946/946/946 946/946/946 
f 946/946/946 946/946/946 947/947/947 
f 946/946/946 948/948/948 947/947/947 
f 947/947/947 948/948/948 948/948/948 
f 948/948/948 949/949/949 948/948/948 
f 948/948/948 949/949/949 949/949/949 
f 949/949/949 950/950/950 949/949/949 
f 949/949/949 950/950/950 951/951/951 
f 950/950/950 951/951/951 951/951/951 
f 951/951/951 951/951/951 952/952/952 
f 951/951/951 952/952/952 952/952/952 
f 952/952/952 952/952/952 953/953/953 
f 952/952/952 954/954/954 953/953/953 
f 953/953/953 954/954/954 955/955/955 
f 954/954/954 956/956/956 955/955/955 
f 955/955/955 956/956/956 957/957/957 
f 956/956/956 957/957/957 957/957/957 
f 957/957/957 957/957/957 958/958/958 
f 957/957/957 958/958/958 958/958/958 
f 958/958/958 958/958/958 959/959/959 
f 958/958/958 960/960/960 959/959/959 
f 959/959/959 960/960/960 959/959/959 
f 960/960/960 961/961/961 959/959/959 
f 959/959/959 961/961/961 959/959/959 
f 961/961/961 962/962/962 959/959/959 
f 959/959/959 962/962/962 963/963/963 
f 962/962/962 963/963/963 963/963/963 
f 963/963/963 963/963/963 964/964/964 
f 963/963/963 964/964/964 964/964/964 
f 964/964/964 964/964/964 965/965/965 
f 964/964/964 966/966/966 965/965/965 
f 965/965/965 966/966/966 967/967/967 
f 966/966/966 968/968/968 967/967/967 
f 967/967/967 968/968/968 968/968/968 
f 968/968/968 969/969/969 968/968/968 
f 968/968/968 969/969/969 969/969/969 
f 969/969/969 970/970/970 969/969/969 
f 969/969/969 970/970/970 971/971/971 
f 970/970/970 970/970/970 971/971/971 
f 971/971/971 970/970/970 972/972/972 
f 970/970/970 973/973/973 972/972/972 
f 972/972/972 973/973/973 973/973/973 
f 973/973/973 974/974/974 973/973/973 
f 973/973/973 974/974/974 974/974/974 
f 974/974/974 975/975/975 974/974/974 
f 974/974/974 975/975/975 976/976/976 
f 975/975/975 975/975/975 976/976/976 
f 976/976/976 975/975/975 977/977/977 
f 975/975/975 978/978/978 977/977/977 
f 977/977/977 978/978/978 978/978/978 
f 978/978/978 979/979/979 978/978/978 
f 978/978/978 979/979/979 979/979/979 
f 979/979/979 980/980/980 979/979/979 
f 979/979/979 980/980/980 981/981/981 
f 980/980/980 982/982/982 981/981/981 
f 981/981/981 982/982/982 983/983/983 
f 982/982/982 983/983/983 983/983/983 
f 983/983/983 983/983/983 984/984/984 
f 983/983/983 984/984/984 984/984/984 
f 984/984/984 984/984/984 985/985/985 
f 984/984/984 986/986/986 985/985/985 
f 985/985/985 986/986/986 987/987/987 
f 986/986/986 988/988/988 987/987/987 
f 987/987/987 988/988/988 988/988/988 
f 988/988/988 989/989/989 988/988/988 
f 988/988/988 989/989/989 989/989/989 
f 989/989/989 990/990/990 989/989/989 
f 989/989/989 990/990/990 991/991/991 
f 990/990/990 992/992/992 991/991/991 
f 991/991/991 992/992/992 993/993/993 
f 992/992/992 994/994/994 993/993/993 
f 993/993/993 994/994/994 994/994/994 
f 994/994/994 995/995/995 994/994/994 
f 994/994/994 995/995/995 995/995/995 
f 995/995/995 996/996/996 995/995/995 
f 995/995/995 996/996/996 997/997/997 
f 996/996/996 996/996/996 997/997/997 
f 997/997/997 996/996/996 998/998/998 
f 996/996/996 999/999/999 998/998/998 
f 998/998/998 999/999/999 999/999/999 
f 999/999/999 1000/1000/1000 999/999/999 
f 999/999/999 1000/1000/1000 1000/1000/1000 
f 1000/1000/1000 1001/1001/1001 1000/1000/1000 
f 1000/1000/1000 1001/1001/1001 1002/1002/1002 
f 1001/1001/1001 1001/1001/1001 1002/1002/1002 
f 1002/1002/1002 1001/1001/1001 1003/1003/1003 
f 1001/1001/1001 1004/1004/1004 1003/1003/1003 
f 1003/1003/1003 1004/1004/1004 1004/1004/1004 
f 1004/1004/1004 1005/1005/1005 1004/1004/1004 
f 1004/1004/1004 1005/1005/1005 1005/1005/1005 
f 1005/1005/1005 1006/1006/1006 1005/1005/1005 
f 1005/1005/1005 1006/1006/1006 1007/1007/1007 
f 1006/1006/1006 1008/1008/1008 1007/1007/1007 
f 1007/1007/1007 1008/1008/1008 1008/1008/1008 
f 1008/1008/1008 1009/1009/1009 1008/1008/1008 
f 1008/1008/1008 1009/1009/1009 1009/1009/1009 
f 1009/1009/1009 1010/1010/1010 1009/1009/1009 
f 1009/1009/1009 1010/1010/1010 1011/1011/1011 
f 1010/1010/1010 1011/1011/1011 1011/1011/1011 
f 1011/1011/1011 1011/1011/1011 1012/1012/1012 
f 1011/1011/1011 1012/1012/1012 1012/1012/1012 
f 1012/1012/1012 1012/1012/1012 1013/1013/1013 
f 1012/1012/1012 1014/1014/1014 1013/1013/1013 
f 1013/1013/1013 1014/1014/1014 1015/1015/1015 
f 1014/1014/1014 1016/1016/1016 1015/1015/1015 
f 1015/1015/1015 1016/1016/1016 1016/1016/1016 
f 1016/1016/1016 1017/1017/1017 1016/1016/1016 
f 1016/1016/1016 1017/1017/1017 1017/1017/1017 
f 1017/1017/1017 1018/1018/1018 1017/1017/1017 
f 1017/1017/1017 1018/1018/1018 1019/1019/1019 
f 1018/1018/1018 1018/1018/1018 1019/1019/1019 
f 1019/1019/1019 1018/1018/1018 1020/1020/1020 
f 1018/1018/1018 1021/1021/1021 1020/1020/1020 
f 1020/1020/1020 1021/1021/1021 1021/1021/1021 
f 1021/1021/1021 1022/1022/1022 1021/1021/1021 
f 1021/1021/1021 1022/1022/1022 1022/1022/1022 
f 1022/1022/1022 1023/1023/1023 1022/1022/1022 
f 1022/1022/1022 1023/1023/1023 1024/1024/1024 
f 1023/1023/1023 1024/1024/1024 1024/1024/1024 
f 1024/1024/1024 1024/1024/1024 1025/1025/1025 
f 1024/1024/1024 1025/1025/1025 1025/1025/1025 
f 1025/1025/1025 1025/1025/1025 1026/1026/1026 
f 1025/1025/1025 1027/1027/1027 1026/1026/1026 
f 1026/1026/1026 1027/1027/1027 1026/1026/1026 
f 1027/1027/1027 1028/1028/1028 1026/1026/1026 
f 1026/1026/1026 1028/1028/1028 1029/1029/1029 
f 1028/1028/1028 1030/1030/1030 1029/1029/1029 
f 1029/1029/1029 1030/1030/1030 1030/1030/1030 
f 1030/1030/1030 1031/1031/1031 1030/1030/1030 
f 1030/1030/1030 1031/1031/1031 1031/1031/1031 
f 1031/1031/1031 1032/1032/1032 1031/1031/1031 
f 1031/1031/1031 1032/1032/1032 1033/1033/1033 
f 1032/1032/1032 1034/1034/1034 1033/1033/1033 
f 1033/1033/1033 1034/1034/1034 1035/1035/1035 
f 1034/1034/1034 1035/1035/1035 1035/1035/1035 
f 1035/1035/1035 1035/1035/1035 1032/1032/1032 
f 1035/1035/1035 1032/1032/1032 1032/1032/1032 
f 1032/1032/1032 1032/1032/1032 1034/1034/1034 
f 1032/1032/1032 1036/1036/1036 1034/1034/1034 
f 1034/1034/1034 1036/1036/1036 1036/1036/1036 
f 1036/1036/1036 1037/1037/1037 1036/1036/1036 
f 1036/1036/1036 1037/1037/1037 1037/1037/1037 
f 1037/1037/1037 1038/1038/1038 1037/1037/1037 
f 1037/1037/1037 1038/1038/1038 1039/1039/1039 
f 1038/1038/1038 1038/1038/1038 1039/1039/1039 
f 1039/1039/1039 1038/1038/1038 1040/1040/1040 
f 1038/1038/1038 1041/1041/1041 1040/1040/1040 
f 1040/1040/1040 1041/1041/1041 1041/1041/1041 
f 1041/1041/1041 1042/1042/1042 1041/1041/1041 
f 1041/1041/1041 1042/1042/1042 1042/1042/1042 
f 1042/1042/1042 1043/1043/1043 1042/1042/1042 
f 1042/1042/1042 1043/1043/1043 1044/1044/1044 
f 1043/1043/1043 1044/1044/1044 1044/1044/1044 
f 1044/1044/1044 1044/1044/1044 1045/1045/1045 
f 1044/1044/1044 1045/1045/1045 1045/1045/1045 
f 1045/1045/1045 1045/1045/1045 1046/1046/1046 
f 1045/1045/1045 1047/1047/1047 1046/1046/1046 
f 1046/1046/1046 1047/1047/1047 1048/1048/1048 
f 1047/1047/1047 1049/1049/1049 1048/1048/1048 
f 1048/1048/1048 1049/1049/1049 1049/1049/1049 
f 1049/1049/1049 1050/1050/1050 1049/1049/1049 
f 1049/1049/1049 1050/1050/1050 1050/1050/1050 
f 1050/1050/1050 1051/1051/1051 1050/1050/1050 
f 1050/1050/1050 1051/1051/1051 1052/1052/1052 
f 1051/1051/1051 1053/1053/1053 1052/1052/1052 
f 1052/1052/1052 1053/1053/1053 1054/1054/1054 
f 1053/1053/1053 1055/1055/1055 1054/1054/1054 
f 1054/1054/1054 1055/1055/1055 1055/1055/1055 
f 1055/1055/1055 1054/1054/1054 1055/1055/1055 
f 1055/1055/1055 1054/1054/1054 1054/1054/1054 
f 1054/1054/1054 1056/1056/1056 1054/1054/1054 
f 1054/1054/1054 1056/1056/1056 1052/1052/1052 
f 1056/1056/1056 1052/1052/1052 1052/1052/1052 
f 1052/1052/1052 1052/1052/1052 1057/1057/1057 
f 1052/1052/1052 1057/1057/1057 1057/1057/1057 
f 1057/1057/1057 1057/1057/1057 1058/1058/1058 
f 1057/1057/1057 1059/1059/1059 1058/1058/1058 
f 1058/1058/1058 1059/1059/1059 1060/1060/1060 
f 1059/1059/1059 1060/1060/1060 1060/1060/1060 
f 1060/1060/1060 1060/1060/1060 1061/1061/1061 
f 1060/1060/1060 1061/1061/1061 1061/1061/1061 
f 1061/1061/1061 1061/1061/1061 1062/1062/1062 
f 1061/1061/1061 1063/1063/1063 1062/1062/1062 
f 1062/1062/1062 1063/1063/1063 1063/1063/1063 
f 1063/1063/1063 1064/1064/1064 1063/1063/1063 
f 1063/1063/1063 1064/1064/1064 1064/1064/1064 
f 1064/1064/1064 1065/1065/1065 1064/1064/1064 
f 1064/1064/1064 1065/1065/1065 1066/1066/1066 
f 1065/1065/1065 1067/1067/1067 1066/1066/1066 
f 1066/1066/1066 1067/1067/1067 1068/1068/1068 
f 1067/1067/1067 1068/1068/1068 1068/1068/1068 
f 1068/1068/1068 1068/1068/1068 1065/1065/1065 
f 1068/1068/1068 1065/1065/1065 1065/1065/1065 
f 1065/1065/1065 1065/1065/1065 1067/1067/1067 
f 1065/1065/1065 1069/1069/1069 1067/1067/1067 
f 1067/1067/1067 1069/1069/1069 1069/1069/1069 
f 1069/1069/1069 1070/1070/1070 1069/1069/1069 
f 1069/1069/1069 1070/1070/1070 1070/1070/1070 
f 1070/1070/1070 1071/1071/1071 1070/1070/1070 
f 1070/1070/1070 1071/1071/1071 1072/1072/1072 
f 1071/1071/1071 1071/1071/1071 1072/1072/1072 
f 1072/1072/1072 1071/1071/1071 1073/1073/1073 
f 1071/1071/1071 1074/1074/1074 1073/1073/1073 
f 1073/1073/1073 1074/1074/1074 1074/1074/1074 
f 1074/1074/1074 1075/1075/1075 1074/1074/1074 
f 1074/1074/1074 1075/1075/1075 1075/1075/1075 
f 1075/1075/1075 1076/1076/1076 1075/1075/1075 
f 1075/1075/1075 1076/1076/1076 1077/1077/1077 
f 1076/1076/1076 1077/1077/1077 1077/1077/1077 
f 1077/1077/1077 1077/1077/1077 1078/1078/1078 
f 1077/1077/1077 1078/1078/1078 1078/1078/1078 
f 1078/1078/1078 1078/1078/1078 1079/1079/1079 
f 1078/1078/1078 1080/1080/1080 1079/1079/1079 
f 1079/1079/1079 1080/1080/1080 1081/1081/1081 
f 1080/1080/1080 1082/1082/1082 1081/1081/1081 
f 1081/1081/1081 1082/1082/1082 1082/1082/1082 
f 1082/1082/1082 1081/1081/1081 1082/1082/1082 
f 1082/1082/1082 1081/1081/1081 1081/1081/1081 
f 1081/1081/1081 1083/1083/1083 1081/1081/1081 
f 1081/1081/1081 1083/1083/1083 1079/1079/1079 
f 1083/1083/1083 1079/1079/1079 1079/1079/1079 
f 1079/1079/1079 1079/1079/1079 1084/1084/1084 
f 1079/1079/1079 1084/1084/1084 1084/1084/1084 
f 1084/1084/1084 1084/1084/1084 1085/1085/1085 
f 1084/1084/1084 1086/1086/1086 1085/1085/1085 
f 1085/1085/1085 1086/1086/1086 1087/1087/1087 
f 1086/1086/1086 1088/1088/1088 1087/1087/1087 
f 1087/1087/1087 1088/1088/1088 1088/1088/1088 
f 1088/1088/1088 1089/1089/1089 1088/1088/1088 
f 1088/1088/1088 1089/1089/1089 1089/1089/1089 
f 1089/1089/1089 1090/1090/1090 1089/1089/1089 
f 1089/1089/1089 1090/1090/1090 1091/1091/1091 
f 1090/1090/1090 1090/1090/1090 1091/1091/1091 
f 1091/1091/1091 1090/1090/1090 1092/1092/1092 
f 1090/1090/1090 1093/1093/1093 1092/1092/1092 
f 1092/1092/1092 1093/1093/1093 1094/1094/1094 
f 1093/1093/1093 1094/1094/1094 1094/1094/1094 
f 1094/1094/1094 1094/1094/1094 1093/1093/1093 
f 1094/1094/1094 1093/1093/1093 1093/1093/1093 
f 1093/1093/1093 1093/1093/1093 1095/1095/1095 
f 1093/1093/1093 1090/1090/1090 1095/1095/1095 
f 1095/1095/1095 1090/1090/1090 1096/1096/1096 
f 1090/1090/1090 1096/1096/1096 1096/1096/1096 
f 1096/1096/1096 1096/1096/1096 1097/1097/1097 
f 1096/1096/1096 1097/1097/1097 1097/1097/1097 
f 1097/1097/1097 1097/1097/1097 1098/1098/1098 
f 1097/1097/1097 1099/1099/1099 1098/1098/1098 
f 1098/1098/1098 1099/1099/1099 1100/1100/1100 
f 1099/1099/1099 1101/1101/1101 1100/1100/1100 
f 1100/1100/1100 1101/1101/1101 1101/1101/1101 
f 1101/1101/1101 1102/1102/1102 1101/1101/1101 
f 1101/1101/1101 1102/1102/1102 1102/1102/1102 
f 1102/1102/1102 1103/1103/1103 1102/1102/1102 
f 1102/1102/1102 1103/1103/1103 1104/1104/1104 
f 1103/1103/1103 1103/1103/1103 1104/1104/1104 
f 1104/1104/1104 1103/1103/1103 1105/1105/1105 
f 1103/1103/1103 1106/1106/1106 1105/1105/1105 
f 1105/1105/1105 1106/1106/1106 1106/1106/1106 
f 1106/1106/1106 1107/1107/1107 1106/1106/1106 
f 1106/1106/1106 1107/1107/1107 1107/1107/1107 
f 1107/1107/1107 1108/1108/1108 1107/1107/1107 
f 1107/1107/1107 1108/1108/1108 1109/1109/1109 
f 1108/1108/1108 1110/1110/1110 1109/1109/1109 
f 1109/1109/1109 1110/1110/1110 1109/1109/1109 
f 1110/1110/1110 1111/1111/1111 1109/1109/1109 
f 1109/1109/1109 1111/1111/1111 1112/1112/1112 
f 1111/1111/1111 1113/1113/1113 1112/1112/1112 
f 1112/1112/1112 1113/1113/1113 1112/1112/1112 
f 1113/1113/1113 1114/1114/1114 1112/1112/1112 
f 1112/1112/1112 1114/1114/1114 1115/1115/1115 
f 1114/1114/1114 1114/1114/1114 1115/1115/1115 
f 1115/1115/1115 1114/1114/1114 1116/1116/1116 
f 1114/1114/1114 1117/1117/1117 1116/1116/1116 
f 1116/1116/1116 1117/1117/1117 1118/1118/1118 
f 1117/1117/1117 1118/1118/1118 1118/1118/1118 
f 1118/1118/1118 1118/1118/1118 1108/1108/1108 
f 1118/1118/1118 1108/1108/1108 1108/1108/1108 
f 1108/1108/1108 1108/1108/1108 1110/1110/1110 
f 1108/1108/1108 1119/1119/1119 1110/1110/1110 
f 1110/1110/1110 1119/1119/1119 1120/1120/1120 
f 1119/1119/1119 1120/1120/1120 1120/1120/1120 
f 1120/1120/1120 1120/1120/1120 1107/1107/1107 
f 1120/1120/1120 1107/1107/1107 1107/1107/1107 
f 1107/1107/1107 1107/1107/1107 1121/1121/1121 
f 1107/1107/1107 1109/1109/1109 1121/1121/1121 
f 1121/1121/1121 1109/1109/1109 1121/1121/1121 
f 1109/1109/1109 1112/1112/1112 1121/1121/1121 
f 1121/1121/1121 1112/1112/1112 1115/1115/1115 
f 1112/1112/1112 1115/1115/1115 1115/1115/1115 
f 1115/1115/1115 1115/1115/1115 1113/1113/1113 
f 1115/1115/1115 1113/1113/1113 1113/1113/1113 
f 1113/1113/1113 1113/1113/1113 1114/1114/1114 
f 1113/1113/1113 1122/1122/1122 1114/1114/1114 
f 1114/1114/1114 1122/1122/1122 1117/1117/1117 
f 1122/1122/1122 1123/1123/1123 1117/1117/1117 
f 1117/1117/1117 1123/1123/1123 1117/1117/1117 
f 1123/1123/1123 1124/1124/1124 1117/1117/1117 
f 1117/1117/1117 1124/1124/1124 1118/1118/1118 
f 1124/1124/1124 1124/1124/1124 1118/1118/1118 
f 1118/1118/1118 1124/1124/1124 1125/1125/1125 
f 1124/1124/1124 1126/1126/1126 1125/1125/1125 
f 1125/1125/1125 1126/1126/1126 1127/1127/1127 
f 1126/1126/1126 1128/1128/1128 1127/1127/1127 
f 1127/1127/1127 1128/1128/1128 1129/1129/1129 
f 1128/1128/1128 1130/1130/1130 1129/1129/1129 
f 1129/1129/1129 1130/1130/1130 1131/1131/1131 
f 1130/1130/1130 1132/1132/1132 1131/1131/1131 
f 1131/1131/1131 1132/1132/1132 1133/1133/1133 
f 1132/1132/1132 1134/1134/1134 1133/1133/1133 
f 1133/1133/1133 1134/1134/1134 1135/1135/1135 
f 1134/1134/1134 1136/1136/1136 1135/1135/1135 
f 1135/1135/1135 1136/1136/1136 1137/1137/1137 
f 1136/1136/1136 1137/1137/1137 1137/1137/1137 
f 1137/1137/1137 1137/1137/1137 1134/1134/1134 
f 1137/1137/1137 1134/1134/1134 1134/1134/1134 
f 1134/1134/1134 1134/1134/1134 1136/1136/1136 
f 1134/1134/1134 1138/1138/1138 1136/1136/1136 
f 1136/1136/1136 1138/1138/1138 1139/1139/1139 
f 1138/1138/1138 1139/1139/1139 1139/1139/1139 
f 1139/1139/1139 1139/1139/1139 1138/1138/1138 
f 1139/1139/1139 1138/1138/1138 1138/1138/1138 
f 1138/1138/1138 1138/1138/1138 1140/1140/1140 
f 1138/1138/1138 1134/1134/1134 1140/1140/1140 
f 1140/1140/1140 1134/1134/1134 1140/1140/1140 
f 1134/1134/1134 1132/1132/1132 1140/1140/1140 
f 1140/1140/1140 1132/1132/1132 1140/1140/1140 
f 1132/1132/1132 1130/1130/1130 1140/1140/1140 
f 1140/1140/1140 1130/1130/1130 1141/1141/1141 
f 1130/1130/1130 1128/1128/1128 1141/1141/1141 
f 1141/1141/1141 1128/1128/1128 1128/1128/1128 
f 1128/1128/1128 1141/1141/1141 1128/1128/1128 
f 1128/1128/1128 1141/1141/1141 1141/1141/1141 
f 1141/1141/1141 1142/1142/1142 1141/1141/1141 
f 1141/1141/1141 1142/1142/1142 1140/1140/1140 
f 1142/1142/1142 1142/1142/1142 1140/1140/1140 
f 1140/1140/1140 1142/1142/1142 1138/1138/1138 
f 1142/1142/1142 1143/1143/1143 1138/1138/1138 
f 1138/1138/1138 1143/1143/1143 1139/1139/1139 
f 1143/1143/1143 1143/1143/1143 1139/1139/1139 
f 1139/1139/1139 1143/1143/1143 1144/1144/1144 
f 1143/1143/1143 1145/1145/1145 1144/1144/1144 
f 1144/1144/1144 1145/1145/1145 837/837/837 
f 1145/1145/1145 1145/1145/1145 837/837/837 
f 837/837/837 1145/1145/1145 836/836/836 
f 1145/1145/1145 1145/1145/1145 836/836/836 
f 836/836/836 1145/1145/1145 842/842/842 
f 1145/1145/1145 1145/1145/1145 842/842/842 
f 842/842/842 1145/1145/1145 1146/1146/1146 
f 1145/1145/1145 1143/1143/1143 1146/1146/1146 
f 1146/1146/1146 1143/1143/1143 1146/1146/1146 
f 1143/1143/1143 1142/1142/1142 1146/1146/1146 
f 1146/1146/1146 1142/1142/1142 1147/1147/1147 
f 1142/1142/1142 1141/1141/1141 1147/1147/1147 
f 1147/1147/1147 1141/1141/1141 1148/1148/1148 
f 1141/1141/1141 1128/1128/1128 1148/1148/1148 
f 1148/1148/1148 1128/1128/1128 1148/1148/1148 
f 1128/1128/1128 1126/1126/1126 1148/1148/1148 
f 1148/1148/1148 1126/1126/1126 1149/1149/1149 
f 1126/1126/1126 1124/1124/1124 1149/1149/1149 
f 1149/1149/1149 1124/1124/1124 1149/1149/1149 
f 1124/1124/1124 1123/1123/1123 1149/1149/1149 
f 1149/1149/1149 1123/1123/1123 1149/1149/1149 
f 1123/1123/1123 1150/1150/1150 1149/1149/1149 
f 1149/1149/1149 1150/1150/1150 1151/1151/1151 
f 1150/1150/1150 1150/1150/1150 1151/1151/1151 
f 1151/1151/1151 1150/1150/1150 1152/1152/1152 
f 1150/1150/1150 1153/1153/1153 1152/1152/1152 
f 1152/1152/1152 1153/1153/1153 1154/1154/1154 
f 1153/1153/1153 1155/1155/1155 1154/1154/1154 
f 1154/1154/1154 1155/1155/1155 1156/1156/1156 
f 1155/1155/1155 1157/1157/1157 1156/1156/1156 
f 1156/1156/1156 1157/1157/1157 1158/1158/1158 
f 1157/1157/1157 1120/1120/1120 1158/1158/1158 
f 1158/1158/1158 1120/1120/1120 1159/1159/1159 
f 1120/1120/1120 1119/1119/1119 1159/1159/1159 
f 1159/1159/1159 1119/1119/1119 1159/1159/1159 
f 1119/1119/1119 1160/1160/1160 1159/1159/1159 
f 1159/1159/1159 1160/1160/1160 1161/1161/1161 
f 1160/1160/1160 1160/1160/1160 1161/1161/1161 
f 1161/1161/1161 1160/1160/1160 1162/1162/1162 
f 1160/1160/1160 1163/1163/1163 1162/1162/1162 
f 1162/1162/1162 1163/1163/1163 1164/1164/1164 
f 1163/1163/1163 1165/1165/1165 1164/1164/1164 
f 1164/1164/1164 1165/1165/1165 1166/1166/1166 
f 1165/1165/1165 1167/1167/1167 1166/1166/1166 
f 1166/1166/1166 1167/1167/1167 1167/1167/1167 
f 1167/1167/1167 1162/1162/1162 1167/1167/1167 
f 1167/1167/1167 1162/1162/1162 1162/1162/1162 
f 1162/1162/1162 1164/1164/1164 1162/1162/1162 
f 1162/1162/1162 1164/1164/1164 1168/1168/1168 
f 1164/1164/1164 1169/1169/1169 1168/1168/1168 
f 1168/1168/1168 1169/1169/1169 1168/1168/1168 
f 1169/1169/1169 1170/1170/1170 1168/1168/1168 
f 1168/1168/1168 1170/1170/1170 1171/1171/1171 
f 1170/1170/1170 1172/1172/1172 1171/1171/1171 
f 1171/1171/1171 1172/1172/1172 1173/1173/1173 
f 1172/1172/1172 1174/1174/1174 1173/1173/1173 
f 1173/1173/1173 1174/1174/1174 1175/1175/1175 
f 1174/1174/1174 1176/1176/1176 1175/1175/1175 
f 1175/1175/1175 1176/1176/1176 1177/1177/1177 
f 1176/1176/1176 1178/1178/1178 1177/1177/1177 
f 1177/1177/1177 1178/1178/1178 1179/1179/1179 
f 1178/1178/1178 1180/1180/1180 1179/1179/1179 
f 1179/1179/1179 1180/1180/1180 1181/1181/1181 
f 1180/1180/1180 1180/1180/1180 1181/1181/1181 
f 1181/1181/1181 1180/1180/1180 1146/1146/1146 
f 1180/1180/1180 842/842/842 1146/1146/1146 
f 1146/1146/1146 842/842/842 842/842/842 
f 842/842/842 1146/1146/1146 842/842/842 
f 842/842/842 1146/1146/1146 1146/1146/1146 
f 1146/1146/1146 1147/1147/1147 1146/1146/1146 
f 1146/1146/1146 1147/1147/1147 1182/1182/1182 
f 1147/1147/1147 1183/1183/1183 1182/1182/1182 
f 1182/1182/1182 1183/1183/1183 1184/1184/1184 
f 1183/1183/1183 1151/1151/1151 1184/1184/1184 
f 1184/1184/1184 1151/1151/1151 1185/1185/1185 
f 1151/1151/1151 1186/1186/1186 1185/1185/1185 
f 1185/1185/1185 1186/1186/1186 1187/1187/1187 
f 1186/1186/1186 1188/1188/1188 1187/1187/1187 
f 1187/1187/1187 1188/1188/1188 1189/1189/1189 
f 1188/1188/1188 1190/1190/1190 1189/1189/1189 
f 1189/1189/1189 1190/1190/1190 1191/1191/1191 
f 1190/1190/1190 1192/1192/1192 1191/1191/1191 
f 1191/1191/1191 1192/1192/1192 1193/1193/1193 
f 1192/1192/1192 1161/1161/1161 1193/1193/1193 
f 1193/1193/1193 1161/1161/1161 1162/1162/1162 
f 1161/1161/1161 1162/1162/1162 1162/1162/1162 
f 1162/1162/1162 1162/1162/1162 1147/1147/1147 
f 1162/1162/1162 1147/1147/1147 1147/1147/1147 
f 1147/1147/1147 1147/1147/1147 1183/1183/1183 
f 1147/1147/1147 1148/1148/1148 1183/1183/1183 
f 1183/1183/1183 1148/1148/1148 1183/1183/1183 
f 1148/1148/1148 1149/1149/1149 1183/1183/1183 
f 1183/1183/1183 1149/1149/1149 1151/1151/1151 
f 1149/1149/1149 1151/1151/1151 1151/1151/1151 
f 1151/1151/1151 1151/1151/1151 1151/1151/1151 
f 1151/1151/1151 1151/1151/1151 1151/1151/1151 
f 1151/1151/1151 1151/1151/1151 1186/1186/1186 
f 1151/1151/1151 1152/1152/1152 1186/1186/1186 
f 1186/1186/1186 1152/1152/1152 1152/1152/1152 
f 1152/1152/1152 1194/1194/1194 1152/1152/1152 
f 1152/1152/1152 1194/1194/1194 1194/1194/1194 
f 1194/1194/1194 1195/1195/1195 1194/1194/1194 
f 1194/1194/1194 1195/1195/1195 1196/1196/1196 
f 1195/1195/1195 1197/1197/1197 1196/1196/1196 
f 1196/1196/1196 1197/1197/1197 1196/1196/1196 
f 1197/1197/1197 1198/1198/1198 1196/1196/1196 
f 1196/1196/1196 1198/1198/1198 1199/1199/1199 
f 1198/1198/1198 1199/1199/1199 1199/1199/1199 
f 1199/1199/1199 1199/1199/1199 1200/1200/1200 
f 1199/1199/1199 1200/1200/1200 1200/1200/1200 
f 1200/1200/1200 1200/1200/1200 1201/1201/1201 
f 1200/1200/1200 1202/1202/1202 1201/1201/1201 
f 1201/1201/1201 1202/1202/1202 1201/1201/1201 
f 1202/1202/1202 1203/1203/1203 1201/1201/1201 
f 1201/1201/1201 1203/1203/1203 1201/1201/1201 
f 1203/1203/1203 1204/1204/1204 1201/1201/1201 
f 1201/1201/1201 1204/1204/1204 1205/1205/1205 
f 1204/1204/1204 1206/1206/1206 1205/1205/1205 
f 1205/1205/1205 1206/1206/1206 1207/1207/1207 
f 1206/1206/1206 1208/1208/1208 1207/1207/1207 
f 1207/1207/1207 1208/1208/1208 1207/1207/1207 
f 1208/1208/1208 1209/1209/1209 1207/1207/1207 
f 1207/1207/1207 1209/1209/1209 1210/1210/1210 
f 1209/1209/1209 1210/1210/1210 1210/1210/1210 
f 1210/1210/1210 1210/1210/1210 1206/1206/1206 
f 1210/1210/1210 1206/1206/1206 1206/1206/1206 
f 1206/1206/1206 1206/1206/1206 1208/1208/1208 
f 1206/1206/1206 1211/1211/1211 1208/1208/1208 
f 1208/1208/1208 1211/1211/1211 1211/1211/1211 
f 1211/1211/1211 1212/1212/1212 1211/1211/1211 
f 1211/1211/1211 1212/1212/1212 1212/1212/1212 
f 1212/1212/1212 1213/1213/1213 1212/1212/1212 
f 1212/1212/1212 1213/1213/1213 1214/1214/1214 
f 1213/1213/1213 1213/1213/1213 1214/1214/1214 
f 1214/1214/1214 1213/1213/1213 1215/1215/1215 
f 1213/1213/1213 1216/1216/1216 1215/1215/1215 
f 1215/1215/1215 1216/1216/1216 1217/1217/1217 
f 1216/1216/1216 1217/1217/1217 1217/1217/1217 
f 1217/1217/1217 1217/1217/1217 1218/1218/1218 
f 1217/1217/1217 1218/1218/1218 1218/1218/1218 
f 1218/1218/1218 1218/1218/1218 1219/1219/1219 
f 1218/1218/1218 1220/1220/1220 1219/1219/1219 
f 1219/1219/1219 1220/1220/1220 1219/1219/1219 
f 1220/1220/1220 1221/1221/1221 1219/1219/1219 
f 1219/1219/1219 1221/1221/1221 1219/1219/1219 
f 1221/1221/1221 1222/1222/1222 1219/1219/1219 
f 1219/1219/1219 1222/1222/1222 1223/1223/1223 
f 1222/1222/1222 1224/1224/1224 1223/1223/1223 
f 1223/1223/1223 1224/1224/1224 1225/1225/1225 
f 1224/1224/1224 1224/1224/1224 1225/1225/1225 
f 1225/1225/1225 1224/1224/1224 1226/1226/1226 
f 1224/1224/1224 1227/1227/1227 1226/1226/1226 
f 1226/1226/1226 1227/1227/1227 1227/1227/1227 
f 1227/1227/1227 1228/1228/1228 1227/1227/1227 
f 1227/1227/1227 1228/1228/1228 1228/1228/1228 
f 1228/1228/1228 1229/1229/1229 1228/1228/1228 
f 1228/1228/1228 1229/1229/1229 1230/1230/1230 
f 1229/1229/1229 1229/1229/1229 1230/1230/1230 
f 1230/1230/1230 1229/1229/1229 1231/1231/1231 
f 1229/1229/1229 1229/1229/1229 1231/1231/1231 
f 1231/1231/1231 1229/1229/1229 1232/1232/1232 
f 1229/1229/1229 1233/1233/1233 1232/1232/1232 
f 1232/1232/1232 1233/1233/1233 1233/1233/1233 
f 1233/1233/1233 1234/1234/1234 1233/1233/1233 
f 1233/1233/1233 1234/1234/1234 1234/1234/1234 
f 1234/1234/1234 1235/1235/1235 1234/1234/1234 
f 1234/1234/1234 1235/1235/1235 1236/1236/1236 
f 1235/1235/1235 1235/1235/1235 1236/1236/1236 
f 1236/1236/1236 1235/1235/1235 1237/1237/1237 
f 1235/1235/1235 1235/1235/1235 1237/1237/1237 
f 1237/1237/1237 1235/1235/1235 1238/1238/1238 
f 1235/1235/1235 1239/1239/1239 1238/1238/1238 
f 1238/1238/1238 1239/1239/1239 1239/1239/1239 
f 1239/1239/1239 1240/1240/1240 1239/1239/1239 
f 1239/1239/1239 1240/1240/1240 1240/1240/1240 
f 1240/1240/1240 1241/1241/1241 1240/1240/1240 
f 1240/1240/1240 1241/1241/1241 1242/1242/1242 
f 1241/1241/1241 1241/1241/1241 1242/1242/1242 
f 1242/1242/1242 1241/1241/1241 1243/1243/1243 
f 1241/1241/1241 1241/1241/1241 1243/1243/1243 
f 1243/1243/1243 1241/1241/1241 1244/1244/1244 
f 1241/1241/1241 1245/1245/1245 1244/1244/1244 
f 1244/1244/1244 1245/1245/1245 1246/1246/1246 
f 1245/1245/1245 1247/1247/1247 1246/1246/1246 
f 1246/1246/1246 1247/1247/1247 1248/1248/1248 
f 1247/1247/1247 1247/1247/1247 1248/1248/1248 
f 1248/1248/1248 1247/1247/1247 1249/1249/1249 
f 1247/1247/1247 1250/1250/1250 1249/1249/1249 
f 1249/1249/1249 1250/1250/1250 1250/1250/1250 
f 1250/1250/1250 1246/1246/1246 1250/1250/1250 
f 1250/1250/1250 1246/1246/1246 1246/1246/1246 
f 1246/1246/1246 1248/1248/1248 1246/1246/1246 
f 1246/1246/1246 1248/1248/1248 1251/1251/1251 
f 1248/1248/1248 1251/1251/1251 1251/1251/1251 
f 1251/1251/1251 1251/1251/1251 1252/1252/1252 
f 1251/1251/1251 1252/1252/1252 1252/1252/1252 
f 1252/1252/1252 1252/1252/1252 1253/1253/1253 
f 1252/1252/1252 1254/1254/1254 1253/1253/1253 
f 1253/1253/1253 1254/1254/1254 1253/1253/1253 
f 1254/1254/1254 1255/1255/1255 1253/1253/1253 
f 1253/1253/1253 1255/1255/1255 1256/1256/1256 
f 1255/1255/1255 1257/1257/1257 1256/1256/1256 
f 1256/1256/1256 1257/1257/1257 1257/1257/1257 
f 1257/1257/1257 1258/1258/1258 1257/1257/1257 
f 1257/1257/1257 1258/1258/1258 1258/1258/1258 
f 1258/1258/1258 1259/1259/1259 1258/1258/1258 
f 1258/1258/1258 1259/1259/1259 1260/1260/1260 
f 1259/1259/1259 1259/1259/1259 1260/1260/1260 
f 1260/1260/1260 1259/1259/1259 1261/1261/1261 
f 1259/1259/1259 1259/1259/1259 1261/1261/1261 
f 1261/1261/1261 1259/1259/1259 1262/1262/1262 
f 1259/1259/1259 1263/1263/1263 1262/1262/1262 
f 1262/1262/1262 1263/1263/1263 1264/1264/1264 
f 1263/1263/1263 1265/1265/1265 1264/1264/1264 
f 1264/1264/1264 1265/1265/1265 1264/1264/1264 
f 1265/1265/1265 1266/1266/1266 1264/1264/1264 
f 1264/1264/1264 1266/1266/1266 1267/1267/1267 
f 1266/1266/1266 1267/1267/1267 1267/1267/1267 
f 1267/1267/1267 1267/1267/1267 1268/1268/1268 
f 1267/1267/1267 1268/1268/1268 1268/1268/1268 
f 1268/1268/1268 1268/1268/1268 1269/1269/1269 
f 1268/1268/1268 1270/1270/1270 1269/1269/1269 
f 1269/1269/1269 1270/1270/1270 1271/1271/1271 
f 1270/1270/1270 1270/1270/1270 1271/1271/1271 
f 1271/1271/1271 1270/1270/1270 1272/1272/1272 
f 1270/1270/1270 1270/1270/1270 1272/1272/1272 
f 1272/1272/1272 1270/1270/1270 1273/1273/1273 
f 1270/1270/1270 1270/1270/1270 1273/1273/1273 
f 1273/1273/1273 1270/1270/1270 1274/1274/1274 
f 1270/1270/1270 1270/1270/1270 1274/1274/1274 
f 1274/1274/1274 1270/1270/1270 1275/1275/1275 
f 1270/1270/1270 1270/1270/1270 1275/1275/1275 
f 1275/1275/1275 1270/1270/1270 1276/1276/1276 
f 1270/1270/1270 1268/1268/1268 1276/1276/1276 
f 1276/1276/1276 1268/1268/1268 1268/1268/1268 
f 1268/1268/1268 1277/1277/1277 1268/1268/1268 
f 1268/1268/1268 1277/1277/1277 1277/1277/1277 
f 1277/1277/1277 1278/1278/1278 1277/1277/1277 
f 1277/1277/1277 1278/1278/1278 1279/1279/1279 
f 1278/1278/1278 1278/1278/1278 1279/1279/1279 
f 1279/1279/1279 1278/1278/1278 1280/1280/1280 
f 1278/1278/1278 1281/1281/1281 1280/1280/1280 
f 1280/1280/1280 1281/1281/1281 1282/1282/1282 
f 1281/1281/1281 1283/1283/1283 1282/1282/1282 
f 1282/1282/1282 1283/1283/1283 1282/1282/1282 
f 1283/1283/1283 1284/1284/1284 1282/1282/1282 
f 1282/1282/1282 1284/1284/1284 1280/1280/1280 
f 1284/1284/1284 1280/1280/1280 1280/1280/1280 
f 1280/1280/1280 1280/1280/1280 1277/1277/1277 
f 1280/1280/1280 1277/1277/1277 1277/1277/1277 
f 1277/1277/1277 1277/1277/1277 1278/1278/1278 
f 1277/1277/1277 1285/1285/1285 1278/1278/1278 
f 1278/1278/1278 1285/1285/1285 1278/1278/1278 
f 1285/1285/1285 1286/1286/1286 1278/1278/1278 
f 1278/1278/1278 1286/1286/1286 1281/1281/1281 
f 1286/1286/1286 1287/1287/1287 1281/1281/1281 
f 1281/1281/1281 1287/1287/1287 1283/1283/1283 
f 1287/1287/1287 1288/1288/1288 1283/1283/1283 
f 1283/1283/1283 1288/1288/1288 1283/1283/1283 
f 1288/1288/1288 1289/1289/1289 1283/1283/1283 
f 1283/1283/1283 1289/1289/1289 1283/1283/1283 
f 1289/1289/1289 1290/1290/1290 1283/1283/1283 
f 1283/1283/1283 1290/1290/1290 1291/1291/1291 
f 1290/1290/1290 1292/1292/1292 1291/1291/1291 
f 1291/1291/1291 1292/1292/1292 1291/1291/1291 
f 1292/1292/1292 1293/1293/1293 1291/1291/1291 
f 1291/1291/1291 1293/1293/1293 1291/1291/1291 
f 1293/1293/1293 1294/1294/1294 1291/1291/1291 
f 1291/1291/1291 1294/1294/1294 1284/1284/1284 
f 1294/1294/1294 1294/1294/1294 1284/1284/1284 
f 1284/1284/1284 1294/1294/1294 1295/1295/1295 
f 1294/1294/1294 1296/1296/1296 1295/1295/1295 
f 1295/1295/1295 1296/1296/1296 1295/1295/1295 
f 1296/1296/1296 1297/1297/1297 1295/1295/1295 
f 1295/1295/1295 1297/1297/1297 1295/1295/1295 
f 1297/1297/1297 1298/1298/1298 1295/1295/1295 
f 1295/1295/1295 1298/1298/1298 1280/1280/1280 
f 1298/1298/1298 1299/1299/1299 1280/1280/1280 
f 1280/1280/1280 1299/1299/1299 1279/1279/1279 
f 1299/1299/1299 1279/1279/1279 1279/1279/1279 
f 1279/1279/1279 1279/1279/1279 1286/1286/1286 
f 1279/1279/1279 1286/1286/1286 1286/1286/1286 
f 1286/1286/1286 1286/1286/1286 1287/1287/1287 
f 1286/1286/1286 1300/1300/1300 1287/1287/1287 
f 1287/1287/1287 1300/1300/1300 1287/1287/1287 
f 1300/1300/1300 1301/1301/1301 1287/1287/1287 
f 1287/1287/1287 1301/1301/1301 1288/1288/1288 
f 1301/1301/1301 1288/1288/1288 1288/1288/1288 
f 1288/1288/1288 1288/1288/1288 1283/1283/1283 
f 1288/1288/1288 1283/1283/1283 1283/1283/1283 
f 1283/1283/1283 1283/1283/1283 1284/1284/1284 
f 1283/1283/1283 1291/1291/1291 1284/1284/1284 
f 1284/1284/1284 1291/1291/1291 1291/1291/1291 
f 1291/1291/1291 1280/1280/1280 1291/1291/1291 
f 1291/1291/1291 1280/1280/1280 1280/1280/1280 
f 1280/1280/1280 1284/1284/1284 1280/1280/1280 
f 1280/1280/1280 1284/1284/1284 1295/1295/1295 
f 1284/1284/1284 1295/1295/1295 1295/1295/1295 
f 1295/1295/1295 1295/1295/1295 1302/1302/1302 
f 1295/1295/1295 1302/1302/1302 1302/1302/1302 
f 1302/1302/1302 1302/1302/1302 1303/1303/1303 
f 1302/1302/1302 1304/1304/1304 1303/1303/1303 
f 1303/1303/1303 1304/1304/1304 1303/1303/1303 
f 1304/1304/1304 1305/1305/1305 1303/1303/1303 
f 1303/1303/1303 1305/1305/1305 1303/1303/1303 
f 1305/1305/1305 1306/1306/1306 1303/1303/1303 
f 1303/1303/1303 1306/1306/1306 1307/1307/1307 
f 1306/1306/1306 1307/1307/1307 1307/1307/1307 
f 1307/1307/1307 1307/1307/1307 1308/1308/1308 
f 1307/1307/1307 1308/1308/1308 1308/1308/1308 
f 1308/1308/1308 1308/1308/1308 1309/1309/1309 
f 1308/1308/1308 1310/1310/1310 1309/1309/1309 
f 1309/1309/1309 1310/1310/1310 1311/1311/1311 
f 1310/1310/1310 1310/1310/1310 1311/1311/1311 
f 1311/1311/1311 1310/1310/1310 1312/1312/1312 
f 1310/1310/1310 1313/1313/1313 1312/1312/1312 
f 1312/1312/1312 1313/1313/1313 1312/1312/1312 
f 1313/1313/1313 1314/1314/1314 1312/1312/1312 
f 1312/1312/1312 1314/1314/1314 1315/1315/1315 
f 1314/1314/1314 1314/1314/1314 1315/1315/1315 
f 1315/1315/1315 1314/1314/1314 1316/1316/1316 
f 1314/1314/1314 1317/1317/1317 1316/1316/1316 
f 1316/1316/1316 1317/1317/1317 1317/1317/1317 
f 1317/1317/1317 1318/1318/1318 1317/1317/1317 
f 1317/1317/1317 1318/1318/1318 1318/1318/1318 
f 1318/1318/1318 1319/1319/1319 1318/1318/1318 
f 1318/1318/1318 1319/1319/1319 1320/1320/1320 
f 1319/1319/1319 1321/1321/1321 1320/1320/1320 
f 1320/1320/1320 1321/1321/1321 1320/1320/1320 
f 1321/1321/1321 1322/1322/1322 1320/1320/1320 
f 1320/1320/1320 1322/1322/1322 1323/1323/1323 
f 1322/1322/1322 1322/1322/1322 1323/1323/1323 
f 1323/1323/1323 1322/1322/1322 1324/1324/1324 
f 1322/1322/1322 1325/1325/1325 1324/1324/1324 
f 1324/1324/1324 1325/1325/1325 1324/1324/1324 
f 1325/1325/1325 1326/1326/1326 1324/1324/1324 
f 1324/1324/1324 1326/1326/1326 1327/1327/1327 
f 1326/1326/1326 1327/1327/1327 1327/1327/1327 
f 1327/1327/1327 1327/1327/1327 1328/1328/1328 
f 1327/1327/1327 1328/1328/1328 1328/1328/1328 
f 1328/1328/1328 1328/1328/1328 1329/1329/1329 
f 1328/1328/1328 1330/1330/1330 1329/1329/1329 
f 1329/1329/1329 1330/1330/1330 1331/1331/1331 
f 1330/1330/1330 1330/1330/1330 1331/1331/1331 
f 1331/1331/1331 1330/1330/1330 1332/1332/1332 
f 1330/1330/1330 1333/1333/1333 1332/1332/1332 
f 1332/1332/1332 1333/1333/1333 1333/1333/1333 
f 1333/1333/1333 1334/1334/1334 1333/1333/1333 
f 1333/1333/1333 1334/1334/1334 1334/1334/1334 
f 1334/1334/1334 1335/1335/1335 1334/1334/1334 
f 1334/1334/1334 1335/1335/1335 1336/1336/1336 
f 1335/1335/1335 1337/1337/1337 1336/1336/1336 
f 1336/1336/1336 1337/1337/1337 1336/1336/1336 
f 1337/1337/1337 1338/1338/1338 1336/1336/1336 
f 1336/1336/1336 1338/1338/1338 1339/1339/1339 
f 1338/1338/1338 1338/1338/1338 1339/1339/1339 
f 1339/1339/1339 1338/1338/1338 1340/1340/1340 
f 1338/1338/1338 1341/1341/1341 1340/1340/1340 
f 1340/1340/1340 1341/1341/1341 1340/1340/1340 
f 1341/1341/1341 1342/1342/1342 1340/1340/1340 
f 1340/1340/1340 1342/1342/1342 1343/1343/1343 
f 1342/1342/1342 1343/1343/1343 1343/1343/1343 
f 1343/1343/1343 1343/1343/1343 1344/1344/1344 
f 1343/1343/1343 1344/1344/1344 1344/1344/1344 
f 1344/1344/1344 1344/1344/1344 1345/1345/1345 
f 1344/1344/1344 1346/1346/1346 1345/1345/1345 
f 1345/1345/1345 1346/1346/1346 1345/1345/1345 
f 1346/1346/1346 1347/1347/1347 1345/1345/1345 
f 1345/1345/1345 1347/1347/1347 1345/1345/1345 
f 1347/1347/1347 1348/1348/1348 1345/1345/1345 
f 1345/1345/1345 1348/1348/1348 1349/1349/1349 
f 1348/1348/1348 1348/1348/1348 1349/1349/1349 
f 1349/1349/1349 1348/1348/1348 1350/1350/1350 
f 1348/1348/1348 1351/1351/1351 1350/1350/1350 
f 1350/1350/1350 1351/1351/1351 1350/1350/1350 
f 1351/1351/1351 1352/1352/1352 1350/1350/1350 
f 1350/1350/1350 1352/1352/1352 1353/1353/1353 
f 1352/1352/1352 1353/1353/1353 1353/1353/1353 
f 1353/1353/1353 1353/1353/1353 1354/1354/1354 
f 1353/1353/1353 1354/1354/1354 1354/1354/1354 
f 1354/1354/1354 1354/1354/1354 1355/1355/1355 
f 1354/1354/1354 1356/1356/1356 1355/1355/1355 
f 1355/1355/1355 1356/1356/1356 1355/1355/1355 
f 1356/1356/1356 1357/1357/1357 1355/1355/1355 
f 1355/1355/1355 1357/1357/1357 1358/1358/1358 
f 1357/1357/1357 1359/1359/1359 1358/1358/1358 
f 1358/1358/1358 1359/1359/1359 1360/1360/1360 
f 1359/1359/1359 1359/1359/1359 1360/1360/1360 
f 1360/1360/1360 1359/1359/1359 1361/1361/1361 
f 1359/1359/1359 1359/1359/1359 1361/1361/1361 
f 1361/1361/1361 1359/1359/1359 1362/1362/1362 
f 1359/1359/1359 1363/1363/1363 1362/1362/1362 
f 1362/1362/1362 1363/1363/1363 1362/1362/1362 
f 1363/1363/1363 1364/1364/1364 1362/1362/1362 
f 1362/1362/1362 1364/1364/1364 1365/1365/1365 
f 1364/1364/1364 1366/1366/1366 1365/1365/1365 
f 1365/1365/1365 1366/1366/1366 1366/1366/1366 
f 1366/1366/1366 1359/1359/1359 1366/1366/1366 
f 1366/1366/1366 1359/1359/1359 1359/1359/1359 
f 1359/1359/1359 1357/1357/1357 1359/1359/1359 
f 1359/1359/1359 1357/1357/1357 1363/1363/1363 
f 1357/1357/1357 1363/1363/1363 1363/1363/1363 
f 1363/1363/1363 1363/1363/1363 1358/1358/1358 
f 1363/1363/1363 1358/1358/1358 1358/1358/1358 
f 1358/1358/1358 1358/1358/1358 1367/1367/1367 
f 1358/1358/1358 1360/1360/1360 1367/1367/1367 
f 1367/1367/1367 1360/1360/1360 1367/1367/1367 
f 1360/1360/1360 1368/1368/1368 1367/1367/1367 
f 1367/1367/1367 1368/1368/1368 1369/1369/1369 
f 1368/1368/1368 1369/1369/1369 1369/1369/1369 
f 1369/1369/1369 1369/1369/1369 1361/1361/1361 
f 1369/1369/1369 1361/1361/1361 1361/1361/1361 
f 1361/1361/1361 1361/1361/1361 1370/1370/1370 
f 1361/1361/1361 1362/1362/1362 1370/1370/1370 
f 1370/1370/1370 1362/1362/1362 1370/1370/1370 
f 1362/1362/1362 1365/1365/1365 1370/1370/1370 
f 1370/1370/1370 1365/1365/1365 1371/1371/1371 
f 1365/1365/1365 1372/1372/1372 1371/1371/1371 
f 1371/1371/1371 1372/1372/1372 1373/1373/1373 
f 1372/1372/1372 1374/1374/1374 1373/1373/1373 
f 1373/1373/1373 1374/1374/1374 1375/1375/1375 
f 1374/1374/1374 1374/1374/1374 1375/1375/1375 
f 1375/1375/1375 1374/1374/1374 1376/1376/1376 
f 1374/1374/1374 1377/1377/1377 1376/1376/1376 
f 1376/1376/1376 1377/1377/1377 1376/1376/1376 
f 1377/1377/1377 1378/1378/1378 1376/1376/1376 
f 1376/1376/1376 1378/1378/1378 1379/1379/1379 
f 1378/1378/1378 1380/1380/1380 1379/1379/1379 
f 1379/1379/1379 1380/1380/1380 1379/1379/1379 
f 1380/1380/1380 1381/1381/1381 1379/1379/1379 
f 1379/1379/1379 1381/1381/1381 1379/1379/1379 
f 1381/1381/1381 1382/1382/1382 1379/1379/1379 
f 1379/1379/1379 1382/1382/1382 1379/1379/1379 
f 1382/1382/1382 1383/1383/1383 1379/1379/1379 
f 1379/1379/1379 1383/1383/1383 1376/1376/1376 
f 1383/1383/1383 1375/1375/1375 1376/1376/1376 
f 1376/1376/1376 1375/1375/1375 1375/1375/1375 
f 1375/1375/1375 1365/1365/1365 1375/1375/1375 
f 1375/1375/1375 1365/1365/1365 1365/1365/1365 
f 1365/1365/1365 1366/1366/1366 1365/1365/1365 
f 1365/1365/1365 1366/1366/1366 1372/1372/1372 
f 1366/1366/1366 1384/1384/1384 1372/1372/1372 
f 1372/1372/1372 1384/1384/1384 1374/1374/1374 
f 1384/1384/1384 1377/1377/1377 1374/1374/1374 
f 1374/1374/1374 1377/1377/1377 1377/1377/1377 
f 1377/1377/1377 1385/1385/1385 1377/1377/1377 
f 1377/1377/1377 1385/1385/1385 1385/1385/1385 
f 1385/1385/1385 1386/1386/1386 1385/1385/1385 
f 1385/1385/1385 1386/1386/1386 1387/1387/1387 
f 1386/1386/1386 1388/1388/1388 1387/1387/1387 
f 1387/1387/1387 1388/1388/1388 1389/1389/1389 
f 1388/1388/1388 1390/1390/1390 1389/1389/1389 
f 1389/1389/1389 1390/1390/1390 1391/1391/1391 
f 1390/1390/1390 1392/1392/1392 1391/1391/1391 
f 1391/1391/1391 1392/1392/1392 1393/1393/1393 
f 1392/1392/1392 1394/1394/1394 1393/1393/1393 
f 1393/1393/1393 1394/1394/1394 1394/1394/1394 
f 1394/1394/1394 1387/1387/1387 1394/1394/1394 
f 1394/1394/1394 1387/1387/1387 1387/1387/1387 
f 1387/1387/1387 1389/1389/1389 1387/1387/1387 
f 1387/1387/1387 1389/1389/1389 1395/1395/1395 
f 1389/1389/1389 1396/1396/1396 1395/1395/1395 
f 1395/1395/1395 1396/1396/1396 1397/1397/1397 
f 1396/1396/1396 1398/1398/1398 1397/1397/1397 
f 1397/1397/1397 1398/1398/1398 1399/1399/1399 
f 1398/1398/1398 1400/1400/1400 1399/1399/1399 
f 1399/1399/1399 1400/1400/1400 1401/1401/1401 
f 1400/1400/1400 1401/1401/1401 1401/1401/1401 
f 1401/1401/1401 1401/1401/1401 1389/1389/1389 
f 1401/1401/1401 1389/1389/1389 1389/1389/1389 
f 1389/1389/1389 1389/1389/1389 1396/1396/1396 
f 1389/1389/1389 1391/1391/1391 1396/1396/1396 
f 1396/1396/1396 1391/1391/1391 1402/1402/1402 
f 1391/1391/1391 1393/1393/1393 1402/1402/1402 
f 1402/1402/1402 1393/1393/1393 1403/1403/1403 
f 1393/1393/1393 1393/1393/1393 1403/1403/1403 
f 1403/1403/1403 1393/1393/1393 1404/1404/1404 
f 1393/1393/1393 1394/1394/1394 1404/1404/1404 
f 1404/1404/1404 1394/1394/1394 1405/1405/1405 
f 1394/1394/1394 1406/1406/1406 1405/1405/1405 
f 1405/1405/1405 1406/1406/1406 1407/1407/1407 
f 1406/1406/1406 1408/1408/1408 1407/1407/1407 
f 1407/1407/1407 1408/1408/1408 1409/1409/1409 
f 1408/1408/1408 1410/1410/1410 1409/1409/1409 
f 1409/1409/1409 1410/1410/1410 1411/1411/1411 
f 1410/1410/1410 1412/1412/1412 1411/1411/1411 
f 1411/1411/1411 1412/1412/1412 1413/1413/1413 
f 1412/1412/1412 1413/1413/1413 1413/1413/1413 
f 1413/1413/1413 1413/1413/1413 1396/1396/1396 
f 1413/1413/1413 1396/1396/1396 1396/1396/1396 
f 1396/1396/1396 1396/1396/1396 1398/1398/1398 
f 1396/1396/1396 1402/1402/1402 1398/1398/1398 
f 1398/1398/1398 1402/1402/1402 1414/1414/1414 
f 1402/1402/1402 1403/1403/1403 1414/1414/1414 
f 1414/1414/1414 1403/1403/1403 1403/1403/1403 
f 1403/1403/1403 1400/1400/1400 1403/1403/1403 
f 1403/1403/1403 1400/1400/1400 1400/1400/1400 
f 1400/1400/1400 1398/1398/1398 1400/1400/1400 
f 1400/1400/1400 1398/1398/1398 1414/1414/1414 
f 1398/1398/1398 1414/1414/1414 1414/1414/1414 
f 1414/1414/1414 1414/1414/1414 1411/1411/1411 
f 1414/1414/1414 1411/1411/1411 1411/1411/1411 
f 1411/1411/1411 1411/1411/1411 1409/1409/1409 
f 1411/1411/1411 1415/1415/1415 1409/1409/1409 
f 1409/1409/1409 1415/1415/1415 1416/1416/1416 
f 1415/1415/1415 1417/1417/1417 1416/1416/1416 
f 1416/1416/1416 1417/1417/1417 1418/1418/1418 
f 1417/1417/1417 1419/1419/1419 1418/1418/1418 
f 1418/1418/1418 1419/1419/1419 1420/1420/1420 
f 1419/1419/1419 1421/1421/1421 1420/1420/1420 
f 1420/1420/1420 1421/1421/1421 1421/1421/1421 
f 1421/1421/1421 1409/1409/1409 1421/1421/1421 
f 1421/1421/1421 1409/1409/1409 1409/1409/1409 
f 1409/1409/1409 1416/1416/1416 1409/1409/1409 
f 1409/1409/1409 1416/1416/1416 1407/1407/1407 
f 1416/1416/1416 1422/1422/1422 1407/1407/1407 
f 1407/1407/1407 1422/1422/1422 1405/1405/1405 
f 1422/1422/1422 1423/1423/1423 1405/1405/1405 
f 1405/1405/1405 1423/1423/1423 1404/1404/1404 
f 1423/1423/1423 1424/1424/1424 1404/1404/1404 
f 1404/1404/1404 1424/1424/1424 1403/1403/1403 
f 1424/1424/1424 1425/1425/1425 1403/1403/1403 
f 1403/1403/1403 1425/1425/1425 1414/1414/1414 
f 1425/1425/1425 1426/1426/1426 1414/1414/1414 
f 1414/1414/1414 1426/1426/1426 1400/1400/1400 
f 1426/1426/1426 1427/1427/1427 1400/1400/1400 
f 1400/1400/1400 1427/1427/1427 1401/1401/1401 
f 1427/1427/1427 1427/1427/1427 1401/1401/1401 
f 1401/1401/1401 1427/1427/1427 1428/1428/1428 
f 1427/1427/1427 1429/1429/1429 1428/1428/1428 
f 1428/1428/1428 1429/1429/1429 1430/1430/1430 
f 1429/1429/1429 1430/1430/1430 1430/1430/1430 
f 1430/1430/1430 1430/1430/1430 1416/1416/1416 
f 1430/1430/1430 1416/1416/1416 1416/1416/1416 
f 1416/1416/1416 1416/1416/1416 1422/1422/1422 
f 1416/1416/1416 1418/1418/1418 1422/1422/1422 
f 1422/1422/1422 1418/1418/1418 1431/1431/1431 
f 1418/1418/1418 1420/1420/1420 1431/1431/1431 
f 1431/1431/1431 1420/1420/1420 1420/1420/1420 
f 1420/1420/1420 1431/1431/1431 1420/1420/1420 
f 1420/1420/1420 1431/1431/1431 1431/1431/1431 
f 1431/1431/1431 1423/1423/1423 1431/1431/1431 
f 1431/1431/1431 1423/1423/1423 1422/1422/1422 
f 1423/1423/1423 1422/1422/1422 1422/1422/1422 
f 1422/1422/1422 1422/1422/1422 1429/1429/1429 
f 1422/1422/1422 1429/1429/1429 1429/1429/1429 
f 1429/1429/1429 1429/1429/1429 1432/1432/1432 
f 1429/1429/1429 1427/1427/1427 1432/1432/1432 
f 1432/1432/1432 1427/1427/1427 1433/1433/1433 
f 1427/1427/1427 1426/1426/1426 1433/1433/1433 
f 1433/1433/1433 1426/1426/1426 1434/1434/1434 
f 1426/1426/1426 1425/1425/1425 1434/1434/1434 
f 1434/1434/1434 1425/1425/1425 1435/1435/1435 
f 1425/1425/1425 1424/1424/1424 1435/1435/1435 
f 1435/1435/1435 1424/1424/1424 1436/1436/1436 
f 1424/1424/1424 1423/1423/1423 1436/1436/1436 
f 1436/1436/1436 1423/1423/1423 1436/1436/1436 
f 1423/1423/1423 1431/1431/1431 1436/1436/1436 
f 1436/1436/1436 1431/1431/1431 1437/1437/1437 
f 1431/1431/1431 1420/1420/1420 1437/1437/1437 
f 1437/1437/1437 1420/1420/1420 1438/1438/1438 
f 1420/1420/1420 1421/1421/1421 1438/1438/1438 
f 1438/1438/1438 1421/1421/1421 1438/1438/1438 
f 1421/1421/1421 1439/1439/1439 1438/1438/1438 
f 1438/1438/1438 1439/1439/1439 1440/1440/1440 
f 1439/1439/1439 1441/1441/1441 1440/1440/1440 
f 1440/1440/1440 1441/1441/1441 1441/1441/1441 
f 1441/1441/1441 1433/1433/1433 1441/1441/1441 
f 1441/1441/1441 1433/1433/1433 1433/1433/1433 
f 1433/1433/1433 1442/1442/1442 1433/1433/1433 
f 1433/1433/1433 1442/1442/1442 1432/1432/1432 
f 1442/1442/1442 1432/1432/1432 1432/1432/1432 
f 1432/1432/1432 1432/1432/1432 1440/1440/1440 
f 1432/1432/1432 1440/1440/1440 1440/1440/1440 
f 1440/1440/1440 1440/1440/1440 1438/1438/1438 
f 1440/1440/1440 1443/1443/1443 1438/1438/1438 
f 1438/1438/1438 1443/1443/1443 1444/1444/1444 
f 1443/1443/1443 1445/1445/1445 1444/1444/1444 
f 1444/1444/1444 1445/1445/1445 1445/1445/1445 
f 1445/1445/1445 1438/1438/1438 1445/1445/1445 
f 1445/1445/1445 1438/1438/1438 1438/1438/1438 
f 1438/1438/1438 1444/1444/1444 1438/1438/1438 
f 1438/1438/1438 1444/1444/1444 1437/1437/1437 
f 1444/1444/1444 1446/1446/1446 1437/1437/1437 
f 1437/1437/1437 1446/1446/1446 1436/1436/1436 
f 1446/1446/1446 1446/1446/1446 1436/1436/1436 
f 1436/1436/1436 1446/1446/1446 1435/1435/1435 
f 1446/1446/1446 1447/1447/1447 1435/1435/1435 
f 1435/1435/1435 1447/1447/1447 1434/1434/1434 
f 1447/1447/1447 1448/1448/1448 1434/1434/1434 
f 1434/1434/1434 1448/1448/1448 1433/1433/1433 
f 1448/1448/1448 1448/1448/1448 1433/1433/1433 
f 1433/1433/1433 1448/1448/1448 1442/1442/1442 
f 1448/1448/1448 1448/1448/1448 1442/1442/1442 
f 1442/1442/1442 1448/1448/1448 1449/1449/1449 
f 1448/1448/1448 1450/1450/1450 1449/1449/1449 
f 1449/1449/1449 1450/1450/1450 1451/1451/1451 
f 1450/1450/1450 1447/1447/1447 1451/1451/1451 
f 1451/1451/1451 1447/1447/1447 1451/1451/1451 
f 1447/1447/1447 1446/1446/1446 1451/1451/1451 
f 1451/1451/1451 1446/1446/1446 1451/1451/1451 
f 1446/1446/1446 1444/1444/1444 1451/1451/1451 
f 1451/1451/1451 1444/1444/1444 1451/1451/1451 
f 1444/1444/1444 1445/1445/1445 1451/1451/1451 
f 1451/1451/1451 1445/1445/1445 1449/1449/1449 
f 1445/1445/1445 1449/1449/1449 1449/1449/1449 
f 1449/1449/1449 1449/1449/1449 1448/1448/1448 
f 1449/1449/1449 1448/1448/1448 1448/1448/1448 
f 1448/1448/1448 1448/1448/1448 1450/1450/1450 
f 1448/1448/1448 1447/1447/1447 1450/1450/1450 
f 1450/1450/1450 1447/1447/1447 1447/1447/1447 
f 1447/1447/1447 1452/1452/1452 1447/1447/1447 
f 1447/1447/1447 1452/1452/1452 1452/1452/1452 
f 1452/1452/1452 1453/1453/1453 1452/1452/1452 
f 1452/1452/1452 1453/1453/1453 1454/1454/1454 
f 1453/1453/1453 1453/1453/1453 1454/1454/1454 
f 1454/1454/1454 1453/1453/1453 1455/1455/1455 
f 1453/1453/1453 1453/1453/1453 1455/1455/1455 
f 1455/1455/1455 1453/1453/1453 1456/1456/1456 
f 1453/1453/1453 1453/1453/1453 1456/1456/1456 
f 1456/1456/1456 1453/1453/1453 1457/1457/1457 
f 1453/1453/1453 1453/1453/1453 1457/1457/1457 
f 1457/1457/1457 1453/1453/1453 1458/1458/1458 
f 1453/1453/1453 1453/1453/1453 1458/1458/1458 
f 1458/1458/1458 1453/1453/1453 1459/1459/1459 
f 1453/1453/1453 1453/1453/1453 1459/1459/1459 
f 1459/1459/1459 1453/1453/1453 1460/1460/1460 
f 1453/1453/1453 1452/1452/1452 1460/1460/1460 
f 1460/1460/1460 1452/1452/1452 1452/1452/1452 
f 1452/1452/1452 1461/1461/1461 1452/1452/1452 
f 1452/1452/1452 1461/1461/1461 1461/1461/1461 
f 1461/1461/1461 1462/1462/1462 1461/1461/1461 
f 1461/1461/1461 1462/1462/1462 1463/1463/1463 
f 1462/1462/1462 1464/1464/1464 1463/1463/1463 
f 1463/1463/1463 1464/1464/1464 1465/1465/1465 
f 1464/1464/1464 1466/1466/1466 1465/1465/1465 
f 1465/1465/1465 1466/1466/1466 1467/1467/1467 
f 1466/1466/1466 1468/1468/1468 1467/1467/1467 
f 1467/1467/1467 1468/1468/1468 1469/1469/1469 
f 1468/1468/1468 1470/1470/1470 1469/1469/1469 
f 1469/1469/1469 1470/1470/1470 1470/1470/1470 
f 1470/1470/1470 1471/1471/1471 1470/1470/1470 
f 1470/1470/1470 1471/1471/1471 1471/1471/1471 
f 1471/1471/1471 1472/1472/1472 1471/1471/1471 
f 1471/1471/1471 1472/1472/1472 1473/1473/1473 
f 1472/1472/1472 1474/1474/1474 1473/1473/1473 
f 1473/1473/1473 1474/1474/1474 1473/1473/1473 
f 1474/1474/1474 1475/1475/1475 1473/1473/1473 
f 1473/1473/1473 1475/1475/1475 1476/1476/1476 
f 1475/1475/1475 1476/1476/1476 1476/1476/1476 
f 1476/1476/1476 1476/1476/1476 1477/1477/1477 
f 1476/1476/1476 1477/1477/1477 1477/1477/1477 
f 1477/1477/1477 1477/1477/1477 1478/1478/1478 
f 1477/1477/1477 1479/1479/1479 1478/1478/1478 
f 1478/1478/1478 1479/1479/1479 1480/1480/1480 
f 1479/1479/1479 1480/1480/1480 1480/1480/1480 
f 1480/1480/1480 1480/1480/1480 1481/1481/1481 
f 1480/1480/1480 1481/1481/1481 1481/1481/1481 
f 1481/1481/1481 1481/1481/1481 1482/1482/1482 
f 1481/1481/1481 1483/1483/1483 1482/1482/1482 
f 1482/1482/1482 1483/1483/1483 1482/1482/1482 
f 1483/1483/1483 1484/1484/1484 1482/1482/1482 
f 1482/1482/1482 1484/1484/1484 1485/1485/1485 
f 1484/1484/1484 1486/1486/1486 1485/1485/1485 
f 1485/1485/1485 1486/1486/1486 1486/1486/1486 
f 1486/1486/1486 1487/1487/1487 1486/1486/1486 
f 1486/1486/1486 1487/1487/1487 1487/1487/1487 
f 1487/1487/1487 1488/1488/1488 1487/1487/1487 
f 1487/1487/1487 1488/1488/1488 1489/1489/1489 
f 1488/1488/1488 1490/1490/1490 1489/1489/1489 
f 1489/1489/1489 1490/1490/1490 1489/1489/1489 
f 1490/1490/1490 1491/1491/1491 1489/1489/1489 
f 1489/1489/1489 1491/1491/1491 1492/1492/1492 
f 1491/1491/1491 1492/1492/1492 1492/1492/1492 
f 1492/1492/1492 1492/1492/1492 1493/1493/1493 
f 1492/1492/1492 1493/1493/1493 1493/1493/1493 
f 1493/1493/1493 1493/1493/1493 1494/1494/1494 
f 1493/1493/1493 1495/1495/1495 1494/1494/1494 
f 1494/1494/1494 1495/1495/1495 1496/1496/1496 
f 1495/1495/1495 1496/1496/1496 1496/1496/1496 
f 1496/1496/1496 1496/1496/1496 1497/1497/1497 
f 1496/1496/1496 1497/1497/1497 1497/1497/1497 
f 1497/1497/1497 1497/1497/1497 1498/1498/1498 
f 1497/1497/1497 1499/1499/1499 1498/1498/1498 
f 1498/1498/1498 1499/1499/1499 1498/1498/1498 
f 1499/1499/1499 1500/1500/1500 1498/1498/1498 
f 1498/1498/1498 1500/1500/1500 1501/1501/1501 
f 1500/1500/1500 1502/1502/1502 1501/1501/1501 
f 1501/1501/1501 1502/1502/1502 1503/1503/1503 
f 1502/1502/1502 1504/1504/1504 1503/1503/1503 
f 1503/1503/1503 1504/1504/1504 1503/1503/1503 
f 1504/1504/1504 1505/1505/1505 1503/1503/1503 
f 1503/1503/1503 1505/1505/1505 1506/1506/1506 
f 1505/1505/1505 1507/1507/1507 1506/1506/1506 
f 1506/1506/1506 1507/1507/1507 1508/1508/1508 
f 1507/1507/1507 1509/1509/1509 1508/1508/1508 
f 1508/1508/1508 1509/1509/1509 1510/1510/1510 
f 1509/1509/1509 1510/1510/1510 1510/1510/1510 
f 1510/1510/1510 1510/1510/1510 1511/1511/1511 
f 1510/1510/1510 1511/1511/1511 1511/1511/1511 
f 1511/1511/1511 1511/1511/1511 1512/1512/1512 
f 1511/1511/1511 1513/1513/1513 1512/1512/1512 
f 1512/1512/1512 1513/1513/1513 1512/1512/1512 
f 1513/1513/1513 1514/1514/1514 1512/1512/1512 
f 1512/1512/1512 1514/1514/1514 1512/1512/1512 
f 1514/1514/1514 1515/1515/1515 1512/1512/1512 
f 1512/1512/1512 1515/1515/1515 1516/1516/1516 
f 1515/1515/1515 1516/1516/1516 1516/1516/1516 
f 1516/1516/1516 1516/1516/1516 1517/1517/1517 
f 1516/1516/1516 1517/1517/1517 1517/1517/1517 
f 1517/1517/1517 1517/1517/1517 1518/1518/1518 
f 1517/1517/1517 1519/1519/1519 1518/1518/1518 
f 1518/1518/1518 1519/1519/1519 1518/1518/1518 
f 1519/1519/1519 1520/1520/1520 1518/1518/1518 
f 1518/1518/1518 1520/1520/1520 1521/1521/1521 
f 1520/1520/1520 1522/1522/1522 1521/1521/1521 
f 1521/1521/1521 1522/1522/1522 1523/1523/1523 
f 1522/1522/1522 1524/1524/1524 1523/1523/1523 
f 1523/1523/1523 1524/1524/1524 1523/1523/1523 
f 1524/1524/1524 1525/1525/1525 1523/1523/1523 
f 1523/1523/1523 1525/1525/1525 1526/1526/1526 
f 1525/1525/1525 1527/1527/1527 1526/1526/1526 
f 1526/1526/1526 1527/1527/1527 1528/1528/1528 
f 1527/1527/1527 1529/1529/1529 1528/1528/1528 
f 1528/1528/1528 1529/1529/1529 1530/1530/1530 
f 1529/1529/1529 1530/1530/1530 1530/1530/1530 
f 1530/1530/1530 1530/1530/1530 1531/1531/1531 
f 1530/1530/1530 1531/1531/1531 1531/1531/1531 
f 1531/1531/1531 1531/1531/1531 1532/1532/1532 
f 1531/1531/1531 1533/1533/1533 1532/1532/1532 
f 1532/1532/1532 1533/1533/1533 1532/1532/1532 
f 1533/1533/1533 1534/1534/1534 1532/1532/1532 
f 1532/1532/1532 1534/1534/1534 1532/1532/1532 
f 1534/1534/1534 1535/1535/1535 1532/1532/1532 
f 1532/1532/1532 1535/1535/1535 1536/1536/1536 
f 1535/1535/1535 1536/1536/1536 1536/1536/1536 
f 1536/1536/1536 1536/1536/1536 1537/1537/1537 
f 1536/1536/1536 1537/1537/1537 1537/1537/1537 
f 1537/1537/1537 1537/1537/1537 1538/1538/1538 
f 1537/1537/1537 1539/1539/1539 1538/1538/1538 
f 1538/1538/1538 1539/1539/1539 1538/1538/1538 
f 1539/1539/1539 1540/1540/1540 1538/1538/1538 
f 1538/1538/1538 1540/1540/1540 1541/1541/1541 
f 1540/1540/1540 1542/1542/1542 1541/1541/1541 
f 1541/1541/1541 1542/1542/1542 1543/1543/1543 
f 1542/1542/1542 1544/1544/1544 1543/1543/1543 
f 1543/1543/1543 1544/1544/1544 1543/1543/1543 
f 1544/1544/1544 1545/1545/1545 1543/1543/1543 
f 1543/1543/1543 1545/1545/1545 1546/1546/1546 
f 1545/1545/1545 1547/1547/1547 1546/1546/1546 
f 1546/1546/1546 1547/1547/1547 1548/1548/1548 
f 1547/1547/1547 1549/1549/1549 1548/1548/1548 
f 1548/1548/1548 1549/1549/1549 1550/1550/1550 
f 1549/1549/1549 1550/1550/1550 1550/1550/1550 
f 1550/1550/1550 1550/1550/1550 1551/1551/1551 
f 1550/1550/1550 1551/1551/1551 1551/1551/1551 
f 1551/1551/1551 1551/1551/1551 1552/1552/1552 
f 1551/1551/1551 1553/1553/1553 1552/1552/1552 
f 1552/1552/1552 1553/1553/1553 1552/1552/1552 
f 1553/1553/1553 1554/1554/1554 1552/1552/1552 
f 1552/1552/1552 1554/1554/1554 1552/1552/1552 
f 1554/1554/1554 1555/1555/1555 1552/1552/1552 
f 1552/1552/1552 1555/1555/1555 1556/1556/1556 
f 1555/1555/1555 1556/1556/1556 1556/1556/1556 
f 1556/1556/1556 1556/1556/1556 1557/1557/1557 
f 1556/1556/1556 1557/1557/1557 1557/1557/1557 
f 1557/1557/1557 1557/1557/1557 1558/1558/1558 
f 1557/1557/1557 1559/1559/1559 1558/1558/1558 
f 1558/1558/1558 1559/1559/1559 1558/1558/1558 
f 1559/1559/1559 1560/1560/1560 1558/1558/1558 
f 1558/1558/1558 1560/1560/1560 1561/1561/1561 
f 1560/1560/1560 1562/1562/1562 1561/1561/1561 
f 1561/1561/1561 1562/1562/1562 1563/1563/1563 
f 1562/1562/1562 1564/1564/1564 1563/1563/1563 
f 1563/1563/1563 1564/1564/1564 1564/1564/1564 
f 1564/1564/1564 1565/1565/1565 1564/1564/1564 
f 1564/1564/1564 1565/1565/1565 1565/1565/1565 
f 1565/1565/1565 1566/1566/1566 1565/1565/1565 
f 1565/1565/1565 1566/1566/1566 1567/1567/1567 
f 1566/1566/1566 1568/1568/1568 1567/1567/1567 
f 1567/1567/1567 1568/1568/1568 1569/1569/1569 
f 1568/1568/1568 1570/1570/1570 1569/1569/1569 
f 1569/1569/1569 1570/1570/1570 1570/1570/1570 
f 1570/1570/1570 1571/1571/1571 1570/1570/1570 
f 1570/1570/1570 1571/1571/1571 1571/1571/1571 
f 1571/1571/1571 1572/1572/1572 1571/1571/1571 
f 1571/1571/1571 1572/1572/1572 1573/1573/1573 
f 1572/1572/1572 1574/1574/1574 1573/1573/1573 
f 1573/1573/1573 1574/1574/1574 1575/1575/1575 
f 1574/1574/1574 1576/1576/1576 1575/1575/1575 
f 1575/1575/1575 1576/1576/1576 1577/1577/1577 
f 1576/1576/1576 1578/1578/1578 1577/1577/1577 
f 1577/1577/1577 1578/1578/1578 1579/1579/1579 
f 1578/1578/1578 1580/1580/1580 1579/1579/1579 
f 1579/1579/1579 1580/1580/1580 1581/1581/1581 
f 1580/1580/1580 1582/1582/1582 1581/1581/1581 
f 1581/1581/1581 1582/1582/1582 1581/1581/1581 
f 1582/1582/1582 1583/1583/1583 1581/1581/1581 
f 1581/1581/1581 1583/1583/1583 1584/1584/1584 
f 1583/1583/1583 1584/1584/1584 1584/1584/1584 
f 1584/1584/1584 1584/1584/1584 1585/1585/1585 
f 1584/1584/1584 1585/1585/1585 1585/1585/1585 
f 1585/1585/1585 1585/1585/1585 1586/1586/1586 
f 1585/1585/1585 1587/1587/1587 1586/1586/1586 
f 1586/1586/1586 1587/1587/1587 1586/1586/1586 
f 1587/1587/1587 1588/1588/1588 1586/1586/1586 
f 1586/1586/1586 1588/1588/1588 1589/1589/1589 
f 1588/1588/1588 1590/1590/1590 1589/1589/1589 
f 1589/1589/1589 1590/1590/1590 1590/1590/1590 
f 1590/1590/1590 1591/1591/1591 1590/1590/1590 
f 1590/1590/1590 1591/1591/1591 1591/1591/1591 
f 1591/1591/1591 1592/1592/1592 1591/1591/1591 
f 1591/1591/1591 1592/1592/1592 1593/1593/1593 
f 1592/1592/1592 1594/1594/1594 1593/1593/1593 
f 1593/1593/1593 1594/1594/1594 1595/1595/1595 
f 1594/1594/1594 1596/1596/1596 1595/1595/1595 
f 1595/1595/1595 1596/1596/1596 1597/1597/1597 
f 1596/1596/1596 1598/1598/1598 1597/1597/1597 
f 1597/1597/1597 1598/1598/1598 1598/1598/1598 
f 1598/1598/1598 1599/1599/1599 1598/1598/1598 
f 1598/1598/1598 1599/1599/1599 1599/1599/1599 
f 1599/1599/1599 1600/1600/1600 1599/1599/1599 
f 1599/1599/1599 1600/1600/1600 1601/1601/1601 
f 1600/1600/1600 1602/1602/1602 1601/1601/1601 
f 1601/1601/1601 1602/1602/1602 1602/1602/1602 
f 1602/1602/1602 1603/1603/1603 1602/1602/1602 
f 1602/1602/1602 1603/1603/1603 1603/1603/1603 
f 1603/1603/1603 1604/1604/1604 1603/1603/1603 
f 1603/1603/1603 1604/1604/1604 1605/1605/1605 
f 1604/1604/1604 1606/1606/1606 1605/1605/1605 
f 1605/1605/1605 1606/1606/1606 1606/1606/1606 
f 1606/1606/1606 1607/1607/1607 1606/1606/1606 
f 1606/1606/1606 1607/1607/1607 1607/1607/1607 
f 1607/1607/1607 1608/1608/1608 1607/1607/1607 
f 1607/1607/1607 1608/1608/1608 1609/1609/1609 
f 1608/1608/1608 1610/1610/1610 1609/1609/1609 
f 1609/1609/1609 1610/1610/1610 1610/1610/1610 
f 1610/1610/1610 1611/1611/1611 1610/1610/1610 
f 1610/1610/1610 1611/1611/1611 1611/1611/1611 
f 1611/1611/1611 1612/1612/1612 1611/1611/1611 
f 1611/1611/1611 1612/1612/1612 1613/1613/1613 
f 1612/1612/1612 1614/1614/1614 1613/1613/1613 
f 1613/1613/1613 1614/1614/1614 1614/1614/1614 
f 1614/1614/1614 1615/1615/1615 1614/1614/1614 
f 1614/1614/1614 1615/1615/1615 1615/1615/1615 
f 1615/1615/1615 1616/1616/1616 1615/1615/1615 
f 1615/1615/1615 1616/1616/1616 1617/1617/1617 
f 1616/1616/1616 1618/1618/1618 1617/1617/1617 
f 1617/1617/1617 1618/1618/1618 1618/1618/1618 
f 1618/1618/1618 1619/1619/1619 1618/1618/1618 
f 1618/1618/1618 1619/1619/1619 1619/1619/1619 
f 1619/1619/1619 1620/1620/1620 1619/1619/1619 
f 1619/1619/1619 1620/1620/1620 1621/1621/1621 
f 1620/1620/1620 1622/1622/1622 1621/1621/1621 
f 1621/1621/1621 1622/1622/1622 1622/1622/1622 
f 1622/1622/1622 1623/1623/1623 1622/1622/1622 
f 1622/1622/1622 1623/1623/1623 1623/1623/1623 
f 1623/1623/1623 1624/1624/1624 1623/1623/1623 
f 1623/1623/1623 1624/1624/1624 1625/1625/1625 
f 1624/1624/1624 1626/1626/1626 1625/1625/1625 
f 1625/1625/1625 1626/1626/1626 1626/1626/1626 
f 1626/1626/1626 1627/1627/1627 1626/1626/1626 
f 1626/1626/1626 1627/1627/1627 1627/1627/1627 
f 1627/1627/1627 1628/1628/1628 1627/1627/1627 
f 1627/1627/1627 1628/1628/1628 1629/1629/1629 
f 1628/1628/1628 1630/1630/1630 1629/1629/1629 
f 1629/1629/1629 1630/1630/1630 1630/1630/1630 
f 1630/1630/1630 1631/1631/1631 1630/1630/1630 
f 1630/1630/1630 1631/1631/1631 1631/1631/1631 
f 1631/1631/1631 1632/1632/1632 1631/1631/1631 
f 1631/1631/1631 1632/1632/1632 1633/1633/1633 
f 1632/1632/1632 1634/1634/1634 1633/1633/1633 
f 1633/1633/1633 1634/1634/1634 1634/1634/1634 
f 1634/1634/1634 1635/1635/1635 1634/1634/1634 
f 1634/1634/1634 1635/1635/1635 1635/1635/1635 
f 1635/1635/1635 1636/1636/1636 1635/1635/1635 
f 1635/1635/1635 1636/1636/1636 1637/1637/1637 
f 1636/1636/1636 1638/1638/1638 1637/1637/1637 
f 1637/1637/1637 1638/1638/1638 1638/1638/1638 
f 1638/1638/1638 1639/1639/1639 1638/1638/1638 
f 1638/1638/1638 1639/1639/1639 1639/1639/1639 
f 1639/1639/1639 1640/1640/1640 1639/1639/1639 
f 1639/1639/1639 1640/1640/1640 1641/1641/1641 
f 1640/1640/1640 1642/1642/1642 1641/1641/1641 
f 1641/1641/1641 1642/1642/1642 1642/1642/1642 
f 1642/1642/1642 1643/1643/1643 1642/1642/1642 
f 1642/1642/1642 1643/1643/1643 1643/1643/1643 
f 1643/1643/1643 1644/1644/1644 1643/1643/1643 
f 1643/1643/1643 1644/1644/1644 1645/1645/1645 
f 1644/1644/1644 1646/1646/1646 1645/1645/1645 
f 1645/1645/1645 1646/1646/1646 1646/1646/1646 
f 1646/1646/1646 1647/1647/1647 1646/1646/1646 
f 1646/1646/1646 1647/1647/1647 1647/1647/1647 
f 1647/1647/1647 1648/1648/1648 1647/1647/1647 
f 1647/1647/1647 1648/1648/1648 1649/1649/1649 
f 1648/1648/1648 1650/1650/1650 1649/1649/1649 
f 1649/1649/1649 1650/1650/1650 1650/1650/1650 
f 1650/1650/1650 1651/1651/1651 1650/1650/1650 
f 1650/1650/1650 1651/1651/1651 1651/1651/1651 
f 1651/1651/1651 1652/1652/1652 1651/1651/1651 
f 1651/1651/1651 1652/1652/1652 1653/1653/1653 
f 1652/1652/1652 1654/1654/1654 1653/1653/1653 
f 1653/1653/1653 1654/1654/1654 1654/1654/1654 
f 1654/1654/1654 1655/1655/1655 1654/1654/1654 
f 1654/1654/1654 1655/1655/1655 1655/1655/1655 
f 1655/1655/1655 1656/1656/1656 1655/1655/1655 
f 1655/1655/1655 1656/1656/1656 1657/1657/1657 
f 1656/1656/1656 1658/1658/1658 1657/1657/1657 
f 1657/1657/1657 1658/1658/1658 1658/1658/1658 
f 1658/1658/1658 1659/1659/1659 1658/1658/1658 
f 1658/1658/1658 1659/1659/1659 1659/1659/1659 
f 1659/1659/1659 1660/1660/1660 1659/1659/1659 
f 1659/1659/1659 1660/1660/1660 1661/1661/1661 
f 1660/1660/1660 1662/1662/1662 1661/1661/1661 
f 1661/1661/1661 1662/1662/1662 1662/1662/1662 
f 1662/1662/1662 1663/1663/1663 1662/1662/1662 
f 1662/1662/1662 1663/1663/1663 1663/1663/1663 
f 1663/1663/1663 1664/1664/1664 1663/1663/1663 
f 1663/1663/1663 1664/1664/1664 1665/1665/1665 
f 1664/1664/1664 1666/1666/1666 1665/1665/1665 
f 1665/1665/1665 1666/1666/1666 1666/1666/1666 
f 1666/1666/1666 1667/1667/1667 1666/1666/1666 
f 1666/1666/1666 1667/1667/1667 1667/1667/1667 
f 1667/1667/1667 1668/1668/1668 1667/1667/1667 
f 1667/1667/1667 1668/1668/1668 1669/1669/1669 
f 1668/1668/1668 1670/1670/1670 1669/1669/1669 
f 1669/1669/1669 1670/1670/1670 1670/1670/1670 
f 1670/1670/1670 1671/1671/1671 1670/1670/1670 
f 1670/1670/1670 1671/1671/1671 1671/1671/1671 
f 1671/1671/1671 1672/1672/1672 1671/1671/1671 
f 1671/1671/1671 1672/1672/1672 1673/1673/1673 
f 1672/1672/1672 1674/1674/1674 1673/1673/1673 
f 1673/1673/1673 1674/1674/1674 1674/1674/1674 
f 1674/1674/1674 1675/1675/1675 1674/1674/1674 
f 1674/1674/1674 1675/1675/1675 1675/1675/1675 
f 1675/1675/1675 1676/1676/1676 1675/1675/1675 
f 1675/1675/1675 1676/1676/1676 1677/1677/1677 
f 1676/1676/1676 1677/1677/1677 1677/1677/1677 
f 1677/1677/1677 1677/1677/1677 1678/1678/1678 
f 1677/1677/1677 1678/1678/1678 1678/1678/1678 
f 1678/1678/1678 1678/1678/1678 1679/1679/1679 
f 1678/1678/1678 1680/1680/1680 1679/1679/1679 
f 1679/1679/1679 1680/1680/1680 1680/1680/1680 
f 1680/1680/1680 1681/1681/1681 1680/1680/1680 
f 1680/1680/1680 1681/1681/1681 1681/1681/1681 
f 1681/1681/1681 1682/1682/1682 1681/1681/1681 
f 1681/1681/1681 1682/1682/1682 1683/1683/1683 
f 1682/1682/1682 1684/1684/1684 1683/1683/1683 
f 1683/1683/1683 1684/1684/1684 1684/1684/1684 
f 1684/1684/1684 1685/1685/1685 1684/1684/1684 
f 1684/1684/1684 1685/1685/1685 1685/1685/1685 
f 1685/1685/1685 1686/1686/1686 1685/1685/1685 
f 1685/1685/1685 1686/1686/1686 1687/1687/1687 
f 1686/1686/1686 1688/1688/1688 1687/1687/1687 
f 1687/1687/1687 1688/1688/1688 1688/1688/1688 
f 1688/1688/1688 1689/1689/1689 1688/1688/1688 
f 1688/1688/1688 1689/1689/1689 1689/1689/1689 
f 1689/1689/1689 1690/1690/1690 1689/1689/1689 
f 1689/1689/1689 1690/1690/1690 1691/1691/1691 
f 1690/1690/1690 1692/1692/1692 1691/1691/1691 
f 1691/1691/1691 1692/1692/1692 1692/1692/1692 
f 1692/1692/1692 1693/1693/1693 1692/1692/1692 
f 1692/1692/1692 1693/1693/1693 1693/1693/1693 
f 1693/1693/1693 1694/1694/1694 1693/1693/1693 
f 1693/1693/1693 1694/1694/1694 1695/1695/1695 
f 1694/1694/1694 1696/1696/1696 1695/1695/1695 
f 1695/1695/1695 1696/1696/1696 1696/1696/1696 
f 1696/1696/1696 1697/1697/1697 1696/1696/1696 
f 1696/1696/1696 1697/1697/1697 1697/1697/1697 
f 1697/1697/1697 1698/1698/1698 1697/1697/1697 
f 1697/1697/1697 1698/1698/1698 1699/1699/1699 
f 1698/1698/1698 1700/1700/1700 1699/1699/1699 
f 1699/1699/1699 1700/1700/1700 1700/1700/1700 
f 1700/1700/1700 1701/1701/1701 1700/1700/1700 
f 1700/1700/1700 1701/1701/1701 1701/1701/1701 
f 1701/1701/1701 1702/1702/1702 1701/1701/1701 
f 1701/1701/1701 1702/1702/1702 1703/1703/1703 
f 1702/1702/1702 1704/1704/1704 1703/1703/1703 
f 1703/1703/1703 1704/1704/1704 1704/1704/1704 
f 1704/1704/1704 1705/1705/1705 1704/1704/1704 
f 1704/1704/1704 1705/1705/1705 1705/1705/1705 
f 1705/1705/1705 1706/1706/1706 1705/1705/1705 
f 1705/1705/1705 1706/1706/1706 1707/1707/1707 
f 1706/1706/1706 1708/1708/1708 1707/1707/1707 
f 1707/1707/1707 1708/1708/1708 1708/1708/1708 
f 1708/1708/1708 1709/1709/1709 1708/1708/1708 
f 1708/1708/1708 1709/1709/1709 1709/1709/1709 
f 1709/1709/1709 1710/1710/1710 1709/1709/1709 
f 1709/1709/1709 1710/1710/1710 1711/1711/1711 
f 1710/1710/1710 1712/1712/1712 1711/1711/1711 
f 1711/1711/1711 1712/1712/1712 1712/1712/1712 
f 1712/1712/1712 1713/1713/1713 1712/1712/1712 
f 1712/1712/1712 1713/1713/1713 1713/1713/1713 
f 1713/1713/1713 1714/1714/1714 1713/1713/1713 
f 1713/1713/1713 1714/1714/1714 1715/1715/1715 
f 1714/1714/1714 1716/1716/1716 1715/1715/1715 
f 1715/1715/1715 1716/1716/1716 1716/1716/1716 
f 1716/1716/1716 1717/1717/1717 1716/1716/1716 
f 1716/1716/1716 1717/1717/1717 1717/1717/1717 
f 1717/1717/1717 1718/1718/1718 1717/1717/1717 
f 1717/1717/1717 1718/1718/1718 1719/1719/1719 
f 1718/1718/1718 1720/1720/1720 1719/1719/1719 
f 1719/1719/1719 1720/1720/1720 1720/1720/1720 
f 1720/1720/1720 1721/1721/1721 1720/1720/1720 
f 1720/1720/1720 1721/1721/1721 1721/1721/1721 
f 1721/1721/1721 1722/1722/1722 1721/1721/1721 
f 1721/1721/1721 1722/1722/1722 1723/1723/1723 
f 1722/1722/1722 1724/1724/1724 1723/1723/1723 
f 1723/1723/1723 1724/1724/1724 1724/1724/1724 
f 1724/1724/1724 1725/1725/1725 1724/1724/1724 
f 1724/1724/1724 1725/1725/1725 1725/1725/1725 
f 1725/1725/1725 1726/1726/1726 1725/1725/1725 
f 1725/1725/1725 1726/1726/1726 1727/1727/1727 
f 1726/1726/1726 1728/1728/1728 1727/1727/1727 
f 1727/1727/1727 1728/1728/1728 1728/1728/1728 
f 1728/1728/1728 1729/1729/1729 1728/1728/1728 
f 1728/1728/1728 1729/1729/1729 1729/1729/1729 
f 1729/1729/1729 1730/1730/1730 1729/1729/1729 
f 1729/1729/1729 1730/1730/1730 1731/1731/1731 
f 1730/1730/1730 1732/1732/1732 1731/1731/1731 
f 1731/1731/1731 1732/1732/1732 1732/1732/1732 
f 1732/1732/1732 1733/1733/1733 1732/1732/1732 
f 1732/1732/1732 1733/1733/1733 1733/1733/1733 
f 1733/1733/1733 1734/1734/1734 1733/1733/1733 
f 1733/1733/1733 1734/1734/1734 1735/1735/1735 
f 1734/1734/1734 1736/1736/1736 1735/1735/1735 
f 1735/1735/1735 1736/1736/1736 1736/1736/1736 
f 1736/1736/1736 1737/1737/1737 1736/1736/1736 
f 1736/1736/1736 1737/1737/1737 1737/1737/1737 
f 1737/1737/1737 1738/1738/1738 1737/1737/1737 
f 1737/1737/1737 1738/1738/1738 1739/1739/1739 
f 1738/1738/1738 1740/1740/1740 1739/1739/1739 
f 1739/1739/1739 1740/1740/1740 1740/1740/1740 
f 1740/1740/1740 1741/1741/1741 1740/1740/1740 
f 1740/1740/1740 1741/1741/1741 1741/1741/1741 
f 1741/1741/1741 1742/1742/1742 1741/1741/1741 
f 1741/1741/1741 1742/1742/1742 1743/1743/1743 
f 1742/1742/1742 1744/1744/1744 1743/1743/1743 
f 1743/1743/1743 1744/1744/1744 1744/1744/1744 
f 1744/1744/1744 1745/1745/1745 1744/1744/1744 
f 1744/1744/1744 1745/1745/1745 1745/1745/1745 
f 1745/1745/1745 1746/1746/1746 1745/1745/1745 
f 1745/1745/1745 1746/1746/1746 1747/1747/1747 
f 1746/1746/1746 1748/1748/1748 1747/1747/1747 
f 1747/1747/1747 1748/1748/1748 1748/1748/1748 
f 1748/1748/1748 1749/1749/1749 1748/1748/1748 
f 1748/1748/1748 1749/1749/1749 1749/1749/1749 
f 1749/1749/1749 1750/1750/1750 1749/1749/1749 
f 1749/1749/1749 1750/1750/1750 1751/1751/1751 
f 1750/1750/1750 1752/1752/1752 1751/1751/1751 
f 1751/1751/1751 1752/1752/1752 1752/1752/1752 
f 1752/1752/1752 1753/1753/1753 1752/1752/1752 
f 1752/1752/1752 1753/1753/1753 1753/1753/1753 
f 1753/1753/1753 1754/1754/1754 1753/1753/1753 
f 1753/1753/1753 1754/1754/1754 1755/1755/1755 
f 1754/1754/1754 1756/1756/1756 1755/1755/1755 
f 1755/1755/1755 1756/1756/1756 1756/1756/1756 
f 1756/1756/1756 1757/1757/1757 1756/1756/1756 
f 1756/1756/1756 1757/1757/1757 1757/1757/1757 
f 1757/1757/1757 1758/1758/1758 1757/1757/1757 
f 1757/1757/1757 1758/1758/1758 1759/1759/1759 
f 1758/1758/1758 1760/1760/1760 1759/1759/1759 
f 1759/1759/1759 1760/1760/1760 1760/1760/1760 
f 1760/1760/1760 1761/1761/1761 1760/1760/1760 
f 1760/1760/1760 1761/1761/1761 1761/1761/1761 
f 1761/1761/1761 1762/1762/1762 1761/1761/1761 
f 1761/1761/1761 1762/1762/1762 1763/1763/1763 
f 1762/1762/1762 1764/1764/1764 1763/1763/1763 
f 1763/1763/1763 1764/1764/1764 1764/1764/1764 
f 1764/1764/1764 1765/1765/1765 1764/1764/1764 
f 1764/1764/1764 1765/1765/1765 1765/1765/1765 
f 1765/1765/1765 1766/1766/1766 1765/1765/1765 
f 1765/1765/1765 1766/1766/1766 1767/1767/1767 
f 1766/1766/1766 1768/1768/1768 1767/1767/1767 
f 1767/1767/1767 1768/1768/1768 1768/1768/1768 
f 1768/1768/1768 1769/1769/1769 1768/1768/1768 
f 1768/1768/1768 1769/1769/1769 1769/1769/1769 
f 1769/1769/1769 1770/1770/1770 1769/1769/1769 
f 1769/1769/1769 1770/1770/1770 1771/1771/1771 
f 1770/1770/1770 1772/1772/1772 1771/1771/1771 
f 1771/1771/1771 1772/1772/1772 1772/1772/1772 
f 1772/1772/1772 1773/1773/1773 1772/1772/1772 
f 1772/1772/1772 1773/1773/1773 1773/1773/1773 
f 1773/1773/1773 1774/1774/1774 1773/1773/1773 
f 1773/1773/1773 1774/1774/1774 1775/1775/1775 
f 1774/1774/1774 1776/1776/1776 1775/1775/1775 
f 1775/1775/1775 1776/1776/1776 1776/1776/1776 
f 1776/1776/1776 1777/1777/1777 1776/1776/1776 
f 1776/1776/1776 1777/1777/1777 1777/1777/1777 
f 1777/1777/1777 1778/1778/1778 1777/1777/1777 
f 1777/1777/1777 1778/1778/1778 1779/1779/1779 
f 1778/1778/1778 1780/1780/1780 1779/1779/1779 
f 1779/1779/1779 1780/1780/1780 1780/1780/1780 
f 1780/1780/1780 1781/1781/1781 1780/1780/1780 
f 1780/1780/1780 1781/1781/1781 1781/1781/1781 
f 1781/1781/1781 1782/1782/1782 1781/1781/1781 
f 1781/1781/1781 1782/1782/1782 1783/1783/1783 
f 1782/1782/1782 1784/1784/1784 1783/1783/1783 
f 1783/1783/1783 1784/1784/1784 1784/1784/1784 
f 1784/1784/1784 1785/1785/1785 1784/1784/1784 
f 1784/1784/1784 1785/1785/1785 1785/1785/1785 
f 1785/1785/1785 1786/1786/1786 1785/1785/1785 
f 1785/1785/1785 1786/1786/1786 1787/1787/1787 
f 1786/1786/1786 1788/1788/1788 1787/1787/1787 
f 1787/1787/1787 1788/1788/1788 1788/1788/1788 
f 1788/1788/1788 1789/1789/1789 1788/1788/1788 
f 1788/1788/1788 1789/1789/1789 1789/1789/1789 
f 1789/1789/1789 1790/1790/1790 1789/1789/1789 
f 1789/1789/1789 1790/1790/1790 1791/1791/1791 
f 1790/1790/1790 1792/1792/1792 1791/1791/1791 
f 1791/1791/1791 1792/1792/1792 1792/1792/1792 
f 1792/1792/1792 1793/1793/1793 1792/1792/1792 
f 1792/1792/1792 1793/1793/1793 1793/1793/1793 
f 1793/1793/1793 1794/1794/1794 1793/1793/1793 
f 1793/1793/1793 1794/1794/1794 1795/1795/1795 
f 1794/1794/1794 1796/1796/1796 1795/1795/1795 
f 1795/1795/1795 1796/1796/1796 1796/1796/1796 
f 1796/1796/1796 1797/1797/1797 1796/1796/1796 
f 1796/1796/1796 1797/1797/1797 1797/1797/1797 
f 1797/1797/1797 1798/1798/1798 1797/1797/1797 
f 1797/1797/1797 1798/1798/1798 1799/1799/1799 
f 1798/1798/1798 1800/1800/1800 1799/1799/1799 
f 1799/1799/1799 1800/1800/1800 1800/1800/1800 
f 1800/1800/1800 1801/1801/1801 1800/1800/1800 
f 1800/1800/1800 1801/1801/1801 1801/1801/1801 
f 1801/1801/1801 1802/1802/1802 1801/1801/1801 
f 1801/1801/1801 1802/1802/1802 1803/1803/1803 
f 1802/1802/1802 1804/1804/1804 1803/1803/1803 
f 1803/1803/1803 1804/1804/1804 1804/1804/1804 
f 1804/1804/1804 1805/1805/1805 1804/1804/1804 
f 1804/1804/1804 1805/1805/1805 1805/1805/1805 
f 1805/1805/1805 1806/1806/1806 1805/1805/1805 
f 1805/1805/1805 1806/1806/1806 1807/1807/1807 
f 1806/1806/1806 1808/1808/1808 1807/1807/1807 
f 1807/1807/1807 1808/1808/1808 1808/1808/1808 
f 1808/1808/1808 1809/1809/1809 1808/1808/1808 
f 1808/1808/1808 1809/1809/1809 1809/1809/1809 
f 1809/1809/1809 1810/1810/1810 1809/1809/1809 
f 1809/1809/1809 1810/1810/1810 1811/1811/1811 
f 1810/1810/1810 1812/1812/1812 1811/1811/1811 
f 1811/1811/1811 1812/1812/1812 1812/1812/1812 
f 1812/1812/1812 1813/1813/1813 1812/1812/1812 
f 1812/1812/1812 1813/1813/1813 1813/1813/1813 
f 1813/1813/1813 1814/1814/1814 1813/1813/1813 
f 1813/1813/1813 1814/1814/1814 1815/1815/1815 
f 1814/1814/1814 1816/1816/1816 1815/1815/1815 
f 1815/1815/1815 1816/1816/1816 1816/1816/1816 
f 1816/1816/1816 1817/1817/1817 1816/1816/1816 
f 1816/1816/1816 1817/1817/1817 1817/1817/1817 
f 1817/1817/1817 1818/1818/1818 1817/1817/1817 
f 1817/1817/1817 1818/1818/1818 1819/1819/1819 
f 1818/1818/1818 1820/1820/1820 1819/1819/1819 
f 1819/1819/1819 1820/1820/1820 1820/1820/1820 
f 1820/1820/1820 1821/1821/1821 1820/1820/1820 
f 1820/1820/1820 1821/1821/1821 1821/1821/1821 
f 1821/1821/1821 1822/1822/1822 1821/1821/1821 
f 1821/1821/1821 1822/1822/1822 1823/1823/1823 
f 1822/1822/1822 1824/1824/1824 1823/1823/1823 
f 1823/1823/1823 1824/1824/1824 1824/1824/1824 
f 1824/1824/1824 1825/1825/1825 1824/1824/1824 
f 1824/1824/1824 1825/1825/1825 1825/1825/1825 
f 1825/1825/1825 1826/1826/1826 1825/1825/1825 
f 1825/1825/1825 1826/1826/1826 1827/1827/1827 
f 1826/1826/1826 1828/1828/1828 1827/1827/1827 
f 1827/1827/1827 1828/1828/1828 1828/1828/1828 
f 1828/1828/1828 1829/1829/1829 1828/1828/1828 
f 1828/1828/1828 1829/1829/1829 1829/1829/1829 
f 1829/1829/1829 1830/1830/1830 1829/1829/1829 
f 1829/1829/1829 1830/1830/1830 1831/1831/1831 
f 1830/1830/1830 1832/1832/1832 1831/1831/1831 
f 1831/1831/1831 1832/1832/1832 1832/1832/1832 
f 1832/1832/1832 1833/1833/1833 1832/1832/1832 
f 1832/1832/1832 1833/1833/1833 1833/1833/1833 
f 1833/1833/1833 1834/1834/1834 1833/1833/1833 
f 1833/1833/1833 1834/1834/1834 1835/1835/1835 
f 1834/1834/1834 1836/1836/1836 1835/1835/1835 
f 1835/1835/1835 1836/1836/1836 1836/1836/1836 
f 1836/1836/1836 1837/1837/1837 1836/1836/1836 
f 1836/1836/1836 1837/1837/1837 1837/1837/1837 
f 1837/1837/1837 1838/1838/1838 1837/1837/1837 
f 1837/1837/1837 1838/1838/1838 1839/1839/1839 
f 1838/1838/1838 1840/1840/1840 1839/1839/1839 
f 1839/1839/1839 1840/1840/1840 1840/1840/1840 
f 1840/1840/1840 1841/1841/1841 1840/1840/1840 
f 1840/1840/1840 1841/1841/1841 1841/1841/1841 
f 1841/1841/1841 1842/1842/1842 1841/1841/1841 
f 1841/1841/1841 1842/1842/1842 1843/1843/1843 
f 1842/1842/1842 1844/1844/1844 1843/1843/1843 
f 1843/1843/1843 1844/1844/1844 1844/1844/1844 
f 1844/1844/1844 1845/1845/1845 1844/1844/1844 
f 1844/1844/1844 1845/1845/1845 1845/1845/1845 
f 1845/1845/1845 1846/1846/1846 1845/1845/1845 
f 1845/1845/1845 1846/1846/1846 1847/1847/1847 
f 1846/1846/1846 1848/1848/1848 1847/1847/1847 
f 1847/1847/1847 1848/1848/1848 1848/1848/1848 
f 1848/1848/1848 1849/1849/1849 1848/1848/1848 
f 1848/1848/1848 1849/1849/1849 1849/1849/1849 
f 1849/1849/1849 1850/1850/1850 1849/1849/1849 
f 1849/1849/1849 1850/1850/1850 1851/1851/1851 
f 1850/1850/1850 1852/1852/1852 1851/1851/1851 
f 1851/1851/1851 1852/1852/1852 1852/1852/1852 
f 1852/1852/1852 1853/1853/1853 1852/1852/1852 
f 1852/1852/1852 1853/1853/1853 1853/1853/1853 
f 1853/1853/1853 1854/1854/1854 1853/1853/1853 
f 1853/1853/1853 1854/1854/1854 1855/1855/1855 
f 1854/1854/1854 1856/1856/1856 1855/1855/1855 
f 1855/1855/1855 1856/1856/1856 1856/1856/1856 
f 1856/1856/1856 1857/1857/1857 1856/1856/1856 
f 1856/1856/1856 1857/1857/1857 1857/1857/1857 
f 1857/1857/1857 1858/1858/1858 1857/1857/1857 
f 1857/1857/1857 1858/1858/1858 1859/1859/1859 
f 1858/1858/1858 1860/1860/1860 1859/1859/1859 
f 1859/1859/1859 1860/1860/1860 1860/1860/1860 
f 1860/1860/1860 1861/1861/1861 1860/1860/1860 
f 1860/1860/1860 1861/1861/1861 1861/1861/1861 
f 1861/1861/1861 1862/1862/1862 1861/1861/1861 
f 1861/1861/1861 1862/1862/1862 1863/1863/1863 
f 1862/1862/1862 1864/1864/1864 1863/1863/1863 
f 1863/1863/1863 1864/1864/1864 1864/1864/1864 
f 1864/1864/1864 1865/1865/1865 1864/1864/1864 
f 1864/1864/1864 1865/1865/1865 1865/1865/1865 
f 1865/1865/1865 1866/1866/1866 1865/1865/1865 
f 1865/1865/1865 1866/1866/1866 1867/1867/1867 
f 1866/1866/1866 1868/1868/1868 1867/1867/1867 
f 1867/1867/1867 1868/1868/1868 1869/1869/1869 
f 1868/1868/1868 1870/1870/1870 1869/1869/1869 
f 1869/1869/1869 1870/1870/1870 1871/1871/1871 
f 1870/1870/1870 1872/1872/1872 1871/1871/1871 
f 1871/1871/1871 1872/1872/1872 1873/1873/1873 
f 1872/1872/1872 1874/1874/1874 1873/1873/1873 
f 1873/1873/1873 1874/1874/1874 1874/1874/1874 
f 1874/1874/1874 1875/1875/1875 1874/1874/1874 
f 1874/1874/1874 1875/1875/1875 1875/1875/1875 
f 1875/1875/1875 1876/1876/1876 1875/1875/1875 
f 1875/1875/1875 1876/1876/1876 1877/1877/1877 
f 1876/1876/1876 1878/1878/1878 1877/1877/1877 
f 1877/1877/1877 1878/1878/1878 1878/1878/1878 
f 1878/1878/1878 1879/1879/1879 1878/1878/1878 
f 1878/1878/1878 1879/1879/1879 1879/1879/1879 
f 1879/1879/1879 1880/1880/1880 1879/1879/1879 
f 1879/1879/1879 1880/1880/1880 1881/1881/1881 
f 1880/1880/1880 1882/1882/1882 1881/1881/1881 
f 1881/1881/1881 1882/1882/1882 1883/1883/1883 
f 1882/1882/1882 1884/1884/1884 1883/1883/1883 
f 1883/1883/1883 1884/1884/1884 1885/1885/1885 
f 1884/1884/1884 1886/1886/1886 1885/1885/1885 
f 1885/1885/1885 1886/1886/1886 1886/1886/1886 
f 1886/1886/1886 1887/1887/1887 1886/1886/1886 
f 1886/1886/1886 1887/1887/1887 1887/1887/1887 
f 1887/1887/1887 1888/1888/1888 1887/1887/1887 
f 1887/1887/1887 1888/1888/1888 1889/1889/1889 
f 1888/1888/1888 1890/1890/1890 1889/1889/1889 
f 1889/1889/1889 1890/1890/1890 1891/1891/1891 
f 1890/1890/1890 1892/1892/1892 1891/1891/1891 
f 1891/1891/1891 1892/1892/1892 1893/1893/1893 
f 1892/1892/1892 1894/1894/1894 1893/1893/1893 
f 1893/1893/1893 1894/1894/1894 1894/1894/1894 
f 1894/1894/1894 1895/1895/1895 1894/1894/1894 
f 1894/1894/1894 1895/1895/1895 1895/1895/1895 
f 1895/1895/1895 1896/1896/1896 1895/1895/1895 
f 1895/1895/1895 1896/1896/1896 1897/1897/1897 
f 1896/1896/1896 1898/1898/1898 1897/1897/1897 
f 1897/1897/1897 1898/1898/1898 1898/1898/1898 
f 1898/1898/1898 1899/1899/1899 1898/1898/1898 
f 1898/1898/1898 1899/1899/1899 1899/1899/1899 
f 1899/1899/1899 1900/1900/1900 1899/1899/1899 
f 1899/1899/1899 1900/1900/1900 1901/1901/1901 
f 1900/1900/1900 1902/1902/1902 1901/1901/1901 
f 1901/1901/1901 1902/1902/1902 1903/1903/1903 
f 1902/1902/1902 1904/1904/1904 1903/1903/1903 
f 1903/1903/1903 1904/1904/1904 1905/1905/1905 
f 1904/1904/1904 1906/1906/1906 1905/1905/1905 
f 1905/1905/1905 1906/1906/1906 1907/1907/1907 
f 1906/1906/1906 1908/1908/1908 1907/1907/1907 
f 1907/1907/1907 1908/1908/1908 1908/1908/1908 
f 1908/1908/1908 1909/1909/1909 1908/1908/1908 
f 1908/1908/1908 1909/1909/1909 1909/1909/1909 
f 1909/1909/1909 1910/1910/1910 1909/1909/1909 
f 1909/1909/1909 1910/1910/1910 1911/1911/1911 
f 1910/1910/1910 1912/1912/1912 1911/1911/1911 
f 1911/1911/1911 1912/1912/1912 1912/1912/1912 
f 1912/1912/1912 1913/1913/1913 1912/1912/1912 
f 1912/1912/1912 1913/1913/1913 1913/1913/1913 
f 1913/1913/1913 1914/1914/1914 1913/1913/1913 
f 1913/1913/1913 1914/1914/1914 1915/1915/1915 
f 1914/1914/1914 1916/1916/1916 1915/1915/1915 
f 1915/1915/1915 1916/1916/1916 1917/1917/1917 
f 1916/1916/1916 1918/1918/1918 1917/1917/1917 
f 1917/1917/1917 1918/1918/1918 1919/1919/1919 
f 1918/1918/1918 1920/1920/1920 1919/1919/1919 
f 1919/1919/1919 1920/1920/1920 1921/1921/1921 
f 1920/1920/1920 1922/1922/1922 1921/1921/1921 
f 1921/1921/1921 1922/1922/1922 1922/1922/1922 
f 1922/1922/1922 1923/1923/1923 1922/1922/1922 
f 1922/1922/1922 1923/1923/1923 1923/1923/1923 
f 1923/1923/1923 1924/1924/1924 1923/1923/1923 
f 1923/1923/1923 1924/1924/1924 1925/1925/1925 
f 1924/1924/1924 1926/1926/1926 1925/1925/1925 
f 1925/1925/1925 1926/1926/1926 1927/1927/1927 
f 1926/1926/1926 1928/1928/1928 1927/1927/1927 
f 1927/1927/1927 1928/1928/1928 1929/1929/1929 
f 1928/1928/1928 1930/1930/1930 1929/1929/1929 
f 1929/1929/1929 1930/1930/1930 1931/1931/1931 
f 1930/1930/1930 1932/1932/1932 1931/1931/1931 
f 1931/1931/1931 1932/1932/1932 1932/1932/1932 
f 1932/1932/1932 1933/1933/1933 1932/1932/1932 
f 1932/1932/1932 1933/1933/1933 1933/1933/1933 
f 1933/1933/1933 1934/1934/1934 1933/1933/1933 
f 1933/1933/1933 1934/1934/1934 1935/1935/1935 
f 1934/1934/1934 1936/1936/1936 1935/1935/1935 
f 1935/1935/1935 1936/1936/1936 1936/1936/1936 
f 1936/1936/1936 1937/1937/1937 1936/1936/1936 
f 1936/1936/1936 1937/1937/1937 1937/1937/1937 
f 1937/1937/1937 1938/1938/1938 1937/1937/1937 
f 1937/1937/1937 1938/1938/1938 1939/1939/1939 
f 1938/1938/1938 1940/1940/1940 1939/1939/1939 
f 1939/1939/1939 1940/1940/1940 1940/1940/1940 
f 1940/1940/1940 1941/1941/1941 1940/1940/1940 
f 1940/1940/1940 1941/1941/1941 1941/1941/1941 
f 1941/1941/1941 1942/1942/1942 1941/1941/1941 
f 1941/1941/1941 1942/1942/1942 1943/1943/1943 
f 1942/1942/1942 1944/1944/1944 1943/1943/1943 
f 1943/1943/1943 1944/1944/1944 1944/1944/1944 
f 1944/1944/1944 1945/1945/1945 1944/1944/1944 
f 1944/1944/1944 1945/1945/1945 1945/1945/1945 
f 1945/1945/1945 1946/1946/1946 1945/1945/1945 
f 1945/1945/1945 1946/1946/1946 1947/1947/1947 
f 1946/1946/1946 1948/1948/1948 1947/1947/1947 
f 1947/1947/1947 1948/1948/1948 1948/1948/1948 
f 1948/1948/1948 1949/1949/1949 1948/1948/1948 
f 1948/1948/1948 1949/1949/1949 1949/1949/1949 
f 1949/1949/1949 1950/1950/1950 1949/1949/1949 
f 1949/1949/1949 1950/1950/1950 1951/1951/1951 
f 1950/1950/1950 1952/1952/1952 1951/1951/1951 
f 1951/1951/1951 1952/1952/1952 1952/1952/1952 
f 1952/1952/1952 1953/1953/1953 1952/1952/1952 
f 1952/1952/1952 1953/1953/1953 1953/1953/1953 
f 1953/1953/1953 1954/1954/1954 1953/1953/1953 
f 1953/1953/1953 1954/1954/1954 1955/1955/1955 
f 1954/1954/1954 1954/1954/1954 1955/1955/1955 
f 1955/1955/1955 1954/1954/1954 1956/1956/1956 
f 1954/1954/1954 1957/1957/1957 1956/1956/1956 
f 1956/1956/1956 1957/1957/1957 1958/1958/1958 
f 1957/1957/1957 1958/1958/1958 1958/1958/1958 
f 1958/1958/1958 1958/1958/1958 1959/1959/1959 
f 1958/1958/1958 1959/1959/1959 1959/1959/1959 
f 1959/1959/1959 1959/1959/1959 1960/1960/1960 
f 1959/1959/1959 1961/1961/1961 1960/1960/1960 
f 1960/1960/1960 1961/1961/1961 1962/1962/1962 
f 1961/1961/1961 1962/1962/1962 1962/1962/1962 
f 1962/1962/1962 1962/1962/1962 1963/1963/1963 
f 1962/1962/1962 1963/1963/1963 1963/1963/1963 
f 1963/1963/1963 1963/1963/1963 1964/1964/1964 
f 1963/1963/1963 1965/1965/1965 1964/1964/1964 
f 1964/1964/1964 1965/1965/1965 1966/1966/1966 
f 1965/1965/1965 1967/1967/1967 1966/1966/1966 
f 1966/1966/1966 1967/1967/1967 1968/1968/1968 
f 1967/1967/1967 1969/1969/1969 1968/1968/1968 
f 1968/1968/1968 1969/1969/1969 1970/1970/1970 
f 1969/1969/1969 1971/1971/1971 1970/1970/1970 
f 1970/1970/1970 1971/1971/1971 1972/1972/1972 
f 1971/1971/1971 1972/1972/1972 1972/1972/1972 
f 1972/1972/1972 1972/1972/1972 1973/1973/1973 
f 1972/1972/1972 1973/1973/1973 1973/1973/1973 
f 1973/1973/1973 1973/1973/1973 1974/1974/1974 
f 1973/1973/1973 1975/1975/1975 1974/1974/1974 
f 1974/1974/1974 1975/1975/1975 1976/1976/1976 
f 1975/1975/1975 1975/1975/1975 1976/1976/1976 
f 1976/1976/1976 1975/1975/1975 1977/1977/1977 
f 1975/1975/1975 1978/1978/1978 1977/1977/1977 
f 1977/1977/1977 1978/1978/1978 1978/1978/1978 
f 1978/1978/1978 1979/1979/1979 1978/1978/1978 
f 1978/1978/1978 1979/1979/1979 1979/1979/1979 
f 1979/1979/1979 1980/1980/1980 1979/1979/1979 
f 1979/1979/1979 1980/1980/1980 1981/1981/1981 
f 1980/1980/1980 1982/1982/1982 1981/1981/1981 
f 1981/1981/1981 1982/1982/1982 1982/1982/1982 
f 1982/1982/1982 1983/1983/1983 1982/1982/1982 
f 1982/1982/1982 1983/1983/1983 1983/1983/1983 
f 1983/1983/1983 1984/1984/1984 1983/1983/1983 
f 1983/1983/1983 1984/1984/1984 1985/1985/1985 
f 1984/1984/1984 1984/1984/1984 1985/1985/1985 
f 1985/1985/1985 1984/1984/1984 1986/1986/1986 
f 1984/1984/1984 1987/1987/1987 1986/1986/1986 
f 1986/1986/1986 1987/1987/1987 1988/1988/1988 
f 1987/1987/1987 1988/1988/1988 1988/1988/1988 
f 1988/1988/1988 1988/1988/1988 1989/1989/1989 
f 1988/1988/1988 1989/1989/1989 1989/1989/1989 
f 1989/1989/1989 1989/1989/1989 1990/1990/1990 
f 1989/1989/1989 1991/1991/1991 1990/1990/1990 
f 1990/1990/1990 1991/1991/1991 1992/1992/1992 
f 1991/1991/1991 1992/1992/1992 1992/1992/1992 
f 1992/1992/1992 1992/1992/1992 1993/1993/1993 
f 1992/1992/1992 1993/1993/1993 1993/1993/1993 
f 1993/1993/1993 1993/1993/1993 1994/1994/1994 
f 1993/1993/1993 1995/1995/1995 1994/1994/1994 
f 1994/1994/1994 1995/1995/1995 1996/1996/1996 
f 1995/1995/1995 1997/1997/1997 1996/1996/1996 
f 1996/1996/1996 1997/1997/1997 1998/1998/1998 
f 1997/1997/1997 1999/1999/1999 1998/1998/1998 
f 1998/1998/1998 1999/1999/1999 2000/2000/2000 
f 1999/1999/1999 2000/2000/2000 2000/2000/2000 
f 2000/2000/2000 2000/2000/2000 2001/2001/2001 
f 2000/2000/2000 2001/2001/2001 2001/2001/2001 
f 2001/2001/2001 2001/2001/2001 2002/2002/2002 
f 2001/2001/2001 2003/2003/2003 2002/2002/2002 
f 2002/2002/2002 2003/2003/2003 2004/2004/2004 
f 2003/2003/2003 2005/2005/2005 2004/2004/2004 
f 2004/2004/2004 2005/2005/2005 2006/2006/2006 
f 2005/2005/2005 2006/2006/2006 2006/2006/2006 
f 2006/2006/2006 2006/2006/2006 2007/2007/2007 
f 2006/2006/2006 2007/2007/2007 2007/2007/2007 
f 2007/2007/2007 2007/2007/2007 2008/2008/2008 
f 2007/2007/2007 2009/2009/2009 2008/2008/2008 
f 2008/2008/2008 2009/2009/2009 2010/2010/2010 
f 2009/2009/2009 2011/2011/2011 2010/2010/2010 
f 2010/2010/2010 2011/2011/2011 2012/2012/2012 
f 2011/2011/2011 2013/2013/2013 2012/2012/2012 
f 2012/2012/2012 2013/2013/2013 2014/2014/2014 
f 2013/2013/2013 2015/2015/2015 2014/2014/2014 
f 2014/2014/2014 2015/2015/2015 2016/2016/2016 
f 2015/2015/2015 2017/2017/2017 2016/2016/2016 
f 2016/2016/2016 2017/2017/2017 2018/2018/2018 
f 2017/2017/2017 2017/2017/2017 2018/2018/2018 
f 2018/2018/2018 2017/2017/2017 2019/2019/2019 
f 2017/2017/2017 2020/2020/2020 2019/2019/2019 
f 2019/2019/2019 2020/2020/2020 2020/2020/2020 
f 2020/2020/2020 2021/2021/2021 2020/2020/2020 
f 2020/2020/2020 2021/2021/2021 2021/2021/2021 
f 2021/2021/2021 2022/2022/2022 2021/2021/2021 
f 2021/2021/2021 2022/2022/2022 2023/2023/2023 
f 2022/2022/2022 2022/2022/2022 2023/2023/2023 
f 2023/2023/2023 2022/2022/2022 2024/2024/2024 
f 2022/2022/2022 2025/2025/2025 2024/2024/2024 
f 2024/2024/2024 2025/2025/2025 2026/2026/2026 
f 2025/2025/2025 2026/2026/2026 2026/2026/2026 
f 2026/2026/2026 2026/2026/2026 2027/2027/2027 
f 2026/2026/2026 2027/2027/2027 2027/2027/2027 
f 2027/2027/2027 2027/2027/2027 2028/2028/2028 
f 2027/2027/2027 2029/2029/2029 2028/2028/2028 
f 2028/2028/2028 2029/2029/2029 2030/2030/2030 
f 2029/2029/2029 2031/2031/2031 2030/2030/2030 
f 2030/2030/2030 2031/2031/2031 2032/2032/2032 
f 2031/2031/2031 2033/2033/2033 2032/2032/2032 
f 2032/2032/2032 2033/2033/2033 2034/2034/2034 
f 2033/2033/2033 2034/2034/2034 2034/2034/2034 
f 2034/2034/2034 2034/2034/2034 2035/2035/2035 
f 2034/2034/2034 2035/2035/2035 2035/2035/2035 
f 2035/2035/2035 2035/2035/2035 2036/2036/2036 
f 2035/2035/2035 2037/2037/2037 2036/2036/2036 
f 2036/2036/2036 2037/2037/2037 2038/2038/2038 
f 2037/2037/2037 2038/2038/2038 2038/2038/2038 
f 2038/2038/2038 2038/2038/2038 2039/2039/2039 
f 2038/2038/2038 2039/2039/2039 2039/2039/2039 
f 2039/2039/2039 2039/2039/2039 2040/2040/2040 
f 2039/2039/2039 2041/2041/2041 2040/2040/2040 
f 2040/2040/2040 2041/2041/2041 2042/2042/2042 
f 2041/2041/2041 2042/2042/2042 2042/2042/2042 
f 2042/2042/2042 2042/2042/2042 2043/2043/2043 
f 2042/2042/2042 2043/2043/2043 2043/2043/2043 
f 2043/2043/2043 2043/2043/2043 2044/2044/2044 
f 2043/2043/2043 2045/2045/2045 2044/2044/2044 
f 2044/2044/2044 2045/2045/2045 2046/2046/2046 
f 2045/2045/2045 2046/2046/2046 2046/2046/2046 
f 2046/2046/2046 2046/2046/2046 2047/2047/2047 
f 2046/2046/2046 2047/2047/2047 2047/2047/2047 
f 2047/2047/2047 2047/2047/2047 2048/2048/2048 
f 2047/2047/2047 2049/2049/2049 2048/2048/2048 
f 2048/2048/2048 2049/2049/2049 2050/2050/2050 
f 2049/2049/2049 2050/2050/2050 2050/2050/2050 
f 2050/2050/2050 2050/2050/2050 2051/2051/2051 
f 2050/2050/2050 2051/2051/2051 2051/2051/2051 
f 2051/2051/2051 2051/2051/2051 2052/2052/2052 
f 2051/2051/2051 2053/2053/2053 2052/2052/2052 
f 2052/2052/2052 2053/2053/2053 2054/2054/2054 
f 2053/2053/2053 2054/2054/2054 2054/2054/2054 
f 2054/2054/2054 2054/2054/2054 2055/2055/2055 
f 2054/2054/2054 2055/2055/2055 2055/2055/2055 
f 2055/2055/2055 2055/2055/2055 2056/2056/2056 
f 2055/2055/2055 2057/2057/2057 2056/2056/2056 
f 2056/2056/2056 2057/2057/2057 2058/2058/2058 
f 2057/2057/2057 2058/2058/2058 2058/2058/2058 
f 2058/2058/2058 2058/2058/2058 2059/2059/2059 
f 2058/2058/2058 2059/2059/2059 2059/2059/2059 
f 2059/2059/2059 2059/2059/2059 2060/2060/2060 
f 2059/2059/2059 2061/2061/2061 2060/2060/2060 
f 2060/2060/2060 2061/2061/2061 2062/2062/2062 
f 2061/2061/2061 2062/2062/2062 2062/2062/2062 
f 2062/2062/2062 2062/2062/2062 2063/2063/2063 
f 2062/2062/2062 2063/2063/2063 2063/2063/2063 
f 2063/2063/2063 2063/2063/2063 2064/2064/2064 
f 2063/2063/2063 2065/2065/2065 2064/2064/2064 
f 2064/2064/2064 2065/2065/2065 2066/2066/2066 
f 2065/2065/2065 2066/2066/2066 2066/2066/2066 
f 2066/2066/2066 2066/2066/2066 2067/2067/2067 
f 2066/2066/2066 2067/2067/2067 2067/2067/2067 
f 2067/2067/2067 2067/2067/2067 2068/2068/2068 
f 2067/2067/2067 2069/2069/2069 2068/2068/2068 
f 2068/2068/2068 2069/2069/2069 2070/2070/2070 
f 2069/2069/2069 2070/2070/2070 2070/2070/2070 
f 2070/2070/2070 2070/2070/2070 2071/2071/2071 
f 2070/2070/2070 2071/2071/2071 2071/2071/2071 
f 2071/2071/2071 2071/2071/2071 2072/2072/2072 
f 2071/2071/2071 2073/2073/2073 2072/2072/2072 
f 2072/2072/2072 2073/2073/2073 2074/2074/2074 
f 2073/2073/2073 2074/2074/2074 2074/2074/2074 
f 2074/2074/2074 2074/2074/2074 2075/2075/2075 
f 2074/2074/2074 2075/2075/2075 2075/2075/2075 
f 2075/2075/2075 2075/2075/2075 2076/2076/2076 
f 2075/2075/2075 2077/2077/2077 2076/2076/2076 
f 2076/2076/2076 2077/2077/2077 2078/2078/2078 
f 2077/2077/2077 2078/2078/2078 2078/2078/2078 
f 2078/2078/2078 2078/2078/2078 2079/2079/2079 
f 2078/2078/2078 2079/2079/2079 2079/2079/2079 
f 2079/2079/2079 2079/2079/2079 2080/2080/2080 
f 2079/2079/2079 2081/2081/2081 2080/2080/2080 
f 2080/2080/2080 2081/2081/2081 2082/2082/2082 
f 2081/2081/2081 2082/2082/2082 2082/2082/2082 
f 2082/2082/2082 2082/2082/2082 2083/2083/2083 
f 2082/2082/2082 2083/2083/2083 2083/2083/2083 
f 2083/2083/2083 2083/2083/2083 2084/2084/2084 
f 2083/2083/2083 2085/2085/2085 2084/2084/2084 
f 2084/2084/2084 2085/2085/2085 2086/2086/2086 
f 2085/2085/2085 2086/2086/2086 2086/2086/2086 
f 2086/2086/2086 2086/2086/2086 2087/2087/2087 
f 2086/2086/2086 2087/2087/2087 2087/2087/2087 
f 2087/2087/2087 2087/2087/2087 2088/2088/2088 
f 2087/2087/2087 2089/2089/2089 2088/2088/2088 
f 2088/2088/2088 2089/2089/2089 2090/2090/2090 
f 2089/2089/2089 2090/2090/2090 2090/2090/2090 
f 2090/2090/2090 2090/2090/2090 2091/2091/2091 
f 2090/2090/2090 2091/2091/2091 2091/2091/2091 
f 2091/2091/2091 2091/2091/2091 2092/2092/2092 
f 2091/2091/2091 2093/2093/2093 2092/2092/2092 
f 2092/2092/2092 2093/2093/2093 2094/2094/2094 
f 2093/2093/2093 2094/2094/2094 2094/2094/2094 
f 2094/2094/2094 2094/2094/2094 2095/2095/2095 
f 2094/2094/2094 2095/2095/2095 2095/2095/2095 
f 2095/2095/2095 2095/2095/2095 2096/2096/2096 
f 2095/2095/2095 2097/2097/2097 2096/2096/2096 
f 2096/2096/2096 2097/2097/2097 2098/2098/2098 
f 2097/2097/2097 2098/2098/2098 2098/2098/2098 
f 2098/2098/2098 2098/2098/2098 2099/2099/2099 
f 2098/2098/2098 2099/2099/2099 2099/2099/2099 
f 2099/2099/2099 2099/2099/2099 2100/2100/2100 
f 2099/2099/2099 2101/2101/2101 2100/2100/2100 
f 2100/2100/2100 2101/2101/2101 2102/2102/2102 
f 2101/2101/2101 2102/2102/2102 2102/2102/2102 
f 2102/2102/2102 2102/2102/2102 2103/2103/2103 
f 2102/2102/2102 2103/2103/2103 2103/2103/2103 
f 2103/2103/2103 2103/2103/2103 2104/2104/2104 
f 2103/2103/2103 2105/2105/2105 2104/2104/2104 
f 2104/2104/2104 2105/2105/2105 2106/2106/2106 
f 2105/2105/2105 2106/2106/2106 2106/2106/2106 
f 2106/2106/2106 2106/2106/2106 2107/2107/2107 
f 2106/2106/2106 2107/2107/2107 2107/2107/2107 
f 2107/2107/2107 2107/2107/2107 2108/2108/2108 
f 2107/2107/2107 2109/2109/2109 2108/2108/2108 
f 2108/2108/2108 2109/2109/2109 2110/2110/2110 
f 2109/2109/2109 2110/2110/2110 2110/2110/2110 
f 2110/2110/2110 2110/2110/2110 2111/2111/2111 
f 2110/2110/2110 2111/2111/2111 2111/2111/2111 
f 2111/2111/2111 2111/2111/2111 2112/2112/2112 
f 2111/2111/2111 2113/2113/2113 2112/2112/2112 
f 2112/2112/2112 2113/2113/2113 2113/2113/2113 
f 2113/2113/2113 2114/2114/2114 2113/2113/2113 
f 2113/2113/2113 2114/2114/2114 2114/2114/2114 
f 2114/2114/2114 2115/2115/2115 2114/2114/2114 
f 2114/2114/2114 2115/2115/2115 2116/2116/2116 
f 2115/2115/2115 2116/2116/2116 2116/2116/2116 
f 2116/2116/2116 2116/2116/2116 2117/2117/2117 
f 2116/2116/2116 2117/2117/2117 2117/2117/2117 
f 2117/2117/2117 2117/2117/2117 2118/2118/2118 
f 2117/2117/2117 2119/2119/2119 2118/2118/2118 
f 2118/2118/2118 2119/2119/2119 2120/2120/2120 
f 2119/2119/2119 2120/2120/2120 2120/2120/2120 
f 2120/2120/2120 2120/2120/2120 2121/2121/2121 
f 2120/2120/2120 2121/2121/2121 2121/2121/2121 
f 2121/2121/2121 2121/2121/2121 2122/2122/2122 
f 2121/2121/2121 2123/2123/2123 2122/2122/2122 
f 2122/2122/2122 2123/2123/2123 2124/2124/2124 
f 2123/2123/2123 2124/2124/2124 2124/2124/2124 
f 2124/2124/2124 2124/2124/2124 2125/2125/2125 
f 2124/2124/2124 2125/2125/2125 2125/2125/2125 
f 2125/2125/2125 2125/2125/2125 2126/2126/2126 
f 2125/2125/2125 2127/2127/2127 2126/2126/2126 
f 2126/2126/2126 2127/2127/2127 2128/2128/2128 
f 2127/2127/2127 2128/2128/2128 2128/2128/2128 
f 2128/2128/2128 2128/2128/2128 2129/2129/2129 
f 2128/2128/2128 2129/2129/2129 2129/2129/2129 
f 2129/2129/2129 2129/2129/2129 2130/2130/2130 
f 2129/2129/2129 2131/2131/2131 2130/2130/2130 
f 2130/2130/2130 2131/2131/2131 2132/2132/2132 
f 2131/2131/2131 2132/2132/2132 2132/2132/2132 
f 2132/2132/2132 2132/2132/2132 2133/2133/2133 
f 2132/2132/2132 2133/2133/2133 2133/2133/2133 
f 2133/2133/2133 2133/2133/2133 2134/2134/2134 
f 2133/2133/2133 2135/2135/2135 2134/2134/2134 
f 2134/2134/2134 2135/2135/2135 2136/2136/2136 
f 2135/2135/2135 2136/2136/2136 2136/2136/2136 
f 2136/2136/2136 2136/2136/2136 2137/2137/2137 
f 2136/2136/2136 2137/2137/2137 2137/2137/2137 
f 2137/2137/2137 2137/2137/2137 2138/2138/2138 
f 2137/2137/2137 2139/2139/2139 2138/2138/2138 
f 2138/2138/2138 2139/2139/2139 2140/2140/2140 
f 2139/2139/2139 2140/2140/2140 2140/2140/2140 
f 2140/2140/2140 2140/2140/2140 2141/2141/2141 
f 2140/2140/2140 2141/2141/2141 2141/2141/2141 
f 2141/2141/2141 2141/2141/2141 2142/2142/2142 
f 2141/2141/2141 2143/2143/2143 2142/2142/2142 
f 2142/2142/2142 2143/2143/2143 2144/2144/2144 
f 2143/2143/2143 2144/2144/2144 2144/2144/2144 
f 2144/2144/2144 2144/2144/2144 2145/2145/2145 
f 2144/2144/2144 2145/2145/2145 2145/2145/2145 
f 2145/2145/2145 2145/2145/2145 2146/2146/2146 
f 2145/2145/2145 2147/2147/2147 2146/2146/2146 
f 2146/2146/2146 2147/2147/2147 2148/2148/2148 
f 2147/2147/2147 2148/2148/2148 2148/2148/2148 
f 2148/2148/2148 2148/2148/2148 2149/2149/2149 
f 2148/2148/2148 2149/2149/2149 2149/2149/2149 
f 2149/2149/2149 2149/2149/2149 2150/2150/2150 
f 2149/2149/2149 2151/2151/2151 2150/2150/2150 
f 2150/2150/2150 2151/2151/2151 2152/2152/2152 
f 2151/2151/2151 2152/2152/2152 2152/2152/2152 
f 2152/2152/2152 2152/2152/2152 2153/2153/2153 
f 2152/2152/2152 2153/2153/2153 2153/2153/2153 
f 2153/2153/2153 2153/2153/2153 2154/2154/2154 
f 2153/2153/2153 2155/2155/2155 2154/2154/2154 
f 2154/2154/2154 2155/2155/2155 2156/2156/2156 
f 2155/2155/2155 2156/2156/2156 2156/2156/2156 
f 2156/2156/2156 2156/2156/2156 2157/2157/2157 
f 2156/2156/2156 2157/2157/2157 2157/2157/2157 
f 2157/2157/2157 2157/2157/2157 2158/2158/2158 
f 2157/2157/2157 2159/2159/2159 2158/2158/2158 
f 2158/2158/2158 2159/2159/2159 2160/2160/2160 
f 2159/2159/2159 2160/2160/2160 2160/2160/2160 
f 2160/2160/2160 2160/2160/2160 2161/2161/2161 
f 2160/2160/2160 2161/2161/2161 2161/2161/2161 
f 2161/2161/2161 2161/2161/2161 2162/2162/2162 
f 2161/2161/2161 2163/2163/2163 2162/2162/2162 
f 2162/2162/2162 2163/2163/2163 2164/2164/2164 
f 2163/2163/2163 2164/2164/2164 2164/2164/2164 
f 2164/2164/2164 2164/2164/2164 2165/2165/2165 
f 2164/2164/2164 2165/2165/2165 2165/2165/2165 
f 2165/2165/2165 2165/2165/2165 2166/2166/2166 
f 2165/2165/2165 2167/2167/2167 2166/2166/2166 
f 2166/2166/2166 2167/2167/2167 2168/2168/2168 
f 2167/2167/2167 2168/2168/2168 2168/2168/2168 
f 2168/2168/2168 2168/2168/2168 2169/2169/2169 
f 2168/2168/2168 2169/2169/2169 2169/2169/2169 
f 2169/2169/2169 2169/2169/2169 2170/2170/2170 
f 2169/2169/2169 2171/2171/2171 2170/2170/2170 
f 2170/2170/2170 2171/2171/2171 2172/2172/2172 
f 2171/2171/2171 2172/2172/2172 2172/2172/2172 
f 2172/2172/2172 2172/2172/2172 2173/2173/2173 
f 2172/2172/2172 2173/2173/2173 2173/2173/2173 
f 2173/2173/2173 2173/2173/2173 2174/2174/2174 
f 2173/2173/2173 2175/2175/2175 2174/2174/2174 
f 2174/2174/2174 2175/2175/2175 2176/2176/2176 
f 2175/2175/2175 2176/2176/2176 2176/2176/2176 
f 2176/2176/2176 2176/2176/2176 2177/2177/2177 
f 2176/2176/2176 2177/2177/2177 2177/2177/2177 
f 2177/2177/2177 2177/2177/2177 2178/2178/2178 
f 2177/2177/2177 2179/2179/2179 2178/2178/2178 
f 2178/2178/2178 2179/2179/2179 2180/2180/2180 
f 2179/2179/2179 2180/2180/2180 2180/2180/2180 
f 2180/2180/2180 2180/2180/2180 2181/2181/2181 
f 2180/2180/2180 2181/2181/2181 2181/2181/2181 
f 2181/2181/2181 2181/2181/2181 2182/2182/2182 
f 2181/2181/2181 2183/2183/2183 2182/2182/2182 
f 2182/2182/2182 2183/2183/2183 2184/2184/2184 
f 2183/2183/2183 2184/2184/2184 2184/2184/2184 
f 2184/2184/2184 2184/2184/2184 2185/2185/2185 
f 2184/2184/2184 2185/2185/2185 2185/2185/2185 
f 2185/2185/2185 2185/2185/2185 2186/2186/2186 
f 2185/2185/2185 2187/2187/2187 2186/2186/2186 
f 2186/2186/2186 2187/2187/2187 2188/2188/2188 
f 2187/2187/2187 2188/2188/2188 2188/2188/2188 
f 2188/2188/2188 2188/2188/2188 2189/2189/2189 
f 2188/2188/2188 2189/2189/2189 2189/2189/2189 
f 2189/2189/2189 2189/2189/2189 2190/2190/2190 
f 2189/2189/2189 2191/2191/2191 2190/2190/2190 
f 2190/2190/2190 2191/2191/2191 2192/2192/2192 
f 2191/2191/2191 2192/2192/2192 2192/2192/2192 
f 2192/2192/2192 2192/2192/2192 2193/2193/2193 
f 2192/2192/2192 2193/2193/2193 2193/2193/2193 
f 2193/2193/2193 2193/2193/2193 2194/2194/2194 
f 2193/2193/2193 2195/2195/2195 2194/2194/2194 
f 2194/2194/2194 2195/2195/2195 2196/2196/2196 
f 2195/2195/2195 2196/2196/2196 2196/2196/2196 
f 2196/2196/2196 2196/2196/2196 2197/2197/2197 
f 2196/2196/2196 2197/2197/2197 2197/2197/2197 
f 2197/2197/2197 2197/2197/2197 2198/2198/2198 
f 2197/2197/2197 2199/2199/2199 2198/2198/2198 
f 2198/2198/2198 2199/2199/2199 2200/2200/2200 
f 2199/2199/2199 2200/2200/2200 2200/2200/2200 
f 2200/2200/2200 2200/2200/2200 2201/2201/2201 
f 2200/2200/2200 2201/2201/2201 2201/2201/2201 
f 2201/2201/2201 2201/2201/2201 2202/2202/2202 
f 2201/2201/2201 2203/2203/2203 2202/2202/2202 
f 2202/2202/2202 2203/2203/2203 2204/2204/2204 
f 2203/2203/2203 2204/2204/2204 2204/2204/2204 
f 2204/2204/2204 2204/2204/2204 2205/2205/2205 
f 2204/2204/2204 2205/2205/2205 2205/2205/2205 
f 2205/2205/2205 2205/2205/2205 2206/2206/2206 
f 2205/2205/2205 2207/2207/2207 2206/2206/2206 
f 2206/2206/2206 2207/2207/2207 2208/2208/2208 
f 2207/2207/2207 2208/2208/2208 2208/2208/2208 
f 2208/2208/2208 2208/2208/2208 2209/2209/2209 
f 2208/2208/2208 2209/2209/2209 2209/2209/2209 
f 2209/2209/2209 2209/2209/2209 2210/2210/2210 
f 2209/2209/2209 2211/2211/2211 2210/2210/2210 
f 2210/2210/2210 2211/2211/2211 2212/2212/2212 
f 2211/2211/2211 2212/2212/2212 2212/2212/2212 
f 2212/2212/2212 2212/2212/2212 2213/2213/2213 
f 2212/2212/2212 2213/2213/2213 2213/2213/2213 
f 2213/2213/2213 2213/2213/2213 2214/2214/2214 
f 2213/2213/2213 2215/2215/2215 2214/2214/2214 
f 2214/2214/2214 2215/2215/2215 2216/2216/2216 
f 2215/2215/2215 2216/2216/2216 2216/2216/2216 
f 2216/2216/2216 2216/2216/2216 2217/2217/2217 
f 2216/2216/2216 2217/2217/2217 2217/2217/2217 
f 2217/2217/2217 2217/2217/2217 2218/2218/2218 
f 2217/2217/2217 2219/2219/2219 2218/2218/2218 
f 2218/2218/2218 2219/2219/2219 2220/2220/2220 
f 2219/2219/2219 2220/2220/2220 2220/2220/2220 
f 2220/2220/2220 2220/2220/2220 2221/2221/2221 
f 2220/2220/2220 2221/2221/2221 2221/2221/2221 
f 2221/2221/2221 2221/2221/2221 2222/2222/2222 
f 2221/2221/2221 2223/2223/2223 2222/2222/2222 
f 2222/2222/2222 2223/2223/2223 2224/2224/2224 
f 2223/2223/2223 2224/2224/2224 2224/2224/2224 
f 2224/2224/2224 2224/2224/2224 2225/2225/2225 
f 2224/2224/2224 2225/2225/2225 2225/2225/2225 
f 2225/2225/2225 2225/2225/2225 2226/2226/2226 
f 2225/2225/2225 2227/2227/2227 2226/2226/2226 
f 2226/2226/2226 2227/2227/2227 2228/2228/2228 
f 2227/2227/2227 2228/2228/2228 2228/2228/2228 
f 2228/2228/2228 2228/2228/2228 2229/2229/2229 
f 2228/2228/2228 2229/2229/2229 2229/2229/2229 
f 2229/2229/2229 2229/2229/2229 2230/2230/2230 
f 2229/2229/2229 2231/2231/2231 2230/2230/2230 
f 2230/2230/2230 2231/2231/2231 2232/2232/2232 
f 2231/2231/2231 2232/2232/2232 2232/2232/2232 
f 2232/2232/2232 2232/2232/2232 2233/2233/2233 
f 2232/2232/2232 2233/2233/2233 2233/2233/2233 
f 2233/2233/2233 2233/2233/2233 2234/2234/2234 
f 2233/2233/2233 2235/2235/2235 2234/2234/2234 
f 2234/2234/2234 2235/2235/2235 2236/2236/2236 
f 2235/2235/2235 2236/2236/2236 2236/2236/2236 
f 2236/2236/2236 2236/2236/2236 2237/2237/2237 
f 2236/2236/2236 2237/2237/2237 2237/2237/2237 
f 2237/2237/2237 2237/2237/2237 2238/2238/2238 
f 2237/2237/2237 2239/2239/2239 2238/2238/2238 
f 2238/2238/2238 2239/2239/2239 2240/2240/2240 
f 2239/2239/2239 2240/2240/2240 2240/2240/2240 
f 2240/2240/2240 2240/2240/2240 2241/2241/2241 
f 2240/2240/2240 2241/2241/2241 2241/2241/2241 
f 2241/2241/2241 2241/2241/2241 2242/2242/2242 
f 2241/2241/2241 2243/2243/2243 2242/2242/2242 
f 2242/2242/2242 2243/2243/2243 2244/2244/2244 
f 2243/2243/2243 2244/2244/2244 2244/2244/2244 
f 2244/2244/2244 2244/2244/2244 2245/2245/2245 
f 2244/2244/2244 2245/2245/2245 2245/2245/2245 
f 2245/2245/2245 2245/2245/2245 2246/2246/2246 
f 2245/2245/2245 2247/2247/2247 2246/2246/2246 
f 2246/2246/2246 2247/2247/2247 2248/2248/2248 
f 2247/2247/2247 2248/2248/2248 2248/2248/2248 
f 2248/2248/2248 2248/2248/2248 2249/2249/2249 
f 2248/2248/2248 2249/2249/2249 2249/2249/2249 
f 2249/2249/2249 2249/2249/2249 2250/2250/2250 
f 2249/2249/2249 2251/2251/2251 2250/2250/2250 
f 2250/2250/2250 2251/2251/2251 2252/2252/2252 
f 2251/2251/2251 2252/2252/2252 2252/2252/2252 
f 2252/2252/2252 2252/2252/2252 2253/2253/2253 
f 2252/2252/2252 2253/2253/2253 2253/2253/2253 
f 2253/2253/2253 2253/2253/2253 2254/2254/2254 
f 2253/2253/2253 2255/2255/2255 2254/2254/2254 
f 2254/2254/2254 2255/2255/2255 2256/2256/2256 
f 2255/2255/2255 2256/2256/2256 2256/2256/2256 
f 2256/2256/2256 2256/2256/2256 2257/2257/2257 
f 2256/2256/2256 2257/2257/2257 2257/2257/2257 
f 2257/2257/2257 2257/2257/2257 2258/2258/2258 
f 2257/2257/2257 2259/2259/2259 2258/2258/2258 
f 2258/2258/2258 2259/2259/2259 2260/2260/2260 
f 2259/2259/2259 2260/2260/2260 2260/2260/2260 
f 2260/2260/2260 2260/2260/2260 2261/2261/2261 
f 2260/2260/2260 2261/2261/2261 2261/2261/2261 
f 2261/2261/2261 2261/2261/2261 2262/2262/2262 
f 2261/2261/2261 2263/2263/2263 2262/2262/2262 
f 2262/2262/2262 2263/2263/2263 2264/2264/2264 
f 2263/2263/2263 2264/2264/2264 2264/2264/2264 
f 2264/2264/2264 2264/2264/2264 2265/2265/2265 
f 2264/2264/2264 2265/2265/2265 2265/2265/2265 
f 2265/2265/2265 2265/2265/2265 2266/2266/2266 
f 2265/2265/2265 2267/2267/2267 2266/2266/2266 
f 2266/2266/2266 2267/2267/2267 2268/2268/2268 
f 2267/2267/2267 2268/2268/2268 2268/2268/2268 
f 2268/2268/2268 2268/2268/2268 2269/2269/2269 
f 2268/2268/2268 2269/2269/2269 2269/2269/2269 
f 2269/2269/2269 2269/2269/2269 2270/2270/2270 
f 2269/2269/2269 2271/2271/2271 2270/2270/2270 
f 2270/2270/2270 2271/2271/2271 2272/2272/2272 
f 2271/2271/2271 2272/2272/2272 2272/2272/2272 
f 2272/2272/2272 2272/2272/2272 2273/2273/2273 
f 2272/2272/2272 2273/2273/2273 2273/2273/2273 
f 2273/2273/2273 2273/2273/2273 2274/2274/2274 
f 2273/2273/2273 2275/2275/2275 2274/2274/2274 
f 2274/2274/2274 2275/2275/2275 2276/2276/2276 
f 2275/2275/2275 2276/2276/2276 2276/2276/2276 
f 2276/2276/2276 2276/2276/2276 2277/2277/2277 
f 2276/2276/2276 2277/2277/2277 2277/2277/2277 
f 2277/2277/2277 2277/2277/2277 2278/2278/2278 
f 2277/2277/2277 2279/2279/2279 2278/2278/2278 
f 2278/2278/2278 2279/2279/2279 2280/2280/2280 
f 2279/2279/2279 2280/2280/2280 2280/2280/2280 
f 2280/2280/2280 2280/2280/2280 2281/2281/2281 
f 2280/2280/2280 2281/2281/2281 2281/2281/2281 
f 2281/2281/2281 2281/2281/2281 2282/2282/2282 
f 2281/2281/2281 2283/2283/2283 2282/2282/2282 
f 2282/2282/2282 2283/2283/2283 2284/2284/2284 
f 2283/2283/2283 2284/2284/2284 2284/2284/2284 
f 2284/2284/2284 2284/2284/2284 2285/2285/2285 
f 2284/2284/2284 2285/2285/2285 2285/2285/2285 
f 2285/2285/2285 2285/2285/2285 2286/2286/2286 
f 2285/2285/2285 2287/2287/2287 2286/2286/2286 
f 2286/2286/2286 2287/2287/2287 2288/2288/2288 
f 2287/2287/2287 2288/2288/2288 2288/2288/2288 
f 2288/2288/2288 2288/2288/2288 2289/2289/2289 
f 2288/2288/2288 2289/2289/2289 2289/2289/2289 
f 2289/2289/2289 2289/2289/2289 2290/2290/2290 
f 2289/2289/2289 2291/2291/2291 2290/2290/2290 
f 2290/2290/2290 2291/2291/2291 2292/2292/2292 
f 2291/2291/2291 2292/2292/2292 2292/2292/2292 
f 2292/2292/2292 2292/2292/2292 2293/2293/2293 
f 2292/2292/2292 2293/2293/2293 2293/2293/2293 
f 2293/2293/2293 2293/2293/2293 2294/2294/2294 
f 2293/2293/2293 2295/2295/2295 2294/2294/2294 
f 2294/2294/2294 2295/2295/2295 2296/2296/2296 
f 2295/2295/2295 2296/2296/2296 2296/2296/2296 
f 2296/2296/2296 2296/2296/2296 2297/2297/2297 
f 2296/2296/2296 2297/2297/2297 2297/2297/2297 
f 2297/2297/2297 2297/2297/2297 2298/2298/2298 
f 2297/2297/2297 2299/2299/2299 2298/2298/2298 
f 2298/2298/2298 2299/2299/2299 2300/2300/2300 
f 2299/2299/2299 2300/2300/2300 2300/2300/2300 
f 2300/2300/2300 2300/2300/2300 2301/2301/2301 
f 2300/2300/2300 2301/2301/2301 2301/2301/2301 
f 2301/2301/2301 2301/2301/2301 2302/2302/2302 
f 2301/2301/2301 2303/2303/2303 2302/2302/2302 
f 2302/2302/2302 2303/2303/2303 2304/2304/2304 
f 2303/2303/2303 2305/2305/2305 2304/2304/2304 
f 2304/2304/2304 2305/2305/2305 2306/2306/2306 
f 2305/2305/2305 2307/2307/2307 2306/2306/2306 
f 2306/2306/2306 2307/2307/2307 2308/2308/2308 
f 2307/2307/2307 2309/2309/2309 2308/2308/2308 
f 2308/2308/2308 2309/2309/2309 2310/2310/2310 
f 2309/2309/2309 2310/2310/2310 2310/2310/2310 
f 2310/2310/2310 2310/2310/2310 2311/2311/2311 
f 2310/2310/2310 2311/2311/2311 2311/2311/2311 
f 2311/2311/2311 2311/2311/2311 2312/2312/2312 
f 2311/2311/2311 2313/2313/2313 2312/2312/2312 
f 2312/2312/2312 2313/2313/2313 2314/2314/2314 
f 2313/2313/2313 2314/2314/2314 2314/2314/2314 
f 2314/2314/2314 2314/2314/2314 2315/2315/2315 
f 2314/2314/2314 2315/2315/2315 2315/2315/2315 
f 2315/2315/2315 2315/2315/2315 2316/2316/2316 
f 2315/2315/2315 2317/2317/2317 2316/2316/2316 
f 2316/2316/2316 2317/2317/2317 2318/2318/2318 
f 2317/2317/2317 2319/2319/2319 2318/2318/2318 
f 2318/2318/2318 2319/2319/2319 2320/2320/2320 
f 2319/2319/2319 2321/2321/2321 2320/2320/2320 
f 2320/2320/2320 2321/2321/2321 2322/2322/2322 
f 2321/2321/2321 2322/2322/2322 2322/2322/2322 
f 2322/2322/2322 2322/2322/2322 2323/2323/2323 
f 2322/2322/2322 2323/2323/2323 2323/2323/2323 
f 2323/2323/2323 2323/2323/2323 2324/2324/2324 
f 2323/2323/2323 2325/2325/2325 2324/2324/2324 
f 2324/2324/2324 2325/2325/2325 2326/2326/2326 
f 2325/2325/2325 2327/2327/2327 2326/2326/2326 
f 2326/2326/2326 2327/2327/2327 2328/2328/2328 
f 2327/2327/2327 2329/2329/2329 2328/2328/2328 
f 2328/2328/2328 2329/2329/2329 2330/2330/2330 
f 2329/2329/2329 2330/2330/2330 2330/2330/2330 
f 2330/2330/2330 2330/2330/2330 2331/2331/2331 
f 2330/2330/2330 2331/2331/2331 2331/2331/2331 
f 2331/2331/2331 2331/2331/2331 2332/2332/2332 
f 2331/2331/2331 2333/2333/2333 2332/2332/2332 
f 2332/2332/2332 2333/2333/2333 2334/2334/2334 
f 2333/2333/2333 2334/2334/2334 2334/2334/2334 
f 2334/2334/2334 2334/2334/2334 2335/2335/2335 
f 2334/2334/2334 2335/2335/2335 2335/2335/2335 
f 2335/2335/2335 2335/2335/2335 2336/2336/2336 
f 2335/2335/2335 2337/2337/2337 2336/2336/2336 
f 2336/2336/2336 2337/2337/2337 2338/2338/2338 
f 2337/2337/2337 2339/2339/2339 2338/2338/2338 
f 2338/2338/2338 2339/2339/2339 2340/2340/2340 
f 2339/2339/2339 2341/2341/2341 2340/2340/2340 
f 2340/2340/2340 2341/2341/2341 2342/2342/2342 
f 2341/2341/2341 2343/2343/2343 2342/2342/2342 
f 2342/2342/2342 2343/2343/2343 2344/2344/2344 
f 2343/2343/2343 2344/2344/2344 2344/2344/2344 
f 2344/2344/2344 2344/2344/2344 2345/2345/2345 
f 2344/2344/2344 2345/2345/2345 2345/2345/2345 
f 2345/2345/2345 2345/2345/2345 2346/2346/2346 
f 2345/2345/2345 2347/2347/2347 2346/2346/2346 
f 2346/2346/2346 2347/2347/2347 2348/2348/2348 
f 2347/2347/2347 2348/2348/2348 2348/2348/2348 
f 2348/2348/2348 2348/2348/2348 2349/2349/2349 
f 2348/2348/2348 2349/2349/2349 2349/2349/2349 
f 2349/2349/2349 2349/2349/2349 2350/2350/2350 
f 2349/2349/2349 2351/2351/2351 2350/2350/2350 
f 2350/2350/2350 2351/2351/2351 2352/2352/2352 
f 2351/2351/2351 2353/2353/2353 2352/2352/2352 
f 2352/2352/2352 2353/2353/2353 2354/2354/2354 
f 2353/2353/2353 2355/2355/2355 2354/2354/2354 
f 2354/2354/2354 2355/2355/2355 2356/2356/2356 
f 2355/2355/2355 2357/2357/2357 2356/2356/2356 
f 2356/2356/2356 2357/2357/2357 2358/2358/2358 
f 2357/2357/2357 2358/2358/2358 2358/2358/2358 
f 2358/2358/2358 2358/2358/2358 2359/2359/2359 
f 2358/2358/2358 2359/2359/2359 2359/2359/2359 
f 2359/2359/2359 2359/2359/2359 2360/2360/2360 
f 2359/2359/2359 2361/2361/2361 2360/2360/2360 
f 2360/2360/2360 2361/2361/2361 2362/2362/2362 
f 2361/2361/2361 2363/2363/2363 2362/2362/2362 
f 2362/2362/2362 2363/2363/2363 2364/2364/2364 
f 2363/2363/2363 2365/2365/2365 2364/2364/2364 
f 2364/2364/2364 2365/2365/2365 2366/2366/2366 
f 2365/2365/2365 2367/2367/2367 2366/2366/2366 
f 2366/2366/2366 2367/2367/2367 2368/2368/2368 
f 2367/2367/2367 2368/2368/2368 2368/2368/2368 
f 2368/2368/2368 2368/2368/2368 2369/2369/2369 
f 2368/2368/2368 2369/2369/2369 2369/2369/2369 
f 2369/2369/2369 2369/2369/2369 2370/2370/2370 
f 2369/2369/2369 2371/2371/2371 2370/2370/2370 
f 2370/2370/2370 2371/2371/2371 2372/2372/2372 
f 2371/2371/2371 2372/2372/2372 2372/2372/2372 
f 2372/2372/2372 2372/2372/2372 2373/2373/2373 
f 2372/2372/2372 2373/2373/2373 2373/2373/2373 
f 2373/2373/2373 2373/2373/2373 2374/2374/2374 
f 2373/2373/2373 2375/2375/2375 2374/2374/2374 
f 2374/2374/2374 2375/2375/2375 2376/2376/2376 
f 2375/2375/2375 2376/2376/2376 2376/2376/2376 
f 2376/2376/2376 2376/2376/2376 2377/2377/2377 
f 2376/2376/2376 2377/2377/2377 2377/2377/2377 
f 2377/2377/2377 2377/2377/2377 2378/2378/2378 
f 2377/2377/2377 2379/2379/2379 2378/2378/2378 
f 2378/2378/2378 2379/2379/2379 2380/2380/2380 
f 2379/2379/2379 2380/2380/2380 2380/2380/2380 
f 2380/2380/2380 2380/2380/2380 2381/2381/2381 
f 2380/2380/2380 2381/2381/2381 2381/2381/2381 
f 2381/2381/2381 2381/2381/2381 2382/2382/2382 
f 2381/2381/2381 2383/2383/2383 2382/2382/2382 
f 2382/2382/2382 2383/2383/2383 2384/2384/2384 
f 2383/2383/2383 2384/2384/2384 2384/2384/2384 
f 2384/2384/2384 2384/2384/2384 2385/2385/2385 
f 2384/2384/2384 2385/2385/2385 2385/2385/2385 
f 2385/2385/2385 2385/2385/2385 2386/2386/2386 
f 2385/2385/2385 2387/2387/2387 2386/2386/2386 
f 2386/2386/2386 2387/2387/2387 2388/2388/2388 
f 2387/2387/2387 2388/2388/2388 2388/2388/2388 
f 2388/2388/2388 2388/2388/2388 2389/2389/2389 
f 2388/2388/2388 2389/2389/2389 2389/2389/2389 
f 2389/2389/2389 2389/2389/2389 2390/2390/2390 
f 2389/2389/2389 2391/2391/2391 2390/2390/2390 
f 2390/2390/2390 2391/2391/2391 2390/2390/2390 
f 2391/2391/2391 2392/2392/2392 2390/2390/2390 
f 2390/2390/2390 2392/2392/2392 2393/2393/2393 
f 2392/2392/2392 2394/2394/2394 2393/2393/2393 
f 2393/2393/2393 2394/2394/2394 2394/2394/2394 
f 2394/2394/2394 2395/2395/2395 2394/2394/2394 
f 2394/2394/2394 2395/2395/2395 2395/2395/2395 
f 2395/2395/2395 2396/2396/2396 2395/2395/2395 
f 2395/2395/2395 2396/2396/2396 2397/2397/2397 
f 2396/2396/2396 2398/2398/2398 2397/2397/2397 
f 2397/2397/2397 2398/2398/2398 2398/2398/2398 
f 2398/2398/2398 2399/2399/2399 2398/2398/2398 
f 2398/2398/2398 2399/2399/2399 2399/2399/2399 
f 2399/2399/2399 2400/2400/2400 2399/2399/2399 
f 2399/2399/2399 2400/2400/2400 2401/2401/2401 
f 2400/2400/2400 2402/2402/2402 2401/2401/2401 

