mtllib model_0.mtl
o model_0
v -11.491876602172852 -7.385527610778809 1.6993365287780762 
v -11.464508056640625 -7.403316497802734 1.6993365287780762 
v -11.491876602172852 -7.319210529327393 1.6993365287780762 
v -10.634929656982422 -7.319210529327393 1.6993365287780762 
v -10.634929656982422 -7.385527610778809 1.6993365287780762 
v -10.662298202514648 -7.403316497802734 1.6993365287780762 
v -11.491876602172852 -7.319210529327393 1.7942901849746704 
v -11.491876602172852 -7.3261518478393555 1.8099522590637207 
v -11.491876602172852 -7.307589054107666 1.7942901849746704 
v -11.491876602172852 -7.307589054107666 1.694770336151123 
v -11.491876602172852 -7.319210529327393 1.6993365287780762 
v -11.491876602172852 -7.326171398162842 1.6859804391860962 
v -11.491876602172852 -7.385527610778809 1.6862545013427734 
v -11.491876602172852 -7.385527610778809 1.6993365287780762 
v -11.491876602172852 -7.385527610778809 1.6862545013427734 
v -11.464508056640625 -7.403316497802734 1.675272822380066 
v -11.464508056640625 -7.379558563232422 1.6634007692337036 
v -11.491876602172852 -7.8401689529418945 1.6993365287780762 
v -11.491876602172852 -7.9064860343933105 1.6993365287780762 
v -11.464508056640625 -7.822380065917969 1.6993365287780762 
v -10.634929656982422 -7.9064860343933105 1.6993365287780762 
v -10.662298202514648 -7.822380065917969 1.6993365287780762 
v -10.634929656982422 -7.8401689529418945 1.6993365287780762 
v -11.491876602172852 -7.3261518478393555 1.8099522590637207 
v -11.491876602172852 -7.319210529327393 1.7942901849746704 
v -11.491876602172852 -7.899544715881348 1.8099522590637207 
v -11.491876602172852 -7.9064860343933105 1.7942901849746704 
v -11.491876602172852 -7.918107509613037 1.7942901849746704 
v -11.491876602172852 -7.918107509613037 1.694770336151123 
v -11.491876602172852 -7.9064860343933105 1.6993365287780762 
v -11.491876602172852 -7.899544715881348 1.6859804391860962 
v -11.491876602172852 -7.8401689529418945 1.6862545013427734 
v -11.491876602172852 -7.8401689529418945 1.6993365287780762 
v -11.491876602172852 -7.8401689529418945 1.6862545013427734 
v -11.464508056640625 -7.822380065917969 1.675272822380066 
v -11.464508056640625 -7.846138000488281 1.6634007692337036 
v -10.634929656982422 -7.319210529327393 1.7942901849746704 
v -10.634929656982422 -7.3261518478393555 1.8099522590637207 
v -10.634929656982422 -7.307589054107666 1.7942901849746704 
v -10.634929656982422 -7.307589054107666 1.694770336151123 
v -10.634929656982422 -7.319210529327393 1.6993365287780762 
v -10.634929656982422 -7.326171398162842 1.6859804391860962 
v -10.634929656982422 -7.385527610778809 1.6862545013427734 
v -10.634929656982422 -7.385527610778809 1.6993365287780762 
v -10.634929656982422 -7.385527610778809 1.6862545013427734 
v -10.662298202514648 -7.403316497802734 1.675272822380066 
v -10.662298202514648 -7.379558563232422 1.6634007692337036 
v -10.634929656982422 -7.3261518478393555 1.8099522590637207 
v -10.634929656982422 -7.319210529327393 1.7942901849746704 
v -10.634929656982422 -7.899544715881348 1.8099522590637207 
v -10.634929656982422 -7.9064860343933105 1.7942901849746704 
v -10.634929656982422 -7.918107509613037 1.7942901849746704 
v -10.634929656982422 -7.918107509613037 1.694770336151123 
v -10.634929656982422 -7.9064860343933105 1.6993365287780762 
v -10.634929656982422 -7.899544715881348 1.6859804391860962 
v -10.634929656982422 -7.8401689529418945 1.6862545013427734 
v -10.634929656982422 -7.8401689529418945 1.6993365287780762 
v -10.634929656982422 -7.8401689529418945 1.6862545013427734 
v -10.662298202514648 -7.822380065917969 1.675272822380066 
v -10.662298202514648 -7.846138000488281 1.6634007692337036 
v -10.569695472717285 -7.385527610778809 1.6993365287780762 
v -10.542326927185059 -7.403316497802734 1.6993365287780762 
v -10.569695472717285 -7.319210529327393 1.6993365287780762 
v -9.712655067443848 -7.319210529327393 1.6993365287780762 
v -9.712655067443848 -7.385527610778809 1.6993365287780762 
v -9.740117073059082 -7.403316497802734 1.6993365287780762 
v -10.569695472717285 -7.319210529327393 1.7942901849746704 
v -10.569695472717285 -7.326171398162842 1.8099522590637207 
v -10.569695472717285 -7.307589054107666 1.7942901849746704 
v -10.569695472717285 -7.307589054107666 1.694770336151123 
v -10.569695472717285 -7.319210529327393 1.6993365287780762 
v -10.569695472717285 -7.326171398162842 1.6859804391860962 
v -10.569695472717285 -7.385527610778809 1.6862545013427734 
v -10.569695472717285 -7.385527610778809 1.6993365287780762 
v -10.569695472717285 -7.385527610778809 1.6862545013427734 
v -10.542326927185059 -7.403316497802734 1.675272822380066 
v -10.542326927185059 -7.379558563232422 1.6634007692337036 
v -10.569695472717285 -7.8401689529418945 1.6993365287780762 
v -10.569695472717285 -7.9064860343933105 1.6993365287780762 
v -10.542326927185059 -7.822380065917969 1.6993365287780762 
v -9.712655067443848 -7.9064860343933105 1.6993365287780762 
v -9.740117073059082 -7.822380065917969 1.6993365287780762 
v -9.712655067443848 -7.8401689529418945 1.6993365287780762 
v -10.569695472717285 -7.326171398162842 1.8099522590637207 
v -10.569695472717285 -7.319210529327393 1.7942901849746704 
v -10.569695472717285 -7.899544715881348 1.8099522590637207 
v -10.569695472717285 -7.9064860343933105 1.7942901849746704 
v -10.569695472717285 -7.918107509613037 1.7942901849746704 
v -10.569695472717285 -7.918107509613037 1.694770336151123 
v -10.569695472717285 -7.9064860343933105 1.6993365287780762 
v -10.569695472717285 -7.899544715881348 1.6859804391860962 
v -10.569695472717285 -7.8401689529418945 1.6862545013427734 
v -10.569695472717285 -7.8401689529418945 1.6993365287780762 
v -10.569695472717285 -7.8401689529418945 1.6862545013427734 
v -10.542326927185059 -7.822380065917969 1.675272822380066 
v -10.542326927185059 -7.846138000488281 1.6634007692337036 
v -9.712655067443848 -7.319210529327393 1.7942901849746704 
v -9.712655067443848 -7.326171398162842 1.8099522590637207 
v -9.712655067443848 -7.307589054107666 1.7942901849746704 
v -9.712655067443848 -7.307589054107666 1.694770336151123 
v -9.712655067443848 -7.319210529327393 1.6993365287780762 
v -9.712655067443848 -7.326171398162842 1.6859804391860962 
v -9.712655067443848 -7.385527610778809 1.6862545013427734 
v -9.712655067443848 -7.385527610778809 1.6993365287780762 
v -9.712655067443848 -7.385527610778809 1.6862545013427734 
v -9.740117073059082 -7.403316497802734 1.675272822380066 
v -9.740117073059082 -7.379558563232422 1.6634007692337036 
v -9.712655067443848 -7.326171398162842 1.8099522590637207 
v -9.712655067443848 -7.319210529327393 1.7942901849746704 
v -9.712655067443848 -7.899544715881348 1.8099522590637207 
v -9.712655067443848 -7.9064860343933105 1.7942901849746704 
v -9.712655067443848 -7.918107509613037 1.7942901849746704 
v -9.712655067443848 -7.918107509613037 1.694770336151123 
v -9.712655067443848 -7.9064860343933105 1.6993365287780762 
v -9.712655067443848 -7.899544715881348 1.6859804391860962 
v -9.712655067443848 -7.8401689529418945 1.6862545013427734 
v -9.712655067443848 -7.8401689529418945 1.6993365287780762 
v -9.712655067443848 -7.8401689529418945 1.6862545013427734 
v -9.740117073059082 -7.822380065917969 1.675272822380066 
v -9.740117073059082 -7.846138000488281 1.6634007692337036 
v -9.630269050598145 -7.898474216461182 2.258373737335205 
v -9.630269050598145 -7.911285400390625 2.203145742416382 
v -9.630269050598145 -7.900992393493652 2.203145742416382 
v -9.630269050598145 -7.900992393493652 2.148465871810913 
v -9.630269050598145 -7.911285400390625 2.148465871810913 
v -9.630269050598145 -7.900992393493652 2.110292673110962 
v -9.630269050598145 -7.911285400390625 2.110292673110962 
v -9.291444778442383 -7.898474216461182 2.258373737335205 
v -9.291444778442383 -7.900992393493652 2.203145742416382 
v -9.291444778442383 -7.911285400390625 2.203145742416382 
v -9.291444778442383 -7.911285400390625 2.148465871810913 
v -9.291444778442383 -7.900992393493652 2.148465871810913 
v -9.291444778442383 -7.906128883361816 1.9203624725341797 
v -9.291444778442383 -7.9068427085876465 1.957234263420105 
v -9.291444778442383 -7.896550178527832 1.957234263420105 
v -9.630269050598145 -7.9068427085876465 1.957234263420105 
v -9.630269050598145 -7.896550178527832 1.957234263420105 
v -9.630362510681152 -7.906128883361816 1.9203624725341797 
v -9.237926483154297 -7.869559288024902 2.29766583442688 
v -9.291444778442383 -7.869559288024902 2.29766583442688 
v -9.237926483154297 -7.898474216461182 2.258373737335205 
v -9.291444778442383 -7.898474216461182 2.258373737335205 
v -9.686973571777344 -7.869559288024902 2.29766583442688 
v -9.630269050598145 -7.898474216461182 2.258373737335205 
v -9.723620414733887 -7.898474216461182 2.258373737335205 
v -10.07509708404541 -7.869559288024902 2.29766583442688 
v -10.03957462310791 -7.898474216461182 2.258373737335205 
v -10.234152793884277 -7.898474216461182 2.258373737335205 
v -10.660798072814941 -7.869559288024902 2.29766583442688 
v -10.54279613494873 -7.898474216461182 2.258373737335205 
v -10.695664405822754 -7.898474216461182 2.258373737335205 
v -11.0042142868042 -7.898474216461182 2.258373737335205 
v -11.16326904296875 -7.869559288024902 2.29766583442688 
v -11.19879150390625 -7.898474216461182 2.258373737335205 
v -11.514745712280273 -7.898474216461182 2.258373737335205 
v -11.551393508911133 -7.869559288024902 2.29766583442688 
v -11.608098030090332 -7.898474216461182 2.258373737335205 
v -11.608098030090332 -7.869559288024902 2.29766583442688 
v -11.946921348571777 -7.898474216461182 2.258373737335205 
v -11.946921348571777 -7.869559288024902 2.29766583442688 
v -12.000439643859863 -7.898474216461182 2.258373737335205 
v -12.000439643859863 -7.869559288024902 2.29766583442688 
v -10.54279613494873 -7.911285400390625 2.072438955307007 
v -10.365276336669922 -7.911285400390625 2.033421039581299 
v -10.234152793884277 -7.911285400390625 2.072438955307007 
v -9.854463577270508 -7.911285400390625 2.033421039581299 
v -10.85134506225586 -7.911285400390625 2.033421039581299 
v -10.695664405822754 -7.911285400390625 2.072438955307007 
v -11.0042142868042 -7.911285400390625 2.072438955307007 
v -11.364032745361328 -7.911285400390625 2.033421039581299 
v -11.19879150390625 -7.911285400390625 2.072438955307007 
v -11.040861129760742 -7.911285400390625 2.110292673110962 
v -11.16326904296875 -7.911285400390625 2.110292673110962 
v -11.040861129760742 -7.911285400390625 2.148465871810913 
v -11.16326904296875 -7.911285400390625 2.148465871810913 
v -11.040861129760742 -7.911285400390625 2.203145742416382 
v -11.16326904296875 -7.911285400390625 2.203145742416382 
v -10.577568054199219 -7.911285400390625 2.110292673110962 
v -10.660798072814941 -7.911285400390625 2.110292673110962 
v -10.577568054199219 -7.911285400390625 2.148465871810913 
v -10.660798072814941 -7.911285400390625 2.148465871810913 
v -10.577568054199219 -7.911285400390625 2.203145742416382 
v -10.660798072814941 -7.911285400390625 2.203145742416382 
v -11.514745712280273 -7.911285400390625 2.072438955307007 
v -11.608098030090332 -7.911285400390625 2.033421039581299 
v -11.608098030090332 -7.911285400390625 2.072438955307007 
v -11.551393508911133 -7.911285400390625 2.110292673110962 
v -11.608098030090332 -7.911285400390625 2.110292673110962 
v -11.551393508911133 -7.911285400390625 2.148465871810913 
v -11.608098030090332 -7.911285400390625 2.148465871810913 
v -11.551393508911133 -7.911285400390625 2.203145742416382 
v -11.608098030090332 -7.911285400390625 2.203145742416382 
v -9.630269050598145 -7.911285400390625 2.033421039581299 
v -9.723620414733887 -7.911285400390625 2.072438955307007 
v -10.03957462310791 -7.911285400390625 2.072438955307007 
v -9.630269050598145 -7.911285400390625 2.072438955307007 
v -9.686973571777344 -7.911285400390625 2.110292673110962 
v -9.630269050598145 -7.911285400390625 2.110292673110962 
v -9.686973571777344 -7.911285400390625 2.148465871810913 
v -9.630269050598145 -7.911285400390625 2.148465871810913 
v -9.686973571777344 -7.911285400390625 2.203145742416382 
v -9.630269050598145 -7.911285400390625 2.203145742416382 
v -10.197504997253418 -7.911285400390625 2.110292673110962 
v -10.07509708404541 -7.911285400390625 2.110292673110962 
v -10.197504997253418 -7.911285400390625 2.148465871810913 
v -10.07509708404541 -7.911285400390625 2.148465871810913 
v -10.197504997253418 -7.911285400390625 2.203145742416382 
v -10.07509708404541 -7.911285400390625 2.203145742416382 
v -9.21927547454834 -7.8882012367248535 1.9575996398925781 
v -9.21927547454834 -7.887546539306641 1.9242664575576782 
v -9.21927547454834 -7.868230819702148 1.8779654502868652 
v -9.21927547454834 -7.868230819702148 1.8779654502868652 
v -9.21927547454834 -7.370654106140137 1.855385661125183 
v -9.21927547454834 -7.849767208099365 1.855385661125183 
v -9.21927547454834 -7.370654106140137 1.855385661125183 
v -9.21927547454834 -7.598361015319824 2.3785784244537354 
v -9.21927547454834 -7.622060298919678 2.3785784244537354 
v -9.21927547454834 -7.566927909851074 2.3785784244537354 
v -9.21927547454834 -7.332220077514648 1.9575996398925781 
v -9.21927547454834 -7.622060298919678 2.3785784244537354 
v -9.21927547454834 -7.653493404388428 2.3785784244537354 
v -9.21927547454834 -7.736290454864502 2.3634872436523438 
v -9.21927547454834 -7.8081207275390625 2.334834337234497 
v -9.21927547454834 -7.736290454864502 2.3634872436523438 
v -9.21927547454834 -7.846375942230225 2.3074374198913574 
v -9.21927547454834 -7.847407341003418 2.296318769454956 
v -9.21927547454834 -7.848438739776611 2.298145055770874 
v -9.21927547454834 -7.881180763244629 2.2504286766052246 
v -9.21927547454834 -7.892623424530029 2.2009997367858887 
v -9.21927547454834 -7.892623424530029 2.148465871810913 
v -9.21927547454834 -7.892623424530029 2.072438955307007 
v -9.21927547454834 -7.892623424530029 2.110292673110962 
v -9.21927547454834 -7.847407341003418 2.296318769454956 
v -9.21927547454834 -7.892623424530029 2.2009997367858887 
v -9.21927547454834 -7.892623424530029 2.148465871810913 
v -9.21927547454834 -7.622060298919678 2.3785784244537354 
v -9.21927547454834 -7.370654106140137 1.855385661125183 
v -9.21927547454834 -7.736290454864502 2.3634872436523438 
v -9.21927547454834 -7.847407341003418 2.296318769454956 
v -9.21927547454834 -7.892623424530029 2.072438955307007 
v -9.21927547454834 -7.8882012367248535 1.9575996398925781 
v -9.21927547454834 -7.370654106140137 1.855385661125183 
v -9.21927547454834 -7.868230819702148 1.8779654502868652 
v -9.21927547454834 -7.892623424530029 2.072438955307007 
v -9.21927547454834 -7.892623424530029 2.0340373516082764 
v -9.21927547454834 -7.890164375305176 1.996457815170288 
v -9.21927547454834 -7.890164375305176 1.996457815170288 
v -9.21927547454834 -7.370654106140137 1.855385661125183 
v -9.21927547454834 -7.8882012367248535 1.9575996398925781 
v -9.21927547454834 -7.847407341003418 2.296318769454956 
v -9.21927547454834 -7.892623424530029 2.148465871810913 
v -9.21927547454834 -7.892623424530029 2.072438955307007 
v -9.21927547454834 -7.892623424530029 2.072438955307007 
v -9.21927547454834 -7.370654106140137 1.855385661125183 
v -9.21927547454834 -7.890164375305176 1.996457815170288 
v -10.695664405822754 -7.898474216461182 2.258373737335205 
v -10.54279613494873 -7.898474216461182 2.258373737335205 
v -10.660798072814941 -7.869559288024902 2.29766583442688 
v -11.608098030090332 -7.898474216461182 2.258373737335205 
v -11.608098030090332 -7.911285400390625 2.203145742416382 
v -11.608098030090332 -7.900992393493652 2.203145742416382 
v -11.608098030090332 -7.900992393493652 2.148465871810913 
v -11.608098030090332 -7.911285400390625 2.148465871810913 
v -11.608098030090332 -7.900992393493652 2.110292673110962 
v -11.608098030090332 -7.911285400390625 2.110292673110962 
v -11.946921348571777 -7.898474216461182 2.258373737335205 
v -11.946921348571777 -7.900992393493652 2.203145742416382 
v -11.946921348571777 -7.911285400390625 2.203145742416382 
v -11.946921348571777 -7.911285400390625 2.148465871810913 
v -11.946921348571777 -7.900992393493652 2.148465871810913 
v -11.946921348571777 -7.906128883361816 1.9203624725341797 
v -11.946921348571777 -7.9068427085876465 1.957234263420105 
v -11.946921348571777 -7.896550178527832 1.957234263420105 
v -11.608098030090332 -7.9068427085876465 1.957234263420105 
v -11.608098030090332 -7.896550178527832 1.957234263420105 
v -11.608004570007324 -7.906128883361816 1.9203624725341797 
v -12.000439643859863 -7.884393692016602 1.8682851791381836 
v -11.946921348571777 -7.884393692016602 1.8682851791381836 
v -12.000439643859863 -7.8586320877075195 1.836755633354187 
v -11.946921348571777 -7.8586320877075195 1.836755633354187 
v -11.608004570007324 -7.884393692016602 1.8682851791381836 
v -11.36393928527832 -7.8586320877075195 1.836755633354187 
v -11.36393928527832 -7.884393692016602 1.8682851791381836 
v -10.85134506225586 -7.8586320877075195 1.836755633354187 
v -10.85134506225586 -7.884393692016602 1.8682851791381836 
v -10.365276336669922 -7.8586320877075195 1.836755633354187 
v -10.365276336669922 -7.884393692016602 1.8682851791381836 
v -9.854557991027832 -7.884393692016602 1.8682851791381836 
v -9.854557991027832 -7.8586320877075195 1.836755633354187 
v -9.630362510681152 -7.884393692016602 1.8682851791381836 
v -9.630362510681152 -7.8586320877075195 1.836755633354187 
v -9.291444778442383 -7.884393692016602 1.8682851791381836 
v -9.291444778442383 -7.8586320877075195 1.836755633354187 
v -9.237926483154297 -7.8586320877075195 1.836755633354187 
v -9.237926483154297 -7.884393692016602 1.8682851791381836 
v -12.019091606140137 -7.890164375305176 1.996457815170288 
v -12.019091606140137 -7.892623424530029 2.072438955307007 
v -12.019091606140137 -7.892623424530029 2.0340373516082764 
v -12.019091606140137 -7.892623424530029 2.072438955307007 
v -12.019091606140137 -7.892623424530029 2.110292673110962 
v -12.019091606140137 -7.892623424530029 2.148465871810913 
v -12.019091606140137 -7.892623424530029 2.148465871810913 
v -12.019091606140137 -7.881180763244629 2.2504286766052246 
v -12.019091606140137 -7.892623424530029 2.2009997367858887 
v -12.019091606140137 -7.848438739776611 2.298145055770874 
v -12.019091606140137 -7.846375942230225 2.3074374198913574 
v -12.019091606140137 -7.847407341003418 2.296318769454956 
v -12.019091606140137 -7.8081207275390625 2.334834337234497 
v -12.019091606140137 -7.7363104820251465 2.3634872436523438 
v -12.019091606140137 -7.892623424530029 2.148465871810913 
v -12.019091606140137 -7.881180763244629 2.2504286766052246 
v -12.019091606140137 -7.890164375305176 1.996457815170288 
v -12.019091606140137 -7.892623424530029 2.072438955307007 
v -12.019091606140137 -7.892623424530029 2.148465871810913 
v -12.019091606140137 -7.868230819702148 1.8779654502868652 
v -12.019091606140137 -7.8882012367248535 1.9575996398925781 
v -12.019091606140137 -7.887546539306641 1.9242664575576782 
v -12.019091606140137 -7.8882012367248535 1.9575996398925781 
v -12.019091606140137 -7.890164375305176 1.996457815170288 
v -12.019091606140137 -7.892623424530029 2.148465871810913 
v -12.019091606140137 -7.8882012367248535 1.9575996398925781 
v -12.019091606140137 -7.847407341003418 2.296318769454956 
v -12.019091606140137 -7.892623424530029 2.148465871810913 
v -12.019091606140137 -7.84978723526001 1.855385661125183 
v -12.019091606140137 -7.868230819702148 1.8779654502868652 
v -12.019091606140137 -7.8882012367248535 1.9575996398925781 
v -12.019091606140137 -7.370654106140137 1.855385661125183 
v -12.019091606140137 -7.598361015319824 2.3785784244537354 
v -12.019091606140137 -7.84978723526001 1.855385661125183 
v -12.019091606140137 -7.622060298919678 2.3785784244537354 
v -12.019091606140137 -7.7363104820251465 2.3634872436523438 
v -12.019091606140137 -7.622060298919678 2.3785784244537354 
v -12.019091606140137 -7.653493404388428 2.3785784244537354 
v -12.019091606140137 -7.84978723526001 1.855385661125183 
v -12.019091606140137 -7.8882012367248535 1.9575996398925781 
v -12.019091606140137 -7.847407341003418 2.296318769454956 
v -12.019091606140137 -7.7363104820251465 2.3634872436523438 
v -12.019091606140137 -7.84978723526001 1.855385661125183 
v -12.019091606140137 -7.622060298919678 2.3785784244537354 
v -12.019091606140137 -7.847407341003418 2.296318769454956 
v -12.019091606140137 -7.7363104820251465 2.3634872436523438 
v -12.019091606140137 -7.84978723526001 1.855385661125183 
v -9.630269050598145 -7.32194709777832 2.258373737335205 
v -9.630269050598145 -7.3091559410095215 2.203145742416382 
v -9.630269050598145 -7.319448471069336 2.203145742416382 
v -9.630269050598145 -7.319448471069336 2.148465871810913 
v -9.630269050598145 -7.3091559410095215 2.148465871810913 
v -9.630269050598145 -7.319448471069336 2.110292673110962 
v -9.630269050598145 -7.3091559410095215 2.110292673110962 
v -9.291444778442383 -7.32194709777832 2.258373737335205 
v -9.291444778442383 -7.319448471069336 2.203145742416382 
v -9.291444778442383 -7.3091559410095215 2.203145742416382 
v -9.291444778442383 -7.3091559410095215 2.148465871810913 
v -9.291444778442383 -7.319448471069336 2.148465871810913 
v -9.291444778442383 -7.314311981201172 1.9203624725341797 
v -9.291444778442383 -7.313578128814697 1.957234263420105 
v -9.291444778442383 -7.32387113571167 1.957234263420105 
v -9.630269050598145 -7.313578128814697 1.957234263420105 
v -9.630269050598145 -7.32387113571167 1.957234263420105 
v -9.630362510681152 -7.314311981201172 1.9203624725341797 
v -9.237926483154297 -7.3508620262146 2.29766583442688 
v -9.291444778442383 -7.3508620262146 2.29766583442688 
v -9.237926483154297 -7.32194709777832 2.258373737335205 
v -9.291444778442383 -7.32194709777832 2.258373737335205 
v -9.686973571777344 -7.3508620262146 2.29766583442688 
v -9.630269050598145 -7.32194709777832 2.258373737335205 
v -9.723620414733887 -7.32194709777832 2.258373737335205 
v -10.07509708404541 -7.3508620262146 2.29766583442688 
v -10.03957462310791 -7.32194709777832 2.258373737335205 
v -10.234152793884277 -7.32194709777832 2.258373737335205 
v -10.660798072814941 -7.3508620262146 2.29766583442688 
v -10.54279613494873 -7.32194709777832 2.258373737335205 
v -10.695664405822754 -7.32194709777832 2.258373737335205 
v -11.0042142868042 -7.32194709777832 2.258373737335205 
v -11.16326904296875 -7.3508620262146 2.29766583442688 
v -11.19879150390625 -7.32194709777832 2.258373737335205 
v -11.514745712280273 -7.32194709777832 2.258373737335205 
v -11.551393508911133 -7.3508620262146 2.29766583442688 
v -11.608098030090332 -7.32194709777832 2.258373737335205 
v -11.608098030090332 -7.3508620262146 2.29766583442688 
v -11.946921348571777 -7.32194709777832 2.258373737335205 
v -11.946921348571777 -7.3508620262146 2.29766583442688 
v -12.000439643859863 -7.32194709777832 2.258373737335205 
v -12.000439643859863 -7.3508620262146 2.29766583442688 
v -10.234152793884277 -7.3091559410095215 2.072438955307007 
v -10.54279613494873 -7.3091559410095215 2.072438955307007 
v -10.365276336669922 -7.3091559410095215 2.033421039581299 
v -10.85134506225586 -7.3091559410095215 2.033421039581299 
v -9.854463577270508 -7.3091559410095215 2.033421039581299 
v -10.03957462310791 -7.3091559410095215 2.072438955307007 
v -10.197504997253418 -7.3091559410095215 2.110292673110962 
v -10.07509708404541 -7.3091559410095215 2.110292673110962 
v -10.197504997253418 -7.3091559410095215 2.148465871810913 
v -10.07509708404541 -7.3091559410095215 2.148465871810913 
v -10.197504997253418 -7.3091559410095215 2.203145742416382 
v -10.07509708404541 -7.3091559410095215 2.203145742416382 
v -9.723620414733887 -7.3091559410095215 2.072438955307007 
v -9.630269050598145 -7.3091559410095215 2.033421039581299 
v -9.630269050598145 -7.3091559410095215 2.072438955307007 
v -9.686973571777344 -7.3091559410095215 2.110292673110962 
v -9.630269050598145 -7.3091559410095215 2.110292673110962 
v -9.686973571777344 -7.3091559410095215 2.148465871810913 
v -9.630269050598145 -7.3091559410095215 2.148465871810913 
v -9.686973571777344 -7.3091559410095215 2.203145742416382 
v -9.630269050598145 -7.3091559410095215 2.203145742416382 
v -9.21927547454834 -7.330256938934326 1.996457815170288 
v -9.21927547454834 -7.327797889709473 2.072438955307007 
v -9.21927547454834 -7.327797889709473 2.0340373516082764 
v -9.21927547454834 -7.327797889709473 2.072438955307007 
v -9.21927547454834 -7.327797889709473 2.110292673110962 
v -9.21927547454834 -7.327797889709473 2.148465871810913 
v -9.21927547454834 -7.327797889709473 2.2009997367858887 
v -9.21927547454834 -7.327797889709473 2.148465871810913 
v -9.21927547454834 -7.339240550994873 2.2504286766052246 
v -9.21927547454834 -7.37303352355957 2.296318769454956 
v -9.21927547454834 -7.371982574462891 2.298145055770874 
v -9.21927547454834 -7.374045372009277 2.3074374198913574 
v -9.21927547454834 -7.4123005867004395 2.334834337234497 
v -9.21927547454834 -7.566927909851074 2.3785784244537354 
v -9.21927547454834 -7.484130859375 2.3634872436523438 
v -9.21927547454834 -7.330256938934326 1.996457815170288 
v -9.21927547454834 -7.327797889709473 2.072438955307007 
v -9.21927547454834 -7.327797889709473 2.148465871810913 
v -9.21927547454834 -7.3521904945373535 1.8779654502868652 
v -9.21927547454834 -7.332220077514648 1.9575996398925781 
v -9.21927547454834 -7.332874774932861 1.9242664575576782 
v -9.21927547454834 -7.332220077514648 1.9575996398925781 
v -9.21927547454834 -7.330256938934326 1.996457815170288 
v -9.21927547454834 -7.327797889709473 2.148465871810913 
v -9.21927547454834 -7.332220077514648 1.9575996398925781 
v -9.21927547454834 -7.37303352355957 2.296318769454956 
v -9.21927547454834 -7.327797889709473 2.148465871810913 
v -9.21927547454834 -7.370654106140137 1.855385661125183 
v -9.21927547454834 -7.3521904945373535 1.8779654502868652 
v -9.21927547454834 -7.332220077514648 1.9575996398925781 
v -9.21927547454834 -7.566927909851074 2.3785784244537354 
v -9.21927547454834 -7.370654106140137 1.855385661125183 
v -9.21927547454834 -7.598361015319824 2.3785784244537354 
v -9.21927547454834 -7.332220077514648 1.9575996398925781 
v -9.21927547454834 -7.4123005867004395 2.334834337234497 
v -9.21927547454834 -7.332220077514648 1.9575996398925781 
v -9.21927547454834 -7.4123005867004395 2.334834337234497 
v -9.21927547454834 -7.37303352355957 2.296318769454956 
v -11.608098030090332 -7.32194709777832 2.258373737335205 
v -11.608098030090332 -7.3091559410095215 2.203145742416382 
v -11.608098030090332 -7.319448471069336 2.203145742416382 
v -11.608098030090332 -7.319448471069336 2.148465871810913 
v -11.608098030090332 -7.3091559410095215 2.148465871810913 
v -11.608098030090332 -7.319448471069336 2.110292673110962 
v -11.608098030090332 -7.3091559410095215 2.110292673110962 
v -11.946921348571777 -7.32194709777832 2.258373737335205 
v -11.946921348571777 -7.319448471069336 2.203145742416382 
v -11.946921348571777 -7.3091559410095215 2.203145742416382 
v -11.946921348571777 -7.3091559410095215 2.148465871810913 
v -11.946921348571777 -7.319448471069336 2.148465871810913 
v -11.946921348571777 -7.314311981201172 1.9203624725341797 
v -11.946921348571777 -7.313578128814697 1.957234263420105 
v -11.946921348571777 -7.32387113571167 1.957234263420105 
v -11.608098030090332 -7.313578128814697 1.957234263420105 
v -11.608098030090332 -7.32387113571167 1.957234263420105 
v -11.608004570007324 -7.314311981201172 1.9203624725341797 
v -12.000439643859863 -7.3360276222229 1.8682851791381836 
v -11.946921348571777 -7.3360276222229 1.8682851791381836 
v -12.000439643859863 -7.361808776855469 1.836755633354187 
v -11.946921348571777 -7.361808776855469 1.836755633354187 
v -11.608004570007324 -7.3360276222229 1.8682851791381836 
v -11.36393928527832 -7.361808776855469 1.836755633354187 
v -11.36393928527832 -7.3360276222229 1.8682851791381836 
v -10.85134506225586 -7.361808776855469 1.836755633354187 
v -10.85134506225586 -7.3360276222229 1.8682851791381836 
v -10.365276336669922 -7.361808776855469 1.836755633354187 
v -10.365276336669922 -7.3360276222229 1.8682851791381836 
v -9.854557991027832 -7.3360276222229 1.8682851791381836 
v -9.854557991027832 -7.361808776855469 1.836755633354187 
v -9.630362510681152 -7.3360276222229 1.8682851791381836 
v -9.630362510681152 -7.361808776855469 1.836755633354187 
v -9.291444778442383 -7.3360276222229 1.8682851791381836 
v -9.291444778442383 -7.361808776855469 1.836755633354187 
v -9.237926483154297 -7.361808776855469 1.836755633354187 
v -9.237926483154297 -7.3360276222229 1.8682851791381836 
v -10.660798072814941 -7.3091559410095215 2.203145742416382 
v -10.577568054199219 -7.3091559410095215 2.203145742416382 
v -10.660798072814941 -7.3091559410095215 2.148465871810913 
v -10.577568054199219 -7.3091559410095215 2.148465871810913 
v -10.660798072814941 -7.3091559410095215 2.110292673110962 
v -10.577568054199219 -7.3091559410095215 2.110292673110962 
v -10.695664405822754 -7.3091559410095215 2.072438955307007 
v -11.0042142868042 -7.3091559410095215 2.072438955307007 
v -11.364032745361328 -7.3091559410095215 2.033421039581299 
v -11.19879150390625 -7.3091559410095215 2.072438955307007 
v -11.514745712280273 -7.3091559410095215 2.072438955307007 
v -11.608098030090332 -7.3091559410095215 2.033421039581299 
v -11.608098030090332 -7.3091559410095215 2.072438955307007 
v -11.551393508911133 -7.3091559410095215 2.110292673110962 
v -11.608098030090332 -7.3091559410095215 2.110292673110962 
v -11.551393508911133 -7.3091559410095215 2.148465871810913 
v -11.608098030090332 -7.3091559410095215 2.148465871810913 
v -11.551393508911133 -7.3091559410095215 2.203145742416382 
v -11.608098030090332 -7.3091559410095215 2.203145742416382 
v -11.040861129760742 -7.3091559410095215 2.110292673110962 
v -11.16326904296875 -7.3091559410095215 2.110292673110962 
v -11.040861129760742 -7.3091559410095215 2.148465871810913 
v -11.16326904296875 -7.3091559410095215 2.148465871810913 
v -11.040861129760742 -7.3091559410095215 2.203145742416382 
v -11.16326904296875 -7.3091559410095215 2.203145742416382 
v -12.019091606140137 -7.332220077514648 1.9575996398925781 
v -12.019091606140137 -7.332874774932861 1.9242664575576782 
v -12.019091606140137 -7.3521904945373535 1.8779654502868652 
v -12.019091606140137 -7.3521904945373535 1.8779654502868652 
v -12.019091606140137 -7.598361015319824 2.3785784244537354 
v -12.019091606140137 -7.370654106140137 1.855385661125183 
v -12.019091606140137 -7.484130859375 2.3634872436523438 
v -12.019091606140137 -7.37303352355957 2.296318769454956 
v -12.019091606140137 -7.598361015319824 2.3785784244537354 
v -12.019091606140137 -7.484130859375 2.3634872436523438 
v -12.019091606140137 -7.566927909851074 2.3785784244537354 
v -12.019091606140137 -7.4123005867004395 2.334834337234497 
v -12.019091606140137 -7.374045372009277 2.3074374198913574 
v -12.019091606140137 -7.484130859375 2.3634872436523438 
v -12.019091606140137 -7.37303352355957 2.296318769454956 
v -12.019091606140137 -7.371982574462891 2.298145055770874 
v -12.019091606140137 -7.339240550994873 2.2504286766052246 
v -12.019091606140137 -7.327797889709473 2.2009997367858887 
v -12.019091606140137 -7.327797889709473 2.148465871810913 
v -12.019091606140137 -7.327797889709473 2.072438955307007 
v -12.019091606140137 -7.327797889709473 2.110292673110962 
v -12.019091606140137 -7.37303352355957 2.296318769454956 
v -12.019091606140137 -7.327797889709473 2.2009997367858887 
v -12.019091606140137 -7.327797889709473 2.148465871810913 
v -12.019091606140137 -7.3521904945373535 1.8779654502868652 
v -12.019091606140137 -7.484130859375 2.3634872436523438 
v -12.019091606140137 -7.598361015319824 2.3785784244537354 
v -12.019091606140137 -7.330256938934326 1.996457815170288 
v -12.019091606140137 -7.332220077514648 1.9575996398925781 
v -12.019091606140137 -7.3521904945373535 1.8779654502868652 
v -12.019091606140137 -7.327797889709473 2.072438955307007 
v -12.019091606140137 -7.330256938934326 1.996457815170288 
v -12.019091606140137 -7.327797889709473 2.0340373516082764 
v -12.019091606140137 -7.37303352355957 2.296318769454956 
v -12.019091606140137 -7.327797889709473 2.148465871810913 
v -12.019091606140137 -7.327797889709473 2.072438955307007 
v -12.019091606140137 -7.327797889709473 2.072438955307007 
v -12.019091606140137 -7.3521904945373535 1.8779654502868652 
v -12.019091606140137 -7.330256938934326 1.996457815170288 
v -12.019091606140137 -7.3521904945373535 1.8779654502868652 
v -12.019091606140137 -7.37303352355957 2.296318769454956 
v -12.019091606140137 -7.327797889709473 2.072438955307007 
v -11.491876602172852 -7.319210529327393 1.6993365287780762 
v -11.491876602172852 -7.307589054107666 1.694770336151123 
v -11.491876602172852 -7.319210529327393 1.7942901849746704 
v -11.491876602172852 -7.307589054107666 1.7942901849746704 
v -11.491876602172852 -7.3261518478393555 1.8099522590637207 
v -11.491876602172852 -7.307589054107666 1.7942901849746704 
v -11.464508056640625 -7.3379316329956055 1.8364589214324951 
v -11.464508056640625 -7.287936210632324 1.7942901849746704 
v -11.491876602172852 -7.385527610778809 1.6862545013427734 
v -11.491876602172852 -7.385527610778809 1.6993365287780762 
v -11.464508056640625 -7.403316497802734 1.675272822380066 
v -11.464508056640625 -7.403316497802734 1.6993365287780762 
v -11.491876602172852 -7.307589054107666 1.7942901849746704 
v -11.491876602172852 -7.307589054107666 1.694770336151123 
v -11.464508056640625 -7.287936210632324 1.7942901849746704 
v -11.464508056640625 -7.287936210632324 1.6870535612106323 
v -11.491876602172852 -7.307589054107666 1.694770336151123 
v -11.491876602172852 -7.326171398162842 1.6859804391860962 
v -11.464508056640625 -7.287936210632324 1.6870535612106323 
v -11.464508056640625 -7.3379316329956055 1.6634007692337036 
v -11.491876602172852 -7.326171398162842 1.6859804391860962 
v -11.491876602172852 -7.385527610778809 1.6862545013427734 
v -11.464508056640625 -7.3379316329956055 1.6634007692337036 
v -11.464508056640625 -7.379558563232422 1.6634007692337036 
v -11.464508056640625 -7.937760353088379 1.7942901849746704 
v -11.491876602172852 -7.918107509613037 1.7942901849746704 
v -11.464508056640625 -7.887784481048584 1.8364589214324951 
v -11.491876602172852 -7.899544715881348 1.8099522590637207 
v -11.464508056640625 -7.822380065917969 1.6993365287780762 
v -11.491876602172852 -7.8401689529418945 1.6993365287780762 
v -11.464508056640625 -7.822380065917969 1.675272822380066 
v -11.491876602172852 -7.8401689529418945 1.6862545013427734 
v -11.491876602172852 -7.3261518478393555 1.8099522590637207 
v -11.464508056640625 -7.3379316329956055 1.8364589214324951 
v -11.491876602172852 -7.899544715881348 1.8099522590637207 
v -11.464508056640625 -7.887784481048584 1.8364589214324951 
v -11.491876602172852 -7.918107509613037 1.7942901849746704 
v -11.464508056640625 -7.937760353088379 1.7942901849746704 
v -11.491876602172852 -7.918107509613037 1.694770336151123 
v -11.464508056640625 -7.937760353088379 1.6870535612106323 
v -11.464508056640625 -7.887784481048584 1.6634007692337036 
v -11.491876602172852 -7.899544715881348 1.6859804391860962 
v -11.464508056640625 -7.937760353088379 1.6870535612106323 
v -11.491876602172852 -7.918107509613037 1.694770336151123 
v -11.464508056640625 -7.846138000488281 1.6634007692337036 
v -11.491876602172852 -7.8401689529418945 1.6862545013427734 
v -11.464508056640625 -7.887784481048584 1.6634007692337036 
v -11.491876602172852 -7.899544715881348 1.6859804391860962 
v -11.464508056640625 -7.379558563232422 1.6634007692337036 
v -11.464508056640625 -7.403316497802734 1.675272822380066 
v -10.662298202514648 -7.379558563232422 1.6634007692337036 
v -10.662298202514648 -7.403316497802734 1.675272822380066 
v -11.491876602172852 -7.319210529327393 1.6993365287780762 
v -11.491876602172852 -7.319210529327393 1.7942901849746704 
v -10.634929656982422 -7.319210529327393 1.6993365287780762 
v -10.634929656982422 -7.319210529327393 1.7942901849746704 
v -10.662298202514648 -7.287936210632324 1.7942901849746704 
v -10.662298202514648 -7.3379316329956055 1.8364589214324951 
v -11.464508056640625 -7.287936210632324 1.7942901849746704 
v -11.464508056640625 -7.3379316329956055 1.8364589214324951 
v -11.464508056640625 -7.287936210632324 1.6870535612106323 
v -11.464508056640625 -7.3379316329956055 1.6634007692337036 
v -10.662298202514648 -7.287936210632324 1.6870535612106323 
v -10.662298202514648 -7.3379316329956055 1.6634007692337036 
v -11.464508056640625 -7.403316497802734 1.675272822380066 
v -11.464508056640625 -7.403316497802734 1.6993365287780762 
v -10.662298202514648 -7.403316497802734 1.675272822380066 
v -10.662298202514648 -7.403316497802734 1.6993365287780762 
v -10.662298202514648 -7.379558563232422 1.6634007692337036 
v -10.662298202514648 -7.3379316329956055 1.6634007692337036 
v -11.464508056640625 -7.379558563232422 1.6634007692337036 
v -11.464508056640625 -7.3379316329956055 1.6634007692337036 
v -10.634929656982422 -7.319210529327393 1.6993365287780762 
v -10.634929656982422 -7.319210529327393 1.7942901849746704 
v -10.634929656982422 -7.307589054107666 1.694770336151123 
v -10.634929656982422 -7.307589054107666 1.7942901849746704 
v -10.662298202514648 -7.287936210632324 1.6870535612106323 
v -10.662298202514648 -7.287936210632324 1.7942901849746704 
v -11.464508056640625 -7.287936210632324 1.6870535612106323 
v -11.464508056640625 -7.287936210632324 1.7942901849746704 
v -10.662298202514648 -7.287936210632324 1.7942901849746704 
v -10.634929656982422 -7.307589054107666 1.7942901849746704 
v -10.662298202514648 -7.3379316329956055 1.8364589214324951 
v -10.634929656982422 -7.3261518478393555 1.8099522590637207 
v -10.662298202514648 -7.403316497802734 1.6993365287780762 
v -10.634929656982422 -7.385527610778809 1.6993365287780762 
v -10.662298202514648 -7.403316497802734 1.675272822380066 
v -10.634929656982422 -7.385527610778809 1.6862545013427734 
v -10.634929656982422 -7.307589054107666 1.7942901849746704 
v -10.662298202514648 -7.287936210632324 1.7942901849746704 
v -10.634929656982422 -7.307589054107666 1.694770336151123 
v -10.662298202514648 -7.287936210632324 1.6870535612106323 
v -10.662298202514648 -7.3379316329956055 1.6634007692337036 
v -10.634929656982422 -7.326171398162842 1.6859804391860962 
v -10.662298202514648 -7.287936210632324 1.6870535612106323 
v -10.634929656982422 -7.307589054107666 1.694770336151123 
v -10.662298202514648 -7.379558563232422 1.6634007692337036 
v -10.634929656982422 -7.385527610778809 1.6862545013427734 
v -10.662298202514648 -7.3379316329956055 1.6634007692337036 
v -10.634929656982422 -7.326171398162842 1.6859804391860962 
v -10.634929656982422 -7.319210529327393 1.7942901849746704 
v -11.491876602172852 -7.319210529327393 1.7942901849746704 
v -10.634929656982422 -7.9064860343933105 1.7942901849746704 
v -11.491876602172852 -7.9064860343933105 1.7942901849746704 
v -11.464508056640625 -7.3379316329956055 1.8364589214324951 
v -10.662298202514648 -7.3379316329956055 1.8364589214324951 
v -11.464508056640625 -7.887784481048584 1.8364589214324951 
v -10.662298202514648 -7.887784481048584 1.8364589214324951 
v -10.662298202514648 -7.822380065917969 1.675272822380066 
v -11.464508056640625 -7.822380065917969 1.675272822380066 
v -10.662298202514648 -7.846138000488281 1.6634007692337036 
v -11.464508056640625 -7.846138000488281 1.6634007692337036 
v -10.634929656982422 -7.9064860343933105 1.7942901849746704 
v -11.491876602172852 -7.9064860343933105 1.7942901849746704 
v -10.634929656982422 -7.9064860343933105 1.6993365287780762 
v -11.491876602172852 -7.9064860343933105 1.6993365287780762 
v -11.464508056640625 -7.887784481048584 1.8364589214324951 
v -10.662298202514648 -7.887784481048584 1.8364589214324951 
v -11.464508056640625 -7.937760353088379 1.7942901849746704 
v -10.662298202514648 -7.937760353088379 1.7942901849746704 
v -10.662298202514648 -7.887784481048584 1.6634007692337036 
v -11.464508056640625 -7.887784481048584 1.6634007692337036 
v -10.662298202514648 -7.937760353088379 1.6870535612106323 
v -11.464508056640625 -7.937760353088379 1.6870535612106323 
v -10.662298202514648 -7.822380065917969 1.6993365287780762 
v -11.464508056640625 -7.822380065917969 1.6993365287780762 
v -10.662298202514648 -7.822380065917969 1.675272822380066 
v -11.464508056640625 -7.822380065917969 1.675272822380066 
v -11.464508056640625 -7.887784481048584 1.6634007692337036 
v -10.662298202514648 -7.887784481048584 1.6634007692337036 
v -11.464508056640625 -7.846138000488281 1.6634007692337036 
v -10.662298202514648 -7.846138000488281 1.6634007692337036 
v -11.464508056640625 -7.937760353088379 1.7942901849746704 
v -10.662298202514648 -7.937760353088379 1.7942901849746704 
v -11.464508056640625 -7.937760353088379 1.6870535612106323 
v -10.662298202514648 -7.937760353088379 1.6870535612106323 
v -10.634929656982422 -7.899544715881348 1.8099522590637207 
v -10.634929656982422 -7.918107509613037 1.7942901849746704 
v -10.662298202514648 -7.887784481048584 1.8364589214324951 
v -10.662298202514648 -7.937760353088379 1.7942901849746704 
v -10.634929656982422 -7.8401689529418945 1.6862545013427734 
v -10.634929656982422 -7.8401689529418945 1.6993365287780762 
v -10.662298202514648 -7.822380065917969 1.675272822380066 
v -10.662298202514648 -7.822380065917969 1.6993365287780762 
v -10.662298202514648 -7.887784481048584 1.8364589214324951 
v -10.662298202514648 -7.3379316329956055 1.8364589214324951 
v -10.634929656982422 -7.899544715881348 1.8099522590637207 
v -10.634929656982422 -7.3261518478393555 1.8099522590637207 
v -10.662298202514648 -7.937760353088379 1.6870535612106323 
v -10.662298202514648 -7.937760353088379 1.7942901849746704 
v -10.634929656982422 -7.918107509613037 1.694770336151123 
v -10.634929656982422 -7.918107509613037 1.7942901849746704 
v -10.634929656982422 -7.918107509613037 1.694770336151123 
v -10.634929656982422 -7.899544715881348 1.6859804391860962 
v -10.662298202514648 -7.937760353088379 1.6870535612106323 
v -10.662298202514648 -7.887784481048584 1.6634007692337036 
v -10.634929656982422 -7.899544715881348 1.6859804391860962 
v -10.634929656982422 -7.8401689529418945 1.6862545013427734 
v -10.662298202514648 -7.887784481048584 1.6634007692337036 
v -10.662298202514648 -7.846138000488281 1.6634007692337036 
v -10.569695472717285 -7.307589054107666 1.7942901849746704 
v -10.569695472717285 -7.319210529327393 1.7942901849746704 
v -10.569695472717285 -7.307589054107666 1.694770336151123 
v -10.569695472717285 -7.319210529327393 1.6993365287780762 
v -10.569695472717285 -7.326171398162842 1.8099522590637207 
v -10.569695472717285 -7.307589054107666 1.7942901849746704 
v -10.542326927185059 -7.3379316329956055 1.8364589214324951 
v -10.542326927185059 -7.287936210632324 1.7942901849746704 
v -10.569695472717285 -7.385527610778809 1.6862545013427734 
v -10.569695472717285 -7.385527610778809 1.6993365287780762 
v -10.542326927185059 -7.403316497802734 1.675272822380066 
v -10.542326927185059 -7.403316497802734 1.6993365287780762 
v -10.542326927185059 -7.287936210632324 1.6870535612106323 
v -10.542326927185059 -7.287936210632324 1.7942901849746704 
v -10.569695472717285 -7.307589054107666 1.694770336151123 
v -10.569695472717285 -7.307589054107666 1.7942901849746704 
v -10.569695472717285 -7.307589054107666 1.694770336151123 
v -10.569695472717285 -7.326171398162842 1.6859804391860962 
v -10.542326927185059 -7.287936210632324 1.6870535612106323 
v -10.542326927185059 -7.3379316329956055 1.6634007692337036 
v -10.569695472717285 -7.326171398162842 1.6859804391860962 
v -10.569695472717285 -7.385527610778809 1.6862545013427734 
v -10.542326927185059 -7.3379316329956055 1.6634007692337036 
v -10.542326927185059 -7.379558563232422 1.6634007692337036 
v -10.542326927185059 -7.937760353088379 1.7942901849746704 
v -10.569695472717285 -7.918107509613037 1.7942901849746704 
v -10.542326927185059 -7.887784481048584 1.8364589214324951 
v -10.569695472717285 -7.899544715881348 1.8099522590637207 
v -10.542326927185059 -7.822380065917969 1.6993365287780762 
v -10.569695472717285 -7.8401689529418945 1.6993365287780762 
v -10.542326927185059 -7.822380065917969 1.675272822380066 
v -10.569695472717285 -7.8401689529418945 1.6862545013427734 
v -10.569695472717285 -7.326171398162842 1.8099522590637207 
v -10.542326927185059 -7.3379316329956055 1.8364589214324951 
v -10.569695472717285 -7.899544715881348 1.8099522590637207 
v -10.542326927185059 -7.887784481048584 1.8364589214324951 
v -10.569695472717285 -7.918107509613037 1.7942901849746704 
v -10.542326927185059 -7.937760353088379 1.7942901849746704 
v -10.569695472717285 -7.918107509613037 1.694770336151123 
v -10.542326927185059 -7.937760353088379 1.6870535612106323 
v -10.542326927185059 -7.887784481048584 1.6634007692337036 
v -10.569695472717285 -7.899544715881348 1.6859804391860962 
v -10.542326927185059 -7.937760353088379 1.6870535612106323 
v -10.569695472717285 -7.918107509613037 1.694770336151123 
v -10.542326927185059 -7.846138000488281 1.6634007692337036 
v -10.569695472717285 -7.8401689529418945 1.6862545013427734 
v -10.542326927185059 -7.887784481048584 1.6634007692337036 
v -10.569695472717285 -7.899544715881348 1.6859804391860962 
v -10.542326927185059 -7.379558563232422 1.6634007692337036 
v -10.542326927185059 -7.403316497802734 1.675272822380066 
v -9.740117073059082 -7.379558563232422 1.6634007692337036 
v -9.740117073059082 -7.403316497802734 1.675272822380066 
v -10.569695472717285 -7.319210529327393 1.6993365287780762 
v -10.569695472717285 -7.319210529327393 1.7942901849746704 
v -9.712655067443848 -7.319210529327393 1.6993365287780762 
v -9.712655067443848 -7.319210529327393 1.7942901849746704 
v -9.740117073059082 -7.287936210632324 1.7942901849746704 
v -9.740117073059082 -7.3379316329956055 1.8364589214324951 
v -10.542326927185059 -7.287936210632324 1.7942901849746704 
v -10.542326927185059 -7.3379316329956055 1.8364589214324951 
v -10.542326927185059 -7.287936210632324 1.6870535612106323 
v -10.542326927185059 -7.3379316329956055 1.6634007692337036 
v -9.740117073059082 -7.287936210632324 1.6870535612106323 
v -9.740117073059082 -7.3379316329956055 1.6634007692337036 
v -10.542326927185059 -7.403316497802734 1.675272822380066 
v -10.542326927185059 -7.403316497802734 1.6993365287780762 
v -9.740117073059082 -7.403316497802734 1.675272822380066 
v -9.740117073059082 -7.403316497802734 1.6993365287780762 
v -9.740117073059082 -7.379558563232422 1.6634007692337036 
v -9.740117073059082 -7.3379316329956055 1.6634007692337036 
v -10.542326927185059 -7.379558563232422 1.6634007692337036 
v -10.542326927185059 -7.3379316329956055 1.6634007692337036 
v -9.712655067443848 -7.319210529327393 1.6993365287780762 
v -9.712655067443848 -7.319210529327393 1.7942901849746704 
v -9.712655067443848 -7.307589054107666 1.694770336151123 
v -9.712655067443848 -7.307589054107666 1.7942901849746704 
v -9.740117073059082 -7.287936210632324 1.6870535612106323 
v -9.740117073059082 -7.287936210632324 1.7942901849746704 
v -10.542326927185059 -7.287936210632324 1.6870535612106323 
v -10.542326927185059 -7.287936210632324 1.7942901849746704 
v -9.740117073059082 -7.287936210632324 1.7942901849746704 
v -9.712655067443848 -7.307589054107666 1.7942901849746704 
v -9.740117073059082 -7.3379316329956055 1.8364589214324951 
v -9.712655067443848 -7.326171398162842 1.8099522590637207 
v -9.740117073059082 -7.403316497802734 1.6993365287780762 
v -9.712655067443848 -7.385527610778809 1.6993365287780762 
v -9.740117073059082 -7.403316497802734 1.675272822380066 
v -9.712655067443848 -7.385527610778809 1.6862545013427734 
v -9.712655067443848 -7.307589054107666 1.7942901849746704 
v -9.740117073059082 -7.287936210632324 1.7942901849746704 
v -9.712655067443848 -7.307589054107666 1.694770336151123 
v -9.740117073059082 -7.287936210632324 1.6870535612106323 
v -9.740117073059082 -7.3379316329956055 1.6634007692337036 
v -9.712655067443848 -7.326171398162842 1.6859804391860962 
v -9.740117073059082 -7.287936210632324 1.6870535612106323 
v -9.712655067443848 -7.307589054107666 1.694770336151123 
v -9.740117073059082 -7.379558563232422 1.6634007692337036 
v -9.712655067443848 -7.385527610778809 1.6862545013427734 
v -9.740117073059082 -7.3379316329956055 1.6634007692337036 
v -9.712655067443848 -7.326171398162842 1.6859804391860962 
v -9.712655067443848 -7.319210529327393 1.7942901849746704 
v -10.569695472717285 -7.319210529327393 1.7942901849746704 
v -9.712655067443848 -7.9064860343933105 1.7942901849746704 
v -10.569695472717285 -7.9064860343933105 1.7942901849746704 
v -10.542326927185059 -7.3379316329956055 1.8364589214324951 
v -9.740117073059082 -7.3379316329956055 1.8364589214324951 
v -10.542326927185059 -7.887784481048584 1.8364589214324951 
v -9.740117073059082 -7.887784481048584 1.8364589214324951 
v -9.740117073059082 -7.822380065917969 1.675272822380066 
v -10.542326927185059 -7.822380065917969 1.675272822380066 
v -9.740117073059082 -7.846138000488281 1.6634007692337036 
v -10.542326927185059 -7.846138000488281 1.6634007692337036 
v -9.712655067443848 -7.9064860343933105 1.7942901849746704 
v -10.569695472717285 -7.9064860343933105 1.7942901849746704 
v -9.712655067443848 -7.9064860343933105 1.6993365287780762 
v -10.569695472717285 -7.9064860343933105 1.6993365287780762 
v -10.542326927185059 -7.887784481048584 1.8364589214324951 
v -9.740117073059082 -7.887784481048584 1.8364589214324951 
v -10.542326927185059 -7.937760353088379 1.7942901849746704 
v -9.740117073059082 -7.937760353088379 1.7942901849746704 
v -9.740117073059082 -7.887784481048584 1.6634007692337036 
v -10.542326927185059 -7.887784481048584 1.6634007692337036 
v -9.740117073059082 -7.937760353088379 1.6870535612106323 
v -10.542326927185059 -7.937760353088379 1.6870535612106323 
v -9.740117073059082 -7.822380065917969 1.6993365287780762 
v -10.542326927185059 -7.822380065917969 1.6993365287780762 
v -9.740117073059082 -7.822380065917969 1.675272822380066 
v -10.542326927185059 -7.822380065917969 1.675272822380066 
v -10.542326927185059 -7.887784481048584 1.6634007692337036 
v -9.740117073059082 -7.887784481048584 1.6634007692337036 
v -10.542326927185059 -7.846138000488281 1.6634007692337036 
v -9.740117073059082 -7.846138000488281 1.6634007692337036 
v -10.542326927185059 -7.937760353088379 1.7942901849746704 
v -9.740117073059082 -7.937760353088379 1.7942901849746704 
v -10.542326927185059 -7.937760353088379 1.6870535612106323 
v -9.740117073059082 -7.937760353088379 1.6870535612106323 
v -9.712655067443848 -7.899544715881348 1.8099522590637207 
v -9.712655067443848 -7.918107509613037 1.7942901849746704 
v -9.740117073059082 -7.887784481048584 1.8364589214324951 
v -9.740117073059082 -7.937760353088379 1.7942901849746704 
v -9.712655067443848 -7.8401689529418945 1.6862545013427734 
v -9.712655067443848 -7.8401689529418945 1.6993365287780762 
v -9.740117073059082 -7.822380065917969 1.675272822380066 
v -9.740117073059082 -7.822380065917969 1.6993365287780762 
v -9.740117073059082 -7.887784481048584 1.8364589214324951 
v -9.740117073059082 -7.3379316329956055 1.8364589214324951 
v -9.712655067443848 -7.899544715881348 1.8099522590637207 
v -9.712655067443848 -7.326171398162842 1.8099522590637207 
v -9.740117073059082 -7.937760353088379 1.6870535612106323 
v -9.740117073059082 -7.937760353088379 1.7942901849746704 
v -9.712655067443848 -7.918107509613037 1.694770336151123 
v -9.712655067443848 -7.918107509613037 1.7942901849746704 
v -9.712655067443848 -7.918107509613037 1.694770336151123 
v -9.712655067443848 -7.899544715881348 1.6859804391860962 
v -9.740117073059082 -7.937760353088379 1.6870535612106323 
v -9.740117073059082 -7.887784481048584 1.6634007692337036 
v -9.712655067443848 -7.899544715881348 1.6859804391860962 
v -9.712655067443848 -7.8401689529418945 1.6862545013427734 
v -9.740117073059082 -7.887784481048584 1.6634007692337036 
v -9.740117073059082 -7.846138000488281 1.6634007692337036 
v -9.22836685180664 -7.526828289031982 2.351409673690796 
v -9.210652351379395 -7.526828289031982 2.351409673690796 
v -9.22836685180664 -7.693612575531006 2.351409673690796 
v -9.210652351379395 -7.693612575531006 2.351409673690796 
v -9.210652351379395 -7.809925556182861 2.215771198272705 
v -9.210652351379395 -7.809925556182861 1.9111387729644775 
v -9.22836685180664 -7.809925556182861 2.215771198272705 
v -9.22836685180664 -7.809925556182861 1.9111387729644775 
v -9.210652351379395 -7.447937965393066 1.8674861192703247 
v -9.22836685180664 -7.447937965393066 1.8674861192703247 
v -9.210652351379395 -7.7724833488464355 1.8674861192703247 
v -9.22836685180664 -7.7724833488464355 1.8674861192703247 
v -9.083464622497559 -7.526828289031982 2.351409673690796 
v -9.102397918701172 -7.526828289031982 2.351409673690796 
v -9.083464622497559 -7.490873336791992 2.3447659015655518 
v -9.102397918701172 -7.490873336791992 2.3447659015655518 
v -9.083464622497559 -7.490873336791992 2.3447659015655518 
v -9.102397918701172 -7.490873336791992 2.3447659015655518 
v -9.083464622497559 -7.458448886871338 2.3254966735839844 
v -9.102397918701172 -7.458448886871338 2.3254966735839844 
v -9.083464622497559 -7.458448886871338 2.3254966735839844 
v -9.102397918701172 -7.458448886871338 2.3254966735839844 
v -9.083464622497559 -7.4327073097229 2.295496702194214 
v -9.102397918701172 -7.4327073097229 2.295496702194214 
v -9.083464622497559 -7.4327073097229 2.295496702194214 
v -9.102397918701172 -7.4327073097229 2.295496702194214 
v -9.083464622497559 -7.416187286376953 2.2576887607574463 
v -9.102397918701172 -7.416187286376953 2.2576887607574463 
v -9.083464622497559 -7.416187286376953 2.2576887607574463 
v -9.102397918701172 -7.416187286376953 2.2576887607574463 
v -9.083464622497559 -7.410495758056641 2.215771198272705 
v -9.102397918701172 -7.410495758056641 2.215771198272705 
v -9.22836685180664 -7.693612575531006 2.351409673690796 
v -9.210652351379395 -7.693612575531006 2.351409673690796 
v -9.22836685180664 -7.72954797744751 2.3447659015655518 
v -9.210652351379395 -7.72954797744751 2.3447659015655518 
v -9.22836685180664 -7.72954797744751 2.3447659015655518 
v -9.210652351379395 -7.72954797744751 2.3447659015655518 
v -9.22836685180664 -7.761972427368164 2.3254966735839844 
v -9.210652351379395 -7.761972427368164 2.3254966735839844 
v -9.22836685180664 -7.761972427368164 2.3254966735839844 
v -9.210652351379395 -7.761972427368164 2.3254966735839844 
v -9.22836685180664 -7.787714004516602 2.295496702194214 
v -9.210652351379395 -7.787714004516602 2.295496702194214 
v -9.22836685180664 -7.787714004516602 2.295496702194214 
v -9.210652351379395 -7.787714004516602 2.295496702194214 
v -9.22836685180664 -7.804234027862549 2.2576887607574463 
v -9.210652351379395 -7.804234027862549 2.2576887607574463 
v -9.22836685180664 -7.804234027862549 2.2576887607574463 
v -9.210652351379395 -7.804234027862549 2.2576887607574463 
v -9.22836685180664 -7.809925556182861 2.215771198272705 
v -9.210652351379395 -7.809925556182861 2.215771198272705 
v -9.102397918701172 -7.410495758056641 2.215771198272705 
v -9.102397918701172 -7.410495758056641 1.9111387729644775 
v -9.083464622497559 -7.410495758056641 2.215771198272705 
v -9.083464622497559 -7.410495758056641 1.9111387729644775 
v -9.22836685180664 -7.447937965393066 1.8674861192703247 
v -9.210652351379395 -7.447937965393066 1.8674861192703247 
v -9.22836685180664 -7.421462535858154 1.880271315574646 
v -9.210652351379395 -7.421462535858154 1.880271315574646 
v -9.22836685180664 -7.421462535858154 1.880271315574646 
v -9.210652351379395 -7.421462535858154 1.880271315574646 
v -9.22836685180664 -7.410495758056641 1.9111387729644775 
v -9.210652351379395 -7.410495758056641 1.9111387729644775 
v -9.083464622497559 -7.7724833488464355 1.8674861192703247 
v -9.102397918701172 -7.7724833488464355 1.8674861192703247 
v -9.083464622497559 -7.798958778381348 1.880271315574646 
v -9.102397918701172 -7.798958778381348 1.880271315574646 
v -9.083464622497559 -7.798958778381348 1.880271315574646 
v -9.102397918701172 -7.798958778381348 1.880271315574646 
v -9.083464622497559 -7.809925556182861 1.9111387729644775 
v -9.102397918701172 -7.809925556182861 1.9111387729644775 
v -9.083464622497559 -7.447937965393066 1.8674861192703247 
v -9.102397918701172 -7.447937965393066 1.8674861192703247 
v -9.083464622497559 -7.7724833488464355 1.8674861192703247 
v -9.102397918701172 -7.7724833488464355 1.8674861192703247 
v -9.210652351379395 -7.421462535858154 1.880271315574646 
v -9.191532135009766 -7.407917499542236 1.8601117134094238 
v -9.210652351379395 -7.410495758056641 1.9111387729644775 
v -9.191532135009766 -7.396177291870117 1.8932164907455444 
v -9.210652351379395 -7.447937965393066 1.8674861192703247 
v -9.191532135009766 -7.4362969398498535 1.8464131355285645 
v -9.210652351379395 -7.421462535858154 1.880271315574646 
v -9.191532135009766 -7.407917499542236 1.8601117134094238 
v -9.175692558288574 -7.407917499542236 1.8601117134094238 
v -9.1638822555542 -7.416266918182373 1.8725316524505615 
v -9.175692558288574 -7.396177291870117 1.8932164907455444 
v -9.1638822555542 -7.405002593994141 1.904266595840454 
v -9.137357711791992 -7.4362969398498535 1.8464131355285645 
v -9.14916706085205 -7.443475723266602 1.8594039678573608 
v -9.137357711791992 -7.784124374389648 1.8464131355285645 
v -9.14916706085205 -7.776965141296387 1.8594039678573608 
v -9.210652351379395 -7.798958778381348 1.880271315574646 
v -9.22836685180664 -7.798958778381348 1.880271315574646 
v -9.210652351379395 -7.809925556182861 1.9111387729644775 
v -9.22836685180664 -7.809925556182861 1.9111387729644775 
v -9.191532135009766 -7.812503814697266 1.8601117134094238 
v -9.210652351379395 -7.798958778381348 1.880271315574646 
v -9.191532135009766 -7.824264049530029 1.8932164907455444 
v -9.210652351379395 -7.809925556182861 1.9111387729644775 
v -9.1638822555542 -7.804154396057129 1.8725316524505615 
v -9.175692558288574 -7.812503814697266 1.8601117134094238 
v -9.1638822555542 -7.815438747406006 1.904266595840454 
v -9.175692558288574 -7.824264049530029 1.8932164907455444 
v -9.210652351379395 -7.7724833488464355 1.8674861192703247 
v -9.22836685180664 -7.7724833488464355 1.8674861192703247 
v -9.210652351379395 -7.798958778381348 1.880271315574646 
v -9.22836685180664 -7.798958778381348 1.880271315574646 
v -9.137357711791992 -7.812503814697266 1.8601117134094238 
v -9.14916706085205 -7.804154396057129 1.8725316524505615 
v -9.137357711791992 -7.824264049530029 1.8932164907455444 
v -9.14916706085205 -7.815438747406006 1.904266595840454 
v -9.1638822555542 -7.776965141296387 1.8594039678573608 
v -9.175692558288574 -7.784124374389648 1.8464131355285645 
v -9.1638822555542 -7.804154396057129 1.8725316524505615 
v -9.175692558288574 -7.812503814697266 1.8601117134094238 
v -9.102397918701172 -7.7724833488464355 1.8674861192703247 
v -9.1215181350708 -7.784124374389648 1.8464131355285645 
v -9.102397918701172 -7.798958778381348 1.880271315574646 
v -9.1215181350708 -7.812503814697266 1.8601117134094238 
v -9.102397918701172 -7.798958778381348 1.880271315574646 
v -9.1215181350708 -7.812503814697266 1.8601117134094238 
v -9.102397918701172 -7.809925556182861 1.9111387729644775 
v -9.1215181350708 -7.824264049530029 1.8932164907455444 
v -9.102397918701172 -7.421462535858154 1.880271315574646 
v -9.083464622497559 -7.421462535858154 1.880271315574646 
v -9.102397918701172 -7.410495758056641 1.9111387729644775 
v -9.083464622497559 -7.410495758056641 1.9111387729644775 
v -9.191532135009766 -7.784124374389648 1.8464131355285645 
v -9.210652351379395 -7.7724833488464355 1.8674861192703247 
v -9.191532135009766 -7.812503814697266 1.8601117134094238 
v -9.210652351379395 -7.798958778381348 1.880271315574646 
v -9.1215181350708 -7.407917499542236 1.8601117134094238 
v -9.102397918701172 -7.421462535858154 1.880271315574646 
v -9.1215181350708 -7.396177291870117 1.8932164907455444 
v -9.102397918701172 -7.410495758056641 1.9111387729644775 
v -9.137357711791992 -7.784124374389648 1.8464131355285645 
v -9.14916706085205 -7.776965141296387 1.8594039678573608 
v -9.137357711791992 -7.812503814697266 1.8601117134094238 
v -9.14916706085205 -7.804154396057129 1.8725316524505615 
v -9.14916706085205 -7.416266918182373 1.8725316524505615 
v -9.137357711791992 -7.407917499542236 1.8601117134094238 
v -9.14916706085205 -7.405002593994141 1.904266595840454 
v -9.137357711791992 -7.396177291870117 1.8932164907455444 
v -9.102397918701172 -7.447937965393066 1.8674861192703247 
v -9.083464622497559 -7.447937965393066 1.8674861192703247 
v -9.102397918701172 -7.421462535858154 1.880271315574646 
v -9.083464622497559 -7.421462535858154 1.880271315574646 
v -9.102397918701172 -7.447937965393066 1.8674861192703247 
v -9.1215181350708 -7.4362969398498535 1.8464131355285645 
v -9.102397918701172 -7.7724833488464355 1.8674861192703247 
v -9.1215181350708 -7.784124374389648 1.8464131355285645 
v -9.175692558288574 -7.4362969398498535 1.8464131355285645 
v -9.1638822555542 -7.443475723266602 1.8594039678573608 
v -9.175692558288574 -7.407917499542236 1.8601117134094238 
v -9.1638822555542 -7.416266918182373 1.8725316524505615 
v -9.14916706085205 -7.443475723266602 1.8594039678573608 
v -9.137357711791992 -7.4362969398498535 1.8464131355285645 
v -9.14916706085205 -7.416266918182373 1.8725316524505615 
v -9.137357711791992 -7.407917499542236 1.8601117134094238 
v -9.191532135009766 -7.4362969398498535 1.8464131355285645 
v -9.210652351379395 -7.447937965393066 1.8674861192703247 
v -9.191532135009766 -7.784124374389648 1.8464131355285645 
v -9.210652351379395 -7.7724833488464355 1.8674861192703247 
v -9.22836685180664 -7.410495758056641 2.215771198272705 
v -9.22836685180664 -7.410495758056641 1.9111387729644775 
v -9.210652351379395 -7.410495758056641 2.215771198272705 
v -9.210652351379395 -7.410495758056641 1.9111387729644775 
v -9.1215181350708 -7.699602127075195 2.3650624752044678 
v -9.102397918701172 -7.693612575531006 2.351409673690796 
v -9.1215181350708 -7.738114833831787 2.3579392433166504 
v -9.102397918701172 -7.72954797744751 2.3447659015655518 
v -9.210652351379395 -7.410495758056641 2.215771198272705 
v -9.210652351379395 -7.410495758056641 1.9111387729644775 
v -9.191532135009766 -7.396177291870117 2.219698190689087 
v -9.191532135009766 -7.396177291870117 1.8932164907455444 
v -9.175692558288574 -7.699602127075195 2.3650624752044678 
v -9.1638822555542 -7.695913314819336 2.356637954711914 
v -9.175692558288574 -7.738114833831787 2.3579392433166504 
v -9.1638822555542 -7.732840061187744 2.3498342037200928 
v -9.175692558288574 -7.396177291870117 2.219698190689087 
v -9.175692558288574 -7.396177291870117 1.8932164907455444 
v -9.1638822555542 -7.405002593994141 2.217278242111206 
v -9.1638822555542 -7.405002593994141 1.904266595840454 
v -9.102397918701172 -7.804234027862549 2.2576887607574463 
v -9.083464622497559 -7.804234027862549 2.2576887607574463 
v -9.102397918701172 -7.809925556182861 2.215771198272705 
v -9.083464622497559 -7.809925556182861 2.215771198272705 
v -9.191532135009766 -7.824264049530029 2.219698190689087 
v -9.191532135009766 -7.824264049530029 1.8932164907455444 
v -9.210652351379395 -7.809925556182861 2.215771198272705 
v -9.210652351379395 -7.809925556182861 1.9111387729644775 
v -9.1215181350708 -7.818155765533447 2.264629364013672 
v -9.102397918701172 -7.804234027862549 2.2576887607574463 
v -9.1215181350708 -7.824264049530029 2.219698190689087 
v -9.102397918701172 -7.809925556182861 2.215771198272705 
v -9.1638822555542 -7.815438747406006 2.217278242111206 
v -9.1638822555542 -7.815438747406006 1.904266595840454 
v -9.175692558288574 -7.824264049530029 2.219698190689087 
v -9.175692558288574 -7.824264049530029 1.8932164907455444 
v -9.14916706085205 -7.809588432312012 2.2603371143341064 
v -9.137357711791992 -7.818155765533447 2.264629364013672 
v -9.14916706085205 -7.815438747406006 2.217278242111206 
v -9.137357711791992 -7.824264049530029 2.219698190689087 
v -9.102397918701172 -7.787714004516602 2.295496702194214 
v -9.083464622497559 -7.787714004516602 2.295496702194214 
v -9.102397918701172 -7.804234027862549 2.2576887607574463 
v -9.083464622497559 -7.804234027862549 2.2576887607574463 
v -9.210652351379395 -7.804234027862549 2.2576887607574463 
v -9.191532135009766 -7.818155765533447 2.264629364013672 
v -9.210652351379395 -7.809925556182861 2.215771198272705 
v -9.191532135009766 -7.824264049530029 2.219698190689087 
v -9.1215181350708 -7.800446033477783 2.305131435394287 
v -9.102397918701172 -7.787714004516602 2.295496702194214 
v -9.1215181350708 -7.818155765533447 2.264629364013672 
v -9.102397918701172 -7.804234027862549 2.2576887607574463 
v -9.175692558288574 -7.818155765533447 2.264629364013672 
v -9.1638822555542 -7.809588432312012 2.2603371143341064 
v -9.175692558288574 -7.824264049530029 2.219698190689087 
v -9.1638822555542 -7.815438747406006 2.217278242111206 
v -9.14916706085205 -7.792612552642822 2.2991955280303955 
v -9.137357711791992 -7.800446033477783 2.305131435394287 
v -9.14916706085205 -7.809588432312012 2.2603371143341064 
v -9.137357711791992 -7.818155765533447 2.264629364013672 
v -9.102397918701172 -7.761972427368164 2.3254966735839844 
v -9.083464622497559 -7.761972427368164 2.3254966735839844 
v -9.102397918701172 -7.787714004516602 2.295496702194214 
v -9.083464622497559 -7.787714004516602 2.295496702194214 
v -9.210652351379395 -7.787714004516602 2.295496702194214 
v -9.191532135009766 -7.800446033477783 2.305131435394287 
v -9.210652351379395 -7.804234027862549 2.2576887607574463 
v -9.191532135009766 -7.818155765533447 2.264629364013672 
v -9.1215181350708 -7.7728800773620605 2.3373000621795654 
v -9.102397918701172 -7.761972427368164 2.3254966735839844 
v -9.1215181350708 -7.800446033477783 2.305131435394287 
v -9.102397918701172 -7.787714004516602 2.295496702194214 
v -9.175692558288574 -7.800446033477783 2.305131435394287 
v -9.1638822555542 -7.792612552642822 2.2991955280303955 
v -9.175692558288574 -7.818155765533447 2.264629364013672 
v -9.1638822555542 -7.809588432312012 2.2603371143341064 
v -9.14916706085205 -7.766157150268555 2.3300399780273438 
v -9.137357711791992 -7.7728800773620605 2.3373000621795654 
v -9.14916706085205 -7.792612552642822 2.2991955280303955 
v -9.137357711791992 -7.800446033477783 2.305131435394287 
v -9.102397918701172 -7.72954797744751 2.3447659015655518 
v -9.083464622497559 -7.72954797744751 2.3447659015655518 
v -9.102397918701172 -7.761972427368164 2.3254966735839844 
v -9.083464622497559 -7.761972427368164 2.3254966735839844 
v -9.210652351379395 -7.761972427368164 2.3254966735839844 
v -9.191532135009766 -7.7728800773620605 2.3373000621795654 
v -9.210652351379395 -7.787714004516602 2.295496702194214 
v -9.191532135009766 -7.800446033477783 2.305131435394287 
v -9.1215181350708 -7.738114833831787 2.3579392433166504 
v -9.102397918701172 -7.72954797744751 2.3447659015655518 
v -9.1215181350708 -7.7728800773620605 2.3373000621795654 
v -9.102397918701172 -7.761972427368164 2.3254966735839844 
v -9.175692558288574 -7.7728800773620605 2.3373000621795654 
v -9.1638822555542 -7.766157150268555 2.3300399780273438 
v -9.175692558288574 -7.800446033477783 2.305131435394287 
v -9.1638822555542 -7.792612552642822 2.2991955280303955 
v -9.14916706085205 -7.732840061187744 2.3498342037200928 
v -9.137357711791992 -7.738114833831787 2.3579392433166504 
v -9.14916706085205 -7.766157150268555 2.3300399780273438 
v -9.137357711791992 -7.7728800773620605 2.3373000621795654 
v -9.102397918701172 -7.693612575531006 2.351409673690796 
v -9.083464622497559 -7.693612575531006 2.351409673690796 
v -9.102397918701172 -7.72954797744751 2.3447659015655518 
v -9.083464622497559 -7.72954797744751 2.3447659015655518 
v -9.175692558288574 -7.738114833831787 2.3579392433166504 
v -9.1638822555542 -7.732840061187744 2.3498342037200928 
v -9.175692558288574 -7.7728800773620605 2.3373000621795654 
v -9.1638822555542 -7.766157150268555 2.3300399780273438 
v -9.14916706085205 -7.695913314819336 2.356637954711914 
v -9.137357711791992 -7.699602127075195 2.3650624752044678 
v -9.14916706085205 -7.732840061187744 2.3498342037200928 
v -9.137357711791992 -7.738114833831787 2.3579392433166504 
v -9.210652351379395 -7.693612575531006 2.351409673690796 
v -9.191532135009766 -7.699602127075195 2.3650624752044678 
v -9.210652351379395 -7.72954797744751 2.3447659015655518 
v -9.191532135009766 -7.738114833831787 2.3579392433166504 
v -9.210652351379395 -7.72954797744751 2.3447659015655518 
v -9.191532135009766 -7.738114833831787 2.3579392433166504 
v -9.210652351379395 -7.761972427368164 2.3254966735839844 
v -9.191532135009766 -7.7728800773620605 2.3373000621795654 
v -9.210652351379395 -7.416187286376953 2.2576887607574463 
v -9.22836685180664 -7.416187286376953 2.2576887607574463 
v -9.210652351379395 -7.410495758056641 2.215771198272705 
v -9.22836685180664 -7.410495758056641 2.215771198272705 
v -9.1215181350708 -7.396177291870117 2.219698190689087 
v -9.1215181350708 -7.396177291870117 1.8932164907455444 
v -9.102397918701172 -7.410495758056641 2.215771198272705 
v -9.102397918701172 -7.410495758056641 1.9111387729644775 
v -9.191532135009766 -7.402265548706055 2.264629364013672 
v -9.210652351379395 -7.416187286376953 2.2576887607574463 
v -9.191532135009766 -7.396177291870117 2.219698190689087 
v -9.210652351379395 -7.410495758056641 2.215771198272705 
v -9.14916706085205 -7.405002593994141 2.217278242111206 
v -9.14916706085205 -7.405002593994141 1.904266595840454 
v -9.137357711791992 -7.396177291870117 2.219698190689087 
v -9.137357711791992 -7.396177291870117 1.8932164907455444 
v -9.1638822555542 -7.410852909088135 2.2603371143341064 
v -9.175692558288574 -7.402265548706055 2.264629364013672 
v -9.1638822555542 -7.405002593994141 2.217278242111206 
v -9.175692558288574 -7.396177291870117 2.219698190689087 
v -9.210652351379395 -7.4327073097229 2.295496702194214 
v -9.22836685180664 -7.4327073097229 2.295496702194214 
v -9.210652351379395 -7.416187286376953 2.2576887607574463 
v -9.22836685180664 -7.416187286376953 2.2576887607574463 
v -9.102397918701172 -7.416187286376953 2.2576887607574463 
v -9.1215181350708 -7.402265548706055 2.264629364013672 
v -9.102397918701172 -7.410495758056641 2.215771198272705 
v -9.1215181350708 -7.396177291870117 2.219698190689087 
v -9.191532135009766 -7.419975280761719 2.305131435394287 
v -9.210652351379395 -7.4327073097229 2.295496702194214 
v -9.191532135009766 -7.402265548706055 2.264629364013672 
v -9.210652351379395 -7.416187286376953 2.2576887607574463 
v -9.137357711791992 -7.402265548706055 2.264629364013672 
v -9.14916706085205 -7.410852909088135 2.2603371143341064 
v -9.137357711791992 -7.396177291870117 2.219698190689087 
v -9.14916706085205 -7.405002593994141 2.217278242111206 
v -9.1638822555542 -7.427828788757324 2.2991955280303955 
v -9.175692558288574 -7.419975280761719 2.305131435394287 
v -9.1638822555542 -7.410852909088135 2.2603371143341064 
v -9.175692558288574 -7.402265548706055 2.264629364013672 
v -9.210652351379395 -7.458448886871338 2.3254966735839844 
v -9.22836685180664 -7.458448886871338 2.3254966735839844 
v -9.210652351379395 -7.4327073097229 2.295496702194214 
v -9.22836685180664 -7.4327073097229 2.295496702194214 
v -9.102397918701172 -7.4327073097229 2.295496702194214 
v -9.1215181350708 -7.419975280761719 2.305131435394287 
v -9.102397918701172 -7.416187286376953 2.2576887607574463 
v -9.1215181350708 -7.402265548706055 2.264629364013672 
v -9.191532135009766 -7.447561264038086 2.3373000621795654 
v -9.210652351379395 -7.458448886871338 2.3254966735839844 
v -9.191532135009766 -7.419975280761719 2.305131435394287 
v -9.210652351379395 -7.4327073097229 2.295496702194214 
v -9.137357711791992 -7.419975280761719 2.305131435394287 
v -9.14916706085205 -7.427828788757324 2.2991955280303955 
v -9.137357711791992 -7.402265548706055 2.264629364013672 
v -9.14916706085205 -7.410852909088135 2.2603371143341064 
v -9.1638822555542 -7.454264163970947 2.3300399780273438 
v -9.175692558288574 -7.447561264038086 2.3373000621795654 
v -9.1638822555542 -7.427828788757324 2.2991955280303955 
v -9.175692558288574 -7.419975280761719 2.305131435394287 
v -9.210652351379395 -7.490873336791992 2.3447659015655518 
v -9.22836685180664 -7.490873336791992 2.3447659015655518 
v -9.210652351379395 -7.458448886871338 2.3254966735839844 
v -9.22836685180664 -7.458448886871338 2.3254966735839844 
v -9.102397918701172 -7.458448886871338 2.3254966735839844 
v -9.1215181350708 -7.447561264038086 2.3373000621795654 
v -9.102397918701172 -7.4327073097229 2.295496702194214 
v -9.1215181350708 -7.419975280761719 2.305131435394287 
v -9.191532135009766 -7.482306480407715 2.3579392433166504 
v -9.210652351379395 -7.490873336791992 2.3447659015655518 
v -9.191532135009766 -7.447561264038086 2.3373000621795654 
v -9.210652351379395 -7.458448886871338 2.3254966735839844 
v -9.102397918701172 -7.490873336791992 2.3447659015655518 
v -9.1215181350708 -7.482306480407715 2.3579392433166504 
v -9.102397918701172 -7.458448886871338 2.3254966735839844 
v -9.1215181350708 -7.447561264038086 2.3373000621795654 
v -9.137357711791992 -7.447561264038086 2.3373000621795654 
v -9.14916706085205 -7.454264163970947 2.3300399780273438 
v -9.137357711791992 -7.419975280761719 2.305131435394287 
v -9.14916706085205 -7.427828788757324 2.2991955280303955 
v -9.210652351379395 -7.526828289031982 2.351409673690796 
v -9.22836685180664 -7.526828289031982 2.351409673690796 
v -9.210652351379395 -7.490873336791992 2.3447659015655518 
v -9.22836685180664 -7.490873336791992 2.3447659015655518 
v -9.1638822555542 -7.487581253051758 2.3498342037200928 
v -9.175692558288574 -7.482306480407715 2.3579392433166504 
v -9.1638822555542 -7.454264163970947 2.3300399780273438 
v -9.175692558288574 -7.447561264038086 2.3373000621795654 
v -9.210652351379395 -7.526828289031982 2.351409673690796 
v -9.191532135009766 -7.520839214324951 2.3650624752044678 
v -9.210652351379395 -7.693612575531006 2.351409673690796 
v -9.191532135009766 -7.699602127075195 2.3650624752044678 
v -9.137357711791992 -7.482306480407715 2.3579392433166504 
v -9.14916706085205 -7.487581253051758 2.3498342037200928 
v -9.137357711791992 -7.447561264038086 2.3373000621795654 
v -9.14916706085205 -7.454264163970947 2.3300399780273438 
v -9.137357711791992 -7.520839214324951 2.3650624752044678 
v -9.14916706085205 -7.5245280265808105 2.356637954711914 
v -9.137357711791992 -7.482306480407715 2.3579392433166504 
v -9.14916706085205 -7.487581253051758 2.3498342037200928 
v -9.083464622497559 -7.809925556182861 2.215771198272705 
v -9.083464622497559 -7.809925556182861 1.9111387729644775 
v -9.102397918701172 -7.809925556182861 2.215771198272705 
v -9.102397918701172 -7.809925556182861 1.9111387729644775 
v -9.1215181350708 -7.4362969398498535 1.8464131355285645 
v -9.102397918701172 -7.447937965393066 1.8674861192703247 
v -9.1215181350708 -7.407917499542236 1.8601117134094238 
v -9.102397918701172 -7.421462535858154 1.880271315574646 
v -9.102397918701172 -7.809925556182861 2.215771198272705 
v -9.102397918701172 -7.809925556182861 1.9111387729644775 
v -9.1215181350708 -7.824264049530029 2.219698190689087 
v -9.1215181350708 -7.824264049530029 1.8932164907455444 
v -9.1638822555542 -7.443475723266602 1.8594039678573608 
v -9.175692558288574 -7.4362969398498535 1.8464131355285645 
v -9.1638822555542 -7.776965141296387 1.8594039678573608 
v -9.175692558288574 -7.784124374389648 1.8464131355285645 
v -9.137357711791992 -7.824264049530029 2.219698190689087 
v -9.137357711791992 -7.824264049530029 1.8932164907455444 
v -9.14916706085205 -7.815438747406006 2.217278242111206 
v -9.14916706085205 -7.815438747406006 1.904266595840454 
v -9.102397918701172 -7.526828289031982 2.351409673690796 
v -9.083464622497559 -7.526828289031982 2.351409673690796 
v -9.102397918701172 -7.693612575531006 2.351409673690796 
v -9.083464622497559 -7.693612575531006 2.351409673690796 
v -9.102397918701172 -7.526828289031982 2.351409673690796 
v -9.1215181350708 -7.520839214324951 2.3650624752044678 
v -9.102397918701172 -7.490873336791992 2.3447659015655518 
v -9.1215181350708 -7.482306480407715 2.3579392433166504 
v -9.175692558288574 -7.520839214324951 2.3650624752044678 
v -9.1638822555542 -7.5245280265808105 2.356637954711914 
v -9.175692558288574 -7.699602127075195 2.3650624752044678 
v -9.1638822555542 -7.695913314819336 2.356637954711914 
v -9.14916706085205 -7.5245280265808105 2.356637954711914 
v -9.137357711791992 -7.520839214324951 2.3650624752044678 
v -9.14916706085205 -7.695913314819336 2.356637954711914 
v -9.137357711791992 -7.699602127075195 2.3650624752044678 
v -9.191532135009766 -7.520839214324951 2.3650624752044678 
v -9.210652351379395 -7.526828289031982 2.351409673690796 
v -9.191532135009766 -7.482306480407715 2.3579392433166504 
v -9.210652351379395 -7.490873336791992 2.3447659015655518 
v -9.175692558288574 -7.784124374389648 1.8464131355285645 
v -9.175692558288574 -7.4362969398498535 1.8464131355285645 
v -9.191532135009766 -7.784124374389648 1.8464131355285645 
v -9.191532135009766 -7.4362969398498535 1.8464131355285645 
v -9.1215181350708 -7.784124374389648 1.8464131355285645 
v -9.1215181350708 -7.4362969398498535 1.8464131355285645 
v -9.137357711791992 -7.784124374389648 1.8464131355285645 
v -9.137357711791992 -7.4362969398498535 1.8464131355285645 
v -9.175692558288574 -7.824264049530029 1.8932164907455444 
v -9.175692558288574 -7.812503814697266 1.8601117134094238 
v -9.191532135009766 -7.824264049530029 1.8932164907455444 
v -9.191532135009766 -7.812503814697266 1.8601117134094238 
v -9.1215181350708 -7.824264049530029 1.8932164907455444 
v -9.1215181350708 -7.812503814697266 1.8601117134094238 
v -9.137357711791992 -7.824264049530029 1.8932164907455444 
v -9.137357711791992 -7.812503814697266 1.8601117134094238 
v -9.175692558288574 -7.812503814697266 1.8601117134094238 
v -9.175692558288574 -7.784124374389648 1.8464131355285645 
v -9.191532135009766 -7.812503814697266 1.8601117134094238 
v -9.191532135009766 -7.784124374389648 1.8464131355285645 
v -9.1215181350708 -7.812503814697266 1.8601117134094238 
v -9.1215181350708 -7.784124374389648 1.8464131355285645 
v -9.137357711791992 -7.812503814697266 1.8601117134094238 
v -9.137357711791992 -7.784124374389648 1.8464131355285645 
v -9.137357711791992 -7.396177291870117 1.8932164907455444 
v -9.137357711791992 -7.407917499542236 1.8601117134094238 
v -9.1215181350708 -7.396177291870117 1.8932164907455444 
v -9.1215181350708 -7.407917499542236 1.8601117134094238 
v -9.191532135009766 -7.396177291870117 1.8932164907455444 
v -9.191532135009766 -7.407917499542236 1.8601117134094238 
v -9.175692558288574 -7.396177291870117 1.8932164907455444 
v -9.175692558288574 -7.407917499542236 1.8601117134094238 
v -9.137357711791992 -7.407917499542236 1.8601117134094238 
v -9.137357711791992 -7.4362969398498535 1.8464131355285645 
v -9.1215181350708 -7.407917499542236 1.8601117134094238 
v -9.1215181350708 -7.4362969398498535 1.8464131355285645 
v -9.191532135009766 -7.407917499542236 1.8601117134094238 
v -9.191532135009766 -7.4362969398498535 1.8464131355285645 
v -9.175692558288574 -7.407917499542236 1.8601117134094238 
v -9.175692558288574 -7.4362969398498535 1.8464131355285645 
v -9.175692558288574 -7.396177291870117 1.8932164907455444 
v -9.175692558288574 -7.396177291870117 2.219698190689087 
v -9.191532135009766 -7.396177291870117 1.8932164907455444 
v -9.191532135009766 -7.396177291870117 2.219698190689087 
v -9.1215181350708 -7.396177291870117 1.8932164907455444 
v -9.1215181350708 -7.396177291870117 2.219698190689087 
v -9.137357711791992 -7.396177291870117 1.8932164907455444 
v -9.137357711791992 -7.396177291870117 2.219698190689087 
v -9.137357711791992 -7.824264049530029 2.219698190689087 
v -9.137357711791992 -7.818155765533447 2.264629364013672 
v -9.1215181350708 -7.824264049530029 2.219698190689087 
v -9.1215181350708 -7.818155765533447 2.264629364013672 
v -9.191532135009766 -7.824264049530029 2.219698190689087 
v -9.191532135009766 -7.818155765533447 2.264629364013672 
v -9.175692558288574 -7.824264049530029 2.219698190689087 
v -9.175692558288574 -7.818155765533447 2.264629364013672 
v -9.137357711791992 -7.818155765533447 2.264629364013672 
v -9.137357711791992 -7.800446033477783 2.305131435394287 
v -9.1215181350708 -7.818155765533447 2.264629364013672 
v -9.1215181350708 -7.800446033477783 2.305131435394287 
v -9.191532135009766 -7.818155765533447 2.264629364013672 
v -9.191532135009766 -7.800446033477783 2.305131435394287 
v -9.175692558288574 -7.818155765533447 2.264629364013672 
v -9.175692558288574 -7.800446033477783 2.305131435394287 
v -9.137357711791992 -7.800446033477783 2.305131435394287 
v -9.137357711791992 -7.7728800773620605 2.3373000621795654 
v -9.1215181350708 -7.800446033477783 2.305131435394287 
v -9.1215181350708 -7.7728800773620605 2.3373000621795654 
v -9.191532135009766 -7.800446033477783 2.305131435394287 
v -9.191532135009766 -7.7728800773620605 2.3373000621795654 
v -9.175692558288574 -7.800446033477783 2.305131435394287 
v -9.175692558288574 -7.7728800773620605 2.3373000621795654 
v -9.137357711791992 -7.7728800773620605 2.3373000621795654 
v -9.137357711791992 -7.738114833831787 2.3579392433166504 
v -9.1215181350708 -7.7728800773620605 2.3373000621795654 
v -9.1215181350708 -7.738114833831787 2.3579392433166504 
v -9.191532135009766 -7.7728800773620605 2.3373000621795654 
v -9.191532135009766 -7.738114833831787 2.3579392433166504 
v -9.175692558288574 -7.7728800773620605 2.3373000621795654 
v -9.175692558288574 -7.738114833831787 2.3579392433166504 
v -9.137357711791992 -7.738114833831787 2.3579392433166504 
v -9.137357711791992 -7.699602127075195 2.3650624752044678 
v -9.1215181350708 -7.738114833831787 2.3579392433166504 
v -9.1215181350708 -7.699602127075195 2.3650624752044678 
v -9.191532135009766 -7.738114833831787 2.3579392433166504 
v -9.191532135009766 -7.699602127075195 2.3650624752044678 
v -9.175692558288574 -7.738114833831787 2.3579392433166504 
v -9.175692558288574 -7.699602127075195 2.3650624752044678 
v -9.175692558288574 -7.396177291870117 2.219698190689087 
v -9.175692558288574 -7.402265548706055 2.264629364013672 
v -9.191532135009766 -7.396177291870117 2.219698190689087 
v -9.191532135009766 -7.402265548706055 2.264629364013672 
v -9.1215181350708 -7.396177291870117 2.219698190689087 
v -9.1215181350708 -7.402265548706055 2.264629364013672 
v -9.137357711791992 -7.396177291870117 2.219698190689087 
v -9.137357711791992 -7.402265548706055 2.264629364013672 
v -9.175692558288574 -7.402265548706055 2.264629364013672 
v -9.175692558288574 -7.419975280761719 2.305131435394287 
v -9.191532135009766 -7.402265548706055 2.264629364013672 
v -9.191532135009766 -7.419975280761719 2.305131435394287 
v -9.1215181350708 -7.402265548706055 2.264629364013672 
v -9.1215181350708 -7.419975280761719 2.305131435394287 
v -9.137357711791992 -7.402265548706055 2.264629364013672 
v -9.137357711791992 -7.419975280761719 2.305131435394287 
v -9.175692558288574 -7.419975280761719 2.305131435394287 
v -9.175692558288574 -7.447561264038086 2.3373000621795654 
v -9.191532135009766 -7.419975280761719 2.305131435394287 
v -9.191532135009766 -7.447561264038086 2.3373000621795654 
v -9.1215181350708 -7.419975280761719 2.305131435394287 
v -9.1215181350708 -7.447561264038086 2.3373000621795654 
v -9.137357711791992 -7.419975280761719 2.305131435394287 
v -9.137357711791992 -7.447561264038086 2.3373000621795654 
v -9.175692558288574 -7.447561264038086 2.3373000621795654 
v -9.175692558288574 -7.482306480407715 2.3579392433166504 
v -9.191532135009766 -7.447561264038086 2.3373000621795654 
v -9.191532135009766 -7.482306480407715 2.3579392433166504 
v -9.1215181350708 -7.447561264038086 2.3373000621795654 
v -9.1215181350708 -7.482306480407715 2.3579392433166504 
v -9.137357711791992 -7.447561264038086 2.3373000621795654 
v -9.137357711791992 -7.482306480407715 2.3579392433166504 
v -9.175692558288574 -7.482306480407715 2.3579392433166504 
v -9.175692558288574 -7.520839214324951 2.3650624752044678 
v -9.191532135009766 -7.482306480407715 2.3579392433166504 
v -9.191532135009766 -7.520839214324951 2.3650624752044678 
v -9.1215181350708 -7.482306480407715 2.3579392433166504 
v -9.1215181350708 -7.520839214324951 2.3650624752044678 
v -9.137357711791992 -7.482306480407715 2.3579392433166504 
v -9.137357711791992 -7.520839214324951 2.3650624752044678 
v -9.137357711791992 -7.824264049530029 1.8932164907455444 
v -9.137357711791992 -7.824264049530029 2.219698190689087 
v -9.1215181350708 -7.824264049530029 1.8932164907455444 
v -9.1215181350708 -7.824264049530029 2.219698190689087 
v -9.191532135009766 -7.824264049530029 1.8932164907455444 
v -9.191532135009766 -7.824264049530029 2.219698190689087 
v -9.175692558288574 -7.824264049530029 1.8932164907455444 
v -9.175692558288574 -7.824264049530029 2.219698190689087 
v -9.137357711791992 -7.699602127075195 2.3650624752044678 
v -9.137357711791992 -7.520839214324951 2.3650624752044678 
v -9.1215181350708 -7.699602127075195 2.3650624752044678 
v -9.1215181350708 -7.520839214324951 2.3650624752044678 
v -9.191532135009766 -7.699602127075195 2.3650624752044678 
v -9.191532135009766 -7.520839214324951 2.3650624752044678 
v -9.175692558288574 -7.699602127075195 2.3650624752044678 
v -9.175692558288574 -7.520839214324951 2.3650624752044678 
v -9.1215181350708 -7.520839214324951 2.3650624752044678 
v -9.102397918701172 -7.526828289031982 2.351409673690796 
v -9.1215181350708 -7.699602127075195 2.3650624752044678 
v -9.102397918701172 -7.693612575531006 2.351409673690796 
v -10.660798072814941 -7.872890949249268 2.3035788536071777 
v -10.07509708404541 -7.872890949249268 2.3035788536071777 
v -10.660798072814941 -7.869559288024902 2.29766583442688 
v -10.07509708404541 -7.869559288024902 2.29766583442688 
v -9.686973571777344 -7.872890949249268 2.3035788536071777 
v -9.686973571777344 -7.869559288024902 2.29766583442688 
v -9.291444778442383 -7.872890949249268 2.3035788536071777 
v -11.16326904296875 -7.872890949249268 2.3035788536071777 
v -11.16326904296875 -7.869559288024902 2.29766583442688 
v -11.551393508911133 -7.872890949249268 2.3035788536071777 
v -11.551393508911133 -7.869559288024902 2.29766583442688 
v -11.608098030090332 -7.872890949249268 2.3035788536071777 
v -11.608098030090332 -7.869559288024902 2.29766583442688 
v -11.946921348571777 -7.872890949249268 2.3035788536071777 
v -11.946921348571777 -7.869559288024902 2.29766583442688 
v -12.000439643859863 -7.869559288024902 2.29766583442688 
v -12.000439643859863 -7.872890949249268 2.3035788536071777 
v -9.291444778442383 -7.869559288024902 2.29766583442688 
v -9.237926483154297 -7.869559288024902 2.29766583442688 
v -9.237926483154297 -7.872890949249268 2.3035788536071777 
v -9.854557991027832 -7.8586320877075195 1.836755633354187 
v -9.630362510681152 -7.8586320877075195 1.836755633354187 
v -9.854557991027832 -7.361808776855469 1.836755633354187 
v -9.630362510681152 -7.361808776855469 1.836755633354187 
v -9.291444778442383 -7.8586320877075195 1.836755633354187 
v -9.291444778442383 -7.361808776855469 1.836755633354187 
v -9.237926483154297 -7.361808776855469 1.836755633354187 
v -9.237926483154297 -7.8586320877075195 1.836755633354187 
v -10.365276336669922 -7.906128883361816 1.9203624725341797 
v -9.854557991027832 -7.906128883361816 1.9203624725341797 
v -10.365276336669922 -7.884393692016602 1.8682851791381836 
v -9.854557991027832 -7.884393692016602 1.8682851791381836 
v -9.630362510681152 -7.906128883361816 1.9203624725341797 
v -9.630362510681152 -7.884393692016602 1.8682851791381836 
v -9.291444778442383 -7.906128883361816 1.9203624725341797 
v -10.85134506225586 -7.906128883361816 1.9203624725341797 
v -10.85134506225586 -7.884393692016602 1.8682851791381836 
v -11.36393928527832 -7.906128883361816 1.9203624725341797 
v -11.36393928527832 -7.884393692016602 1.8682851791381836 
v -11.608004570007324 -7.906128883361816 1.9203624725341797 
v -11.608004570007324 -7.884393692016602 1.8682851791381836 
v -11.946921348571777 -7.906128883361816 1.9203624725341797 
v -11.946921348571777 -7.884393692016602 1.8682851791381836 
v -12.000439643859863 -7.884393692016602 1.8682851791381836 
v -12.000439643859863 -7.906128883361816 1.9203624725341797 
v -9.291444778442383 -7.884393692016602 1.8682851791381836 
v -9.237926483154297 -7.884393692016602 1.8682851791381836 
v -9.237926483154297 -7.906128883361816 1.9203624725341797 
v -9.291444778442383 -7.911285400390625 2.110292673110962 
v -9.291444778442383 -7.911285400390625 2.072438955307007 
v -9.291444778442383 -7.900992393493652 2.110292673110962 
v -9.291444778442383 -7.900992393493652 2.072438955307007 
v -9.291444778442383 -7.911285400390625 2.033421039581299 
v -9.291444778442383 -7.900992393493652 2.033421039581299 
v -9.291444778442383 -7.908786296844482 1.9955216646194458 
v -9.291444778442383 -7.8985137939453125 1.9955216646194458 
v -9.291444778442383 -7.9068427085876465 1.957234263420105 
v -9.291444778442383 -7.896550178527832 1.957234263420105 
v -9.630269050598145 -7.9068427085876465 1.957234263420105 
v -9.630269050598145 -7.896550178527832 1.957234263420105 
v -9.630269050598145 -7.908786296844482 1.9955216646194458 
v -9.630269050598145 -7.8985137939453125 1.9955216646194458 
v -9.630269050598145 -7.911285400390625 2.072438955307007 
v -9.630269050598145 -7.900992393493652 2.072438955307007 
v -9.630269050598145 -7.911285400390625 2.110292673110962 
v -9.630269050598145 -7.900992393493652 2.110292673110962 
v -9.291444778442383 -7.900992393493652 2.033421039581299 
v -9.630269050598145 -7.900992393493652 2.033421039581299 
v -9.291444778442383 -7.8985137939453125 1.9955216646194458 
v -9.630269050598145 -7.8985137939453125 1.9955216646194458 
v -9.291444778442383 -7.900992393493652 2.203145742416382 
v -9.630269050598145 -7.900992393493652 2.203145742416382 
v -9.291444778442383 -7.900992393493652 2.148465871810913 
v -9.630269050598145 -7.900992393493652 2.148465871810913 
v -9.291444778442383 -7.900992393493652 2.110292673110962 
v -9.630269050598145 -7.900992393493652 2.110292673110962 
v -9.291444778442383 -7.900992393493652 2.072438955307007 
v -9.630269050598145 -7.900992393493652 2.072438955307007 
v -9.291444778442383 -7.900992393493652 2.033421039581299 
v -9.630269050598145 -7.900992393493652 2.033421039581299 
v -9.291444778442383 -7.8985137939453125 1.9955216646194458 
v -9.630269050598145 -7.8985137939453125 1.9955216646194458 
v -9.291444778442383 -7.896550178527832 1.957234263420105 
v -9.630269050598145 -7.896550178527832 1.957234263420105 
v -9.630269050598145 -7.900992393493652 2.072438955307007 
v -9.630269050598145 -7.911285400390625 2.072438955307007 
v -9.630269050598145 -7.900992393493652 2.033421039581299 
v -9.630269050598145 -7.911285400390625 2.033421039581299 
v -9.630269050598145 -7.8985137939453125 1.9955216646194458 
v -9.630269050598145 -7.908786296844482 1.9955216646194458 
v -9.630269050598145 -7.898474216461182 2.258373737335205 
v -9.630269050598145 -7.900992393493652 2.203145742416382 
v -9.291444778442383 -7.898474216461182 2.258373737335205 
v -9.291444778442383 -7.900992393493652 2.203145742416382 
v -9.291444778442383 -7.911285400390625 2.148465871810913 
v -9.291444778442383 -7.900992393493652 2.148465871810913 
v -9.291444778442383 -7.911285400390625 2.110292673110962 
v -9.291444778442383 -7.900992393493652 2.110292673110962 
v -9.291444778442383 -7.906128883361816 1.9203624725341797 
v -9.291444778442383 -7.896550178527832 1.957234263420105 
v -9.630362510681152 -7.906128883361816 1.9203624725341797 
v -9.630269050598145 -7.896550178527832 1.957234263420105 
v -9.686973571777344 -7.655179023742676 2.397231340408325 
v -9.686973571777344 -7.741466522216797 2.381500720977783 
v -9.291444778442383 -7.655179023742676 2.397231340408325 
v -9.291444778442383 -7.741466522216797 2.381500720977783 
v -9.237926483154297 -7.741466522216797 2.381500720977783 
v -9.237926483154297 -7.655179023742676 2.397231340408325 
v -9.686973571777344 -7.741466522216797 2.381500720977783 
v -9.291444778442383 -7.741466522216797 2.381500720977783 
v -9.686973571777344 -7.817144393920898 2.351318359375 
v -9.291444778442383 -7.817144393920898 2.351318359375 
v -9.237926483154297 -7.817144393920898 2.351318359375 
v -9.237926483154297 -7.741466522216797 2.381500720977783 
v -9.291444778442383 -7.655179023742676 2.397231340408325 
v -9.686973571777344 -7.655179023742676 2.397231340408325 
v -9.291444778442383 -7.6225361824035645 2.397231340408325 
v -9.686973571777344 -7.6225361824035645 2.397231340408325 
v -9.291444778442383 -7.597905158996582 2.397231340408325 
v -9.237926483154297 -7.6225361824035645 2.397231340408325 
v -9.237926483154297 -7.597905158996582 2.397231340408325 
v -9.237926483154297 -7.565242290496826 2.397231340408325 
v -9.291444778442383 -7.565242290496826 2.397231340408325 
v -9.686973571777344 -7.565242290496826 2.397231340408325 
v -9.686973571777344 -7.597905158996582 2.397231340408325 
v -10.07509708404541 -7.565242290496826 2.397231340408325 
v -10.07509708404541 -7.597905158996582 2.397231340408325 
v -10.660798072814941 -7.565242290496826 2.397231340408325 
v -9.237926483154297 -7.655179023742676 2.397231340408325 
v -10.07509708404541 -7.6225361824035645 2.397231340408325 
v -10.07509708404541 -7.655179023742676 2.397231340408325 
v -10.660798072814941 -7.655179023742676 2.397231340408325 
v -10.660798072814941 -7.6225361824035645 2.397231340408325 
v -10.660798072814941 -7.597905158996582 2.397231340408325 
v -11.16326904296875 -7.597905158996582 2.397231340408325 
v -11.16326904296875 -7.565242290496826 2.397231340408325 
v -11.551393508911133 -7.597905158996582 2.397231340408325 
v -11.551393508911133 -7.565242290496826 2.397231340408325 
v -11.608098030090332 -7.597905158996582 2.397231340408325 
v -11.608098030090332 -7.565242290496826 2.397231340408325 
v -11.946921348571777 -7.597905158996582 2.397231340408325 
v -11.946921348571777 -7.565242290496826 2.397231340408325 
v -12.000439643859863 -7.565242290496826 2.397231340408325 
v -12.000439643859863 -7.597905158996582 2.397231340408325 
v -12.000439643859863 -7.6225361824035645 2.397231340408325 
v -11.946921348571777 -7.6225361824035645 2.397231340408325 
v -12.000439643859863 -7.655179023742676 2.397231340408325 
v -11.946921348571777 -7.655179023742676 2.397231340408325 
v -11.608098030090332 -7.655179023742676 2.397231340408325 
v -11.608098030090332 -7.6225361824035645 2.397231340408325 
v -11.551393508911133 -7.6225361824035645 2.397231340408325 
v -11.16326904296875 -7.6225361824035645 2.397231340408325 
v -11.16326904296875 -7.655179023742676 2.397231340408325 
v -11.551393508911133 -7.655179023742676 2.397231340408325 
v -10.660798072814941 -7.870828628540039 2.312870979309082 
v -10.660798072814941 -7.817144393920898 2.351318359375 
v -10.07509708404541 -7.870828628540039 2.312870979309082 
v -10.07509708404541 -7.817144393920898 2.351318359375 
v -9.686973571777344 -7.870828628540039 2.312870979309082 
v -9.686973571777344 -7.817144393920898 2.351318359375 
v -9.291444778442383 -7.870828628540039 2.312870979309082 
v -11.16326904296875 -7.870828628540039 2.312870979309082 
v -11.16326904296875 -7.817144393920898 2.351318359375 
v -11.551393508911133 -7.870828628540039 2.312870979309082 
v -11.551393508911133 -7.817144393920898 2.351318359375 
v -11.608098030090332 -7.870828628540039 2.312870979309082 
v -11.608098030090332 -7.817144393920898 2.351318359375 
v -11.946921348571777 -7.870828628540039 2.312870979309082 
v -11.946921348571777 -7.817144393920898 2.351318359375 
v -12.000439643859863 -7.870828628540039 2.312870979309082 
v -12.000439643859863 -7.817144393920898 2.351318359375 
v -9.291444778442383 -7.817144393920898 2.351318359375 
v -9.237926483154297 -7.870828628540039 2.312870979309082 
v -9.237926483154297 -7.817144393920898 2.351318359375 
v -9.630269050598145 -7.911285400390625 2.033421039581299 
v -9.630269050598145 -7.908786296844482 1.9955216646194458 
v -9.854463577270508 -7.911285400390625 2.033421039581299 
v -9.854463577270508 -7.908786296844482 1.9955216646194458 
v -10.365276336669922 -7.911285400390625 2.033421039581299 
v -10.365276336669922 -7.908786296844482 1.9955216646194458 
v -10.85134506225586 -7.908786296844482 1.9955216646194458 
v -10.85134506225586 -7.911285400390625 2.033421039581299 
v -11.364032745361328 -7.908786296844482 1.9955216646194458 
v -11.364032745361328 -7.911285400390625 2.033421039581299 
v -11.608098030090332 -7.908786296844482 1.9955216646194458 
v -11.608098030090332 -7.911285400390625 2.033421039581299 
v -10.234152793884277 -7.898474216461182 2.258373737335205 
v -10.234152793884277 -7.883699417114258 2.249720811843872 
v -10.197504997253418 -7.911285400390625 2.203145742416382 
v -10.197504997253418 -7.89450740814209 2.203145742416382 
v -10.03957462310791 -7.911285400390625 2.072438955307007 
v -10.03957462310791 -7.89450740814209 2.0785348415374756 
v -10.07509708404541 -7.911285400390625 2.110292673110962 
v -10.07509708404541 -7.89450740814209 2.110292673110962 
v -9.630269050598145 -7.908786296844482 1.9955216646194458 
v -9.854463577270508 -7.908786296844482 1.9955216646194458 
v -9.630269050598145 -7.9068427085876465 1.957234263420105 
v -9.854557991027832 -7.9068427085876465 1.957234263420105 
v -10.365276336669922 -7.908786296844482 1.9955216646194458 
v -10.365276336669922 -7.9068427085876465 1.957234263420105 
v -10.85134506225586 -7.9068427085876465 1.957234263420105 
v -10.85134506225586 -7.908786296844482 1.9955216646194458 
v -11.364032745361328 -7.9068427085876465 1.957234263420105 
v -11.364032745361328 -7.908786296844482 1.9955216646194458 
v -11.608098030090332 -7.9068427085876465 1.957234263420105 
v -11.608098030090332 -7.908786296844482 1.9955216646194458 
v -10.07509708404541 -7.911285400390625 2.203145742416382 
v -10.07509708404541 -7.89450740814209 2.203145742416382 
v -10.03957462310791 -7.898474216461182 2.258373737335205 
v -10.03957462310791 -7.883699417114258 2.249720811843872 
v -9.630269050598145 -7.898474216461182 2.258373737335205 
v -9.723620414733887 -7.898474216461182 2.258373737335205 
v -9.630269050598145 -7.911285400390625 2.203145742416382 
v -9.686973571777344 -7.911285400390625 2.203145742416382 
v -10.577568054199219 -7.911285400390625 2.203145742416382 
v -10.577568054199219 -7.89450740814209 2.203145742416382 
v -10.54279613494873 -7.898474216461182 2.258373737335205 
v -10.54279613494873 -7.883699417114258 2.249720811843872 
v -9.630269050598145 -7.9068427085876465 1.957234263420105 
v -9.854557991027832 -7.9068427085876465 1.957234263420105 
v -9.630362510681152 -7.906128883361816 1.9203624725341797 
v -9.854557991027832 -7.906128883361816 1.9203624725341797 
v -10.365276336669922 -7.9068427085876465 1.957234263420105 
v -10.365276336669922 -7.906128883361816 1.9203624725341797 
v -10.85134506225586 -7.906128883361816 1.9203624725341797 
v -10.85134506225586 -7.9068427085876465 1.957234263420105 
v -11.36393928527832 -7.906128883361816 1.9203624725341797 
v -11.364032745361328 -7.9068427085876465 1.957234263420105 
v -11.608004570007324 -7.906128883361816 1.9203624725341797 
v -11.608098030090332 -7.9068427085876465 1.957234263420105 
v -10.54279613494873 -7.911285400390625 2.072438955307007 
v -10.54279613494873 -7.89450740814209 2.0785348415374756 
v -10.577568054199219 -7.911285400390625 2.110292673110962 
v -10.577568054199219 -7.89450740814209 2.110292673110962 
v -10.03957462310791 -7.898474216461182 2.258373737335205 
v -10.234152793884277 -7.898474216461182 2.258373737335205 
v -10.07509708404541 -7.911285400390625 2.203145742416382 
v -10.197504997253418 -7.911285400390625 2.203145742416382 
v -9.723620414733887 -7.898474216461182 2.258373737335205 
v -9.723620414733887 -7.883699417114258 2.249720811843872 
v -9.686973571777344 -7.911285400390625 2.203145742416382 
v -9.686973571777344 -7.89450740814209 2.203145742416382 
v -10.234152793884277 -7.911285400390625 2.072438955307007 
v -10.234152793884277 -7.89450740814209 2.0785348415374756 
v -10.54279613494873 -7.911285400390625 2.072438955307007 
v -10.54279613494873 -7.89450740814209 2.0785348415374756 
v -9.686973571777344 -7.911285400390625 2.110292673110962 
v -9.686973571777344 -7.89450740814209 2.110292673110962 
v -9.723620414733887 -7.911285400390625 2.072438955307007 
v -9.723620414733887 -7.89450740814209 2.0785348415374756 
v -9.224711418151855 -7.86307430267334 2.2972776889801025 
v -9.21927547454834 -7.847407341003418 2.296318769454956 
v -9.224711418151855 -7.865731716156006 2.30198073387146 
v -9.21927547454834 -7.848438739776611 2.298145055770874 
v -10.07509708404541 -7.817144393920898 2.351318359375 
v -10.07509708404541 -7.741466522216797 2.381500720977783 
v -10.660798072814941 -7.817144393920898 2.351318359375 
v -10.660798072814941 -7.741466522216797 2.381500720977783 
v -11.16326904296875 -7.741466522216797 2.381500720977783 
v -11.16326904296875 -7.817144393920898 2.351318359375 
v -10.07509708404541 -7.741466522216797 2.381500720977783 
v -10.660798072814941 -7.741466522216797 2.381500720977783 
v -10.07509708404541 -7.655179023742676 2.397231340408325 
v -10.660798072814941 -7.655179023742676 2.397231340408325 
v -11.16326904296875 -7.655179023742676 2.397231340408325 
v -11.16326904296875 -7.741466522216797 2.381500720977783 
v -10.197504997253418 -7.89450740814209 2.203145742416382 
v -10.197504997253418 -7.89450740814209 2.148465871810913 
v -10.577568054199219 -7.89450740814209 2.203145742416382 
v -10.577568054199219 -7.89450740814209 2.148465871810913 
v -10.197504997253418 -7.89450740814209 2.110292673110962 
v -10.577568054199219 -7.89450740814209 2.110292673110962 
v -10.234152793884277 -7.89450740814209 2.0785348415374756 
v -10.54279613494873 -7.89450740814209 2.0785348415374756 
v -10.234152793884277 -7.883699417114258 2.249720811843872 
v -10.54279613494873 -7.883699417114258 2.249720811843872 
v -10.197504997253418 -7.89450740814209 2.203145742416382 
v -10.577568054199219 -7.89450740814209 2.203145742416382 
v -9.723620414733887 -7.883699417114258 2.249720811843872 
v -10.03957462310791 -7.883699417114258 2.249720811843872 
v -9.686973571777344 -7.89450740814209 2.203145742416382 
v -10.07509708404541 -7.89450740814209 2.203145742416382 
v -9.686973571777344 -7.89450740814209 2.203145742416382 
v -10.07509708404541 -7.89450740814209 2.203145742416382 
v -9.686973571777344 -7.89450740814209 2.148465871810913 
v -10.07509708404541 -7.89450740814209 2.148465871810913 
v -9.686973571777344 -7.89450740814209 2.110292673110962 
v -10.07509708404541 -7.89450740814209 2.110292673110962 
v -9.723620414733887 -7.89450740814209 2.0785348415374756 
v -10.03957462310791 -7.89450740814209 2.0785348415374756 
v -10.197504997253418 -7.911285400390625 2.110292673110962 
v -10.197504997253418 -7.89450740814209 2.110292673110962 
v -10.234152793884277 -7.911285400390625 2.072438955307007 
v -10.234152793884277 -7.89450740814209 2.0785348415374756 
v -9.686973571777344 -7.911285400390625 2.203145742416382 
v -9.686973571777344 -7.89450740814209 2.203145742416382 
v -9.686973571777344 -7.911285400390625 2.148465871810913 
v -9.686973571777344 -7.89450740814209 2.148465871810913 
v -9.686973571777344 -7.911285400390625 2.110292673110962 
v -9.686973571777344 -7.89450740814209 2.110292673110962 
v -10.03957462310791 -7.898474216461182 2.258373737335205 
v -10.03957462310791 -7.883699417114258 2.249720811843872 
v -9.723620414733887 -7.898474216461182 2.258373737335205 
v -9.723620414733887 -7.883699417114258 2.249720811843872 
v -10.07509708404541 -7.911285400390625 2.110292673110962 
v -10.07509708404541 -7.89450740814209 2.110292673110962 
v -10.07509708404541 -7.911285400390625 2.148465871810913 
v -10.07509708404541 -7.89450740814209 2.148465871810913 
v -10.07509708404541 -7.911285400390625 2.203145742416382 
v -10.07509708404541 -7.89450740814209 2.203145742416382 
v -10.577568054199219 -7.89450740814209 2.203145742416382 
v -10.577568054199219 -7.911285400390625 2.203145742416382 
v -10.577568054199219 -7.89450740814209 2.148465871810913 
v -10.577568054199219 -7.911285400390625 2.148465871810913 
v -10.577568054199219 -7.89450740814209 2.110292673110962 
v -10.577568054199219 -7.911285400390625 2.110292673110962 
v -9.723620414733887 -7.911285400390625 2.072438955307007 
v -9.723620414733887 -7.89450740814209 2.0785348415374756 
v -10.03957462310791 -7.911285400390625 2.072438955307007 
v -10.03957462310791 -7.89450740814209 2.0785348415374756 
v -10.197504997253418 -7.89450740814209 2.110292673110962 
v -10.197504997253418 -7.911285400390625 2.110292673110962 
v -10.197504997253418 -7.89450740814209 2.148465871810913 
v -10.197504997253418 -7.911285400390625 2.148465871810913 
v -10.197504997253418 -7.89450740814209 2.203145742416382 
v -10.197504997253418 -7.911285400390625 2.203145742416382 
v -10.54279613494873 -7.898474216461182 2.258373737335205 
v -10.54279613494873 -7.883699417114258 2.249720811843872 
v -10.234152793884277 -7.898474216461182 2.258373737335205 
v -10.234152793884277 -7.883699417114258 2.249720811843872 
v -9.291444778442383 -7.908786296844482 1.9955216646194458 
v -9.237926483154297 -7.908786296844482 1.9955216646194458 
v -9.291444778442383 -7.911285400390625 2.033421039581299 
v -9.237926483154297 -7.911285400390625 2.033421039581299 
v -9.291444778442383 -7.911285400390625 2.203145742416382 
v -9.237926483154297 -7.911285400390625 2.203145742416382 
v -9.291444778442383 -7.898474216461182 2.258373737335205 
v -9.237926483154297 -7.898474216461182 2.258373737335205 
v -9.291444778442383 -7.9068427085876465 1.957234263420105 
v -9.237926483154297 -7.9068427085876465 1.957234263420105 
v -9.291444778442383 -7.908786296844482 1.9955216646194458 
v -9.237926483154297 -7.908786296844482 1.9955216646194458 
v -9.237926483154297 -7.869559288024902 2.29766583442688 
v -9.224711418151855 -7.86307430267334 2.2972776889801025 
v -9.237926483154297 -7.872890949249268 2.3035788536071777 
v -9.224711418151855 -7.865731716156006 2.30198073387146 
v -9.291444778442383 -7.911285400390625 2.033421039581299 
v -9.237926483154297 -7.911285400390625 2.033421039581299 
v -9.291444778442383 -7.911285400390625 2.072438955307007 
v -9.237926483154297 -7.911285400390625 2.072438955307007 
v -9.291444778442383 -7.911285400390625 2.110292673110962 
v -9.237926483154297 -7.911285400390625 2.110292673110962 
v -9.291444778442383 -7.911285400390625 2.148465871810913 
v -9.237926483154297 -7.911285400390625 2.148465871810913 
v -9.291444778442383 -7.911285400390625 2.203145742416382 
v -9.237926483154297 -7.911285400390625 2.203145742416382 
v -9.291444778442383 -7.906128883361816 1.9203624725341797 
v -9.237926483154297 -7.906128883361816 1.9203624725341797 
v -9.291444778442383 -7.9068427085876465 1.957234263420105 
v -9.237926483154297 -7.9068427085876465 1.957234263420105 
v -9.703001022338867 -7.807248115539551 2.374377489089966 
v -9.703001022338867 -7.746404647827148 2.398646831512451 
v -10.059164047241211 -7.807248115539551 2.374377489089966 
v -10.059164047241211 -7.746404647827148 2.398646831512451 
v -9.703001022338867 -7.746404647827148 2.398646831512451 
v -9.703001022338867 -7.675804138183594 2.4115006923675537 
v -10.059164047241211 -7.746404647827148 2.398646831512451 
v -10.059164047241211 -7.675804138183594 2.4115006923675537 
v -9.686973571777344 -7.655179023742676 2.397231340408325 
v -9.703001022338867 -7.675804138183594 2.4115006923675537 
v -9.686973571777344 -7.741466522216797 2.381500720977783 
v -9.703001022338867 -7.746404647827148 2.398646831512451 
v -9.686973571777344 -7.741466522216797 2.381500720977783 
v -9.703001022338867 -7.746404647827148 2.398646831512451 
v -9.686973571777344 -7.817144393920898 2.351318359375 
v -9.703001022338867 -7.807248115539551 2.374377489089966 
v -10.07509708404541 -7.655179023742676 2.397231340408325 
v -10.059164047241211 -7.675804138183594 2.4115006923675537 
v -9.686973571777344 -7.655179023742676 2.397231340408325 
v -9.703001022338867 -7.675804138183594 2.4115006923675537 
v -10.059164047241211 -7.807248115539551 2.374377489089966 
v -10.07509708404541 -7.817144393920898 2.351318359375 
v -9.703001022338867 -7.807248115539551 2.374377489089966 
v -9.686973571777344 -7.817144393920898 2.351318359375 
v -10.059164047241211 -7.746404647827148 2.398646831512451 
v -10.07509708404541 -7.741466522216797 2.381500720977783 
v -10.059164047241211 -7.807248115539551 2.374377489089966 
v -10.07509708404541 -7.817144393920898 2.351318359375 
v -10.059164047241211 -7.675804138183594 2.4115006923675537 
v -10.07509708404541 -7.655179023742676 2.397231340408325 
v -10.059164047241211 -7.746404647827148 2.398646831512451 
v -10.07509708404541 -7.741466522216797 2.381500720977783 
v -9.237926483154297 -7.906128883361816 1.9203624725341797 
v -9.224804878234863 -7.900675296783447 1.9215039014816284 
v -9.237926483154297 -7.9068427085876465 1.957234263420105 
v -9.224804878234863 -7.901389122009277 1.9573484659194946 
v -9.224804878234863 -7.900675296783447 1.9215039014816284 
v -9.21927547454834 -7.887546539306641 1.9242664575576782 
v -9.224804878234863 -7.901389122009277 1.9573484659194946 
v -9.21927547454834 -7.8882012367248535 1.9575996398925781 
v -9.237926483154297 -7.898474216461182 2.258373737335205 
v -9.224711418151855 -7.893416881561279 2.25604510307312 
v -9.237926483154297 -7.869559288024902 2.29766583442688 
v -9.224711418151855 -7.86307430267334 2.2972776889801025 
v -9.224711418151855 -7.893416881561279 2.25604510307312 
v -9.21927547454834 -7.881180763244629 2.2504286766052246 
v -9.224711418151855 -7.86307430267334 2.2972776889801025 
v -9.21927547454834 -7.847407341003418 2.296318769454956 
v -9.21927547454834 -7.653493404388428 2.3785784244537354 
v -9.224711418151855 -7.6546831130981445 2.391751766204834 
v -9.21927547454834 -7.736290454864502 2.3634872436523438 
v -9.224711418151855 -7.739959239959717 2.3762269020080566 
v -9.224711418151855 -7.6546831130981445 2.391751766204834 
v -9.237926483154297 -7.655179023742676 2.397231340408325 
v -9.224711418151855 -7.739959239959717 2.3762269020080566 
v -9.237926483154297 -7.741466522216797 2.381500720977783 
v -9.21927547454834 -7.736290454864502 2.3634872436523438 
v -9.224711418151855 -7.739959239959717 2.3762269020080566 
v -9.21927547454834 -7.8081207275390625 2.334834337234497 
v -9.224711418151855 -7.814486980438232 2.346501111984253 
v -9.224711418151855 -7.739959239959717 2.3762269020080566 
v -9.237926483154297 -7.741466522216797 2.381500720977783 
v -9.224711418151855 -7.814486980438232 2.346501111984253 
v -9.237926483154297 -7.817144393920898 2.351318359375 
v -9.21927547454834 -7.598361015319824 2.3785784244537354 
v -9.224711418151855 -7.598043918609619 2.391751766204834 
v -9.21927547454834 -7.622060298919678 2.3785784244537354 
v -9.224711418151855 -7.622397422790527 2.391751766204834 
v -9.237926483154297 -7.565242290496826 2.397231340408325 
v -9.237926483154297 -7.597905158996582 2.397231340408325 
v -9.224711418151855 -7.565738201141357 2.391751766204834 
v -9.224711418151855 -7.598043918609619 2.391751766204834 
v -9.224711418151855 -7.622397422790527 2.391751766204834 
v -9.237926483154297 -7.6225361824035645 2.397231340408325 
v -9.224711418151855 -7.6546831130981445 2.391751766204834 
v -9.237926483154297 -7.655179023742676 2.397231340408325 
v -9.21927547454834 -7.868230819702148 1.8779654502868652 
v -9.224804878234863 -7.8796539306640625 1.8711161613464355 
v -9.21927547454834 -7.849767208099365 1.855385661125183 
v -9.224804878234863 -7.856034278869629 1.8422123193740845 
v -9.224804878234863 -7.8796539306640625 1.8711161613464355 
v -9.237926483154297 -7.884393692016602 1.8682851791381836 
v -9.224804878234863 -7.856034278869629 1.8422123193740845 
v -9.237926483154297 -7.8586320877075195 1.836755633354187 
v -9.237926483154297 -7.361808776855469 1.836755633354187 
v -9.224804878234863 -7.364407062530518 1.8422123193740845 
v -9.237926483154297 -7.8586320877075195 1.836755633354187 
v -9.224804878234863 -7.856034278869629 1.8422123193740845 
v -9.224804878234863 -7.364407062530518 1.8422123193740845 
v -9.21927547454834 -7.370654106140137 1.855385661125183 
v -9.224804878234863 -7.856034278869629 1.8422123193740845 
v -9.21927547454834 -7.849767208099365 1.855385661125183 
v -9.237926483154297 -7.884393692016602 1.8682851791381836 
v -9.224804878234863 -7.8796539306640625 1.8711161613464355 
v -9.237926483154297 -7.906128883361816 1.9203624725341797 
v -9.224804878234863 -7.900675296783447 1.9215039014816284 
v -9.224804878234863 -7.8796539306640625 1.8711161613464355 
v -9.21927547454834 -7.868230819702148 1.8779654502868652 
v -9.224804878234863 -7.900675296783447 1.9215039014816284 
v -9.21927547454834 -7.887546539306641 1.9242664575576782 
v -9.224711418151855 -7.814486980438232 2.346501111984253 
v -9.237926483154297 -7.817144393920898 2.351318359375 
v -9.224711418151855 -7.863669395446777 2.3112728595733643 
v -9.237926483154297 -7.870828628540039 2.312870979309082 
v -9.21927547454834 -7.8081207275390625 2.334834337234497 
v -9.224711418151855 -7.814486980438232 2.346501111984253 
v -9.21927547454834 -7.846375942230225 2.3074374198913574 
v -9.224711418151855 -7.863669395446777 2.3112728595733643 
v -9.237926483154297 -7.911285400390625 2.033421039581299 
v -9.224804878234863 -7.905811786651611 2.0336036682128906 
v -9.237926483154297 -7.911285400390625 2.072438955307007 
v -9.224804878234863 -7.905811786651611 2.072438955307007 
v -9.237926483154297 -7.911285400390625 2.110292673110962 
v -9.224804878234863 -7.905811786651611 2.110292673110962 
v -9.224804878234863 -7.905811786651611 2.0336036682128906 
v -9.21927547454834 -7.892623424530029 2.0340373516082764 
v -9.224804878234863 -7.905811786651611 2.072438955307007 
v -9.21927547454834 -7.892623424530029 2.072438955307007 
v -9.224804878234863 -7.905811786651611 2.110292673110962 
v -9.21927547454834 -7.892623424530029 2.110292673110962 
v -9.237926483154297 -7.911285400390625 2.203145742416382 
v -9.224711418151855 -7.905811786651611 2.2025065422058105 
v -9.237926483154297 -7.898474216461182 2.258373737335205 
v -9.224711418151855 -7.893416881561279 2.25604510307312 
v -9.224711418151855 -7.905811786651611 2.2025065422058105 
v -9.21927547454834 -7.892623424530029 2.2009997367858887 
v -9.224711418151855 -7.893416881561279 2.25604510307312 
v -9.21927547454834 -7.881180763244629 2.2504286766052246 
v -9.237926483154297 -7.911285400390625 2.148465871810913 
v -9.224711418151855 -7.905811786651611 2.148465871810913 
v -9.237926483154297 -7.911285400390625 2.203145742416382 
v -9.224711418151855 -7.905811786651611 2.2025065422058105 
v -9.224711418151855 -7.905811786651611 2.148465871810913 
v -9.21927547454834 -7.892623424530029 2.148465871810913 
v -9.224711418151855 -7.905811786651611 2.2025065422058105 
v -9.21927547454834 -7.892623424530029 2.2009997367858887 
v -9.237926483154297 -7.9068427085876465 1.957234263420105 
v -9.224804878234863 -7.901389122009277 1.9573484659194946 
v -9.237926483154297 -7.908786296844482 1.9955216646194458 
v -9.224804878234863 -7.903332710266113 1.995795726776123 
v -9.224804878234863 -7.901389122009277 1.9573484659194946 
v -9.21927547454834 -7.8882012367248535 1.9575996398925781 
v -9.224804878234863 -7.903332710266113 1.995795726776123 
v -9.21927547454834 -7.890164375305176 1.996457815170288 
v -9.237926483154297 -7.911285400390625 2.110292673110962 
v -9.224804878234863 -7.905811786651611 2.110292673110962 
v -9.237926483154297 -7.911285400390625 2.148465871810913 
v -9.224711418151855 -7.905811786651611 2.148465871810913 
v -9.224804878234863 -7.905811786651611 2.110292673110962 
v -9.21927547454834 -7.892623424530029 2.110292673110962 
v -9.224711418151855 -7.905811786651611 2.148465871810913 
v -9.21927547454834 -7.892623424530029 2.148465871810913 
v -9.237926483154297 -7.908786296844482 1.9955216646194458 
v -9.224804878234863 -7.903332710266113 1.995795726776123 
v -9.237926483154297 -7.911285400390625 2.033421039581299 
v -9.224804878234863 -7.905811786651611 2.0336036682128906 
v -9.224804878234863 -7.903332710266113 1.995795726776123 
v -9.21927547454834 -7.890164375305176 1.996457815170288 
v -9.224804878234863 -7.905811786651611 2.0336036682128906 
v -9.21927547454834 -7.892623424530029 2.0340373516082764 
v -10.660798072814941 -7.870828628540039 2.312870979309082 
v -10.660798072814941 -7.872890949249268 2.3035788536071777 
v -10.07509708404541 -7.870828628540039 2.312870979309082 
v -10.07509708404541 -7.872890949249268 2.3035788536071777 
v -9.686973571777344 -7.870828628540039 2.312870979309082 
v -9.686973571777344 -7.872890949249268 2.3035788536071777 
v -9.291444778442383 -7.870828628540039 2.312870979309082 
v -11.16326904296875 -7.870828628540039 2.312870979309082 
v -11.16326904296875 -7.872890949249268 2.3035788536071777 
v -11.551393508911133 -7.870828628540039 2.312870979309082 
v -11.551393508911133 -7.872890949249268 2.3035788536071777 
v -11.608098030090332 -7.870828628540039 2.312870979309082 
v -11.608098030090332 -7.872890949249268 2.3035788536071777 
v -11.946921348571777 -7.870828628540039 2.312870979309082 
v -11.946921348571777 -7.872890949249268 2.3035788536071777 
v -12.000439643859863 -7.870828628540039 2.312870979309082 
v -12.000439643859863 -7.872890949249268 2.3035788536071777 
v -9.291444778442383 -7.872890949249268 2.3035788536071777 
v -9.237926483154297 -7.870828628540039 2.312870979309082 
v -9.237926483154297 -7.872890949249268 2.3035788536071777 
v -9.21927547454834 -7.848438739776611 2.298145055770874 
v -9.21927547454834 -7.846375942230225 2.3074374198913574 
v -9.224711418151855 -7.865731716156006 2.30198073387146 
v -9.224711418151855 -7.863669395446777 2.3112728595733643 
v -9.224711418151855 -7.865731716156006 2.30198073387146 
v -9.224711418151855 -7.863669395446777 2.3112728595733643 
v -9.237926483154297 -7.872890949249268 2.3035788536071777 
v -9.237926483154297 -7.870828628540039 2.312870979309082 
v -9.21927547454834 -7.622060298919678 2.3785784244537354 
v -9.224711418151855 -7.622397422790527 2.391751766204834 
v -9.21927547454834 -7.653493404388428 2.3785784244537354 
v -9.224711418151855 -7.6546831130981445 2.391751766204834 
v -10.577568054199219 -7.911285400390625 2.203145742416382 
v -10.54279613494873 -7.898474216461182 2.258373737335205 
v -10.660798072814941 -7.911285400390625 2.203145742416382 
v -10.695664405822754 -7.898474216461182 2.258373737335205 
v -10.85134506225586 -7.361808776855469 1.836755633354187 
v -10.365276336669922 -7.361808776855469 1.836755633354187 
v -10.85134506225586 -7.8586320877075195 1.836755633354187 
v -10.365276336669922 -7.8586320877075195 1.836755633354187 
v -11.551393508911133 -7.741466522216797 2.381500720977783 
v -11.608098030090332 -7.741466522216797 2.381500720977783 
v -11.551393508911133 -7.817144393920898 2.351318359375 
v -11.608098030090332 -7.817144393920898 2.351318359375 
v -11.946921348571777 -7.741466522216797 2.381500720977783 
v -11.946921348571777 -7.817144393920898 2.351318359375 
v -12.000439643859863 -7.817144393920898 2.351318359375 
v -12.000439643859863 -7.741466522216797 2.381500720977783 
v -11.551393508911133 -7.655179023742676 2.397231340408325 
v -11.608098030090332 -7.655179023742676 2.397231340408325 
v -11.551393508911133 -7.741466522216797 2.381500720977783 
v -11.608098030090332 -7.741466522216797 2.381500720977783 
v -11.946921348571777 -7.655179023742676 2.397231340408325 
v -11.946921348571777 -7.741466522216797 2.381500720977783 
v -12.000439643859863 -7.741466522216797 2.381500720977783 
v -12.000439643859863 -7.655179023742676 2.397231340408325 
v -11.946921348571777 -7.896550178527832 1.957234263420105 
v -11.946921348571777 -7.8985137939453125 1.9955216646194458 
v -11.946921348571777 -7.9068427085876465 1.957234263420105 
v -11.946921348571777 -7.908786296844482 1.9955216646194458 
v -11.946921348571777 -7.900992393493652 2.033421039581299 
v -11.946921348571777 -7.911285400390625 2.033421039581299 
v -11.946921348571777 -7.900992393493652 2.072438955307007 
v -11.946921348571777 -7.911285400390625 2.072438955307007 
v -11.608098030090332 -7.8985137939453125 1.9955216646194458 
v -11.608098030090332 -7.908786296844482 1.9955216646194458 
v -11.608098030090332 -7.896550178527832 1.957234263420105 
v -11.608098030090332 -7.9068427085876465 1.957234263420105 
v -11.608098030090332 -7.900992393493652 2.110292673110962 
v -11.608098030090332 -7.911285400390625 2.110292673110962 
v -11.608098030090332 -7.900992393493652 2.072438955307007 
v -11.608098030090332 -7.911285400390625 2.072438955307007 
v -11.946921348571777 -7.900992393493652 2.072438955307007 
v -11.946921348571777 -7.911285400390625 2.072438955307007 
v -11.946921348571777 -7.900992393493652 2.110292673110962 
v -11.946921348571777 -7.911285400390625 2.110292673110962 
v -11.946921348571777 -7.900992393493652 2.148465871810913 
v -11.946921348571777 -7.911285400390625 2.148465871810913 
v -11.608098030090332 -7.8985137939453125 1.9955216646194458 
v -11.946921348571777 -7.8985137939453125 1.9955216646194458 
v -11.608098030090332 -7.900992393493652 2.033421039581299 
v -11.946921348571777 -7.900992393493652 2.033421039581299 
v -11.608098030090332 -7.900992393493652 2.033421039581299 
v -11.946921348571777 -7.900992393493652 2.033421039581299 
v -11.608098030090332 -7.900992393493652 2.072438955307007 
v -11.946921348571777 -7.900992393493652 2.072438955307007 
v -11.608098030090332 -7.900992393493652 2.110292673110962 
v -11.946921348571777 -7.900992393493652 2.110292673110962 
v -11.608098030090332 -7.900992393493652 2.148465871810913 
v -11.946921348571777 -7.900992393493652 2.148465871810913 
v -11.608098030090332 -7.900992393493652 2.203145742416382 
v -11.946921348571777 -7.900992393493652 2.203145742416382 
v -11.608098030090332 -7.896550178527832 1.957234263420105 
v -11.946921348571777 -7.896550178527832 1.957234263420105 
v -11.608098030090332 -7.8985137939453125 1.9955216646194458 
v -11.946921348571777 -7.8985137939453125 1.9955216646194458 
v -11.608098030090332 -7.900992393493652 2.072438955307007 
v -11.608098030090332 -7.911285400390625 2.072438955307007 
v -11.608098030090332 -7.900992393493652 2.033421039581299 
v -11.608098030090332 -7.911285400390625 2.033421039581299 
v -11.608098030090332 -7.8985137939453125 1.9955216646194458 
v -11.608098030090332 -7.908786296844482 1.9955216646194458 
v -11.946921348571777 -7.900992393493652 2.203145742416382 
v -11.946921348571777 -7.898474216461182 2.258373737335205 
v -11.608098030090332 -7.900992393493652 2.203145742416382 
v -11.608098030090332 -7.898474216461182 2.258373737335205 
v -11.608098030090332 -7.896550178527832 1.957234263420105 
v -11.608004570007324 -7.906128883361816 1.9203624725341797 
v -11.946921348571777 -7.896550178527832 1.957234263420105 
v -11.946921348571777 -7.906128883361816 1.9203624725341797 
v -11.36393928527832 -7.8586320877075195 1.836755633354187 
v -11.36393928527832 -7.361808776855469 1.836755633354187 
v -11.946921348571777 -7.8586320877075195 1.836755633354187 
v -11.946921348571777 -7.361808776855469 1.836755633354187 
v -12.000439643859863 -7.361808776855469 1.836755633354187 
v -12.000439643859863 -7.8586320877075195 1.836755633354187 
v -11.040861129760742 -7.89450740814209 2.203145742416382 
v -11.0042142868042 -7.883699417114258 2.249720811843872 
v -11.040861129760742 -7.911285400390625 2.203145742416382 
v -11.0042142868042 -7.898474216461182 2.258373737335205 
v -11.16326904296875 -7.89450740814209 2.110292673110962 
v -11.19879150390625 -7.89450740814209 2.0785348415374756 
v -11.16326904296875 -7.911285400390625 2.110292673110962 
v -11.19879150390625 -7.911285400390625 2.072438955307007 
v -11.19879150390625 -7.883699417114258 2.249720811843872 
v -11.16326904296875 -7.89450740814209 2.203145742416382 
v -11.19879150390625 -7.898474216461182 2.258373737335205 
v -11.16326904296875 -7.911285400390625 2.203145742416382 
v -11.551393508911133 -7.911285400390625 2.203145742416382 
v -11.514745712280273 -7.898474216461182 2.258373737335205 
v -11.608098030090332 -7.911285400390625 2.203145742416382 
v -11.608098030090332 -7.898474216461182 2.258373737335205 
v -10.695664405822754 -7.883699417114258 2.249720811843872 
v -10.660798072814941 -7.89450740814209 2.203145742416382 
v -10.695664405822754 -7.898474216461182 2.258373737335205 
v -10.660798072814941 -7.911285400390625 2.203145742416382 
v -10.660798072814941 -7.89450740814209 2.110292673110962 
v -10.695664405822754 -7.89450740814209 2.0785348415374756 
v -10.660798072814941 -7.911285400390625 2.110292673110962 
v -10.695664405822754 -7.911285400390625 2.072438955307007 
v -11.040861129760742 -7.911285400390625 2.203145742416382 
v -11.0042142868042 -7.898474216461182 2.258373737335205 
v -11.16326904296875 -7.911285400390625 2.203145742416382 
v -11.19879150390625 -7.898474216461182 2.258373737335205 
v -11.551393508911133 -7.89450740814209 2.203145742416382 
v -11.514745712280273 -7.883699417114258 2.249720811843872 
v -11.551393508911133 -7.911285400390625 2.203145742416382 
v -11.514745712280273 -7.898474216461182 2.258373737335205 
v -10.695664405822754 -7.89450740814209 2.0785348415374756 
v -11.0042142868042 -7.89450740814209 2.0785348415374756 
v -10.695664405822754 -7.911285400390625 2.072438955307007 
v -11.0042142868042 -7.911285400390625 2.072438955307007 
v -11.514745712280273 -7.89450740814209 2.0785348415374756 
v -11.551393508911133 -7.89450740814209 2.110292673110962 
v -11.514745712280273 -7.911285400390625 2.072438955307007 
v -11.551393508911133 -7.911285400390625 2.110292673110962 
v -12.019091606140137 -7.848438739776611 2.298145055770874 
v -12.019091606140137 -7.847407341003418 2.296318769454956 
v -12.013655662536621 -7.865731716156006 2.30198073387146 
v -12.013655662536621 -7.86307430267334 2.2972776889801025 
v -10.695664405822754 -7.89450740814209 2.0785348415374756 
v -10.660798072814941 -7.89450740814209 2.110292673110962 
v -11.0042142868042 -7.89450740814209 2.0785348415374756 
v -11.040861129760742 -7.89450740814209 2.110292673110962 
v -10.660798072814941 -7.89450740814209 2.148465871810913 
v -11.040861129760742 -7.89450740814209 2.148465871810913 
v -10.660798072814941 -7.89450740814209 2.203145742416382 
v -11.040861129760742 -7.89450740814209 2.203145742416382 
v -10.660798072814941 -7.89450740814209 2.203145742416382 
v -11.040861129760742 -7.89450740814209 2.203145742416382 
v -10.695664405822754 -7.883699417114258 2.249720811843872 
v -11.0042142868042 -7.883699417114258 2.249720811843872 
v -11.16326904296875 -7.89450740814209 2.203145742416382 
v -11.551393508911133 -7.89450740814209 2.203145742416382 
v -11.19879150390625 -7.883699417114258 2.249720811843872 
v -11.514745712280273 -7.883699417114258 2.249720811843872 
v -11.551393508911133 -7.89450740814209 2.203145742416382 
v -11.16326904296875 -7.89450740814209 2.203145742416382 
v -11.551393508911133 -7.89450740814209 2.148465871810913 
v -11.16326904296875 -7.89450740814209 2.148465871810913 
v -11.551393508911133 -7.89450740814209 2.110292673110962 
v -11.16326904296875 -7.89450740814209 2.110292673110962 
v -11.514745712280273 -7.89450740814209 2.0785348415374756 
v -11.19879150390625 -7.89450740814209 2.0785348415374756 
v -11.0042142868042 -7.89450740814209 2.0785348415374756 
v -11.0042142868042 -7.911285400390625 2.072438955307007 
v -11.040861129760742 -7.89450740814209 2.110292673110962 
v -11.040861129760742 -7.911285400390625 2.110292673110962 
v -11.551393508911133 -7.911285400390625 2.203145742416382 
v -11.551393508911133 -7.89450740814209 2.203145742416382 
v -11.551393508911133 -7.911285400390625 2.148465871810913 
v -11.551393508911133 -7.89450740814209 2.148465871810913 
v -11.551393508911133 -7.911285400390625 2.110292673110962 
v -11.551393508911133 -7.89450740814209 2.110292673110962 
v -11.514745712280273 -7.883699417114258 2.249720811843872 
v -11.514745712280273 -7.898474216461182 2.258373737335205 
v -11.19879150390625 -7.883699417114258 2.249720811843872 
v -11.19879150390625 -7.898474216461182 2.258373737335205 
v -11.16326904296875 -7.911285400390625 2.110292673110962 
v -11.16326904296875 -7.89450740814209 2.110292673110962 
v -11.16326904296875 -7.911285400390625 2.148465871810913 
v -11.16326904296875 -7.89450740814209 2.148465871810913 
v -11.16326904296875 -7.911285400390625 2.203145742416382 
v -11.16326904296875 -7.89450740814209 2.203145742416382 
v -10.660798072814941 -7.89450740814209 2.203145742416382 
v -10.660798072814941 -7.911285400390625 2.203145742416382 
v -10.660798072814941 -7.89450740814209 2.148465871810913 
v -10.660798072814941 -7.911285400390625 2.148465871810913 
v -10.660798072814941 -7.89450740814209 2.110292673110962 
v -10.660798072814941 -7.911285400390625 2.110292673110962 
v -11.19879150390625 -7.89450740814209 2.0785348415374756 
v -11.19879150390625 -7.911285400390625 2.072438955307007 
v -11.514745712280273 -7.89450740814209 2.0785348415374756 
v -11.514745712280273 -7.911285400390625 2.072438955307007 
v -11.040861129760742 -7.89450740814209 2.110292673110962 
v -11.040861129760742 -7.911285400390625 2.110292673110962 
v -11.040861129760742 -7.89450740814209 2.148465871810913 
v -11.040861129760742 -7.911285400390625 2.148465871810913 
v -11.040861129760742 -7.89450740814209 2.203145742416382 
v -11.040861129760742 -7.911285400390625 2.203145742416382 
v -11.0042142868042 -7.883699417114258 2.249720811843872 
v -11.0042142868042 -7.898474216461182 2.258373737335205 
v -10.695664405822754 -7.883699417114258 2.249720811843872 
v -10.695664405822754 -7.898474216461182 2.258373737335205 
v -12.000439643859863 -7.911285400390625 2.033421039581299 
v -11.946921348571777 -7.911285400390625 2.033421039581299 
v -12.000439643859863 -7.908786296844482 1.9955216646194458 
v -11.946921348571777 -7.908786296844482 1.9955216646194458 
v -12.000439643859863 -7.898474216461182 2.258373737335205 
v -11.946921348571777 -7.898474216461182 2.258373737335205 
v -12.000439643859863 -7.911285400390625 2.203145742416382 
v -11.946921348571777 -7.911285400390625 2.203145742416382 
v -12.000439643859863 -7.908786296844482 1.9955216646194458 
v -11.946921348571777 -7.908786296844482 1.9955216646194458 
v -12.000439643859863 -7.9068427085876465 1.957234263420105 
v -11.946921348571777 -7.9068427085876465 1.957234263420105 
v -12.013655662536621 -7.865731716156006 2.30198073387146 
v -12.000439643859863 -7.872890949249268 2.3035788536071777 
v -12.013655662536621 -7.86307430267334 2.2972776889801025 
v -12.000439643859863 -7.869559288024902 2.29766583442688 
v -12.000439643859863 -7.911285400390625 2.203145742416382 
v -11.946921348571777 -7.911285400390625 2.203145742416382 
v -12.000439643859863 -7.911285400390625 2.148465871810913 
v -11.946921348571777 -7.911285400390625 2.148465871810913 
v -12.000439643859863 -7.911285400390625 2.110292673110962 
v -11.946921348571777 -7.911285400390625 2.110292673110962 
v -12.000439643859863 -7.911285400390625 2.072438955307007 
v -11.946921348571777 -7.911285400390625 2.072438955307007 
v -12.000439643859863 -7.911285400390625 2.033421039581299 
v -11.946921348571777 -7.911285400390625 2.033421039581299 
v -12.000439643859863 -7.9068427085876465 1.957234263420105 
v -11.946921348571777 -7.9068427085876465 1.957234263420105 
v -12.000439643859863 -7.906128883361816 1.9203624725341797 
v -11.946921348571777 -7.906128883361816 1.9203624725341797 
v -11.179296493530273 -7.746404647827148 2.398646831512451 
v -11.179296493530273 -7.807248115539551 2.374377489089966 
v -11.535459518432617 -7.746404647827148 2.398646831512451 
v -11.535459518432617 -7.807248115539551 2.374377489089966 
v -11.179296493530273 -7.675804138183594 2.4115006923675537 
v -11.179296493530273 -7.746404647827148 2.398646831512451 
v -11.535459518432617 -7.675804138183594 2.4115006923675537 
v -11.535459518432617 -7.746404647827148 2.398646831512451 
v -11.535459518432617 -7.746404647827148 2.398646831512451 
v -11.551393508911133 -7.741466522216797 2.381500720977783 
v -11.535459518432617 -7.675804138183594 2.4115006923675537 
v -11.551393508911133 -7.655179023742676 2.397231340408325 
v -11.535459518432617 -7.807248115539551 2.374377489089966 
v -11.551393508911133 -7.817144393920898 2.351318359375 
v -11.535459518432617 -7.746404647827148 2.398646831512451 
v -11.551393508911133 -7.741466522216797 2.381500720977783 
v -11.535459518432617 -7.675804138183594 2.4115006923675537 
v -11.551393508911133 -7.655179023742676 2.397231340408325 
v -11.179296493530273 -7.675804138183594 2.4115006923675537 
v -11.16326904296875 -7.655179023742676 2.397231340408325 
v -11.551393508911133 -7.817144393920898 2.351318359375 
v -11.535459518432617 -7.807248115539551 2.374377489089966 
v -11.16326904296875 -7.817144393920898 2.351318359375 
v -11.179296493530273 -7.807248115539551 2.374377489089966 
v -11.16326904296875 -7.817144393920898 2.351318359375 
v -11.179296493530273 -7.807248115539551 2.374377489089966 
v -11.16326904296875 -7.741466522216797 2.381500720977783 
v -11.179296493530273 -7.746404647827148 2.398646831512451 
v -11.16326904296875 -7.741466522216797 2.381500720977783 
v -11.179296493530273 -7.746404647827148 2.398646831512451 
v -11.16326904296875 -7.655179023742676 2.397231340408325 
v -11.179296493530273 -7.675804138183594 2.4115006923675537 
v -12.013655662536621 -7.901389122009277 1.9573484659194946 
v -12.000439643859863 -7.9068427085876465 1.957234263420105 
v -12.013655662536621 -7.900675296783447 1.9215039014816284 
v -12.000439643859863 -7.906128883361816 1.9203624725341797 
v -12.019091606140137 -7.8882012367248535 1.9575996398925781 
v -12.013655662536621 -7.901389122009277 1.9573484659194946 
v -12.019091606140137 -7.887546539306641 1.9242664575576782 
v -12.013655662536621 -7.900675296783447 1.9215039014816284 
v -12.013655662536621 -7.86307430267334 2.2972776889801025 
v -12.000439643859863 -7.869559288024902 2.29766583442688 
v -12.013655662536621 -7.893416881561279 2.25604510307312 
v -12.000439643859863 -7.898474216461182 2.258373737335205 
v -12.019091606140137 -7.847407341003418 2.296318769454956 
v -12.013655662536621 -7.86307430267334 2.2972776889801025 
v -12.019091606140137 -7.881180763244629 2.2504286766052246 
v -12.013655662536621 -7.893416881561279 2.25604510307312 
v -12.013655662536621 -7.739959239959717 2.3762269020080566 
v -12.019091606140137 -7.7363104820251465 2.3634872436523438 
v -12.013655662536621 -7.6546831130981445 2.391751766204834 
v -12.019091606140137 -7.653493404388428 2.3785784244537354 
v -12.000439643859863 -7.741466522216797 2.381500720977783 
v -12.013655662536621 -7.739959239959717 2.3762269020080566 
v -12.000439643859863 -7.655179023742676 2.397231340408325 
v -12.013655662536621 -7.6546831130981445 2.391751766204834 
v -12.013655662536621 -7.814486980438232 2.346501111984253 
v -12.019091606140137 -7.8081207275390625 2.334834337234497 
v -12.013655662536621 -7.739959239959717 2.3762269020080566 
v -12.019091606140137 -7.7363104820251465 2.3634872436523438 
v -12.000439643859863 -7.817144393920898 2.351318359375 
v -12.013655662536621 -7.814486980438232 2.346501111984253 
v -12.000439643859863 -7.741466522216797 2.381500720977783 
v -12.013655662536621 -7.739959239959717 2.3762269020080566 
v -12.013655662536621 -7.622397422790527 2.391751766204834 
v -12.019091606140137 -7.622060298919678 2.3785784244537354 
v -12.013655662536621 -7.598043918609619 2.391751766204834 
v -12.019091606140137 -7.598361015319824 2.3785784244537354 
v -12.000439643859863 -7.655179023742676 2.397231340408325 
v -12.013655662536621 -7.6546831130981445 2.391751766204834 
v -12.000439643859863 -7.6225361824035645 2.397231340408325 
v -12.013655662536621 -7.622397422790527 2.391751766204834 
v -12.000439643859863 -7.597905158996582 2.397231340408325 
v -12.013655662536621 -7.598043918609619 2.391751766204834 
v -12.013655662536621 -7.565738201141357 2.391751766204834 
v -12.000439643859863 -7.565242290496826 2.397231340408325 
v -12.013655662536621 -7.856034278869629 1.8422123193740845 
v -12.013655662536621 -7.8796539306640625 1.8711161613464355 
v -12.019091606140137 -7.84978723526001 1.855385661125183 
v -12.019091606140137 -7.868230819702148 1.8779654502868652 
v -12.000439643859863 -7.8586320877075195 1.836755633354187 
v -12.000439643859863 -7.884393692016602 1.8682851791381836 
v -12.013655662536621 -7.856034278869629 1.8422123193740845 
v -12.013655662536621 -7.8796539306640625 1.8711161613464355 
v -12.013655662536621 -7.856034278869629 1.8422123193740845 
v -12.013655662536621 -7.364407062530518 1.8422123193740845 
v -12.000439643859863 -7.8586320877075195 1.836755633354187 
v -12.000439643859863 -7.361808776855469 1.836755633354187 
v -12.019091606140137 -7.84978723526001 1.855385661125183 
v -12.019091606140137 -7.370654106140137 1.855385661125183 
v -12.013655662536621 -7.856034278869629 1.8422123193740845 
v -12.013655662536621 -7.364407062530518 1.8422123193740845 
v -12.013655662536621 -7.900675296783447 1.9215039014816284 
v -12.013655662536621 -7.8796539306640625 1.8711161613464355 
v -12.000439643859863 -7.906128883361816 1.9203624725341797 
v -12.000439643859863 -7.884393692016602 1.8682851791381836 
v -12.019091606140137 -7.887546539306641 1.9242664575576782 
v -12.019091606140137 -7.868230819702148 1.8779654502868652 
v -12.013655662536621 -7.900675296783447 1.9215039014816284 
v -12.013655662536621 -7.8796539306640625 1.8711161613464355 
v -12.000439643859863 -7.870828628540039 2.312870979309082 
v -12.000439643859863 -7.817144393920898 2.351318359375 
v -12.013655662536621 -7.863669395446777 2.3112728595733643 
v -12.013655662536621 -7.814486980438232 2.346501111984253 
v -12.013655662536621 -7.863669395446777 2.3112728595733643 
v -12.013655662536621 -7.814486980438232 2.346501111984253 
v -12.019091606140137 -7.846375942230225 2.3074374198913574 
v -12.019091606140137 -7.8081207275390625 2.334834337234497 
v -12.013655662536621 -7.905811786651611 2.072438955307007 
v -12.013655662536621 -7.905811786651611 2.0336036682128906 
v -12.000439643859863 -7.911285400390625 2.072438955307007 
v -12.000439643859863 -7.911285400390625 2.033421039581299 
v -12.013655662536621 -7.905811786651611 2.0336036682128906 
v -12.013655662536621 -7.905811786651611 2.072438955307007 
v -12.019091606140137 -7.892623424530029 2.0340373516082764 
v -12.019091606140137 -7.892623424530029 2.072438955307007 
v -12.013655662536621 -7.905811786651611 2.110292673110962 
v -12.019091606140137 -7.892623424530029 2.110292673110962 
v -12.013655662536621 -7.893416881561279 2.25604510307312 
v -12.000439643859863 -7.898474216461182 2.258373737335205 
v -12.013655662536621 -7.905811786651611 2.2025065422058105 
v -12.000439643859863 -7.911285400390625 2.203145742416382 
v -12.019091606140137 -7.881180763244629 2.2504286766052246 
v -12.013655662536621 -7.893416881561279 2.25604510307312 
v -12.019091606140137 -7.892623424530029 2.2009997367858887 
v -12.013655662536621 -7.905811786651611 2.2025065422058105 
v -12.013655662536621 -7.905811786651611 2.2025065422058105 
v -12.000439643859863 -7.911285400390625 2.203145742416382 
v -12.013655662536621 -7.905811786651611 2.148465871810913 
v -12.000439643859863 -7.911285400390625 2.148465871810913 
v -12.019091606140137 -7.892623424530029 2.2009997367858887 
v -12.013655662536621 -7.905811786651611 2.2025065422058105 
v -12.019091606140137 -7.892623424530029 2.148465871810913 
v -12.013655662536621 -7.905811786651611 2.148465871810913 
v -12.013655662536621 -7.903332710266113 1.995795726776123 
v -12.000439643859863 -7.908786296844482 1.9955216646194458 
v -12.013655662536621 -7.901389122009277 1.9573484659194946 
v -12.000439643859863 -7.9068427085876465 1.957234263420105 
v -12.019091606140137 -7.890164375305176 1.996457815170288 
v -12.013655662536621 -7.903332710266113 1.995795726776123 
v -12.019091606140137 -7.8882012367248535 1.9575996398925781 
v -12.013655662536621 -7.901389122009277 1.9573484659194946 
v -12.013655662536621 -7.905811786651611 2.110292673110962 
v -12.000439643859863 -7.911285400390625 2.110292673110962 
v -12.013655662536621 -7.905811786651611 2.072438955307007 
v -12.000439643859863 -7.911285400390625 2.072438955307007 
v -12.013655662536621 -7.905811786651611 2.148465871810913 
v -12.000439643859863 -7.911285400390625 2.148465871810913 
v -12.013655662536621 -7.905811786651611 2.110292673110962 
v -12.000439643859863 -7.911285400390625 2.110292673110962 
v -12.019091606140137 -7.892623424530029 2.148465871810913 
v -12.013655662536621 -7.905811786651611 2.148465871810913 
v -12.019091606140137 -7.892623424530029 2.110292673110962 
v -12.013655662536621 -7.905811786651611 2.110292673110962 
v -12.013655662536621 -7.905811786651611 2.0336036682128906 
v -12.000439643859863 -7.911285400390625 2.033421039581299 
v -12.013655662536621 -7.903332710266113 1.995795726776123 
v -12.000439643859863 -7.908786296844482 1.9955216646194458 
v -12.019091606140137 -7.892623424530029 2.0340373516082764 
v -12.013655662536621 -7.905811786651611 2.0336036682128906 
v -12.019091606140137 -7.890164375305176 1.996457815170288 
v -12.013655662536621 -7.903332710266113 1.995795726776123 
v -12.013655662536621 -7.863669395446777 2.3112728595733643 
v -12.013655662536621 -7.865731716156006 2.30198073387146 
v -12.019091606140137 -7.846375942230225 2.3074374198913574 
v -12.019091606140137 -7.848438739776611 2.298145055770874 
v -12.000439643859863 -7.870828628540039 2.312870979309082 
v -12.000439643859863 -7.872890949249268 2.3035788536071777 
v -12.013655662536621 -7.863669395446777 2.3112728595733643 
v -12.013655662536621 -7.865731716156006 2.30198073387146 
v -12.013655662536621 -7.6546831130981445 2.391751766204834 
v -12.019091606140137 -7.653493404388428 2.3785784244537354 
v -12.013655662536621 -7.622397422790527 2.391751766204834 
v -12.019091606140137 -7.622060298919678 2.3785784244537354 
v -9.237926483154297 -7.347530364990234 2.3035788536071777 
v -9.291444778442383 -7.347530364990234 2.3035788536071777 
v -9.237926483154297 -7.3508620262146 2.29766583442688 
v -9.291444778442383 -7.3508620262146 2.29766583442688 
v -9.686973571777344 -7.3508620262146 2.29766583442688 
v -9.686973571777344 -7.347530364990234 2.3035788536071777 
v -10.07509708404541 -7.3508620262146 2.29766583442688 
v -10.07509708404541 -7.347530364990234 2.3035788536071777 
v -10.660798072814941 -7.3508620262146 2.29766583442688 
v -10.660798072814941 -7.347530364990234 2.3035788536071777 
v -11.16326904296875 -7.347530364990234 2.3035788536071777 
v -11.16326904296875 -7.3508620262146 2.29766583442688 
v -11.551393508911133 -7.347530364990234 2.3035788536071777 
v -11.551393508911133 -7.3508620262146 2.29766583442688 
v -11.608098030090332 -7.347530364990234 2.3035788536071777 
v -11.608098030090332 -7.3508620262146 2.29766583442688 
v -11.946921348571777 -7.347530364990234 2.3035788536071777 
v -11.946921348571777 -7.3508620262146 2.29766583442688 
v -12.000439643859863 -7.3508620262146 2.29766583442688 
v -12.000439643859863 -7.347530364990234 2.3035788536071777 
v -9.237926483154297 -7.314311981201172 1.9203624725341797 
v -9.291444778442383 -7.314311981201172 1.9203624725341797 
v -9.237926483154297 -7.3360276222229 1.8682851791381836 
v -9.291444778442383 -7.3360276222229 1.8682851791381836 
v -9.630362510681152 -7.3360276222229 1.8682851791381836 
v -9.630362510681152 -7.314311981201172 1.9203624725341797 
v -9.854557991027832 -7.3360276222229 1.8682851791381836 
v -9.854557991027832 -7.314311981201172 1.9203624725341797 
v -10.365276336669922 -7.3360276222229 1.8682851791381836 
v -10.365276336669922 -7.314311981201172 1.9203624725341797 
v -10.85134506225586 -7.314311981201172 1.9203624725341797 
v -10.85134506225586 -7.3360276222229 1.8682851791381836 
v -11.36393928527832 -7.314311981201172 1.9203624725341797 
v -11.36393928527832 -7.3360276222229 1.8682851791381836 
v -11.608004570007324 -7.314311981201172 1.9203624725341797 
v -11.608004570007324 -7.3360276222229 1.8682851791381836 
v -11.946921348571777 -7.314311981201172 1.9203624725341797 
v -11.946921348571777 -7.3360276222229 1.8682851791381836 
v -12.000439643859863 -7.3360276222229 1.8682851791381836 
v -12.000439643859863 -7.314311981201172 1.9203624725341797 
v -9.291444778442383 -7.32387113571167 1.957234263420105 
v -9.291444778442383 -7.313578128814697 1.957234263420105 
v -9.291444778442383 -7.321927547454834 1.9955216646194458 
v -9.291444778442383 -7.3116350173950195 1.9955216646194458 
v -9.291444778442383 -7.319448471069336 2.033421039581299 
v -9.291444778442383 -7.3091559410095215 2.033421039581299 
v -9.291444778442383 -7.319448471069336 2.072438955307007 
v -9.291444778442383 -7.3091559410095215 2.072438955307007 
v -9.291444778442383 -7.319448471069336 2.110292673110962 
v -9.291444778442383 -7.3091559410095215 2.110292673110962 
v -9.630269050598145 -7.321927547454834 1.9955216646194458 
v -9.630269050598145 -7.3116350173950195 1.9955216646194458 
v -9.630269050598145 -7.32387113571167 1.957234263420105 
v -9.630269050598145 -7.313578128814697 1.957234263420105 
v -9.630269050598145 -7.319448471069336 2.110292673110962 
v -9.630269050598145 -7.3091559410095215 2.110292673110962 
v -9.630269050598145 -7.319448471069336 2.072438955307007 
v -9.630269050598145 -7.3091559410095215 2.072438955307007 
v -9.630269050598145 -7.321927547454834 1.9955216646194458 
v -9.291444778442383 -7.321927547454834 1.9955216646194458 
v -9.630269050598145 -7.319448471069336 2.033421039581299 
v -9.291444778442383 -7.319448471069336 2.033421039581299 
v -9.630269050598145 -7.319448471069336 2.033421039581299 
v -9.291444778442383 -7.319448471069336 2.033421039581299 
v -9.630269050598145 -7.319448471069336 2.072438955307007 
v -9.291444778442383 -7.319448471069336 2.072438955307007 
v -9.630269050598145 -7.319448471069336 2.110292673110962 
v -9.291444778442383 -7.319448471069336 2.110292673110962 
v -9.630269050598145 -7.319448471069336 2.148465871810913 
v -9.291444778442383 -7.319448471069336 2.148465871810913 
v -9.630269050598145 -7.319448471069336 2.203145742416382 
v -9.291444778442383 -7.319448471069336 2.203145742416382 
v -9.630269050598145 -7.32387113571167 1.957234263420105 
v -9.291444778442383 -7.32387113571167 1.957234263420105 
v -9.630269050598145 -7.321927547454834 1.9955216646194458 
v -9.291444778442383 -7.321927547454834 1.9955216646194458 
v -9.630269050598145 -7.319448471069336 2.072438955307007 
v -9.630269050598145 -7.3091559410095215 2.072438955307007 
v -9.630269050598145 -7.319448471069336 2.033421039581299 
v -9.630269050598145 -7.3091559410095215 2.033421039581299 
v -9.630269050598145 -7.321927547454834 1.9955216646194458 
v -9.630269050598145 -7.3116350173950195 1.9955216646194458 
v -9.291444778442383 -7.319448471069336 2.203145742416382 
v -9.291444778442383 -7.32194709777832 2.258373737335205 
v -9.630269050598145 -7.319448471069336 2.203145742416382 
v -9.630269050598145 -7.32194709777832 2.258373737335205 
v -9.291444778442383 -7.319448471069336 2.110292673110962 
v -9.291444778442383 -7.3091559410095215 2.110292673110962 
v -9.291444778442383 -7.319448471069336 2.148465871810913 
v -9.291444778442383 -7.3091559410095215 2.148465871810913 
v -9.630269050598145 -7.32387113571167 1.957234263420105 
v -9.630362510681152 -7.314311981201172 1.9203624725341797 
v -9.291444778442383 -7.32387113571167 1.957234263420105 
v -9.291444778442383 -7.314311981201172 1.9203624725341797 
v -9.686973571777344 -7.565242290496826 2.397231340408325 
v -9.686973571777344 -7.478954792022705 2.381500720977783 
v -9.291444778442383 -7.565242290496826 2.397231340408325 
v -9.291444778442383 -7.478954792022705 2.381500720977783 
v -9.237926483154297 -7.478954792022705 2.381500720977783 
v -9.237926483154297 -7.565242290496826 2.397231340408325 
v -9.686973571777344 -7.478954792022705 2.381500720977783 
v -9.291444778442383 -7.478954792022705 2.381500720977783 
v -9.686973571777344 -7.403296947479248 2.351318359375 
v -9.291444778442383 -7.403296947479248 2.351318359375 
v -9.237926483154297 -7.403296947479248 2.351318359375 
v -9.237926483154297 -7.478954792022705 2.381500720977783 
v -9.237926483154297 -7.403296947479248 2.351318359375 
v -9.237926483154297 -7.349592685699463 2.312870979309082 
v -9.291444778442383 -7.403296947479248 2.351318359375 
v -9.291444778442383 -7.349592685699463 2.312870979309082 
v -9.686973571777344 -7.403296947479248 2.351318359375 
v -9.686973571777344 -7.349592685699463 2.312870979309082 
v -10.07509708404541 -7.403296947479248 2.351318359375 
v -10.07509708404541 -7.349592685699463 2.312870979309082 
v -10.660798072814941 -7.403296947479248 2.351318359375 
v -10.660798072814941 -7.349592685699463 2.312870979309082 
v -11.16326904296875 -7.349592685699463 2.312870979309082 
v -11.16326904296875 -7.403296947479248 2.351318359375 
v -11.551393508911133 -7.349592685699463 2.312870979309082 
v -11.551393508911133 -7.403296947479248 2.351318359375 
v -11.608098030090332 -7.349592685699463 2.312870979309082 
v -11.608098030090332 -7.403296947479248 2.351318359375 
v -11.946921348571777 -7.349592685699463 2.312870979309082 
v -11.946921348571777 -7.403296947479248 2.351318359375 
v -12.000439643859863 -7.349592685699463 2.312870979309082 
v -12.000439643859863 -7.403296947479248 2.351318359375 
v -9.630269050598145 -7.3091559410095215 2.033421039581299 
v -9.854463577270508 -7.3091559410095215 2.033421039581299 
v -9.630269050598145 -7.3116350173950195 1.9955216646194458 
v -9.854463577270508 -7.3116350173950195 1.9955216646194458 
v -10.365276336669922 -7.3091559410095215 2.033421039581299 
v -10.365276336669922 -7.3116350173950195 1.9955216646194458 
v -10.85134506225586 -7.3116350173950195 1.9955216646194458 
v -10.85134506225586 -7.3091559410095215 2.033421039581299 
v -11.364032745361328 -7.3116350173950195 1.9955216646194458 
v -11.364032745361328 -7.3091559410095215 2.033421039581299 
v -11.608098030090332 -7.3116350173950195 1.9955216646194458 
v -11.608098030090332 -7.3091559410095215 2.033421039581299 
v -10.197504997253418 -7.325933456420898 2.203145742416382 
v -10.197504997253418 -7.3091559410095215 2.203145742416382 
v -10.234152793884277 -7.336721897125244 2.249720811843872 
v -10.234152793884277 -7.32194709777832 2.258373737335205 
v -10.07509708404541 -7.325933456420898 2.110292673110962 
v -10.07509708404541 -7.3091559410095215 2.110292673110962 
v -10.03957462310791 -7.325933456420898 2.0785348415374756 
v -10.03957462310791 -7.3091559410095215 2.072438955307007 
v -9.630269050598145 -7.3116350173950195 1.9955216646194458 
v -9.854463577270508 -7.3116350173950195 1.9955216646194458 
v -9.630269050598145 -7.313578128814697 1.957234263420105 
v -9.854557991027832 -7.313578128814697 1.957234263420105 
v -10.365276336669922 -7.3116350173950195 1.9955216646194458 
v -10.365276336669922 -7.313578128814697 1.957234263420105 
v -10.85134506225586 -7.313578128814697 1.957234263420105 
v -10.85134506225586 -7.3116350173950195 1.9955216646194458 
v -11.364032745361328 -7.313578128814697 1.957234263420105 
v -11.364032745361328 -7.3116350173950195 1.9955216646194458 
v -11.608098030090332 -7.313578128814697 1.957234263420105 
v -11.608098030090332 -7.3116350173950195 1.9955216646194458 
v -10.03957462310791 -7.336721897125244 2.249720811843872 
v -10.03957462310791 -7.32194709777832 2.258373737335205 
v -10.07509708404541 -7.325933456420898 2.203145742416382 
v -10.07509708404541 -7.3091559410095215 2.203145742416382 
v -9.686973571777344 -7.3091559410095215 2.203145742416382 
v -9.630269050598145 -7.3091559410095215 2.203145742416382 
v -9.723620414733887 -7.32194709777832 2.258373737335205 
v -9.630269050598145 -7.32194709777832 2.258373737335205 
v -10.54279613494873 -7.336721897125244 2.249720811843872 
v -10.54279613494873 -7.32194709777832 2.258373737335205 
v -10.577568054199219 -7.325933456420898 2.203145742416382 
v -10.577568054199219 -7.3091559410095215 2.203145742416382 
v -9.630269050598145 -7.313578128814697 1.957234263420105 
v -9.854557991027832 -7.313578128814697 1.957234263420105 
v -9.630362510681152 -7.314311981201172 1.9203624725341797 
v -9.854557991027832 -7.314311981201172 1.9203624725341797 
v -10.365276336669922 -7.313578128814697 1.957234263420105 
v -10.365276336669922 -7.314311981201172 1.9203624725341797 
v -10.85134506225586 -7.314311981201172 1.9203624725341797 
v -10.85134506225586 -7.313578128814697 1.957234263420105 
v -11.36393928527832 -7.314311981201172 1.9203624725341797 
v -11.364032745361328 -7.313578128814697 1.957234263420105 
v -11.608004570007324 -7.314311981201172 1.9203624725341797 
v -11.608098030090332 -7.313578128814697 1.957234263420105 
v -10.577568054199219 -7.325933456420898 2.110292673110962 
v -10.577568054199219 -7.3091559410095215 2.110292673110962 
v -10.54279613494873 -7.325933456420898 2.0785348415374756 
v -10.54279613494873 -7.3091559410095215 2.072438955307007 
v -10.197504997253418 -7.3091559410095215 2.203145742416382 
v -10.07509708404541 -7.3091559410095215 2.203145742416382 
v -10.234152793884277 -7.32194709777832 2.258373737335205 
v -10.03957462310791 -7.32194709777832 2.258373737335205 
v -9.686973571777344 -7.325933456420898 2.203145742416382 
v -9.686973571777344 -7.3091559410095215 2.203145742416382 
v -9.723620414733887 -7.336721897125244 2.249720811843872 
v -9.723620414733887 -7.32194709777832 2.258373737335205 
v -10.54279613494873 -7.325933456420898 2.0785348415374756 
v -10.54279613494873 -7.3091559410095215 2.072438955307007 
v -10.234152793884277 -7.325933456420898 2.0785348415374756 
v -10.234152793884277 -7.3091559410095215 2.072438955307007 
v -9.723620414733887 -7.325933456420898 2.0785348415374756 
v -9.723620414733887 -7.3091559410095215 2.072438955307007 
v -9.686973571777344 -7.325933456420898 2.110292673110962 
v -9.686973571777344 -7.3091559410095215 2.110292673110962 
v -9.21927547454834 -7.371982574462891 2.298145055770874 
v -9.224711418151855 -7.354689598083496 2.30198073387146 
v -9.21927547454834 -7.37303352355957 2.296318769454956 
v -9.224711418151855 -7.357347011566162 2.2972776889801025 
v -10.07509708404541 -7.403296947479248 2.351318359375 
v -10.07509708404541 -7.478954792022705 2.381500720977783 
v -10.660798072814941 -7.403296947479248 2.351318359375 
v -10.660798072814941 -7.478954792022705 2.381500720977783 
v -11.16326904296875 -7.478954792022705 2.381500720977783 
v -11.16326904296875 -7.403296947479248 2.351318359375 
v -10.07509708404541 -7.478954792022705 2.381500720977783 
v -10.660798072814941 -7.478954792022705 2.381500720977783 
v -10.07509708404541 -7.565242290496826 2.397231340408325 
v -10.660798072814941 -7.565242290496826 2.397231340408325 
v -11.16326904296875 -7.565242290496826 2.397231340408325 
v -11.16326904296875 -7.478954792022705 2.381500720977783 
v -10.54279613494873 -7.325933456420898 2.0785348415374756 
v -10.577568054199219 -7.325933456420898 2.110292673110962 
v -10.234152793884277 -7.325933456420898 2.0785348415374756 
v -10.197504997253418 -7.325933456420898 2.110292673110962 
v -10.577568054199219 -7.325933456420898 2.148465871810913 
v -10.197504997253418 -7.325933456420898 2.148465871810913 
v -10.577568054199219 -7.325933456420898 2.203145742416382 
v -10.197504997253418 -7.325933456420898 2.203145742416382 
v -10.577568054199219 -7.325933456420898 2.203145742416382 
v -10.197504997253418 -7.325933456420898 2.203145742416382 
v -10.54279613494873 -7.336721897125244 2.249720811843872 
v -10.234152793884277 -7.336721897125244 2.249720811843872 
v -10.07509708404541 -7.325933456420898 2.203145742416382 
v -9.686973571777344 -7.325933456420898 2.203145742416382 
v -10.03957462310791 -7.336721897125244 2.249720811843872 
v -9.723620414733887 -7.336721897125244 2.249720811843872 
v -9.686973571777344 -7.325933456420898 2.203145742416382 
v -10.07509708404541 -7.325933456420898 2.203145742416382 
v -9.686973571777344 -7.325933456420898 2.148465871810913 
v -10.07509708404541 -7.325933456420898 2.148465871810913 
v -9.686973571777344 -7.325933456420898 2.110292673110962 
v -10.07509708404541 -7.325933456420898 2.110292673110962 
v -9.723620414733887 -7.325933456420898 2.0785348415374756 
v -10.03957462310791 -7.325933456420898 2.0785348415374756 
v -10.234152793884277 -7.325933456420898 2.0785348415374756 
v -10.234152793884277 -7.3091559410095215 2.072438955307007 
v -10.197504997253418 -7.325933456420898 2.110292673110962 
v -10.197504997253418 -7.3091559410095215 2.110292673110962 
v -9.686973571777344 -7.3091559410095215 2.203145742416382 
v -9.686973571777344 -7.325933456420898 2.203145742416382 
v -9.686973571777344 -7.3091559410095215 2.148465871810913 
v -9.686973571777344 -7.325933456420898 2.148465871810913 
v -9.686973571777344 -7.3091559410095215 2.110292673110962 
v -9.686973571777344 -7.325933456420898 2.110292673110962 
v -9.723620414733887 -7.336721897125244 2.249720811843872 
v -9.723620414733887 -7.32194709777832 2.258373737335205 
v -10.03957462310791 -7.336721897125244 2.249720811843872 
v -10.03957462310791 -7.32194709777832 2.258373737335205 
v -10.07509708404541 -7.3091559410095215 2.110292673110962 
v -10.07509708404541 -7.325933456420898 2.110292673110962 
v -10.07509708404541 -7.3091559410095215 2.148465871810913 
v -10.07509708404541 -7.325933456420898 2.148465871810913 
v -10.07509708404541 -7.3091559410095215 2.203145742416382 
v -10.07509708404541 -7.325933456420898 2.203145742416382 
v -10.577568054199219 -7.325933456420898 2.203145742416382 
v -10.577568054199219 -7.3091559410095215 2.203145742416382 
v -10.577568054199219 -7.325933456420898 2.148465871810913 
v -10.577568054199219 -7.3091559410095215 2.148465871810913 
v -10.577568054199219 -7.325933456420898 2.110292673110962 
v -10.577568054199219 -7.3091559410095215 2.110292673110962 
v -10.03957462310791 -7.325933456420898 2.0785348415374756 
v -10.03957462310791 -7.3091559410095215 2.072438955307007 
v -9.723620414733887 -7.325933456420898 2.0785348415374756 
v -9.723620414733887 -7.3091559410095215 2.072438955307007 
v -10.197504997253418 -7.325933456420898 2.110292673110962 
v -10.197504997253418 -7.3091559410095215 2.110292673110962 
v -10.197504997253418 -7.325933456420898 2.148465871810913 
v -10.197504997253418 -7.3091559410095215 2.148465871810913 
v -10.197504997253418 -7.325933456420898 2.203145742416382 
v -10.197504997253418 -7.3091559410095215 2.203145742416382 
v -10.234152793884277 -7.336721897125244 2.249720811843872 
v -10.234152793884277 -7.32194709777832 2.258373737335205 
v -10.54279613494873 -7.336721897125244 2.249720811843872 
v -10.54279613494873 -7.32194709777832 2.258373737335205 
v -9.237926483154297 -7.3091559410095215 2.033421039581299 
v -9.291444778442383 -7.3091559410095215 2.033421039581299 
v -9.237926483154297 -7.3116350173950195 1.9955216646194458 
v -9.291444778442383 -7.3116350173950195 1.9955216646194458 
v -9.237926483154297 -7.32194709777832 2.258373737335205 
v -9.291444778442383 -7.32194709777832 2.258373737335205 
v -9.237926483154297 -7.3091559410095215 2.203145742416382 
v -9.291444778442383 -7.3091559410095215 2.203145742416382 
v -9.237926483154297 -7.3116350173950195 1.9955216646194458 
v -9.291444778442383 -7.3116350173950195 1.9955216646194458 
v -9.237926483154297 -7.313578128814697 1.957234263420105 
v -9.291444778442383 -7.313578128814697 1.957234263420105 
v -9.224711418151855 -7.354689598083496 2.30198073387146 
v -9.237926483154297 -7.347530364990234 2.3035788536071777 
v -9.224711418151855 -7.357347011566162 2.2972776889801025 
v -9.237926483154297 -7.3508620262146 2.29766583442688 
v -9.237926483154297 -7.3091559410095215 2.203145742416382 
v -9.291444778442383 -7.3091559410095215 2.203145742416382 
v -9.237926483154297 -7.3091559410095215 2.148465871810913 
v -9.291444778442383 -7.3091559410095215 2.148465871810913 
v -9.237926483154297 -7.3091559410095215 2.110292673110962 
v -9.291444778442383 -7.3091559410095215 2.110292673110962 
v -9.237926483154297 -7.3091559410095215 2.072438955307007 
v -9.291444778442383 -7.3091559410095215 2.072438955307007 
v -9.237926483154297 -7.3091559410095215 2.033421039581299 
v -9.291444778442383 -7.3091559410095215 2.033421039581299 
v -9.237926483154297 -7.313578128814697 1.957234263420105 
v -9.291444778442383 -7.313578128814697 1.957234263420105 
v -9.237926483154297 -7.314311981201172 1.9203624725341797 
v -9.291444778442383 -7.314311981201172 1.9203624725341797 
v -10.059164047241211 -7.47403621673584 2.398646831512451 
v -10.059164047241211 -7.4131927490234375 2.374377489089966 
v -9.703001022338867 -7.47403621673584 2.398646831512451 
v -9.703001022338867 -7.4131927490234375 2.374377489089966 
v -10.059164047241211 -7.544617176055908 2.4115006923675537 
v -10.059164047241211 -7.47403621673584 2.398646831512451 
v -9.703001022338867 -7.544617176055908 2.4115006923675537 
v -9.703001022338867 -7.47403621673584 2.398646831512451 
v -9.703001022338867 -7.47403621673584 2.398646831512451 
v -9.686973571777344 -7.478954792022705 2.381500720977783 
v -9.703001022338867 -7.544617176055908 2.4115006923675537 
v -9.686973571777344 -7.565242290496826 2.397231340408325 
v -9.703001022338867 -7.4131927490234375 2.374377489089966 
v -9.686973571777344 -7.403296947479248 2.351318359375 
v -9.703001022338867 -7.47403621673584 2.398646831512451 
v -9.686973571777344 -7.478954792022705 2.381500720977783 
v -9.703001022338867 -7.544617176055908 2.4115006923675537 
v -9.686973571777344 -7.565242290496826 2.397231340408325 
v -10.059164047241211 -7.544617176055908 2.4115006923675537 
v -10.07509708404541 -7.565242290496826 2.397231340408325 
v -9.686973571777344 -7.403296947479248 2.351318359375 
v -9.703001022338867 -7.4131927490234375 2.374377489089966 
v -10.07509708404541 -7.403296947479248 2.351318359375 
v -10.059164047241211 -7.4131927490234375 2.374377489089966 
v -10.07509708404541 -7.403296947479248 2.351318359375 
v -10.059164047241211 -7.4131927490234375 2.374377489089966 
v -10.07509708404541 -7.478954792022705 2.381500720977783 
v -10.059164047241211 -7.47403621673584 2.398646831512451 
v -10.07509708404541 -7.478954792022705 2.381500720977783 
v -10.059164047241211 -7.47403621673584 2.398646831512451 
v -10.07509708404541 -7.565242290496826 2.397231340408325 
v -10.059164047241211 -7.544617176055908 2.4115006923675537 
v -9.224804878234863 -7.319032192230225 1.9573484659194946 
v -9.237926483154297 -7.313578128814697 1.957234263420105 
v -9.224804878234863 -7.319746017456055 1.9215039014816284 
v -9.237926483154297 -7.314311981201172 1.9203624725341797 
v -9.21927547454834 -7.332220077514648 1.9575996398925781 
v -9.224804878234863 -7.319032192230225 1.9573484659194946 
v -9.21927547454834 -7.332874774932861 1.9242664575576782 
v -9.224804878234863 -7.319746017456055 1.9215039014816284 
v -9.224711418151855 -7.357347011566162 2.2972776889801025 
v -9.237926483154297 -7.3508620262146 2.29766583442688 
v -9.224711418151855 -7.327024459838867 2.25604510307312 
v -9.237926483154297 -7.32194709777832 2.258373737335205 
v -9.21927547454834 -7.37303352355957 2.296318769454956 
v -9.224711418151855 -7.357347011566162 2.2972776889801025 
v -9.21927547454834 -7.339240550994873 2.2504286766052246 
v -9.224711418151855 -7.327024459838867 2.25604510307312 
v -9.224711418151855 -7.4804816246032715 2.3762269020080566 
v -9.21927547454834 -7.484130859375 2.3634872436523438 
v -9.224711418151855 -7.565738201141357 2.391751766204834 
v -9.21927547454834 -7.566927909851074 2.3785784244537354 
v -9.237926483154297 -7.478954792022705 2.381500720977783 
v -9.224711418151855 -7.4804816246032715 2.3762269020080566 
v -9.237926483154297 -7.565242290496826 2.397231340408325 
v -9.224711418151855 -7.565738201141357 2.391751766204834 
v -9.224711418151855 -7.4059343338012695 2.346501111984253 
v -9.21927547454834 -7.4123005867004395 2.334834337234497 
v -9.224711418151855 -7.4804816246032715 2.3762269020080566 
v -9.21927547454834 -7.484130859375 2.3634872436523438 
v -9.237926483154297 -7.403296947479248 2.351318359375 
v -9.224711418151855 -7.4059343338012695 2.346501111984253 
v -9.237926483154297 -7.478954792022705 2.381500720977783 
v -9.224711418151855 -7.4804816246032715 2.3762269020080566 
v -9.224804878234863 -7.364407062530518 1.8422123193740845 
v -9.21927547454834 -7.370654106140137 1.855385661125183 
v -9.224804878234863 -7.3407673835754395 1.8711161613464355 
v -9.21927547454834 -7.3521904945373535 1.8779654502868652 
v -9.237926483154297 -7.361808776855469 1.836755633354187 
v -9.224804878234863 -7.364407062530518 1.8422123193740845 
v -9.237926483154297 -7.3360276222229 1.8682851791381836 
v -9.224804878234863 -7.3407673835754395 1.8711161613464355 
v -9.224804878234863 -7.319746017456055 1.9215039014816284 
v -9.237926483154297 -7.314311981201172 1.9203624725341797 
v -9.224804878234863 -7.3407673835754395 1.8711161613464355 
v -9.237926483154297 -7.3360276222229 1.8682851791381836 
v -9.21927547454834 -7.332874774932861 1.9242664575576782 
v -9.224804878234863 -7.319746017456055 1.9215039014816284 
v -9.21927547454834 -7.3521904945373535 1.8779654502868652 
v -9.224804878234863 -7.3407673835754395 1.8711161613464355 
v -9.237926483154297 -7.349592685699463 2.312870979309082 
v -9.224711418151855 -7.356751918792725 2.3112728595733643 
v -9.237926483154297 -7.403296947479248 2.351318359375 
v -9.224711418151855 -7.4059343338012695 2.346501111984253 
v -9.224711418151855 -7.356751918792725 2.3112728595733643 
v -9.21927547454834 -7.374045372009277 2.3074374198913574 
v -9.224711418151855 -7.4059343338012695 2.346501111984253 
v -9.21927547454834 -7.4123005867004395 2.334834337234497 
v -9.237926483154297 -7.3091559410095215 2.033421039581299 
v -9.224804878234863 -7.314609527587891 2.0336036682128906 
v -9.237926483154297 -7.3091559410095215 2.072438955307007 
v -9.224804878234863 -7.314609527587891 2.072438955307007 
v -9.237926483154297 -7.3091559410095215 2.110292673110962 
v -9.224804878234863 -7.314609527587891 2.110292673110962 
v -9.224804878234863 -7.314609527587891 2.0336036682128906 
v -9.21927547454834 -7.327797889709473 2.0340373516082764 
v -9.224804878234863 -7.314609527587891 2.072438955307007 
v -9.21927547454834 -7.327797889709473 2.072438955307007 
v -9.224804878234863 -7.314609527587891 2.110292673110962 
v -9.21927547454834 -7.327797889709473 2.110292673110962 
v -9.224711418151855 -7.327024459838867 2.25604510307312 
v -9.237926483154297 -7.32194709777832 2.258373737335205 
v -9.224711418151855 -7.314609527587891 2.2025065422058105 
v -9.237926483154297 -7.3091559410095215 2.203145742416382 
v -9.21927547454834 -7.339240550994873 2.2504286766052246 
v -9.224711418151855 -7.327024459838867 2.25604510307312 
v -9.21927547454834 -7.327797889709473 2.2009997367858887 
v -9.224711418151855 -7.314609527587891 2.2025065422058105 
v -9.224711418151855 -7.314609527587891 2.2025065422058105 
v -9.237926483154297 -7.3091559410095215 2.203145742416382 
v -9.224711418151855 -7.314609527587891 2.148465871810913 
v -9.237926483154297 -7.3091559410095215 2.148465871810913 
v -9.21927547454834 -7.327797889709473 2.2009997367858887 
v -9.224711418151855 -7.314609527587891 2.2025065422058105 
v -9.21927547454834 -7.327797889709473 2.148465871810913 
v -9.224711418151855 -7.314609527587891 2.148465871810913 
v -9.224804878234863 -7.317088603973389 1.995795726776123 
v -9.237926483154297 -7.3116350173950195 1.9955216646194458 
v -9.224804878234863 -7.319032192230225 1.9573484659194946 
v -9.237926483154297 -7.313578128814697 1.957234263420105 
v -9.21927547454834 -7.330256938934326 1.996457815170288 
v -9.224804878234863 -7.317088603973389 1.995795726776123 
v -9.21927547454834 -7.332220077514648 1.9575996398925781 
v -9.224804878234863 -7.319032192230225 1.9573484659194946 
v -9.224711418151855 -7.314609527587891 2.148465871810913 
v -9.237926483154297 -7.3091559410095215 2.148465871810913 
v -9.224804878234863 -7.314609527587891 2.110292673110962 
v -9.237926483154297 -7.3091559410095215 2.110292673110962 
v -9.21927547454834 -7.327797889709473 2.148465871810913 
v -9.224711418151855 -7.314609527587891 2.148465871810913 
v -9.21927547454834 -7.327797889709473 2.110292673110962 
v -9.224804878234863 -7.314609527587891 2.110292673110962 
v -9.224804878234863 -7.314609527587891 2.0336036682128906 
v -9.237926483154297 -7.3091559410095215 2.033421039581299 
v -9.224804878234863 -7.317088603973389 1.995795726776123 
v -9.237926483154297 -7.3116350173950195 1.9955216646194458 
v -9.21927547454834 -7.327797889709473 2.0340373516082764 
v -9.224804878234863 -7.314609527587891 2.0336036682128906 
v -9.21927547454834 -7.330256938934326 1.996457815170288 
v -9.224804878234863 -7.317088603973389 1.995795726776123 
v -9.237926483154297 -7.347530364990234 2.3035788536071777 
v -9.237926483154297 -7.349592685699463 2.312870979309082 
v -9.291444778442383 -7.347530364990234 2.3035788536071777 
v -9.291444778442383 -7.349592685699463 2.312870979309082 
v -9.686973571777344 -7.347530364990234 2.3035788536071777 
v -9.686973571777344 -7.349592685699463 2.312870979309082 
v -10.07509708404541 -7.347530364990234 2.3035788536071777 
v -10.07509708404541 -7.349592685699463 2.312870979309082 
v -10.660798072814941 -7.347530364990234 2.3035788536071777 
v -10.660798072814941 -7.349592685699463 2.312870979309082 
v -11.16326904296875 -7.349592685699463 2.312870979309082 
v -11.16326904296875 -7.347530364990234 2.3035788536071777 
v -11.551393508911133 -7.349592685699463 2.312870979309082 
v -11.551393508911133 -7.347530364990234 2.3035788536071777 
v -11.608098030090332 -7.349592685699463 2.312870979309082 
v -11.608098030090332 -7.347530364990234 2.3035788536071777 
v -11.946921348571777 -7.349592685699463 2.312870979309082 
v -11.946921348571777 -7.347530364990234 2.3035788536071777 
v -12.000439643859863 -7.349592685699463 2.312870979309082 
v -12.000439643859863 -7.347530364990234 2.3035788536071777 
v -9.224711418151855 -7.356751918792725 2.3112728595733643 
v -9.21927547454834 -7.374045372009277 2.3074374198913574 
v -9.224711418151855 -7.354689598083496 2.30198073387146 
v -9.21927547454834 -7.371982574462891 2.298145055770874 
v -9.237926483154297 -7.349592685699463 2.312870979309082 
v -9.224711418151855 -7.356751918792725 2.3112728595733643 
v -9.237926483154297 -7.347530364990234 2.3035788536071777 
v -9.224711418151855 -7.354689598083496 2.30198073387146 
v -9.224711418151855 -7.565738201141357 2.391751766204834 
v -9.224711418151855 -7.598043918609619 2.391751766204834 
v -9.21927547454834 -7.566927909851074 2.3785784244537354 
v -9.21927547454834 -7.598361015319824 2.3785784244537354 
v -10.695664405822754 -7.32194709777832 2.258373737335205 
v -10.54279613494873 -7.32194709777832 2.258373737335205 
v -10.660798072814941 -7.3091559410095215 2.203145742416382 
v -10.577568054199219 -7.3091559410095215 2.203145742416382 
v -11.551393508911133 -7.478954792022705 2.381500720977783 
v -11.551393508911133 -7.403296947479248 2.351318359375 
v -11.608098030090332 -7.478954792022705 2.381500720977783 
v -11.608098030090332 -7.403296947479248 2.351318359375 
v -11.946921348571777 -7.478954792022705 2.381500720977783 
v -11.946921348571777 -7.403296947479248 2.351318359375 
v -12.000439643859863 -7.403296947479248 2.351318359375 
v -12.000439643859863 -7.478954792022705 2.381500720977783 
v -11.551393508911133 -7.565242290496826 2.397231340408325 
v -11.608098030090332 -7.565242290496826 2.397231340408325 
v -11.551393508911133 -7.478954792022705 2.381500720977783 
v -11.608098030090332 -7.478954792022705 2.381500720977783 
v -11.946921348571777 -7.565242290496826 2.397231340408325 
v -11.946921348571777 -7.478954792022705 2.381500720977783 
v -12.000439643859863 -7.478954792022705 2.381500720977783 
v -12.000439643859863 -7.565242290496826 2.397231340408325 
v -11.946921348571777 -7.3091559410095215 2.072438955307007 
v -11.946921348571777 -7.3091559410095215 2.033421039581299 
v -11.946921348571777 -7.319448471069336 2.072438955307007 
v -11.946921348571777 -7.319448471069336 2.033421039581299 
v -11.946921348571777 -7.3116350173950195 1.9955216646194458 
v -11.946921348571777 -7.321927547454834 1.9955216646194458 
v -11.946921348571777 -7.313578128814697 1.957234263420105 
v -11.946921348571777 -7.32387113571167 1.957234263420105 
v -11.608098030090332 -7.313578128814697 1.957234263420105 
v -11.608098030090332 -7.32387113571167 1.957234263420105 
v -11.608098030090332 -7.3116350173950195 1.9955216646194458 
v -11.608098030090332 -7.321927547454834 1.9955216646194458 
v -11.608098030090332 -7.3091559410095215 2.072438955307007 
v -11.608098030090332 -7.319448471069336 2.072438955307007 
v -11.608098030090332 -7.3091559410095215 2.110292673110962 
v -11.608098030090332 -7.319448471069336 2.110292673110962 
v -11.946921348571777 -7.319448471069336 2.072438955307007 
v -11.946921348571777 -7.3091559410095215 2.072438955307007 
v -11.946921348571777 -7.319448471069336 2.110292673110962 
v -11.946921348571777 -7.3091559410095215 2.110292673110962 
v -11.946921348571777 -7.319448471069336 2.148465871810913 
v -11.946921348571777 -7.3091559410095215 2.148465871810913 
v -11.946921348571777 -7.319448471069336 2.033421039581299 
v -11.608098030090332 -7.319448471069336 2.033421039581299 
v -11.946921348571777 -7.321927547454834 1.9955216646194458 
v -11.608098030090332 -7.321927547454834 1.9955216646194458 
v -11.946921348571777 -7.319448471069336 2.203145742416382 
v -11.608098030090332 -7.319448471069336 2.203145742416382 
v -11.946921348571777 -7.319448471069336 2.148465871810913 
v -11.608098030090332 -7.319448471069336 2.148465871810913 
v -11.946921348571777 -7.319448471069336 2.110292673110962 
v -11.608098030090332 -7.319448471069336 2.110292673110962 
v -11.946921348571777 -7.319448471069336 2.072438955307007 
v -11.608098030090332 -7.319448471069336 2.072438955307007 
v -11.946921348571777 -7.319448471069336 2.033421039581299 
v -11.608098030090332 -7.319448471069336 2.033421039581299 
v -11.946921348571777 -7.321927547454834 1.9955216646194458 
v -11.608098030090332 -7.321927547454834 1.9955216646194458 
v -11.946921348571777 -7.32387113571167 1.957234263420105 
v -11.608098030090332 -7.32387113571167 1.957234263420105 
v -11.608098030090332 -7.319448471069336 2.072438955307007 
v -11.608098030090332 -7.3091559410095215 2.072438955307007 
v -11.608098030090332 -7.319448471069336 2.033421039581299 
v -11.608098030090332 -7.3091559410095215 2.033421039581299 
v -11.608098030090332 -7.321927547454834 1.9955216646194458 
v -11.608098030090332 -7.3116350173950195 1.9955216646194458 
v -11.608098030090332 -7.32194709777832 2.258373737335205 
v -11.608098030090332 -7.319448471069336 2.203145742416382 
v -11.946921348571777 -7.32194709777832 2.258373737335205 
v -11.946921348571777 -7.319448471069336 2.203145742416382 
v -11.946921348571777 -7.314311981201172 1.9203624725341797 
v -11.946921348571777 -7.32387113571167 1.957234263420105 
v -11.608004570007324 -7.314311981201172 1.9203624725341797 
v -11.608098030090332 -7.32387113571167 1.957234263420105 
v -11.0042142868042 -7.32194709777832 2.258373737335205 
v -11.0042142868042 -7.336721897125244 2.249720811843872 
v -11.040861129760742 -7.3091559410095215 2.203145742416382 
v -11.040861129760742 -7.325933456420898 2.203145742416382 
v -11.19879150390625 -7.3091559410095215 2.072438955307007 
v -11.19879150390625 -7.325933456420898 2.0785348415374756 
v -11.16326904296875 -7.3091559410095215 2.110292673110962 
v -11.16326904296875 -7.325933456420898 2.110292673110962 
v -11.16326904296875 -7.3091559410095215 2.203145742416382 
v -11.16326904296875 -7.325933456420898 2.203145742416382 
v -11.19879150390625 -7.32194709777832 2.258373737335205 
v -11.19879150390625 -7.336721897125244 2.249720811843872 
v -11.608098030090332 -7.32194709777832 2.258373737335205 
v -11.514745712280273 -7.32194709777832 2.258373737335205 
v -11.608098030090332 -7.3091559410095215 2.203145742416382 
v -11.551393508911133 -7.3091559410095215 2.203145742416382 
v -10.660798072814941 -7.3091559410095215 2.203145742416382 
v -10.660798072814941 -7.325933456420898 2.203145742416382 
v -10.695664405822754 -7.32194709777832 2.258373737335205 
v -10.695664405822754 -7.336721897125244 2.249720811843872 
v -10.695664405822754 -7.3091559410095215 2.072438955307007 
v -10.695664405822754 -7.325933456420898 2.0785348415374756 
v -10.660798072814941 -7.3091559410095215 2.110292673110962 
v -10.660798072814941 -7.325933456420898 2.110292673110962 
v -11.19879150390625 -7.32194709777832 2.258373737335205 
v -11.0042142868042 -7.32194709777832 2.258373737335205 
v -11.16326904296875 -7.3091559410095215 2.203145742416382 
v -11.040861129760742 -7.3091559410095215 2.203145742416382 
v -11.514745712280273 -7.32194709777832 2.258373737335205 
v -11.514745712280273 -7.336721897125244 2.249720811843872 
v -11.551393508911133 -7.3091559410095215 2.203145742416382 
v -11.551393508911133 -7.325933456420898 2.203145742416382 
v -11.0042142868042 -7.3091559410095215 2.072438955307007 
v -11.0042142868042 -7.325933456420898 2.0785348415374756 
v -10.695664405822754 -7.3091559410095215 2.072438955307007 
v -10.695664405822754 -7.325933456420898 2.0785348415374756 
v -11.551393508911133 -7.3091559410095215 2.110292673110962 
v -11.551393508911133 -7.325933456420898 2.110292673110962 
v -11.514745712280273 -7.3091559410095215 2.072438955307007 
v -11.514745712280273 -7.325933456420898 2.0785348415374756 
v -12.013655662536621 -7.357366561889648 2.2972776889801025 
v -12.019091606140137 -7.37303352355957 2.296318769454956 
v -12.013655662536621 -7.354689598083496 2.30198073387146 
v -12.019091606140137 -7.371982574462891 2.298145055770874 
v -11.040861129760742 -7.325933456420898 2.203145742416382 
v -10.660798072814941 -7.325933456420898 2.203145742416382 
v -11.040861129760742 -7.325933456420898 2.148465871810913 
v -10.660798072814941 -7.325933456420898 2.148465871810913 
v -11.040861129760742 -7.325933456420898 2.110292673110962 
v -10.660798072814941 -7.325933456420898 2.110292673110962 
v -11.0042142868042 -7.325933456420898 2.0785348415374756 
v -10.695664405822754 -7.325933456420898 2.0785348415374756 
v -11.0042142868042 -7.336721897125244 2.249720811843872 
v -10.695664405822754 -7.336721897125244 2.249720811843872 
v -11.040861129760742 -7.325933456420898 2.203145742416382 
v -10.660798072814941 -7.325933456420898 2.203145742416382 
v -11.514745712280273 -7.336721897125244 2.249720811843872 
v -11.19879150390625 -7.336721897125244 2.249720811843872 
v -11.551393508911133 -7.325933456420898 2.203145742416382 
v -11.16326904296875 -7.325933456420898 2.203145742416382 
v -11.551393508911133 -7.325933456420898 2.203145742416382 
v -11.16326904296875 -7.325933456420898 2.203145742416382 
v -11.551393508911133 -7.325933456420898 2.148465871810913 
v -11.16326904296875 -7.325933456420898 2.148465871810913 
v -11.551393508911133 -7.325933456420898 2.110292673110962 
v -11.16326904296875 -7.325933456420898 2.110292673110962 
v -11.514745712280273 -7.325933456420898 2.0785348415374756 
v -11.19879150390625 -7.325933456420898 2.0785348415374756 
v -11.040861129760742 -7.3091559410095215 2.110292673110962 
v -11.040861129760742 -7.325933456420898 2.110292673110962 
v -11.0042142868042 -7.3091559410095215 2.072438955307007 
v -11.0042142868042 -7.325933456420898 2.0785348415374756 
v -11.551393508911133 -7.3091559410095215 2.203145742416382 
v -11.551393508911133 -7.325933456420898 2.203145742416382 
v -11.551393508911133 -7.3091559410095215 2.148465871810913 
v -11.551393508911133 -7.325933456420898 2.148465871810913 
v -11.551393508911133 -7.3091559410095215 2.110292673110962 
v -11.551393508911133 -7.325933456420898 2.110292673110962 
v -11.19879150390625 -7.32194709777832 2.258373737335205 
v -11.19879150390625 -7.336721897125244 2.249720811843872 
v -11.514745712280273 -7.32194709777832 2.258373737335205 
v -11.514745712280273 -7.336721897125244 2.249720811843872 
v -11.16326904296875 -7.3091559410095215 2.110292673110962 
v -11.16326904296875 -7.325933456420898 2.110292673110962 
v -11.16326904296875 -7.3091559410095215 2.148465871810913 
v -11.16326904296875 -7.325933456420898 2.148465871810913 
v -11.16326904296875 -7.3091559410095215 2.203145742416382 
v -11.16326904296875 -7.325933456420898 2.203145742416382 
v -10.660798072814941 -7.325933456420898 2.203145742416382 
v -10.660798072814941 -7.3091559410095215 2.203145742416382 
v -10.660798072814941 -7.325933456420898 2.148465871810913 
v -10.660798072814941 -7.3091559410095215 2.148465871810913 
v -10.660798072814941 -7.325933456420898 2.110292673110962 
v -10.660798072814941 -7.3091559410095215 2.110292673110962 
v -11.514745712280273 -7.3091559410095215 2.072438955307007 
v -11.514745712280273 -7.325933456420898 2.0785348415374756 
v -11.19879150390625 -7.3091559410095215 2.072438955307007 
v -11.19879150390625 -7.325933456420898 2.0785348415374756 
v -11.040861129760742 -7.325933456420898 2.110292673110962 
v -11.040861129760742 -7.3091559410095215 2.110292673110962 
v -11.040861129760742 -7.325933456420898 2.148465871810913 
v -11.040861129760742 -7.3091559410095215 2.148465871810913 
v -11.040861129760742 -7.325933456420898 2.203145742416382 
v -11.040861129760742 -7.3091559410095215 2.203145742416382 
v -10.695664405822754 -7.32194709777832 2.258373737335205 
v -10.695664405822754 -7.336721897125244 2.249720811843872 
v -11.0042142868042 -7.32194709777832 2.258373737335205 
v -11.0042142868042 -7.336721897125244 2.249720811843872 
v -11.946921348571777 -7.3116350173950195 1.9955216646194458 
v -12.000439643859863 -7.3116350173950195 1.9955216646194458 
v -11.946921348571777 -7.3091559410095215 2.033421039581299 
v -12.000439643859863 -7.3091559410095215 2.033421039581299 
v -11.946921348571777 -7.3091559410095215 2.203145742416382 
v -12.000439643859863 -7.3091559410095215 2.203145742416382 
v -11.946921348571777 -7.32194709777832 2.258373737335205 
v -12.000439643859863 -7.32194709777832 2.258373737335205 
v -11.946921348571777 -7.313578128814697 1.957234263420105 
v -12.000439643859863 -7.313578128814697 1.957234263420105 
v -11.946921348571777 -7.3116350173950195 1.9955216646194458 
v -12.000439643859863 -7.3116350173950195 1.9955216646194458 
v -12.000439643859863 -7.3508620262146 2.29766583442688 
v -12.013655662536621 -7.357366561889648 2.2972776889801025 
v -12.000439643859863 -7.347530364990234 2.3035788536071777 
v -12.013655662536621 -7.354689598083496 2.30198073387146 
v -11.946921348571777 -7.3091559410095215 2.033421039581299 
v -12.000439643859863 -7.3091559410095215 2.033421039581299 
v -11.946921348571777 -7.3091559410095215 2.072438955307007 
v -12.000439643859863 -7.3091559410095215 2.072438955307007 
v -11.946921348571777 -7.3091559410095215 2.110292673110962 
v -12.000439643859863 -7.3091559410095215 2.110292673110962 
v -11.946921348571777 -7.3091559410095215 2.148465871810913 
v -12.000439643859863 -7.3091559410095215 2.148465871810913 
v -11.946921348571777 -7.3091559410095215 2.203145742416382 
v -12.000439643859863 -7.3091559410095215 2.203145742416382 
v -11.946921348571777 -7.314311981201172 1.9203624725341797 
v -12.000439643859863 -7.314311981201172 1.9203624725341797 
v -11.946921348571777 -7.313578128814697 1.957234263420105 
v -12.000439643859863 -7.313578128814697 1.957234263420105 
v -11.535459518432617 -7.4131927490234375 2.374377489089966 
v -11.535459518432617 -7.47403621673584 2.398646831512451 
v -11.179296493530273 -7.4131927490234375 2.374377489089966 
v -11.179296493530273 -7.47403621673584 2.398646831512451 
v -11.535459518432617 -7.47403621673584 2.398646831512451 
v -11.535459518432617 -7.544617176055908 2.4115006923675537 
v -11.179296493530273 -7.47403621673584 2.398646831512451 
v -11.179296493530273 -7.544617176055908 2.4115006923675537 
v -11.551393508911133 -7.565242290496826 2.397231340408325 
v -11.535459518432617 -7.544617176055908 2.4115006923675537 
v -11.551393508911133 -7.478954792022705 2.381500720977783 
v -11.535459518432617 -7.47403621673584 2.398646831512451 
v -11.551393508911133 -7.478954792022705 2.381500720977783 
v -11.535459518432617 -7.47403621673584 2.398646831512451 
v -11.551393508911133 -7.403296947479248 2.351318359375 
v -11.535459518432617 -7.4131927490234375 2.374377489089966 
v -11.16326904296875 -7.565242290496826 2.397231340408325 
v -11.179296493530273 -7.544617176055908 2.4115006923675537 
v -11.551393508911133 -7.565242290496826 2.397231340408325 
v -11.535459518432617 -7.544617176055908 2.4115006923675537 
v -11.179296493530273 -7.4131927490234375 2.374377489089966 
v -11.16326904296875 -7.403296947479248 2.351318359375 
v -11.535459518432617 -7.4131927490234375 2.374377489089966 
v -11.551393508911133 -7.403296947479248 2.351318359375 
v -11.179296493530273 -7.47403621673584 2.398646831512451 
v -11.16326904296875 -7.478954792022705 2.381500720977783 
v -11.179296493530273 -7.4131927490234375 2.374377489089966 
v -11.16326904296875 -7.403296947479248 2.351318359375 
v -11.179296493530273 -7.544617176055908 2.4115006923675537 
v -11.16326904296875 -7.565242290496826 2.397231340408325 
v -11.179296493530273 -7.47403621673584 2.398646831512451 
v -11.16326904296875 -7.478954792022705 2.381500720977783 
v -12.000439643859863 -7.314311981201172 1.9203624725341797 
v -12.013655662536621 -7.319746017456055 1.9215039014816284 
v -12.000439643859863 -7.313578128814697 1.957234263420105 
v -12.013655662536621 -7.319051742553711 1.9573484659194946 
v -12.013655662536621 -7.319746017456055 1.9215039014816284 
v -12.019091606140137 -7.332874774932861 1.9242664575576782 
v -12.013655662536621 -7.319051742553711 1.9573484659194946 
v -12.019091606140137 -7.332220077514648 1.9575996398925781 
v -12.000439643859863 -7.32194709777832 2.258373737335205 
v -12.013655662536621 -7.327024459838867 2.25604510307312 
v -12.000439643859863 -7.3508620262146 2.29766583442688 
v -12.013655662536621 -7.357366561889648 2.2972776889801025 
v -12.013655662536621 -7.327024459838867 2.25604510307312 
v -12.019091606140137 -7.339240550994873 2.2504286766052246 
v -12.013655662536621 -7.357366561889648 2.2972776889801025 
v -12.019091606140137 -7.37303352355957 2.296318769454956 
v -12.019091606140137 -7.566927909851074 2.3785784244537354 
v -12.013655662536621 -7.565738201141357 2.391751766204834 
v -12.019091606140137 -7.484130859375 2.3634872436523438 
v -12.013655662536621 -7.4804816246032715 2.3762269020080566 
v -12.013655662536621 -7.565738201141357 2.391751766204834 
v -12.000439643859863 -7.565242290496826 2.397231340408325 
v -12.013655662536621 -7.4804816246032715 2.3762269020080566 
v -12.000439643859863 -7.478954792022705 2.381500720977783 
v -12.019091606140137 -7.484130859375 2.3634872436523438 
v -12.013655662536621 -7.4804816246032715 2.3762269020080566 
v -12.019091606140137 -7.4123005867004395 2.334834337234497 
v -12.013655662536621 -7.4059343338012695 2.346501111984253 
v -12.013655662536621 -7.4804816246032715 2.3762269020080566 
v -12.000439643859863 -7.478954792022705 2.381500720977783 
v -12.013655662536621 -7.4059343338012695 2.346501111984253 
v -12.000439643859863 -7.403296947479248 2.351318359375 
v -12.019091606140137 -7.3521904945373535 1.8779654502868652 
v -12.013655662536621 -7.3407673835754395 1.8711161613464355 
v -12.019091606140137 -7.370654106140137 1.855385661125183 
v -12.013655662536621 -7.364407062530518 1.8422123193740845 
v -12.013655662536621 -7.3407673835754395 1.8711161613464355 
v -12.000439643859863 -7.3360276222229 1.8682851791381836 
v -12.013655662536621 -7.364407062530518 1.8422123193740845 
v -12.000439643859863 -7.361808776855469 1.836755633354187 
v -12.000439643859863 -7.3360276222229 1.8682851791381836 
v -12.013655662536621 -7.3407673835754395 1.8711161613464355 
v -12.000439643859863 -7.314311981201172 1.9203624725341797 
v -12.013655662536621 -7.319746017456055 1.9215039014816284 
v -12.013655662536621 -7.3407673835754395 1.8711161613464355 
v -12.019091606140137 -7.3521904945373535 1.8779654502868652 
v -12.013655662536621 -7.319746017456055 1.9215039014816284 
v -12.019091606140137 -7.332874774932861 1.9242664575576782 
v -12.013655662536621 -7.4059343338012695 2.346501111984253 
v -12.000439643859863 -7.403296947479248 2.351318359375 
v -12.013655662536621 -7.356751918792725 2.3112728595733643 
v -12.000439643859863 -7.349592685699463 2.312870979309082 
v -12.019091606140137 -7.4123005867004395 2.334834337234497 
v -12.013655662536621 -7.4059343338012695 2.346501111984253 
v -12.019091606140137 -7.374045372009277 2.3074374198913574 
v -12.013655662536621 -7.356751918792725 2.3112728595733643 
v -12.000439643859863 -7.3091559410095215 2.033421039581299 
v -12.013655662536621 -7.314609527587891 2.0336036682128906 
v -12.000439643859863 -7.3091559410095215 2.072438955307007 
v -12.013655662536621 -7.314609527587891 2.072438955307007 
v -12.013655662536621 -7.314609527587891 2.0336036682128906 
v -12.019091606140137 -7.327797889709473 2.0340373516082764 
v -12.013655662536621 -7.314609527587891 2.072438955307007 
v -12.019091606140137 -7.327797889709473 2.072438955307007 
v -12.013655662536621 -7.314609527587891 2.110292673110962 
v -12.019091606140137 -7.327797889709473 2.110292673110962 
v -12.000439643859863 -7.3091559410095215 2.203145742416382 
v -12.013655662536621 -7.314609527587891 2.2025065422058105 
v -12.000439643859863 -7.32194709777832 2.258373737335205 
v -12.013655662536621 -7.327024459838867 2.25604510307312 
v -12.013655662536621 -7.314609527587891 2.2025065422058105 
v -12.019091606140137 -7.327797889709473 2.2009997367858887 
v -12.013655662536621 -7.327024459838867 2.25604510307312 
v -12.019091606140137 -7.339240550994873 2.2504286766052246 
v -12.000439643859863 -7.3091559410095215 2.148465871810913 
v -12.013655662536621 -7.314609527587891 2.148465871810913 
v -12.000439643859863 -7.3091559410095215 2.203145742416382 
v -12.013655662536621 -7.314609527587891 2.2025065422058105 
v -12.013655662536621 -7.314609527587891 2.148465871810913 
v -12.019091606140137 -7.327797889709473 2.148465871810913 
v -12.013655662536621 -7.314609527587891 2.2025065422058105 
v -12.019091606140137 -7.327797889709473 2.2009997367858887 
v -12.000439643859863 -7.313578128814697 1.957234263420105 
v -12.013655662536621 -7.319051742553711 1.9573484659194946 
v -12.000439643859863 -7.3116350173950195 1.9955216646194458 
v -12.013655662536621 -7.317088603973389 1.995795726776123 
v -12.013655662536621 -7.319051742553711 1.9573484659194946 
v -12.019091606140137 -7.332220077514648 1.9575996398925781 
v -12.013655662536621 -7.317088603973389 1.995795726776123 
v -12.019091606140137 -7.330256938934326 1.996457815170288 
v -12.000439643859863 -7.3091559410095215 2.072438955307007 
v -12.013655662536621 -7.314609527587891 2.072438955307007 
v -12.000439643859863 -7.3091559410095215 2.110292673110962 
v -12.013655662536621 -7.314609527587891 2.110292673110962 
v -12.000439643859863 -7.3091559410095215 2.110292673110962 
v -12.013655662536621 -7.314609527587891 2.110292673110962 
v -12.000439643859863 -7.3091559410095215 2.148465871810913 
v -12.013655662536621 -7.314609527587891 2.148465871810913 
v -12.013655662536621 -7.314609527587891 2.110292673110962 
v -12.019091606140137 -7.327797889709473 2.110292673110962 
v -12.013655662536621 -7.314609527587891 2.148465871810913 
v -12.019091606140137 -7.327797889709473 2.148465871810913 
v -12.000439643859863 -7.3116350173950195 1.9955216646194458 
v -12.013655662536621 -7.317088603973389 1.995795726776123 
v -12.000439643859863 -7.3091559410095215 2.033421039581299 
v -12.013655662536621 -7.314609527587891 2.0336036682128906 
v -12.013655662536621 -7.317088603973389 1.995795726776123 
v -12.019091606140137 -7.330256938934326 1.996457815170288 
v -12.013655662536621 -7.314609527587891 2.0336036682128906 
v -12.019091606140137 -7.327797889709473 2.0340373516082764 
v -12.019091606140137 -7.371982574462891 2.298145055770874 
v -12.019091606140137 -7.374045372009277 2.3074374198913574 
v -12.013655662536621 -7.354689598083496 2.30198073387146 
v -12.013655662536621 -7.356751918792725 2.3112728595733643 
v -12.013655662536621 -7.354689598083496 2.30198073387146 
v -12.013655662536621 -7.356751918792725 2.3112728595733643 
v -12.000439643859863 -7.347530364990234 2.3035788536071777 
v -12.000439643859863 -7.349592685699463 2.312870979309082 
v -12.019091606140137 -7.598361015319824 2.3785784244537354 
v -12.013655662536621 -7.598043918609619 2.391751766204834 
v -12.019091606140137 -7.566927909851074 2.3785784244537354 
v -12.013655662536621 -7.565738201141357 2.391751766204834 
v -9.14916706085205 -7.776965141296387 1.8594039678573608 
v -9.1638822555542 -7.776965141296387 1.8594039678573608 
v -9.14916706085205 -7.443475723266602 1.8594039678573608 
v -9.1638822555542 -7.443475723266602 1.8594039678573608 
v -9.14916706085205 -7.815438747406006 1.904266595840454 
v -9.1638822555542 -7.815438747406006 1.904266595840454 
v -9.14916706085205 -7.804154396057129 1.8725316524505615 
v -9.1638822555542 -7.804154396057129 1.8725316524505615 
v -9.14916706085205 -7.804154396057129 1.8725316524505615 
v -9.1638822555542 -7.804154396057129 1.8725316524505615 
v -9.14916706085205 -7.776965141296387 1.8594039678573608 
v -9.1638822555542 -7.776965141296387 1.8594039678573608 
v -9.1638822555542 -7.405002593994141 1.904266595840454 
v -9.14916706085205 -7.405002593994141 1.904266595840454 
v -9.1638822555542 -7.416266918182373 1.8725316524505615 
v -9.14916706085205 -7.416266918182373 1.8725316524505615 
v -9.1638822555542 -7.416266918182373 1.8725316524505615 
v -9.14916706085205 -7.416266918182373 1.8725316524505615 
v -9.1638822555542 -7.443475723266602 1.8594039678573608 
v -9.14916706085205 -7.443475723266602 1.8594039678573608 
v -9.14916706085205 -7.405002593994141 1.904266595840454 
v -9.1638822555542 -7.405002593994141 1.904266595840454 
v -9.14916706085205 -7.405002593994141 2.217278242111206 
v -9.1638822555542 -7.405002593994141 2.217278242111206 
v -9.1638822555542 -7.815438747406006 2.217278242111206 
v -9.14916706085205 -7.815438747406006 2.217278242111206 
v -9.1638822555542 -7.809588432312012 2.2603371143341064 
v -9.14916706085205 -7.809588432312012 2.2603371143341064 
v -9.1638822555542 -7.809588432312012 2.2603371143341064 
v -9.14916706085205 -7.809588432312012 2.2603371143341064 
v -9.1638822555542 -7.792612552642822 2.2991955280303955 
v -9.14916706085205 -7.792612552642822 2.2991955280303955 
v -9.1638822555542 -7.792612552642822 2.2991955280303955 
v -9.14916706085205 -7.792612552642822 2.2991955280303955 
v -9.1638822555542 -7.766157150268555 2.3300399780273438 
v -9.14916706085205 -7.766157150268555 2.3300399780273438 
v -9.1638822555542 -7.766157150268555 2.3300399780273438 
v -9.14916706085205 -7.766157150268555 2.3300399780273438 
v -9.1638822555542 -7.732840061187744 2.3498342037200928 
v -9.14916706085205 -7.732840061187744 2.3498342037200928 
v -9.1638822555542 -7.732840061187744 2.3498342037200928 
v -9.14916706085205 -7.732840061187744 2.3498342037200928 
v -9.1638822555542 -7.695913314819336 2.356637954711914 
v -9.14916706085205 -7.695913314819336 2.356637954711914 
v -9.14916706085205 -7.405002593994141 2.217278242111206 
v -9.1638822555542 -7.405002593994141 2.217278242111206 
v -9.14916706085205 -7.410852909088135 2.2603371143341064 
v -9.1638822555542 -7.410852909088135 2.2603371143341064 
v -9.14916706085205 -7.410852909088135 2.2603371143341064 
v -9.1638822555542 -7.410852909088135 2.2603371143341064 
v -9.14916706085205 -7.427828788757324 2.2991955280303955 
v -9.1638822555542 -7.427828788757324 2.2991955280303955 
v -9.14916706085205 -7.427828788757324 2.2991955280303955 
v -9.1638822555542 -7.427828788757324 2.2991955280303955 
v -9.14916706085205 -7.454264163970947 2.3300399780273438 
v -9.1638822555542 -7.454264163970947 2.3300399780273438 
v -9.14916706085205 -7.454264163970947 2.3300399780273438 
v -9.1638822555542 -7.454264163970947 2.3300399780273438 
v -9.14916706085205 -7.487581253051758 2.3498342037200928 
v -9.1638822555542 -7.487581253051758 2.3498342037200928 
v -9.14916706085205 -7.487581253051758 2.3498342037200928 
v -9.1638822555542 -7.487581253051758 2.3498342037200928 
v -9.14916706085205 -7.5245280265808105 2.356637954711914 
v -9.1638822555542 -7.5245280265808105 2.356637954711914 
v -9.1638822555542 -7.815438747406006 1.904266595840454 
v -9.14916706085205 -7.815438747406006 1.904266595840454 
v -9.1638822555542 -7.815438747406006 2.217278242111206 
v -9.14916706085205 -7.815438747406006 2.217278242111206 
v -9.1638822555542 -7.695913314819336 2.356637954711914 
v -9.14916706085205 -7.695913314819336 2.356637954711914 
v -9.1638822555542 -7.5245280265808105 2.356637954711914 
v -9.14916706085205 -7.5245280265808105 2.356637954711914 
v -9.1638822555542 -7.5245280265808105 2.356637954711914 
v -9.1638822555542 -7.487581253051758 2.3498342037200928 
v -9.175692558288574 -7.520839214324951 2.3650624752044678 
v -9.175692558288574 -7.482306480407715 2.3579392433166504 
v -12.154621124267578 -7.526828289031982 2.351409673690796 
v -12.154621124267578 -7.693612575531006 2.351409673690796 
v -12.136906623840332 -7.526828289031982 2.351409673690796 
v -12.136906623840332 -7.693612575531006 2.351409673690796 
v -12.136906623840332 -7.809925556182861 2.215771198272705 
v -12.154621124267578 -7.809925556182861 2.215771198272705 
v -12.136906623840332 -7.809925556182861 1.9111387729644775 
v -12.154621124267578 -7.809925556182861 1.9111387729644775 
v -12.136906623840332 -7.447937965393066 1.8674861192703247 
v -12.136906623840332 -7.7724833488464355 1.8674861192703247 
v -12.154621124267578 -7.447937965393066 1.8674861192703247 
v -12.154621124267578 -7.7724833488464355 1.8674861192703247 
v -12.009718894958496 -7.526828289031982 2.351409673690796 
v -12.009718894958496 -7.490873336791992 2.3447659015655518 
v -12.028651237487793 -7.526828289031982 2.351409673690796 
v -12.028651237487793 -7.490873336791992 2.3447659015655518 
v -12.009718894958496 -7.490873336791992 2.3447659015655518 
v -12.009718894958496 -7.458448886871338 2.3254966735839844 
v -12.028651237487793 -7.490873336791992 2.3447659015655518 
v -12.028651237487793 -7.458448886871338 2.3254966735839844 
v -12.009718894958496 -7.458448886871338 2.3254966735839844 
v -12.009718894958496 -7.4327073097229 2.295496702194214 
v -12.028651237487793 -7.458448886871338 2.3254966735839844 
v -12.028651237487793 -7.4327073097229 2.295496702194214 
v -12.009718894958496 -7.4327073097229 2.295496702194214 
v -12.009718894958496 -7.416187286376953 2.2576887607574463 
v -12.028651237487793 -7.4327073097229 2.295496702194214 
v -12.028651237487793 -7.416187286376953 2.2576887607574463 
v -12.009718894958496 -7.416187286376953 2.2576887607574463 
v -12.009718894958496 -7.410495758056641 2.215771198272705 
v -12.028651237487793 -7.416187286376953 2.2576887607574463 
v -12.028651237487793 -7.410495758056641 2.215771198272705 
v -12.154621124267578 -7.693612575531006 2.351409673690796 
v -12.154621124267578 -7.72954797744751 2.3447659015655518 
v -12.136906623840332 -7.693612575531006 2.351409673690796 
v -12.136906623840332 -7.72954797744751 2.3447659015655518 
v -12.154621124267578 -7.72954797744751 2.3447659015655518 
v -12.154621124267578 -7.761972427368164 2.3254966735839844 
v -12.136906623840332 -7.72954797744751 2.3447659015655518 
v -12.136906623840332 -7.761972427368164 2.3254966735839844 
v -12.154621124267578 -7.761972427368164 2.3254966735839844 
v -12.154621124267578 -7.787714004516602 2.295496702194214 
v -12.136906623840332 -7.761972427368164 2.3254966735839844 
v -12.136906623840332 -7.787714004516602 2.295496702194214 
v -12.154621124267578 -7.787714004516602 2.295496702194214 
v -12.154621124267578 -7.804234027862549 2.2576887607574463 
v -12.136906623840332 -7.787714004516602 2.295496702194214 
v -12.136906623840332 -7.804234027862549 2.2576887607574463 
v -12.154621124267578 -7.804234027862549 2.2576887607574463 
v -12.154621124267578 -7.809925556182861 2.215771198272705 
v -12.136906623840332 -7.804234027862549 2.2576887607574463 
v -12.136906623840332 -7.809925556182861 2.215771198272705 
v -12.028651237487793 -7.410495758056641 2.215771198272705 
v -12.009718894958496 -7.410495758056641 2.215771198272705 
v -12.028651237487793 -7.410495758056641 1.9111387729644775 
v -12.009718894958496 -7.410495758056641 1.9111387729644775 
v -12.154621124267578 -7.447937965393066 1.8674861192703247 
v -12.154621124267578 -7.421462535858154 1.880271315574646 
v -12.136906623840332 -7.447937965393066 1.8674861192703247 
v -12.136906623840332 -7.421462535858154 1.880271315574646 
v -12.154621124267578 -7.421462535858154 1.880271315574646 
v -12.154621124267578 -7.410495758056641 1.9111387729644775 
v -12.136906623840332 -7.421462535858154 1.880271315574646 
v -12.136906623840332 -7.410495758056641 1.9111387729644775 
v -12.009718894958496 -7.7724833488464355 1.8674861192703247 
v -12.009718894958496 -7.798958778381348 1.880271315574646 
v -12.028651237487793 -7.7724833488464355 1.8674861192703247 
v -12.028651237487793 -7.798958778381348 1.880271315574646 
v -12.009718894958496 -7.798958778381348 1.880271315574646 
v -12.009718894958496 -7.809925556182861 1.9111387729644775 
v -12.028651237487793 -7.798958778381348 1.880271315574646 
v -12.028651237487793 -7.809925556182861 1.9111387729644775 
v -12.009718894958496 -7.447937965393066 1.8674861192703247 
v -12.009718894958496 -7.7724833488464355 1.8674861192703247 
v -12.028651237487793 -7.447937965393066 1.8674861192703247 
v -12.028651237487793 -7.7724833488464355 1.8674861192703247 
v -12.136906623840332 -7.421462535858154 1.880271315574646 
v -12.136906623840332 -7.410495758056641 1.9111387729644775 
v -12.117691993713379 -7.407917499542236 1.8601117134094238 
v -12.117691993713379 -7.396177291870117 1.8932164907455444 
v -12.136906623840332 -7.447937965393066 1.8674861192703247 
v -12.136906623840332 -7.421462535858154 1.880271315574646 
v -12.117691993713379 -7.4362969398498535 1.8464131355285645 
v -12.117691993713379 -7.407917499542236 1.8601117134094238 
v -12.101852416992188 -7.407917499542236 1.8601117134094238 
v -12.101852416992188 -7.396177291870117 1.8932164907455444 
v -12.090136528015137 -7.416266918182373 1.8725316524505615 
v -12.090136528015137 -7.405002593994141 1.904266595840454 
v -12.06361198425293 -7.4362969398498535 1.8464131355285645 
v -12.06361198425293 -7.784124374389648 1.8464131355285645 
v -12.075421333312988 -7.443475723266602 1.8594039678573608 
v -12.075421333312988 -7.776965141296387 1.8594039678573608 
v -12.136906623840332 -7.798958778381348 1.880271315574646 
v -12.136906623840332 -7.809925556182861 1.9111387729644775 
v -12.154621124267578 -7.798958778381348 1.880271315574646 
v -12.154621124267578 -7.809925556182861 1.9111387729644775 
v -12.117691993713379 -7.812503814697266 1.8601117134094238 
v -12.117691993713379 -7.824264049530029 1.8932164907455444 
v -12.136906623840332 -7.798958778381348 1.880271315574646 
v -12.136906623840332 -7.809925556182861 1.9111387729644775 
v -12.090136528015137 -7.804154396057129 1.8725316524505615 
v -12.090136528015137 -7.815438747406006 1.904266595840454 
v -12.101852416992188 -7.812503814697266 1.8601117134094238 
v -12.101852416992188 -7.824264049530029 1.8932164907455444 
v -12.136906623840332 -7.7724833488464355 1.8674861192703247 
v -12.136906623840332 -7.798958778381348 1.880271315574646 
v -12.154621124267578 -7.7724833488464355 1.8674861192703247 
v -12.154621124267578 -7.798958778381348 1.880271315574646 
v -12.06361198425293 -7.812503814697266 1.8601117134094238 
v -12.06361198425293 -7.824264049530029 1.8932164907455444 
v -12.075421333312988 -7.804154396057129 1.8725316524505615 
v -12.075421333312988 -7.815438747406006 1.904266595840454 
v -12.090136528015137 -7.776965141296387 1.8594039678573608 
v -12.090136528015137 -7.804154396057129 1.8725316524505615 
v -12.101852416992188 -7.784124374389648 1.8464131355285645 
v -12.101852416992188 -7.812503814697266 1.8601117134094238 
v -12.028651237487793 -7.7724833488464355 1.8674861192703247 
v -12.028651237487793 -7.798958778381348 1.880271315574646 
v -12.047771453857422 -7.784124374389648 1.8464131355285645 
v -12.047771453857422 -7.812503814697266 1.8601117134094238 
v -12.028651237487793 -7.798958778381348 1.880271315574646 
v -12.028651237487793 -7.809925556182861 1.9111387729644775 
v -12.047771453857422 -7.812503814697266 1.8601117134094238 
v -12.047771453857422 -7.824264049530029 1.8932164907455444 
v -12.028651237487793 -7.421462535858154 1.880271315574646 
v -12.028651237487793 -7.410495758056641 1.9111387729644775 
v -12.009718894958496 -7.421462535858154 1.880271315574646 
v -12.009718894958496 -7.410495758056641 1.9111387729644775 
v -12.117691993713379 -7.784124374389648 1.8464131355285645 
v -12.117691993713379 -7.812503814697266 1.8601117134094238 
v -12.136906623840332 -7.7724833488464355 1.8674861192703247 
v -12.136906623840332 -7.798958778381348 1.880271315574646 
v -12.047771453857422 -7.407917499542236 1.8601117134094238 
v -12.047771453857422 -7.396177291870117 1.8932164907455444 
v -12.028651237487793 -7.421462535858154 1.880271315574646 
v -12.028651237487793 -7.410495758056641 1.9111387729644775 
v -12.06361198425293 -7.784124374389648 1.8464131355285645 
v -12.06361198425293 -7.812503814697266 1.8601117134094238 
v -12.075421333312988 -7.776965141296387 1.8594039678573608 
v -12.075421333312988 -7.804154396057129 1.8725316524505615 
v -12.075421333312988 -7.416266918182373 1.8725316524505615 
v -12.075421333312988 -7.405002593994141 1.904266595840454 
v -12.06361198425293 -7.407917499542236 1.8601117134094238 
v -12.06361198425293 -7.396177291870117 1.8932164907455444 
v -12.028651237487793 -7.447937965393066 1.8674861192703247 
v -12.028651237487793 -7.421462535858154 1.880271315574646 
v -12.009718894958496 -7.447937965393066 1.8674861192703247 
v -12.009718894958496 -7.421462535858154 1.880271315574646 
v -12.028651237487793 -7.447937965393066 1.8674861192703247 
v -12.028651237487793 -7.7724833488464355 1.8674861192703247 
v -12.047771453857422 -7.4362969398498535 1.8464131355285645 
v -12.047771453857422 -7.784124374389648 1.8464131355285645 
v -12.101852416992188 -7.4362969398498535 1.8464131355285645 
v -12.101852416992188 -7.407917499542236 1.8601117134094238 
v -12.090136528015137 -7.443475723266602 1.8594039678573608 
v -12.090136528015137 -7.416266918182373 1.8725316524505615 
v -12.075421333312988 -7.443475723266602 1.8594039678573608 
v -12.075421333312988 -7.416266918182373 1.8725316524505615 
v -12.06361198425293 -7.4362969398498535 1.8464131355285645 
v -12.06361198425293 -7.407917499542236 1.8601117134094238 
v -12.117691993713379 -7.4362969398498535 1.8464131355285645 
v -12.117691993713379 -7.784124374389648 1.8464131355285645 
v -12.136906623840332 -7.447937965393066 1.8674861192703247 
v -12.136906623840332 -7.7724833488464355 1.8674861192703247 
v -12.154621124267578 -7.410495758056641 2.215771198272705 
v -12.136906623840332 -7.410495758056641 2.215771198272705 
v -12.154621124267578 -7.410495758056641 1.9111387729644775 
v -12.136906623840332 -7.410495758056641 1.9111387729644775 
v -12.047771453857422 -7.699602127075195 2.3650624752044678 
v -12.047771453857422 -7.738114833831787 2.3579392433166504 
v -12.028651237487793 -7.693612575531006 2.351409673690796 
v -12.028651237487793 -7.72954797744751 2.3447659015655518 
v -12.136906623840332 -7.410495758056641 2.215771198272705 
v -12.117691993713379 -7.396177291870117 2.219698190689087 
v -12.136906623840332 -7.410495758056641 1.9111387729644775 
v -12.117691993713379 -7.396177291870117 1.8932164907455444 
v -12.101852416992188 -7.699602127075195 2.3650624752044678 
v -12.101852416992188 -7.738114833831787 2.3579392433166504 
v -12.090136528015137 -7.695913314819336 2.356637954711914 
v -12.090136528015137 -7.732840061187744 2.3498342037200928 
v -12.101852416992188 -7.396177291870117 2.219698190689087 
v -12.090136528015137 -7.405002593994141 2.217278242111206 
v -12.101852416992188 -7.396177291870117 1.8932164907455444 
v -12.090136528015137 -7.405002593994141 1.904266595840454 
v -12.028651237487793 -7.804234027862549 2.2576887607574463 
v -12.028651237487793 -7.809925556182861 2.215771198272705 
v -12.009718894958496 -7.804234027862549 2.2576887607574463 
v -12.009718894958496 -7.809925556182861 2.215771198272705 
v -12.117691993713379 -7.824264049530029 2.219698190689087 
v -12.136906623840332 -7.809925556182861 2.215771198272705 
v -12.117691993713379 -7.824264049530029 1.8932164907455444 
v -12.136906623840332 -7.809925556182861 1.9111387729644775 
v -12.047771453857422 -7.818155765533447 2.264629364013672 
v -12.047771453857422 -7.824264049530029 2.219698190689087 
v -12.028651237487793 -7.804234027862549 2.2576887607574463 
v -12.028651237487793 -7.809925556182861 2.215771198272705 
v -12.090136528015137 -7.815438747406006 2.217278242111206 
v -12.101852416992188 -7.824264049530029 2.219698190689087 
v -12.090136528015137 -7.815438747406006 1.904266595840454 
v -12.101852416992188 -7.824264049530029 1.8932164907455444 
v -12.075421333312988 -7.809588432312012 2.2603371143341064 
v -12.075421333312988 -7.815438747406006 2.217278242111206 
v -12.06361198425293 -7.818155765533447 2.264629364013672 
v -12.06361198425293 -7.824264049530029 2.219698190689087 
v -12.028651237487793 -7.787714004516602 2.295496702194214 
v -12.028651237487793 -7.804234027862549 2.2576887607574463 
v -12.009718894958496 -7.787714004516602 2.295496702194214 
v -12.009718894958496 -7.804234027862549 2.2576887607574463 
v -12.136906623840332 -7.804234027862549 2.2576887607574463 
v -12.136906623840332 -7.809925556182861 2.215771198272705 
v -12.117691993713379 -7.818155765533447 2.264629364013672 
v -12.117691993713379 -7.824264049530029 2.219698190689087 
v -12.047771453857422 -7.800446033477783 2.305131435394287 
v -12.047771453857422 -7.818155765533447 2.264629364013672 
v -12.028651237487793 -7.787714004516602 2.295496702194214 
v -12.028651237487793 -7.804234027862549 2.2576887607574463 
v -12.101852416992188 -7.818155765533447 2.264629364013672 
v -12.101852416992188 -7.824264049530029 2.219698190689087 
v -12.090136528015137 -7.809588432312012 2.2603371143341064 
v -12.090136528015137 -7.815438747406006 2.217278242111206 
v -12.075421333312988 -7.792612552642822 2.2991955280303955 
v -12.075421333312988 -7.809588432312012 2.2603371143341064 
v -12.06361198425293 -7.800446033477783 2.305131435394287 
v -12.06361198425293 -7.818155765533447 2.264629364013672 
v -12.028651237487793 -7.761972427368164 2.3254966735839844 
v -12.028651237487793 -7.787714004516602 2.295496702194214 
v -12.009718894958496 -7.761972427368164 2.3254966735839844 
v -12.009718894958496 -7.787714004516602 2.295496702194214 
v -12.136906623840332 -7.787714004516602 2.295496702194214 
v -12.136906623840332 -7.804234027862549 2.2576887607574463 
v -12.117691993713379 -7.800446033477783 2.305131435394287 
v -12.117691993713379 -7.818155765533447 2.264629364013672 
v -12.047771453857422 -7.7728800773620605 2.3373000621795654 
v -12.047771453857422 -7.800446033477783 2.305131435394287 
v -12.028651237487793 -7.761972427368164 2.3254966735839844 
v -12.028651237487793 -7.787714004516602 2.295496702194214 
v -12.101852416992188 -7.800446033477783 2.305131435394287 
v -12.101852416992188 -7.818155765533447 2.264629364013672 
v -12.090136528015137 -7.792612552642822 2.2991955280303955 
v -12.090136528015137 -7.809588432312012 2.2603371143341064 
v -12.075421333312988 -7.766157150268555 2.3300399780273438 
v -12.075421333312988 -7.792612552642822 2.2991955280303955 
v -12.06361198425293 -7.7728800773620605 2.3373000621795654 
v -12.06361198425293 -7.800446033477783 2.305131435394287 
v -12.028651237487793 -7.72954797744751 2.3447659015655518 
v -12.028651237487793 -7.761972427368164 2.3254966735839844 
v -12.009718894958496 -7.72954797744751 2.3447659015655518 
v -12.009718894958496 -7.761972427368164 2.3254966735839844 
v -12.136906623840332 -7.761972427368164 2.3254966735839844 
v -12.136906623840332 -7.787714004516602 2.295496702194214 
v -12.117691993713379 -7.7728800773620605 2.3373000621795654 
v -12.117691993713379 -7.800446033477783 2.305131435394287 
v -12.047771453857422 -7.738114833831787 2.3579392433166504 
v -12.047771453857422 -7.7728800773620605 2.3373000621795654 
v -12.028651237487793 -7.72954797744751 2.3447659015655518 
v -12.028651237487793 -7.761972427368164 2.3254966735839844 
v -12.101852416992188 -7.7728800773620605 2.3373000621795654 
v -12.101852416992188 -7.800446033477783 2.305131435394287 
v -12.090136528015137 -7.766157150268555 2.3300399780273438 
v -12.090136528015137 -7.792612552642822 2.2991955280303955 
v -12.075421333312988 -7.732840061187744 2.3498342037200928 
v -12.075421333312988 -7.766157150268555 2.3300399780273438 
v -12.06361198425293 -7.738114833831787 2.3579392433166504 
v -12.06361198425293 -7.7728800773620605 2.3373000621795654 
v -12.028651237487793 -7.693612575531006 2.351409673690796 
v -12.028651237487793 -7.72954797744751 2.3447659015655518 
v -12.009718894958496 -7.693612575531006 2.351409673690796 
v -12.009718894958496 -7.72954797744751 2.3447659015655518 
v -12.101852416992188 -7.738114833831787 2.3579392433166504 
v -12.101852416992188 -7.7728800773620605 2.3373000621795654 
v -12.090136528015137 -7.732840061187744 2.3498342037200928 
v -12.090136528015137 -7.766157150268555 2.3300399780273438 
v -12.075421333312988 -7.695913314819336 2.356637954711914 
v -12.075421333312988 -7.732840061187744 2.3498342037200928 
v -12.06361198425293 -7.699602127075195 2.3650624752044678 
v -12.06361198425293 -7.738114833831787 2.3579392433166504 
v -12.136906623840332 -7.693612575531006 2.351409673690796 
v -12.136906623840332 -7.72954797744751 2.3447659015655518 
v -12.117691993713379 -7.699602127075195 2.3650624752044678 
v -12.117691993713379 -7.738114833831787 2.3579392433166504 
v -12.136906623840332 -7.72954797744751 2.3447659015655518 
v -12.136906623840332 -7.761972427368164 2.3254966735839844 
v -12.117691993713379 -7.738114833831787 2.3579392433166504 
v -12.117691993713379 -7.7728800773620605 2.3373000621795654 
v -12.136906623840332 -7.416187286376953 2.2576887607574463 
v -12.136906623840332 -7.410495758056641 2.215771198272705 
v -12.154621124267578 -7.416187286376953 2.2576887607574463 
v -12.154621124267578 -7.410495758056641 2.215771198272705 
v -12.047771453857422 -7.396177291870117 2.219698190689087 
v -12.028651237487793 -7.410495758056641 2.215771198272705 
v -12.047771453857422 -7.396177291870117 1.8932164907455444 
v -12.028651237487793 -7.410495758056641 1.9111387729644775 
v -12.117691993713379 -7.402265548706055 2.264629364013672 
v -12.117691993713379 -7.396177291870117 2.219698190689087 
v -12.136906623840332 -7.416187286376953 2.2576887607574463 
v -12.136906623840332 -7.410495758056641 2.215771198272705 
v -12.075421333312988 -7.405002593994141 2.217278242111206 
v -12.06361198425293 -7.396177291870117 2.219698190689087 
v -12.075421333312988 -7.405002593994141 1.904266595840454 
v -12.06361198425293 -7.396177291870117 1.8932164907455444 
v -12.090136528015137 -7.410852909088135 2.2603371143341064 
v -12.090136528015137 -7.405002593994141 2.217278242111206 
v -12.101852416992188 -7.402265548706055 2.264629364013672 
v -12.101852416992188 -7.396177291870117 2.219698190689087 
v -12.136906623840332 -7.4327073097229 2.295496702194214 
v -12.136906623840332 -7.416187286376953 2.2576887607574463 
v -12.154621124267578 -7.4327073097229 2.295496702194214 
v -12.154621124267578 -7.416187286376953 2.2576887607574463 
v -12.028651237487793 -7.416187286376953 2.2576887607574463 
v -12.028651237487793 -7.410495758056641 2.215771198272705 
v -12.047771453857422 -7.402265548706055 2.264629364013672 
v -12.047771453857422 -7.396177291870117 2.219698190689087 
v -12.117691993713379 -7.419975280761719 2.305131435394287 
v -12.117691993713379 -7.402265548706055 2.264629364013672 
v -12.136906623840332 -7.4327073097229 2.295496702194214 
v -12.136906623840332 -7.416187286376953 2.2576887607574463 
v -12.06361198425293 -7.402265548706055 2.264629364013672 
v -12.06361198425293 -7.396177291870117 2.219698190689087 
v -12.075421333312988 -7.410852909088135 2.2603371143341064 
v -12.075421333312988 -7.405002593994141 2.217278242111206 
v -12.090136528015137 -7.427828788757324 2.2991955280303955 
v -12.090136528015137 -7.410852909088135 2.2603371143341064 
v -12.101852416992188 -7.419975280761719 2.305131435394287 
v -12.101852416992188 -7.402265548706055 2.264629364013672 
v -12.136906623840332 -7.458448886871338 2.3254966735839844 
v -12.136906623840332 -7.4327073097229 2.295496702194214 
v -12.154621124267578 -7.458448886871338 2.3254966735839844 
v -12.154621124267578 -7.4327073097229 2.295496702194214 
v -12.028651237487793 -7.4327073097229 2.295496702194214 
v -12.028651237487793 -7.416187286376953 2.2576887607574463 
v -12.047771453857422 -7.419975280761719 2.305131435394287 
v -12.047771453857422 -7.402265548706055 2.264629364013672 
v -12.117691993713379 -7.447561264038086 2.3373000621795654 
v -12.117691993713379 -7.419975280761719 2.305131435394287 
v -12.136906623840332 -7.458448886871338 2.3254966735839844 
v -12.136906623840332 -7.4327073097229 2.295496702194214 
v -12.06361198425293 -7.419975280761719 2.305131435394287 
v -12.06361198425293 -7.402265548706055 2.264629364013672 
v -12.075421333312988 -7.427828788757324 2.2991955280303955 
v -12.075421333312988 -7.410852909088135 2.2603371143341064 
v -12.090136528015137 -7.454264163970947 2.3300399780273438 
v -12.090136528015137 -7.427828788757324 2.2991955280303955 
v -12.101852416992188 -7.447561264038086 2.3373000621795654 
v -12.101852416992188 -7.419975280761719 2.305131435394287 
v -12.136906623840332 -7.490873336791992 2.3447659015655518 
v -12.136906623840332 -7.458448886871338 2.3254966735839844 
v -12.154621124267578 -7.490873336791992 2.3447659015655518 
v -12.154621124267578 -7.458448886871338 2.3254966735839844 
v -12.028651237487793 -7.458448886871338 2.3254966735839844 
v -12.028651237487793 -7.4327073097229 2.295496702194214 
v -12.047771453857422 -7.447561264038086 2.3373000621795654 
v -12.047771453857422 -7.419975280761719 2.305131435394287 
v -12.117691993713379 -7.482306480407715 2.3579392433166504 
v -12.117691993713379 -7.447561264038086 2.3373000621795654 
v -12.136906623840332 -7.490873336791992 2.3447659015655518 
v -12.136906623840332 -7.458448886871338 2.3254966735839844 
v -12.028651237487793 -7.490873336791992 2.3447659015655518 
v -12.028651237487793 -7.458448886871338 2.3254966735839844 
v -12.047771453857422 -7.482306480407715 2.3579392433166504 
v -12.047771453857422 -7.447561264038086 2.3373000621795654 
v -12.06361198425293 -7.447561264038086 2.3373000621795654 
v -12.06361198425293 -7.419975280761719 2.305131435394287 
v -12.075421333312988 -7.454264163970947 2.3300399780273438 
v -12.075421333312988 -7.427828788757324 2.2991955280303955 
v -12.136906623840332 -7.526828289031982 2.351409673690796 
v -12.136906623840332 -7.490873336791992 2.3447659015655518 
v -12.154621124267578 -7.526828289031982 2.351409673690796 
v -12.154621124267578 -7.490873336791992 2.3447659015655518 
v -12.090136528015137 -7.487581253051758 2.3498342037200928 
v -12.090136528015137 -7.454264163970947 2.3300399780273438 
v -12.101852416992188 -7.482306480407715 2.3579392433166504 
v -12.101852416992188 -7.447561264038086 2.3373000621795654 
v -12.136906623840332 -7.526828289031982 2.351409673690796 
v -12.136906623840332 -7.693612575531006 2.351409673690796 
v -12.117691993713379 -7.520839214324951 2.3650624752044678 
v -12.117691993713379 -7.699602127075195 2.3650624752044678 
v -12.06361198425293 -7.482306480407715 2.3579392433166504 
v -12.06361198425293 -7.447561264038086 2.3373000621795654 
v -12.075421333312988 -7.487581253051758 2.3498342037200928 
v -12.075421333312988 -7.454264163970947 2.3300399780273438 
v -12.06361198425293 -7.520839214324951 2.3650624752044678 
v -12.06361198425293 -7.482306480407715 2.3579392433166504 
v -12.075421333312988 -7.5245280265808105 2.356637954711914 
v -12.075421333312988 -7.487581253051758 2.3498342037200928 
v -12.009718894958496 -7.809925556182861 2.215771198272705 
v -12.028651237487793 -7.809925556182861 2.215771198272705 
v -12.009718894958496 -7.809925556182861 1.9111387729644775 
v -12.028651237487793 -7.809925556182861 1.9111387729644775 
v -12.047771453857422 -7.4362969398498535 1.8464131355285645 
v -12.047771453857422 -7.407917499542236 1.8601117134094238 
v -12.028651237487793 -7.447937965393066 1.8674861192703247 
v -12.028651237487793 -7.421462535858154 1.880271315574646 
v -12.028651237487793 -7.809925556182861 2.215771198272705 
v -12.047771453857422 -7.824264049530029 2.219698190689087 
v -12.028651237487793 -7.809925556182861 1.9111387729644775 
v -12.047771453857422 -7.824264049530029 1.8932164907455444 
v -12.090136528015137 -7.443475723266602 1.8594039678573608 
v -12.090136528015137 -7.776965141296387 1.8594039678573608 
v -12.101852416992188 -7.4362969398498535 1.8464131355285645 
v -12.101852416992188 -7.784124374389648 1.8464131355285645 
v -12.06361198425293 -7.824264049530029 2.219698190689087 
v -12.075421333312988 -7.815438747406006 2.217278242111206 
v -12.06361198425293 -7.824264049530029 1.8932164907455444 
v -12.075421333312988 -7.815438747406006 1.904266595840454 
v -12.028651237487793 -7.526828289031982 2.351409673690796 
v -12.028651237487793 -7.693612575531006 2.351409673690796 
v -12.009718894958496 -7.526828289031982 2.351409673690796 
v -12.009718894958496 -7.693612575531006 2.351409673690796 
v -12.028651237487793 -7.526828289031982 2.351409673690796 
v -12.028651237487793 -7.490873336791992 2.3447659015655518 
v -12.047771453857422 -7.520839214324951 2.3650624752044678 
v -12.047771453857422 -7.482306480407715 2.3579392433166504 
v -12.101852416992188 -7.520839214324951 2.3650624752044678 
v -12.101852416992188 -7.699602127075195 2.3650624752044678 
v -12.090136528015137 -7.5245280265808105 2.356637954711914 
v -12.090136528015137 -7.695913314819336 2.356637954711914 
v -12.075421333312988 -7.5245280265808105 2.356637954711914 
v -12.075421333312988 -7.695913314819336 2.356637954711914 
v -12.06361198425293 -7.520839214324951 2.3650624752044678 
v -12.06361198425293 -7.699602127075195 2.3650624752044678 
v -12.117691993713379 -7.520839214324951 2.3650624752044678 
v -12.117691993713379 -7.482306480407715 2.3579392433166504 
v -12.136906623840332 -7.526828289031982 2.351409673690796 
v -12.136906623840332 -7.490873336791992 2.3447659015655518 
v -12.101852416992188 -7.784124374389648 1.8464131355285645 
v -12.117691993713379 -7.784124374389648 1.8464131355285645 
v -12.101852416992188 -7.4362969398498535 1.8464131355285645 
v -12.117691993713379 -7.4362969398498535 1.8464131355285645 
v -12.047771453857422 -7.784124374389648 1.8464131355285645 
v -12.06361198425293 -7.784124374389648 1.8464131355285645 
v -12.047771453857422 -7.4362969398498535 1.8464131355285645 
v -12.06361198425293 -7.4362969398498535 1.8464131355285645 
v -12.101852416992188 -7.824264049530029 1.8932164907455444 
v -12.117691993713379 -7.824264049530029 1.8932164907455444 
v -12.101852416992188 -7.812503814697266 1.8601117134094238 
v -12.117691993713379 -7.812503814697266 1.8601117134094238 
v -12.047771453857422 -7.824264049530029 1.8932164907455444 
v -12.06361198425293 -7.824264049530029 1.8932164907455444 
v -12.047771453857422 -7.812503814697266 1.8601117134094238 
v -12.06361198425293 -7.812503814697266 1.8601117134094238 
v -12.101852416992188 -7.812503814697266 1.8601117134094238 
v -12.117691993713379 -7.812503814697266 1.8601117134094238 
v -12.101852416992188 -7.784124374389648 1.8464131355285645 
v -12.117691993713379 -7.784124374389648 1.8464131355285645 
v -12.047771453857422 -7.812503814697266 1.8601117134094238 
v -12.06361198425293 -7.812503814697266 1.8601117134094238 
v -12.047771453857422 -7.784124374389648 1.8464131355285645 
v -12.06361198425293 -7.784124374389648 1.8464131355285645 
v -12.06361198425293 -7.396177291870117 1.8932164907455444 
v -12.047771453857422 -7.396177291870117 1.8932164907455444 
v -12.06361198425293 -7.407917499542236 1.8601117134094238 
v -12.047771453857422 -7.407917499542236 1.8601117134094238 
v -12.117691993713379 -7.396177291870117 1.8932164907455444 
v -12.101852416992188 -7.396177291870117 1.8932164907455444 
v -12.117691993713379 -7.407917499542236 1.8601117134094238 
v -12.101852416992188 -7.407917499542236 1.8601117134094238 
v -12.06361198425293 -7.407917499542236 1.8601117134094238 
v -12.047771453857422 -7.407917499542236 1.8601117134094238 
v -12.06361198425293 -7.4362969398498535 1.8464131355285645 
v -12.047771453857422 -7.4362969398498535 1.8464131355285645 
v -12.117691993713379 -7.407917499542236 1.8601117134094238 
v -12.101852416992188 -7.407917499542236 1.8601117134094238 
v -12.117691993713379 -7.4362969398498535 1.8464131355285645 
v -12.101852416992188 -7.4362969398498535 1.8464131355285645 
v -12.101852416992188 -7.396177291870117 1.8932164907455444 
v -12.117691993713379 -7.396177291870117 1.8932164907455444 
v -12.101852416992188 -7.396177291870117 2.219698190689087 
v -12.117691993713379 -7.396177291870117 2.219698190689087 
v -12.047771453857422 -7.396177291870117 1.8932164907455444 
v -12.06361198425293 -7.396177291870117 1.8932164907455444 
v -12.047771453857422 -7.396177291870117 2.219698190689087 
v -12.06361198425293 -7.396177291870117 2.219698190689087 
v -12.06361198425293 -7.824264049530029 2.219698190689087 
v -12.047771453857422 -7.824264049530029 2.219698190689087 
v -12.06361198425293 -7.818155765533447 2.264629364013672 
v -12.047771453857422 -7.818155765533447 2.264629364013672 
v -12.117691993713379 -7.824264049530029 2.219698190689087 
v -12.101852416992188 -7.824264049530029 2.219698190689087 
v -12.117691993713379 -7.818155765533447 2.264629364013672 
v -12.101852416992188 -7.818155765533447 2.264629364013672 
v -12.06361198425293 -7.818155765533447 2.264629364013672 
v -12.047771453857422 -7.818155765533447 2.264629364013672 
v -12.06361198425293 -7.800446033477783 2.305131435394287 
v -12.047771453857422 -7.800446033477783 2.305131435394287 
v -12.117691993713379 -7.818155765533447 2.264629364013672 
v -12.101852416992188 -7.818155765533447 2.264629364013672 
v -12.117691993713379 -7.800446033477783 2.305131435394287 
v -12.101852416992188 -7.800446033477783 2.305131435394287 
v -12.06361198425293 -7.800446033477783 2.305131435394287 
v -12.047771453857422 -7.800446033477783 2.305131435394287 
v -12.06361198425293 -7.7728800773620605 2.3373000621795654 
v -12.047771453857422 -7.7728800773620605 2.3373000621795654 
v -12.117691993713379 -7.800446033477783 2.305131435394287 
v -12.101852416992188 -7.800446033477783 2.305131435394287 
v -12.117691993713379 -7.7728800773620605 2.3373000621795654 
v -12.101852416992188 -7.7728800773620605 2.3373000621795654 
v -12.06361198425293 -7.7728800773620605 2.3373000621795654 
v -12.047771453857422 -7.7728800773620605 2.3373000621795654 
v -12.06361198425293 -7.738114833831787 2.3579392433166504 
v -12.047771453857422 -7.738114833831787 2.3579392433166504 
v -12.117691993713379 -7.7728800773620605 2.3373000621795654 
v -12.101852416992188 -7.7728800773620605 2.3373000621795654 
v -12.117691993713379 -7.738114833831787 2.3579392433166504 
v -12.101852416992188 -7.738114833831787 2.3579392433166504 
v -12.06361198425293 -7.738114833831787 2.3579392433166504 
v -12.047771453857422 -7.738114833831787 2.3579392433166504 
v -12.06361198425293 -7.699602127075195 2.3650624752044678 
v -12.047771453857422 -7.699602127075195 2.3650624752044678 
v -12.117691993713379 -7.738114833831787 2.3579392433166504 
v -12.101852416992188 -7.738114833831787 2.3579392433166504 
v -12.117691993713379 -7.699602127075195 2.3650624752044678 
v -12.101852416992188 -7.699602127075195 2.3650624752044678 
v -12.101852416992188 -7.396177291870117 2.219698190689087 
v -12.117691993713379 -7.396177291870117 2.219698190689087 
v -12.101852416992188 -7.402265548706055 2.264629364013672 
v -12.117691993713379 -7.402265548706055 2.264629364013672 
v -12.047771453857422 -7.396177291870117 2.219698190689087 
v -12.06361198425293 -7.396177291870117 2.219698190689087 
v -12.047771453857422 -7.402265548706055 2.264629364013672 
v -12.06361198425293 -7.402265548706055 2.264629364013672 
v -12.101852416992188 -7.402265548706055 2.264629364013672 
v -12.117691993713379 -7.402265548706055 2.264629364013672 
v -12.101852416992188 -7.419975280761719 2.305131435394287 
v -12.117691993713379 -7.419975280761719 2.305131435394287 
v -12.047771453857422 -7.402265548706055 2.264629364013672 
v -12.06361198425293 -7.402265548706055 2.264629364013672 
v -12.047771453857422 -7.419975280761719 2.305131435394287 
v -12.06361198425293 -7.419975280761719 2.305131435394287 
v -12.101852416992188 -7.419975280761719 2.305131435394287 
v -12.117691993713379 -7.419975280761719 2.305131435394287 
v -12.101852416992188 -7.447561264038086 2.3373000621795654 
v -12.117691993713379 -7.447561264038086 2.3373000621795654 
v -12.047771453857422 -7.419975280761719 2.305131435394287 
v -12.06361198425293 -7.419975280761719 2.305131435394287 
v -12.047771453857422 -7.447561264038086 2.3373000621795654 
v -12.06361198425293 -7.447561264038086 2.3373000621795654 
v -12.101852416992188 -7.447561264038086 2.3373000621795654 
v -12.117691993713379 -7.447561264038086 2.3373000621795654 
v -12.101852416992188 -7.482306480407715 2.3579392433166504 
v -12.117691993713379 -7.482306480407715 2.3579392433166504 
v -12.047771453857422 -7.447561264038086 2.3373000621795654 
v -12.06361198425293 -7.447561264038086 2.3373000621795654 
v -12.047771453857422 -7.482306480407715 2.3579392433166504 
v -12.06361198425293 -7.482306480407715 2.3579392433166504 
v -12.101852416992188 -7.482306480407715 2.3579392433166504 
v -12.117691993713379 -7.482306480407715 2.3579392433166504 
v -12.101852416992188 -7.520839214324951 2.3650624752044678 
v -12.117691993713379 -7.520839214324951 2.3650624752044678 
v -12.047771453857422 -7.482306480407715 2.3579392433166504 
v -12.06361198425293 -7.482306480407715 2.3579392433166504 
v -12.047771453857422 -7.520839214324951 2.3650624752044678 
v -12.06361198425293 -7.520839214324951 2.3650624752044678 
v -12.06361198425293 -7.824264049530029 1.8932164907455444 
v -12.047771453857422 -7.824264049530029 1.8932164907455444 
v -12.06361198425293 -7.824264049530029 2.219698190689087 
v -12.047771453857422 -7.824264049530029 2.219698190689087 
v -12.117691993713379 -7.824264049530029 1.8932164907455444 
v -12.101852416992188 -7.824264049530029 1.8932164907455444 
v -12.117691993713379 -7.824264049530029 2.219698190689087 
v -12.101852416992188 -7.824264049530029 2.219698190689087 
v -12.06361198425293 -7.699602127075195 2.3650624752044678 
v -12.047771453857422 -7.699602127075195 2.3650624752044678 
v -12.06361198425293 -7.520839214324951 2.3650624752044678 
v -12.047771453857422 -7.520839214324951 2.3650624752044678 
v -12.117691993713379 -7.699602127075195 2.3650624752044678 
v -12.101852416992188 -7.699602127075195 2.3650624752044678 
v -12.117691993713379 -7.520839214324951 2.3650624752044678 
v -12.101852416992188 -7.520839214324951 2.3650624752044678 
v -12.047771453857422 -7.520839214324951 2.3650624752044678 
v -12.047771453857422 -7.699602127075195 2.3650624752044678 
v -12.028651237487793 -7.526828289031982 2.351409673690796 
v -12.028651237487793 -7.693612575531006 2.351409673690796 
v -12.075421333312988 -7.776965141296387 1.8594039678573608 
v -12.090136528015137 -7.776965141296387 1.8594039678573608 
v -12.075421333312988 -7.443475723266602 1.8594039678573608 
v -12.090136528015137 -7.443475723266602 1.8594039678573608 
v -12.075421333312988 -7.815438747406006 1.904266595840454 
v -12.090136528015137 -7.815438747406006 1.904266595840454 
v -12.075421333312988 -7.804154396057129 1.8725316524505615 
v -12.090136528015137 -7.804154396057129 1.8725316524505615 
v -12.075421333312988 -7.804154396057129 1.8725316524505615 
v -12.090136528015137 -7.804154396057129 1.8725316524505615 
v -12.075421333312988 -7.776965141296387 1.8594039678573608 
v -12.090136528015137 -7.776965141296387 1.8594039678573608 
v -12.090136528015137 -7.405002593994141 1.904266595840454 
v -12.075421333312988 -7.405002593994141 1.904266595840454 
v -12.090136528015137 -7.416266918182373 1.8725316524505615 
v -12.075421333312988 -7.416266918182373 1.8725316524505615 
v -12.090136528015137 -7.416266918182373 1.8725316524505615 
v -12.075421333312988 -7.416266918182373 1.8725316524505615 
v -12.090136528015137 -7.443475723266602 1.8594039678573608 
v -12.075421333312988 -7.443475723266602 1.8594039678573608 
v -12.075421333312988 -7.405002593994141 1.904266595840454 
v -12.090136528015137 -7.405002593994141 1.904266595840454 
v -12.075421333312988 -7.405002593994141 2.217278242111206 
v -12.090136528015137 -7.405002593994141 2.217278242111206 
v -12.090136528015137 -7.815438747406006 2.217278242111206 
v -12.075421333312988 -7.815438747406006 2.217278242111206 
v -12.090136528015137 -7.809588432312012 2.2603371143341064 
v -12.075421333312988 -7.809588432312012 2.2603371143341064 
v -12.090136528015137 -7.809588432312012 2.2603371143341064 
v -12.075421333312988 -7.809588432312012 2.2603371143341064 
v -12.090136528015137 -7.792612552642822 2.2991955280303955 
v -12.075421333312988 -7.792612552642822 2.2991955280303955 
v -12.090136528015137 -7.792612552642822 2.2991955280303955 
v -12.075421333312988 -7.792612552642822 2.2991955280303955 
v -12.090136528015137 -7.766157150268555 2.3300399780273438 
v -12.075421333312988 -7.766157150268555 2.3300399780273438 
v -12.090136528015137 -7.766157150268555 2.3300399780273438 
v -12.075421333312988 -7.766157150268555 2.3300399780273438 
v -12.090136528015137 -7.732840061187744 2.3498342037200928 
v -12.075421333312988 -7.732840061187744 2.3498342037200928 
v -12.090136528015137 -7.732840061187744 2.3498342037200928 
v -12.075421333312988 -7.732840061187744 2.3498342037200928 
v -12.090136528015137 -7.695913314819336 2.356637954711914 
v -12.075421333312988 -7.695913314819336 2.356637954711914 
v -12.075421333312988 -7.405002593994141 2.217278242111206 
v -12.090136528015137 -7.405002593994141 2.217278242111206 
v -12.075421333312988 -7.410852909088135 2.2603371143341064 
v -12.090136528015137 -7.410852909088135 2.2603371143341064 
v -12.075421333312988 -7.410852909088135 2.2603371143341064 
v -12.090136528015137 -7.410852909088135 2.2603371143341064 
v -12.075421333312988 -7.427828788757324 2.2991955280303955 
v -12.090136528015137 -7.427828788757324 2.2991955280303955 
v -12.075421333312988 -7.427828788757324 2.2991955280303955 
v -12.090136528015137 -7.427828788757324 2.2991955280303955 
v -12.075421333312988 -7.454264163970947 2.3300399780273438 
v -12.090136528015137 -7.454264163970947 2.3300399780273438 
v -12.075421333312988 -7.454264163970947 2.3300399780273438 
v -12.090136528015137 -7.454264163970947 2.3300399780273438 
v -12.075421333312988 -7.487581253051758 2.3498342037200928 
v -12.090136528015137 -7.487581253051758 2.3498342037200928 
v -12.075421333312988 -7.487581253051758 2.3498342037200928 
v -12.090136528015137 -7.487581253051758 2.3498342037200928 
v -12.075421333312988 -7.5245280265808105 2.356637954711914 
v -12.090136528015137 -7.5245280265808105 2.356637954711914 
v -12.090136528015137 -7.815438747406006 1.904266595840454 
v -12.075421333312988 -7.815438747406006 1.904266595840454 
v -12.090136528015137 -7.815438747406006 2.217278242111206 
v -12.075421333312988 -7.815438747406006 2.217278242111206 
v -12.090136528015137 -7.695913314819336 2.356637954711914 
v -12.075421333312988 -7.695913314819336 2.356637954711914 
v -12.090136528015137 -7.5245280265808105 2.356637954711914 
v -12.075421333312988 -7.5245280265808105 2.356637954711914 
v -12.090136528015137 -7.5245280265808105 2.356637954711914 
v -12.090136528015137 -7.487581253051758 2.3498342037200928 
v -12.101852416992188 -7.520839214324951 2.3650624752044678 
v -12.101852416992188 -7.482306480407715 2.3579392433166504 
vn 0 0 3.14455509185791 
vn 0 0 3.14455509185791 
vn 0 0 3.14455509185791 
vn 0 0 3.14455509185791 
vn 0 0 3.14455509185791 
vn 0 0 3.14455509185791 
vn -4.109804630279541 -9.741513151695358e-13 -0.006869891192764044 
vn -4.109804630279541 -9.741513151695358e-13 -0.006869891192764044 
vn -4.109804630279541 -9.741513151695358e-13 -0.006869891192764044 
vn -4.109804630279541 -9.741513151695358e-13 0.006869891192764044 
vn -4.109804630279541 -9.741513151695358e-13 0.006869891192764044 
vn -4.109804630279541 -9.741513151695358e-13 0.006869891192764044 
vn -4.109804630279541 -9.741513151695358e-13 0.006869891192764044 
vn -4.109804630279541 -9.741513151695358e-13 0.006869891192764044 
vn -1.8212405443191528 -1.2674977779388428 -2.5179073810577393 
vn -1.8212405443191528 -1.2674977779388428 -2.5179073810577393 
vn -1.8212405443191528 -1.2674977779388428 -2.5179073810577393 
vn 0 0 3.14455509185791 
vn 0 0 3.14455509185791 
vn 0 0 3.14455509185791 
vn 0 0 3.14455509185791 
vn 0 0 3.14455509185791 
vn 0 0 3.14455509185791 
vn -4.109804630279541 -9.741513151695358e-13 0.006869891192764044 
vn -4.109804630279541 -9.741513151695358e-13 0.006869891192764044 
vn -4.109804630279541 -9.741513151695358e-13 0.006869891192764044 
vn -4.109804630279541 -9.741513151695358e-13 0.006869891192764044 
vn -4.109804630279541 -9.741513151695358e-13 0.006869891192764044 
vn -4.109804630279541 -9.741513151695358e-13 0.006869891192764044 
vn -4.109804630279541 -9.741513151695358e-13 0.006869891192764044 
vn -4.109804630279541 -9.741513151695358e-13 0.006869891192764044 
vn -4.109804630279541 -9.741513151695358e-13 0.006869891192764044 
vn -4.109804630279541 -9.741513151695358e-13 0.006869891192764044 
vn -1.8212405443191528 1.2674977779388428 -2.5179073810577393 
vn -1.8212405443191528 1.2674977779388428 -2.5179073810577393 
vn -1.8212405443191528 1.2674977779388428 -2.5179073810577393 
vn 4.109804630279541 3.2518256208417806e-13 -0.006869891192764044 
vn 4.109804630279541 3.2518256208417806e-13 -0.006869891192764044 
vn 4.109804630279541 3.2518256208417806e-13 -0.006869891192764044 
vn 4.109804630279541 3.2518256208417806e-13 0.006869891192764044 
vn 4.109804630279541 3.2518256208417806e-13 0.006869891192764044 
vn 4.109804630279541 3.2518256208417806e-13 0.006869891192764044 
vn 4.109804630279541 3.2518256208417806e-13 0.006869891192764044 
vn 4.109804630279541 3.2518256208417806e-13 0.006869891192764044 
vn 1.8212405443191528 -1.2674977779388428 -2.5179073810577393 
vn 1.8212405443191528 -1.2674977779388428 -2.5179073810577393 
vn 1.8212405443191528 -1.2674977779388428 -2.5179073810577393 
vn 4.109804630279541 3.2518256208417806e-13 0.006869891192764044 
vn 4.109804630279541 3.2518256208417806e-13 0.006869891192764044 
vn 4.109804630279541 3.2518256208417806e-13 0.006869891192764044 
vn 4.109804630279541 3.2518256208417806e-13 0.006869891192764044 
vn 4.109804630279541 3.2518256208417806e-13 0.006869891192764044 
vn 4.109804630279541 3.2518256208417806e-13 0.006869891192764044 
vn 4.109804630279541 3.2518256208417806e-13 0.006869891192764044 
vn 4.109804630279541 3.2518256208417806e-13 0.006869891192764044 
vn 4.109804630279541 3.2518256208417806e-13 0.006869891192764044 
vn 4.109804630279541 3.2518256208417806e-13 0.006869891192764044 
vn 1.8212405443191528 1.2674977779388428 -2.5179073810577393 
vn 1.8212405443191528 1.2674977779388428 -2.5179073810577393 
vn 1.8212405443191528 1.2674977779388428 -2.5179073810577393 
vn 0 0 3.14455509185791 
vn 0 0 3.14455509185791 
vn 0 0 3.14455509185791 
vn 0 0 3.14455509185791 
vn 0 0 3.14455509185791 
vn 0 0 3.14455509185791 
vn -4.109804630279541 -9.741513151695358e-13 -0.006869891192764044 
vn -4.109804630279541 -9.741513151695358e-13 -0.006869891192764044 
vn -4.109804630279541 -9.741513151695358e-13 -0.006869891192764044 
vn -4.109804630279541 -9.741513151695358e-13 0.006869891192764044 
vn -4.109804630279541 -9.741513151695358e-13 0.006869891192764044 
vn -4.109804630279541 -9.741513151695358e-13 0.006869891192764044 
vn -4.109804630279541 -9.741513151695358e-13 0.006869891192764044 
vn -4.109804630279541 -9.741513151695358e-13 0.006869891192764044 
vn -1.8212405443191528 -1.2674977779388428 -2.5179073810577393 
vn -1.8212405443191528 -1.2674977779388428 -2.5179073810577393 
vn -1.8212405443191528 -1.2674977779388428 -2.5179073810577393 
vn 0 0 3.14455509185791 
vn 0 0 3.14455509185791 
vn 0 0 3.14455509185791 
vn 0 0 3.14455509185791 
vn 0 0 3.14455509185791 
vn 0 0 3.14455509185791 
vn -4.109804630279541 -9.741513151695358e-13 0.006869891192764044 
vn -4.109804630279541 -9.741513151695358e-13 0.006869891192764044 
vn -4.109804630279541 -9.741513151695358e-13 0.006869891192764044 
vn -4.109804630279541 -9.741513151695358e-13 0.006869891192764044 
vn -4.109804630279541 -9.741513151695358e-13 0.006869891192764044 
vn -4.109804630279541 -9.741513151695358e-13 0.006869891192764044 
vn -4.109804630279541 -9.741513151695358e-13 0.006869891192764044 
vn -4.109804630279541 -9.741513151695358e-13 0.006869891192764044 
vn -4.109804630279541 -9.741513151695358e-13 0.006869891192764044 
vn -4.109804630279541 -9.741513151695358e-13 0.006869891192764044 
vn -1.8212405443191528 1.2674977779388428 -2.5179073810577393 
vn -1.8212405443191528 1.2674977779388428 -2.5179073810577393 
vn -1.8212405443191528 1.2674977779388428 -2.5179073810577393 
vn 4.109804630279541 3.2518256208417806e-13 -0.006869891192764044 
vn 4.109804630279541 3.2518256208417806e-13 -0.006869891192764044 
vn 4.109804630279541 3.2518256208417806e-13 -0.006869891192764044 
vn 4.109804630279541 3.2518256208417806e-13 0.006869891192764044 
vn 4.109804630279541 3.2518256208417806e-13 0.006869891192764044 
vn 4.109804630279541 3.2518256208417806e-13 0.006869891192764044 
vn 4.109804630279541 3.2518256208417806e-13 0.006869891192764044 
vn 4.109804630279541 3.2518256208417806e-13 0.006869891192764044 
vn 1.8212405443191528 -1.2674977779388428 -2.5179073810577393 
vn 1.8212405443191528 -1.2674977779388428 -2.5179073810577393 
vn 1.8212405443191528 -1.2674977779388428 -2.5179073810577393 
vn 4.109804630279541 3.2518256208417806e-13 0.006869891192764044 
vn 4.109804630279541 3.2518256208417806e-13 0.006869891192764044 
vn 4.109804630279541 3.2518256208417806e-13 0.006869891192764044 
vn 4.109804630279541 3.2518256208417806e-13 0.006869891192764044 
vn 4.109804630279541 3.2518256208417806e-13 0.006869891192764044 
vn 4.109804630279541 3.2518256208417806e-13 0.006869891192764044 
vn 4.109804630279541 3.2518256208417806e-13 0.006869891192764044 
vn 4.109804630279541 3.2518256208417806e-13 0.006869891192764044 
vn 4.109804630279541 3.2518256208417806e-13 0.006869891192764044 
vn 4.109804630279541 3.2518256208417806e-13 0.006869891192764044 
vn 1.8212405443191528 1.2674977779388428 -2.5179073810577393 
vn 1.8212405443191528 1.2674977779388428 -2.5179073810577393 
vn 1.8212405443191528 1.2674977779388428 -2.5179073810577393 
vn 4.109804630279541 3.2518256208417806e-13 0.006869891192764044 
vn 4.109804630279541 3.2518256208417806e-13 0.006869891192764044 
vn 4.109804630279541 3.2518256208417806e-13 0.006869891192764044 
vn 4.109804630279541 3.2518256208417806e-13 0.006869891192764044 
vn 4.109804630279541 3.2518256208417806e-13 0.006869891192764044 
vn 4.109804630279541 3.2518256208417806e-13 0.006869891192764044 
vn 4.109804630279541 3.2518256208417806e-13 0.006869891192764044 
vn -4.109804630279541 -9.741513151695358e-13 0.006869891192764044 
vn -4.109804630279541 -9.741513151695358e-13 0.006869891192764044 
vn -4.109804630279541 -9.741513151695358e-13 0.006869891192764044 
vn -4.109804630279541 -9.741513151695358e-13 0.006869891192764044 
vn -4.109804630279541 -9.741513151695358e-13 0.006869891192764044 
vn -4.109804630279541 -9.741513151695358e-13 0.006869891192764044 
vn -4.109804630279541 -9.741513151695358e-13 0.006869891192764044 
vn -4.109804630279541 -9.741513151695358e-13 0.006869891192764044 
vn 4.109804630279541 3.2518256208417806e-13 -0.006869891192764044 
vn 4.109804630279541 3.2518256208417806e-13 -0.006869891192764044 
vn 4.109804630279541 3.2518256208417806e-13 -0.006869891192764044 
vn 0 -2.5301992893218994 1.867168664932251 
vn 0 -2.5301992893218994 1.867168664932251 
vn 0 -2.5301992893218994 1.867168664932251 
vn 0 -2.5301992893218994 1.867168664932251 
vn 0 -2.5301992893218994 1.867168664932251 
vn 0 -2.5301992893218994 1.867168664932251 
vn 0 -2.5301992893218994 1.867168664932251 
vn 0 -2.5301992893218994 1.867168664932251 
vn 0 -2.5301992893218994 1.867168664932251 
vn 0 -2.5301992893218994 1.867168664932251 
vn 0 -2.5301992893218994 1.867168664932251 
vn 0 -2.5301992893218994 1.867168664932251 
vn 0 -2.5301992893218994 1.867168664932251 
vn 0 -2.5301992893218994 1.867168664932251 
vn 0 -2.5301992893218994 1.867168664932251 
vn 0 -2.5301992893218994 1.867168664932251 
vn 0 -2.5301992893218994 1.867168664932251 
vn 0 -2.5301992893218994 1.867168664932251 
vn 0 -2.5301992893218994 1.867168664932251 
vn 0 -2.5301992893218994 1.867168664932251 
vn 0 -2.5301992893218994 1.867168664932251 
vn 0 -2.5301992893218994 1.867168664932251 
vn 0 -2.5301992893218994 1.867168664932251 
vn 0 -2.5301992893218994 1.867168664932251 
vn 0 -3.144547700881958 0.006869891192764044 
vn 0 -3.144547700881958 0.006869891192764044 
vn 0 -3.144547700881958 0.006869891192764044 
vn 0 -3.144547700881958 0.006869891192764044 
vn 0 -3.144547700881958 0.006869891192764044 
vn 0 -3.144547700881958 0.006869891192764044 
vn 0 -3.144547700881958 0.006869891192764044 
vn 0 -3.144547700881958 0.006869891192764044 
vn 0 -3.144547700881958 0.006869891192764044 
vn 0 -3.144547700881958 0.006869891192764044 
vn 0 -3.144547700881958 0.006869891192764044 
vn 0 -3.144547700881958 0.006869891192764044 
vn 0 -3.144547700881958 0.006869891192764044 
vn 0 -3.144547700881958 0.006869891192764044 
vn 0 -3.144547700881958 0.006869891192764044 
vn 0 -3.144547700881958 0.006869891192764044 
vn 0 -3.144547700881958 0.006869891192764044 
vn 0 -3.144547700881958 0.006869891192764044 
vn 0 -3.144547700881958 0.006869891192764044 
vn 0 -3.144547700881958 0.006869891192764044 
vn 0 -3.144547700881958 0.006869891192764044 
vn 0 -3.144547700881958 0.006869891192764044 
vn 0 -3.144547700881958 0.006869891192764044 
vn 0 -3.144547700881958 0.006869891192764044 
vn 0 -3.144547700881958 0.006869891192764044 
vn 0 -3.144547700881958 0.006869891192764044 
vn 0 -3.144547700881958 0.006869891192764044 
vn 0 -3.144547700881958 0.006869891192764044 
vn 0 -3.144547700881958 0.006869891192764044 
vn 0 -3.144547700881958 0.006869891192764044 
vn 0 -3.144547700881958 0.006869891192764044 
vn 0 -3.144547700881958 0.006869891192764044 
vn 0 -3.144547700881958 0.006869891192764044 
vn 0 -3.144547700881958 0.006869891192764044 
vn 0 -3.144547700881958 0.006869891192764044 
vn 0 -3.144547700881958 0.006869891192764044 
vn 0 -3.144547700881958 0.006869891192764044 
vn 0 -3.144547700881958 0.006869891192764044 
vn 0 -3.144547700881958 0.006869891192764044 
vn 0 -3.144547700881958 0.006869891192764044 
vn 0 -3.144547700881958 0.006869891192764044 
vn 0 -3.144547700881958 0.006869891192764044 
vn 0 -3.144547700881958 0.006869891192764044 
vn 0 -3.144547700881958 0.006869891192764044 
vn 0 -3.144547700881958 0.006869891192764044 
vn 0 -3.144547700881958 0.006869891192764044 
vn 4.109804630279541 3.2518256208417806e-13 -0.006869891192764044 
vn 4.109804630279541 3.2518256208417806e-13 -0.006869891192764044 
vn 4.109804630279541 3.2518256208417806e-13 -0.006869891192764044 
vn 4.109804630279541 3.2518256208417806e-13 -0.006869891192764044 
vn 4.109804630279541 3.2518256208417806e-13 -0.006869891192764044 
vn 4.109804630279541 3.2518256208417806e-13 -0.006869891192764044 
vn 4.109804630279541 3.2518256208417806e-13 -0.006869891192764044 
vn 4.109804630279541 3.2518256208417806e-13 -0.006869891192764044 
vn 4.109804630279541 3.2518256208417806e-13 -0.006869891192764044 
vn 4.109804630279541 3.2518256208417806e-13 -0.006869891192764044 
vn 4.109804630279541 3.2518256208417806e-13 -0.006869891192764044 
vn 4.109804630279541 3.2518256208417806e-13 -0.006869891192764044 
vn 4.109804630279541 3.2518256208417806e-13 -0.006869891192764044 
vn 4.109804630279541 3.2518256208417806e-13 -0.006869891192764044 
vn 4.109804630279541 3.2518256208417806e-13 0.006869891192764044 
vn 4.109804630279541 3.2518256208417806e-13 0.006869891192764044 
vn 4.109804630279541 3.2518256208417806e-13 0.006869891192764044 
vn 4.109804630279541 3.2518256208417806e-13 0.006869891192764044 
vn 4.109804630279541 3.2518256208417806e-13 0.006869891192764044 
vn 4.109804630279541 3.2518256208417806e-13 0.006869891192764044 
vn 4.109804630279541 3.2518256208417806e-13 0.006869891192764044 
vn 0 -3.144547700881958 0.006869891192764044 
vn 0 -3.144547700881958 0.006869891192764044 
vn 0 -3.144547700881958 0.006869891192764044 
vn 4.109804630279541 3.2518256208417806e-13 0.006869891192764044 
vn 4.109804630279541 3.2518256208417806e-13 0.006869891192764044 
vn 4.109804630279541 3.2518256208417806e-13 0.006869891192764044 
vn 4.109804630279541 3.2518256208417806e-13 -0.006869891192764044 
vn 4.109804630279541 3.2518256208417806e-13 -0.006869891192764044 
vn 4.109804630279541 3.2518256208417806e-13 -0.006869891192764044 
vn 4.109804630279541 3.2518256208417806e-13 -0.006869891192764044 
vn 4.109804630279541 3.2518256208417806e-13 -0.006869891192764044 
vn 4.109804630279541 3.2518256208417806e-13 -0.006869891192764044 
vn 4.109804630279541 3.2518256208417806e-13 -0.006869891192764044 
vn 4.109804630279541 3.2518256208417806e-13 -0.006869891192764044 
vn 4.109804630279541 3.2518256208417806e-13 -0.006869891192764044 
vn 4.109804630279541 3.2518256208417806e-13 -0.006869891192764044 
vn 4.109804630279541 3.2518256208417806e-13 -0.006869891192764044 
vn 4.109804630279541 3.2518256208417806e-13 -0.006869891192764044 
vn 4.109804630279541 3.2518256208417806e-13 -0.006869891192764044 
vn 4.109804630279541 3.2518256208417806e-13 -0.006869891192764044 
vn 4.109804630279541 3.2518256208417806e-13 -0.006869891192764044 
vn 4.109804630279541 3.2518256208417806e-13 -0.006869891192764044 
vn 4.109804630279541 3.2518256208417806e-13 -0.006869891192764044 
vn 4.109804630279541 3.2518256208417806e-13 -0.006869891192764044 
vn 4.109804630279541 3.2518256208417806e-13 -0.006869891192764044 
vn 4.109804630279541 3.2518256208417806e-13 -0.006869891192764044 
vn 0 -2.5301992893218994 1.867168664932251 
vn 0 -2.5301992893218994 1.867168664932251 
vn 0 -2.5301992893218994 1.867168664932251 
vn -4.109804630279541 -9.741513151695358e-13 0.006869891192764044 
vn -4.109804630279541 -9.741513151695358e-13 0.006869891192764044 
vn -4.109804630279541 -9.741513151695358e-13 0.006869891192764044 
vn -4.109804630279541 -9.741513151695358e-13 0.006869891192764044 
vn -4.109804630279541 -9.741513151695358e-13 0.006869891192764044 
vn -4.109804630279541 -9.741513151695358e-13 0.006869891192764044 
vn -4.109804630279541 -9.741513151695358e-13 0.006869891192764044 
vn 4.109804630279541 3.2518256208417806e-13 0.006869891192764044 
vn 4.109804630279541 3.2518256208417806e-13 0.006869891192764044 
vn 4.109804630279541 3.2518256208417806e-13 0.006869891192764044 
vn 4.109804630279541 3.2518256208417806e-13 0.006869891192764044 
vn 4.109804630279541 3.2518256208417806e-13 0.006869891192764044 
vn 4.109804630279541 3.2518256208417806e-13 0.006869891192764044 
vn 4.109804630279541 3.2518256208417806e-13 0.006869891192764044 
vn 4.109804630279541 3.2518256208417806e-13 0.006869891192764044 
vn -4.109804630279541 -9.741513151695358e-13 -0.006869891192764044 
vn -4.109804630279541 -9.741513151695358e-13 -0.006869891192764044 
vn -4.109804630279541 -9.741513151695358e-13 -0.006869891192764044 
vn 0 -2.4375696182250977 -1.9865754842758179 
vn 0 -2.4375696182250977 -1.9865754842758179 
vn 0 -2.4375696182250977 -1.9865754842758179 
vn 0 -2.4375696182250977 -1.9865754842758179 
vn 0 -2.4375696182250977 -1.9865754842758179 
vn 0 -2.4375696182250977 -1.9865754842758179 
vn 0 -2.4375696182250977 -1.9865754842758179 
vn 0 -2.4375696182250977 -1.9865754842758179 
vn 0 -2.4375696182250977 -1.9865754842758179 
vn 0 -2.4375696182250977 -1.9865754842758179 
vn 0 -2.4375696182250977 -1.9865754842758179 
vn 0 -2.4375696182250977 -1.9865754842758179 
vn 0 -2.4375696182250977 -1.9865754842758179 
vn 0 -2.4375696182250977 -1.9865754842758179 
vn 0 -2.4375696182250977 -1.9865754842758179 
vn 0 -2.4375696182250977 -1.9865754842758179 
vn 0 -2.4375696182250977 -1.9865754842758179 
vn 0 -2.4375696182250977 -1.9865754842758179 
vn 0 -2.4375696182250977 -1.9865754842758179 
vn -4.109804630279541 -9.741513151695358e-13 -0.006869891192764044 
vn -4.109804630279541 -9.741513151695358e-13 -0.006869891192764044 
vn -4.109804630279541 -9.741513151695358e-13 -0.006869891192764044 
vn 0 -3.144547700881958 0.006869891192764044 
vn 0 -3.144547700881958 0.006869891192764044 
vn 0 -3.144547700881958 0.006869891192764044 
vn -4.109804630279541 -9.741513151695358e-13 -0.006869891192764044 
vn -4.109804630279541 -9.741513151695358e-13 -0.006869891192764044 
vn -4.109804630279541 -9.741513151695358e-13 -0.006869891192764044 
vn -4.109804630279541 -9.741513151695358e-13 0.006869891192764044 
vn -4.109804630279541 -9.741513151695358e-13 0.006869891192764044 
vn -4.109804630279541 -9.741513151695358e-13 0.006869891192764044 
vn -4.109804630279541 -9.741513151695358e-13 0.006869891192764044 
vn -4.109804630279541 -9.741513151695358e-13 0.006869891192764044 
vn -4.109804630279541 -9.741513151695358e-13 0.006869891192764044 
vn -4.109804630279541 -9.741513151695358e-13 0.006869891192764044 
vn -4.109804630279541 -9.741513151695358e-13 -0.006869891192764044 
vn -4.109804630279541 -9.741513151695358e-13 -0.006869891192764044 
vn -4.109804630279541 -9.741513151695358e-13 -0.006869891192764044 
vn -4.109804630279541 -9.741513151695358e-13 -0.006869891192764044 
vn -4.109804630279541 -9.741513151695358e-13 -0.006869891192764044 
vn -4.109804630279541 -9.741513151695358e-13 -0.006869891192764044 
vn -4.109804630279541 -9.741513151695358e-13 -0.006869891192764044 
vn -4.109804630279541 -9.741513151695358e-13 -0.006869891192764044 
vn -4.109804630279541 -9.741513151695358e-13 -0.006869891192764044 
vn -4.109804630279541 -9.741513151695358e-13 -0.006869891192764044 
vn -4.109804630279541 -9.741513151695358e-13 -0.006869891192764044 
vn -4.109804630279541 -9.741513151695358e-13 -0.006869891192764044 
vn -4.109804630279541 -9.741513151695358e-13 0.006869891192764044 
vn -4.109804630279541 -9.741513151695358e-13 0.006869891192764044 
vn -4.109804630279541 -9.741513151695358e-13 0.006869891192764044 
vn -4.109804630279541 -9.741513151695358e-13 -0.006869891192764044 
vn -4.109804630279541 -9.741513151695358e-13 -0.006869891192764044 
vn -4.109804630279541 -9.741513151695358e-13 -0.006869891192764044 
vn -4.109804630279541 -9.741513151695358e-13 -0.006869891192764044 
vn -4.109804630279541 -9.741513151695358e-13 -0.006869891192764044 
vn -4.109804630279541 -9.741513151695358e-13 -0.006869891192764044 
vn -4.109804630279541 -9.741513151695358e-13 -0.006869891192764044 
vn -4.109804630279541 -9.741513151695358e-13 -0.006869891192764044 
vn -4.109804630279541 -9.741513151695358e-13 -0.006869891192764044 
vn -4.109804630279541 -9.741513151695358e-13 -0.006869891192764044 
vn -4.109804630279541 -9.741513151695358e-13 -0.006869891192764044 
vn -4.109804630279541 -9.741513151695358e-13 -0.006869891192764044 
vn -4.109804630279541 -9.741513151695358e-13 -0.006869891192764044 
vn -4.109804630279541 -9.741513151695358e-13 -0.006869891192764044 
vn -4.109804630279541 -9.741513151695358e-13 -0.006869891192764044 
vn -4.109804630279541 -9.741513151695358e-13 -0.006869891192764044 
vn 4.109804630279541 3.2518256208417806e-13 0.006869891192764044 
vn 4.109804630279541 3.2518256208417806e-13 0.006869891192764044 
vn 4.109804630279541 3.2518256208417806e-13 0.006869891192764044 
vn 4.109804630279541 3.2518256208417806e-13 0.006869891192764044 
vn 4.109804630279541 3.2518256208417806e-13 0.006869891192764044 
vn 4.109804630279541 3.2518256208417806e-13 0.006869891192764044 
vn 4.109804630279541 3.2518256208417806e-13 0.006869891192764044 
vn -4.109804630279541 -9.741513151695358e-13 0.006869891192764044 
vn -4.109804630279541 -9.741513151695358e-13 0.006869891192764044 
vn -4.109804630279541 -9.741513151695358e-13 0.006869891192764044 
vn -4.109804630279541 -9.741513151695358e-13 0.006869891192764044 
vn -4.109804630279541 -9.741513151695358e-13 0.006869891192764044 
vn -4.109804630279541 -9.741513151695358e-13 0.006869891192764044 
vn -4.109804630279541 -9.741513151695358e-13 0.006869891192764044 
vn -4.109804630279541 -9.741513151695358e-13 0.006869891192764044 
vn 4.109804630279541 3.2518256208417806e-13 -0.006869891192764044 
vn 4.109804630279541 3.2518256208417806e-13 -0.006869891192764044 
vn 4.109804630279541 3.2518256208417806e-13 -0.006869891192764044 
vn -6.839380407505646e-13 2.5301992893218994 1.867168664932251 
vn -6.839380407505646e-13 2.5301992893218994 1.867168664932251 
vn -6.839380407505646e-13 2.5301992893218994 1.867168664932251 
vn -6.839380407505646e-13 2.5301992893218994 1.867168664932251 
vn -6.839380407505646e-13 2.5301992893218994 1.867168664932251 
vn -6.839380407505646e-13 2.5301992893218994 1.867168664932251 
vn -6.839380407505646e-13 2.5301992893218994 1.867168664932251 
vn -6.839380407505646e-13 2.5301992893218994 1.867168664932251 
vn -6.839380407505646e-13 2.5301992893218994 1.867168664932251 
vn -6.839380407505646e-13 2.5301992893218994 1.867168664932251 
vn -6.839380407505646e-13 2.5301992893218994 1.867168664932251 
vn -6.839380407505646e-13 2.5301992893218994 1.867168664932251 
vn -6.839380407505646e-13 2.5301992893218994 1.867168664932251 
vn -6.839380407505646e-13 2.5301992893218994 1.867168664932251 
vn -6.839380407505646e-13 2.5301992893218994 1.867168664932251 
vn -6.839380407505646e-13 2.5301992893218994 1.867168664932251 
vn -6.839380407505646e-13 2.5301992893218994 1.867168664932251 
vn -6.839380407505646e-13 2.5301992893218994 1.867168664932251 
vn -6.839380407505646e-13 2.5301992893218994 1.867168664932251 
vn -6.839380407505646e-13 2.5301992893218994 1.867168664932251 
vn -6.839380407505646e-13 2.5301992893218994 1.867168664932251 
vn -6.839380407505646e-13 2.5301992893218994 1.867168664932251 
vn -6.839380407505646e-13 2.5301992893218994 1.867168664932251 
vn -6.839380407505646e-13 2.5301992893218994 1.867168664932251 
vn -8.500025227946295e-13 3.144547700881958 0.006869891192764044 
vn -8.500025227946295e-13 3.144547700881958 0.006869891192764044 
vn -8.500025227946295e-13 3.144547700881958 0.006869891192764044 
vn -8.500025227946295e-13 3.144547700881958 0.006869891192764044 
vn -8.500025227946295e-13 3.144547700881958 0.006869891192764044 
vn -8.500025227946295e-13 3.144547700881958 0.006869891192764044 
vn -8.500025227946295e-13 3.144547700881958 0.006869891192764044 
vn -8.500025227946295e-13 3.144547700881958 0.006869891192764044 
vn -8.500025227946295e-13 3.144547700881958 0.006869891192764044 
vn -8.500025227946295e-13 3.144547700881958 0.006869891192764044 
vn -8.500025227946295e-13 3.144547700881958 0.006869891192764044 
vn -8.500025227946295e-13 3.144547700881958 0.006869891192764044 
vn -8.500025227946295e-13 3.144547700881958 0.006869891192764044 
vn -8.500025227946295e-13 3.144547700881958 0.006869891192764044 
vn -8.500025227946295e-13 3.144547700881958 0.006869891192764044 
vn -8.500025227946295e-13 3.144547700881958 0.006869891192764044 
vn -8.500025227946295e-13 3.144547700881958 0.006869891192764044 
vn -8.500025227946295e-13 3.144547700881958 0.006869891192764044 
vn -8.500025227946295e-13 3.144547700881958 0.006869891192764044 
vn -8.500025227946295e-13 3.144547700881958 0.006869891192764044 
vn -8.500025227946295e-13 3.144547700881958 0.006869891192764044 
vn 4.109804630279541 3.2518256208417806e-13 -0.006869891192764044 
vn 4.109804630279541 3.2518256208417806e-13 -0.006869891192764044 
vn 4.109804630279541 3.2518256208417806e-13 -0.006869891192764044 
vn -8.500025227946295e-13 3.144547700881958 0.006869891192764044 
vn -8.500025227946295e-13 3.144547700881958 0.006869891192764044 
vn -8.500025227946295e-13 3.144547700881958 0.006869891192764044 
vn 4.109804630279541 3.2518256208417806e-13 0.006869891192764044 
vn 4.109804630279541 3.2518256208417806e-13 0.006869891192764044 
vn 4.109804630279541 3.2518256208417806e-13 0.006869891192764044 
vn 4.109804630279541 3.2518256208417806e-13 0.006869891192764044 
vn 4.109804630279541 3.2518256208417806e-13 0.006869891192764044 
vn 4.109804630279541 3.2518256208417806e-13 0.006869891192764044 
vn 4.109804630279541 3.2518256208417806e-13 0.006869891192764044 
vn 4.109804630279541 3.2518256208417806e-13 0.006869891192764044 
vn 4.109804630279541 3.2518256208417806e-13 0.006869891192764044 
vn 4.109804630279541 3.2518256208417806e-13 -0.006869891192764044 
vn 4.109804630279541 3.2518256208417806e-13 -0.006869891192764044 
vn 4.109804630279541 3.2518256208417806e-13 -0.006869891192764044 
vn 4.109804630279541 3.2518256208417806e-13 -0.006869891192764044 
vn 4.109804630279541 3.2518256208417806e-13 -0.006869891192764044 
vn 4.109804630279541 3.2518256208417806e-13 -0.006869891192764044 
vn 4.109804630279541 3.2518256208417806e-13 -0.006869891192764044 
vn 4.109804630279541 3.2518256208417806e-13 -0.006869891192764044 
vn 4.109804630279541 3.2518256208417806e-13 -0.006869891192764044 
vn 4.109804630279541 3.2518256208417806e-13 -0.006869891192764044 
vn 4.109804630279541 3.2518256208417806e-13 -0.006869891192764044 
vn 4.109804630279541 3.2518256208417806e-13 -0.006869891192764044 
vn 4.109804630279541 3.2518256208417806e-13 0.006869891192764044 
vn 4.109804630279541 3.2518256208417806e-13 0.006869891192764044 
vn 4.109804630279541 3.2518256208417806e-13 0.006869891192764044 
vn 4.109804630279541 3.2518256208417806e-13 -0.006869891192764044 
vn 4.109804630279541 3.2518256208417806e-13 -0.006869891192764044 
vn 4.109804630279541 3.2518256208417806e-13 -0.006869891192764044 
vn 4.109804630279541 3.2518256208417806e-13 -0.006869891192764044 
vn 4.109804630279541 3.2518256208417806e-13 -0.006869891192764044 
vn 4.109804630279541 3.2518256208417806e-13 -0.006869891192764044 
vn 4.109804630279541 3.2518256208417806e-13 -0.006869891192764044 
vn 4.109804630279541 3.2518256208417806e-13 -0.006869891192764044 
vn -4.109804630279541 -9.741513151695358e-13 0.006869891192764044 
vn -4.109804630279541 -9.741513151695358e-13 0.006869891192764044 
vn -4.109804630279541 -9.741513151695358e-13 0.006869891192764044 
vn -4.109804630279541 -9.741513151695358e-13 0.006869891192764044 
vn -4.109804630279541 -9.741513151695358e-13 0.006869891192764044 
vn -4.109804630279541 -9.741513151695358e-13 0.006869891192764044 
vn -4.109804630279541 -9.741513151695358e-13 0.006869891192764044 
vn 4.109804630279541 3.2518256208417806e-13 0.006869891192764044 
vn 4.109804630279541 3.2518256208417806e-13 0.006869891192764044 
vn 4.109804630279541 3.2518256208417806e-13 0.006869891192764044 
vn 4.109804630279541 3.2518256208417806e-13 0.006869891192764044 
vn 4.109804630279541 3.2518256208417806e-13 0.006869891192764044 
vn 4.109804630279541 3.2518256208417806e-13 0.006869891192764044 
vn 4.109804630279541 3.2518256208417806e-13 0.006869891192764044 
vn 4.109804630279541 3.2518256208417806e-13 0.006869891192764044 
vn -4.109804630279541 -9.741513151695358e-13 -0.006869891192764044 
vn -4.109804630279541 -9.741513151695358e-13 -0.006869891192764044 
vn -4.109804630279541 -9.741513151695358e-13 -0.006869891192764044 
vn 0.015517023392021656 2.4375405311584473 -1.9865754842758179 
vn 0.015517023392021656 2.4375405311584473 -1.9865754842758179 
vn 0.015517023392021656 2.4375405311584473 -1.9865754842758179 
vn -0.015517023392021656 2.4375405311584473 -1.9865754842758179 
vn -0.015517023392021656 2.4375405311584473 -1.9865754842758179 
vn -0.015517023392021656 2.4375405311584473 -1.9865754842758179 
vn -0.015517023392021656 2.4375405311584473 -1.9865754842758179 
vn -0.015517023392021656 2.4375405311584473 -1.9865754842758179 
vn -0.015517023392021656 2.4375405311584473 -1.9865754842758179 
vn -0.015517023392021656 2.4375405311584473 -1.9865754842758179 
vn -0.015517023392021656 2.4375405311584473 -1.9865754842758179 
vn 0.015517023392021656 2.4375405311584473 -1.9865754842758179 
vn 0.015517023392021656 2.4375405311584473 -1.9865754842758179 
vn 0.015517023392021656 2.4375405311584473 -1.9865754842758179 
vn 0.015517023392021656 2.4375405311584473 -1.9865754842758179 
vn -0.015517023392021656 2.4375405311584473 -1.9865754842758179 
vn -0.015517023392021656 2.4375405311584473 -1.9865754842758179 
vn 0.015517023392021656 2.4375405311584473 -1.9865754842758179 
vn 0.015517023392021656 2.4375405311584473 -1.9865754842758179 
vn -8.500025227946295e-13 3.144547700881958 0.006869891192764044 
vn -8.500025227946295e-13 3.144547700881958 0.006869891192764044 
vn -8.500025227946295e-13 3.144547700881958 0.006869891192764044 
vn -8.500025227946295e-13 3.144547700881958 0.006869891192764044 
vn -8.500025227946295e-13 3.144547700881958 0.006869891192764044 
vn -8.500025227946295e-13 3.144547700881958 0.006869891192764044 
vn -8.500025227946295e-13 3.144547700881958 0.006869891192764044 
vn -8.500025227946295e-13 3.144547700881958 0.006869891192764044 
vn -8.500025227946295e-13 3.144547700881958 0.006869891192764044 
vn -8.500025227946295e-13 3.144547700881958 0.006869891192764044 
vn -8.500025227946295e-13 3.144547700881958 0.006869891192764044 
vn -8.500025227946295e-13 3.144547700881958 0.006869891192764044 
vn -8.500025227946295e-13 3.144547700881958 0.006869891192764044 
vn -8.500025227946295e-13 3.144547700881958 0.006869891192764044 
vn -8.500025227946295e-13 3.144547700881958 0.006869891192764044 
vn -8.500025227946295e-13 3.144547700881958 0.006869891192764044 
vn -8.500025227946295e-13 3.144547700881958 0.006869891192764044 
vn -8.500025227946295e-13 3.144547700881958 0.006869891192764044 
vn -8.500025227946295e-13 3.144547700881958 0.006869891192764044 
vn -8.500025227946295e-13 3.144547700881958 0.006869891192764044 
vn -8.500025227946295e-13 3.144547700881958 0.006869891192764044 
vn -8.500025227946295e-13 3.144547700881958 0.006869891192764044 
vn -8.500025227946295e-13 3.144547700881958 0.006869891192764044 
vn -8.500025227946295e-13 3.144547700881958 0.006869891192764044 
vn -8.500025227946295e-13 3.144547700881958 0.006869891192764044 
vn -4.109804630279541 -9.741513151695358e-13 -0.006869891192764044 
vn -4.109804630279541 -9.741513151695358e-13 -0.006869891192764044 
vn -4.109804630279541 -9.741513151695358e-13 -0.006869891192764044 
vn -4.109804630279541 -9.741513151695358e-13 -0.006869891192764044 
vn -4.109804630279541 -9.741513151695358e-13 -0.006869891192764044 
vn -4.109804630279541 -9.741513151695358e-13 -0.006869891192764044 
vn -4.109804630279541 -9.741513151695358e-13 -0.006869891192764044 
vn -4.109804630279541 -9.741513151695358e-13 -0.006869891192764044 
vn -4.109804630279541 -9.741513151695358e-13 -0.006869891192764044 
vn -4.109804630279541 -9.741513151695358e-13 -0.006869891192764044 
vn -4.109804630279541 -9.741513151695358e-13 -0.006869891192764044 
vn -4.109804630279541 -9.741513151695358e-13 0.006869891192764044 
vn -4.109804630279541 -9.741513151695358e-13 0.006869891192764044 
vn -4.109804630279541 -9.741513151695358e-13 0.006869891192764044 
vn -4.109804630279541 -9.741513151695358e-13 0.006869891192764044 
vn -4.109804630279541 -9.741513151695358e-13 0.006869891192764044 
vn -4.109804630279541 -9.741513151695358e-13 0.006869891192764044 
vn -4.109804630279541 -9.741513151695358e-13 0.006869891192764044 
vn -8.500025227946295e-13 3.144547700881958 0.006869891192764044 
vn -8.500025227946295e-13 3.144547700881958 0.006869891192764044 
vn -8.500025227946295e-13 3.144547700881958 0.006869891192764044 
vn -4.109804630279541 -9.741513151695358e-13 -0.006869891192764044 
vn -4.109804630279541 -9.741513151695358e-13 -0.006869891192764044 
vn -4.109804630279541 -9.741513151695358e-13 -0.006869891192764044 
vn -4.109804630279541 -9.741513151695358e-13 -0.006869891192764044 
vn -4.109804630279541 -9.741513151695358e-13 -0.006869891192764044 
vn -4.109804630279541 -9.741513151695358e-13 -0.006869891192764044 
vn -4.109804630279541 -9.741513151695358e-13 -0.006869891192764044 
vn -4.109804630279541 -9.741513151695358e-13 -0.006869891192764044 
vn -4.109804630279541 -9.741513151695358e-13 -0.006869891192764044 
vn -4.109804630279541 -9.741513151695358e-13 -0.006869891192764044 
vn -4.109804630279541 -9.741513151695358e-13 -0.006869891192764044 
vn -4.109804630279541 -9.741513151695358e-13 -0.006869891192764044 
vn -4.109804630279541 -9.741513151695358e-13 -0.006869891192764044 
vn -4.109804630279541 -9.741513151695358e-13 -0.006869891192764044 
vn -4.109804630279541 -9.741513151695358e-13 -0.006869891192764044 
vn -4.109804630279541 -9.741513151695358e-13 -0.006869891192764044 
vn -4.109804630279541 -9.741513151695358e-13 -0.006869891192764044 
vn -4.109804630279541 -9.741513151695358e-13 -0.006869891192764044 
vn -4.109804630279541 -9.741513151695358e-13 -0.006869891192764044 
vn -4.109804630279541 -9.741513151695358e-13 -0.006869891192764044 
vn -4.109804630279541 -9.741513151695358e-13 -0.006869891192764044 
vn -4.109804630279541 -9.741513151695358e-13 0.006869891192764044 
vn -4.109804630279541 -9.741513151695358e-13 0.006869891192764044 
vn -4.109804630279541 -9.741513151695358e-13 0.006869891192764044 
vn -4.109804630279541 -9.741513151695358e-13 0.006869891192764044 
vn -1.3798787593841553 1.9037468433380127 2.269202709197998 
vn -1.3798787593841553 1.9037468433380127 2.269202709197998 
vn -1.3798787593841553 1.9037468433380127 2.269202709197998 
vn -1.3798787593841553 1.9037468433380127 2.269202709197998 
vn -1.8269929885864258 -2.816749095916748 0.006869891192764044 
vn -1.8269929885864258 -2.816749095916748 0.006869891192764044 
vn -1.8269929885864258 -2.816749095916748 0.006869891192764044 
vn -1.8269929885864258 -2.816749095916748 0.006869891192764044 
vn -1.9646649360656738 2.761970043182373 0.006869891192764044 
vn -1.9646649360656738 2.761970043182373 0.006869891192764044 
vn -1.9646649360656738 2.761970043182373 0.006869891192764044 
vn -1.9646649360656738 2.761970043182373 0.006869891192764044 
vn -1.6219959259033203 1.2326323986053467 -2.6131699085235596 
vn -1.6219959259033203 1.2326323986053467 -2.6131699085235596 
vn -1.6219959259033203 1.2326323986053467 -2.6131699085235596 
vn -1.6219959259033203 1.2326323986053467 -2.6131699085235596 
vn -2.19577693939209 -5.204672955637368e-13 -2.658123254776001 
vn -2.19577693939209 -5.204672955637368e-13 -2.658123254776001 
vn -2.19577693939209 -5.204672955637368e-13 -2.658123254776001 
vn -2.19577693939209 -5.204672955637368e-13 -2.658123254776001 
vn -1.3663113117218018 -1.9094669818878174 2.269202709197998 
vn -1.3663113117218018 -1.9094669818878174 2.269202709197998 
vn -1.3663113117218018 -1.9094669818878174 2.269202709197998 
vn -1.3663113117218018 -1.9094669818878174 2.269202709197998 
vn -1.8269929885864258 2.816749095916748 0.006869891192764044 
vn -1.8269929885864258 2.816749095916748 0.006869891192764044 
vn -1.8269929885864258 2.816749095916748 0.006869891192764044 
vn -1.8269929885864258 2.816749095916748 0.006869891192764044 
vn -2.4475252628326416 -0.005918738432228565 2.526113986968994 
vn -2.4475252628326416 -0.005918738432228565 2.526113986968994 
vn -2.4475252628326416 -0.005918738432228565 2.526113986968994 
vn -2.4475252628326416 -0.005918738432228565 2.526113986968994 
vn -1.9918694496154785 -2.7505393028259277 0.006869891192764044 
vn -1.9918694496154785 -2.7505393028259277 0.006869891192764044 
vn -1.9918694496154785 -2.7505393028259277 0.006869891192764044 
vn -1.9918694496154785 -2.7505393028259277 0.006869891192764044 
vn -1.6219959259033203 -1.2326323986053467 -2.6131699085235596 
vn -1.6219959259033203 -1.2326323986053467 -2.6131699085235596 
vn -1.6219959259033203 -1.2326323986053467 -2.6131699085235596 
vn -1.6219959259033203 -1.2326323986053467 -2.6131699085235596 
vn -2.19577693939209 -5.204672955637368e-13 -2.658123254776001 
vn -2.19577693939209 -5.204672955637368e-13 -2.658123254776001 
vn -2.19577693939209 -5.204672955637368e-13 -2.658123254776001 
vn -2.19577693939209 -5.204672955637368e-13 -2.658123254776001 
vn 0 -1.4049036502838135 -2.813267230987549 
vn 0 -1.4049036502838135 -2.813267230987549 
vn 0 -1.4049036502838135 -2.813267230987549 
vn 0 -1.4049036502838135 -2.813267230987549 
vn 0 -3.144547700881958 0.006869891192764044 
vn 0 -3.144547700881958 0.006869891192764044 
vn 0 -3.144547700881958 0.006869891192764044 
vn 0 -3.144547700881958 0.006869891192764044 
vn -5.470043905678179e-13 2.0236191749572754 2.40690541267395 
vn -5.470043905678179e-13 2.0236191749572754 2.40690541267395 
vn -5.470043905678179e-13 2.0236191749572754 2.40690541267395 
vn -5.470043905678179e-13 2.0236191749572754 2.40690541267395 
vn 0.015534276142716408 1.3430593013763428 -2.8432865142822266 
vn 0.015534276142716408 1.3430593013763428 -2.8432865142822266 
vn 0.015534276142716408 1.3430593013763428 -2.8432865142822266 
vn 0.015534276142716408 1.3430593013763428 -2.8432865142822266 
vn 0 -3.144547700881958 0.006869891192764044 
vn 0 -3.144547700881958 0.006869891192764044 
vn 0 -3.144547700881958 0.006869891192764044 
vn 0 -3.144547700881958 0.006869891192764044 
vn 0 6.503666962615062e-13 -3.14455509185791 
vn 0 6.503666962615062e-13 -3.14455509185791 
vn 0 6.503666962615062e-13 -3.14455509185791 
vn 0 6.503666962615062e-13 -3.14455509185791 
vn 4.109804630279541 3.2518256208417806e-13 0.006869891192764044 
vn 4.109804630279541 3.2518256208417806e-13 0.006869891192764044 
vn 4.109804630279541 3.2518256208417806e-13 0.006869891192764044 
vn 4.109804630279541 3.2518256208417806e-13 0.006869891192764044 
vn -8.500025227946295e-13 3.144547700881958 0.006869891192764044 
vn -8.500025227946295e-13 3.144547700881958 0.006869891192764044 
vn -8.500025227946295e-13 3.144547700881958 0.006869891192764044 
vn -8.500025227946295e-13 3.144547700881958 0.006869891192764044 
vn 1.3798787593841553 1.9037468433380127 2.269202709197998 
vn 1.3798787593841553 1.9037468433380127 2.269202709197998 
vn 1.3798787593841553 1.9037468433380127 2.269202709197998 
vn 1.3798787593841553 1.9037468433380127 2.269202709197998 
vn 1.8269929885864258 -2.816749095916748 0.006869891192764044 
vn 1.8269929885864258 -2.816749095916748 0.006869891192764044 
vn 1.8269929885864258 -2.816749095916748 0.006869891192764044 
vn 1.8269929885864258 -2.816749095916748 0.006869891192764044 
vn 1.9646649360656738 2.761970043182373 0.006869891192764044 
vn 1.9646649360656738 2.761970043182373 0.006869891192764044 
vn 1.9646649360656738 2.761970043182373 0.006869891192764044 
vn 1.9646649360656738 2.761970043182373 0.006869891192764044 
vn 1.6219959259033203 1.2326323986053467 -2.6131699085235596 
vn 1.6219959259033203 1.2326323986053467 -2.6131699085235596 
vn 1.6219959259033203 1.2326323986053467 -2.6131699085235596 
vn 1.6219959259033203 1.2326323986053467 -2.6131699085235596 
vn 2.19577693939209 1.7373780094708663e-13 -2.658123254776001 
vn 2.19577693939209 1.7373780094708663e-13 -2.658123254776001 
vn 2.19577693939209 1.7373780094708663e-13 -2.658123254776001 
vn 2.19577693939209 1.7373780094708663e-13 -2.658123254776001 
vn 1.7580058630499377e-25 -6.503666962615062e-13 -3.14455509185791 
vn 1.7580058630499377e-25 -6.503666962615062e-13 -3.14455509185791 
vn 1.7580058630499377e-25 -6.503666962615062e-13 -3.14455509185791 
vn 1.7580058630499377e-25 -6.503666962615062e-13 -3.14455509185791 
vn 0 0 3.14455509185791 
vn 0 0 3.14455509185791 
vn 0 0 3.14455509185791 
vn 0 0 3.14455509185791 
vn 0.015548205934464931 1.4048532247543335 -2.813267230987549 
vn 0.015548205934464931 1.4048532247543335 -2.813267230987549 
vn 0.015548205934464931 1.4048532247543335 -2.813267230987549 
vn 0.015548205934464931 1.4048532247543335 -2.813267230987549 
vn -8.500025227946295e-13 3.144547700881958 0.006869891192764044 
vn -8.500025227946295e-13 3.144547700881958 0.006869891192764044 
vn -8.500025227946295e-13 3.144547700881958 0.006869891192764044 
vn -8.500025227946295e-13 3.144547700881958 0.006869891192764044 
vn 0 -2.0236191749572754 2.40690541267395 
vn 0 -2.0236191749572754 2.40690541267395 
vn 0 -2.0236191749572754 2.40690541267395 
vn 0 -2.0236191749572754 2.40690541267395 
vn 0 -1.3431119918823242 -2.8432865142822266 
vn 0 -1.3431119918823242 -2.8432865142822266 
vn 0 -1.3431119918823242 -2.8432865142822266 
vn 0 -1.3431119918823242 -2.8432865142822266 
vn -8.500025227946295e-13 3.144547700881958 0.006869891192764044 
vn -8.500025227946295e-13 3.144547700881958 0.006869891192764044 
vn -8.500025227946295e-13 3.144547700881958 0.006869891192764044 
vn -8.500025227946295e-13 3.144547700881958 0.006869891192764044 
vn 0 6.503666962615062e-13 -3.14455509185791 
vn 0 6.503666962615062e-13 -3.14455509185791 
vn 0 6.503666962615062e-13 -3.14455509185791 
vn 0 6.503666962615062e-13 -3.14455509185791 
vn 0 -3.144547700881958 0.006869891192764044 
vn 0 -3.144547700881958 0.006869891192764044 
vn 0 -3.144547700881958 0.006869891192764044 
vn 0 -3.144547700881958 0.006869891192764044 
vn 1.3663113117218018 -1.9094669818878174 2.269202709197998 
vn 1.3663113117218018 -1.9094669818878174 2.269202709197998 
vn 1.3663113117218018 -1.9094669818878174 2.269202709197998 
vn 1.3663113117218018 -1.9094669818878174 2.269202709197998 
vn 1.8269929885864258 2.816749095916748 0.006869891192764044 
vn 1.8269929885864258 2.816749095916748 0.006869891192764044 
vn 1.8269929885864258 2.816749095916748 0.006869891192764044 
vn 1.8269929885864258 2.816749095916748 0.006869891192764044 
vn 2.4475252628326416 -0.005918738432228565 2.526113986968994 
vn 2.4475252628326416 -0.005918738432228565 2.526113986968994 
vn 2.4475252628326416 -0.005918738432228565 2.526113986968994 
vn 2.4475252628326416 -0.005918738432228565 2.526113986968994 
vn 1.9918694496154785 -2.7505393028259277 0.006869891192764044 
vn 1.9918694496154785 -2.7505393028259277 0.006869891192764044 
vn 1.9918694496154785 -2.7505393028259277 0.006869891192764044 
vn 1.9918694496154785 -2.7505393028259277 0.006869891192764044 
vn 1.6219959259033203 -1.2326323986053467 -2.6131699085235596 
vn 1.6219959259033203 -1.2326323986053467 -2.6131699085235596 
vn 1.6219959259033203 -1.2326323986053467 -2.6131699085235596 
vn 1.6219959259033203 -1.2326323986053467 -2.6131699085235596 
vn 2.19577693939209 1.7373780094708663e-13 -2.658123254776001 
vn 2.19577693939209 1.7373780094708663e-13 -2.658123254776001 
vn 2.19577693939209 1.7373780094708663e-13 -2.658123254776001 
vn 2.19577693939209 1.7373780094708663e-13 -2.658123254776001 
vn -4.109804630279541 -9.741513151695358e-13 0.006869891192764044 
vn -4.109804630279541 -9.741513151695358e-13 0.006869891192764044 
vn -4.109804630279541 -9.741513151695358e-13 0.006869891192764044 
vn -4.109804630279541 -9.741513151695358e-13 0.006869891192764044 
vn -1.3798787593841553 1.9037468433380127 2.269202709197998 
vn -1.3798787593841553 1.9037468433380127 2.269202709197998 
vn -1.3798787593841553 1.9037468433380127 2.269202709197998 
vn -1.3798787593841553 1.9037468433380127 2.269202709197998 
vn -1.8269929885864258 -2.816749095916748 0.006869891192764044 
vn -1.8269929885864258 -2.816749095916748 0.006869891192764044 
vn -1.8269929885864258 -2.816749095916748 0.006869891192764044 
vn -1.8269929885864258 -2.816749095916748 0.006869891192764044 
vn -1.9646649360656738 2.761970043182373 0.006869891192764044 
vn -1.9646649360656738 2.761970043182373 0.006869891192764044 
vn -1.9646649360656738 2.761970043182373 0.006869891192764044 
vn -1.9646649360656738 2.761970043182373 0.006869891192764044 
vn -1.6219959259033203 1.2326323986053467 -2.6131699085235596 
vn -1.6219959259033203 1.2326323986053467 -2.6131699085235596 
vn -1.6219959259033203 1.2326323986053467 -2.6131699085235596 
vn -1.6219959259033203 1.2326323986053467 -2.6131699085235596 
vn -2.19577693939209 -5.204672955637368e-13 -2.658123254776001 
vn -2.19577693939209 -5.204672955637368e-13 -2.658123254776001 
vn -2.19577693939209 -5.204672955637368e-13 -2.658123254776001 
vn -2.19577693939209 -5.204672955637368e-13 -2.658123254776001 
vn -1.3663113117218018 -1.9094669818878174 2.269202709197998 
vn -1.3663113117218018 -1.9094669818878174 2.269202709197998 
vn -1.3663113117218018 -1.9094669818878174 2.269202709197998 
vn -1.3663113117218018 -1.9094669818878174 2.269202709197998 
vn -1.8269929885864258 2.816749095916748 0.006869891192764044 
vn -1.8269929885864258 2.816749095916748 0.006869891192764044 
vn -1.8269929885864258 2.816749095916748 0.006869891192764044 
vn -1.8269929885864258 2.816749095916748 0.006869891192764044 
vn -2.4475252628326416 -0.005918738432228565 2.526113986968994 
vn -2.4475252628326416 -0.005918738432228565 2.526113986968994 
vn -2.4475252628326416 -0.005918738432228565 2.526113986968994 
vn -2.4475252628326416 -0.005918738432228565 2.526113986968994 
vn -1.9918694496154785 -2.7505393028259277 0.006869891192764044 
vn -1.9918694496154785 -2.7505393028259277 0.006869891192764044 
vn -1.9918694496154785 -2.7505393028259277 0.006869891192764044 
vn -1.9918694496154785 -2.7505393028259277 0.006869891192764044 
vn -1.6219959259033203 -1.2326323986053467 -2.6131699085235596 
vn -1.6219959259033203 -1.2326323986053467 -2.6131699085235596 
vn -1.6219959259033203 -1.2326323986053467 -2.6131699085235596 
vn -1.6219959259033203 -1.2326323986053467 -2.6131699085235596 
vn -2.19577693939209 -5.204672955637368e-13 -2.658123254776001 
vn -2.19577693939209 -5.204672955637368e-13 -2.658123254776001 
vn -2.19577693939209 -5.204672955637368e-13 -2.658123254776001 
vn -2.19577693939209 -5.204672955637368e-13 -2.658123254776001 
vn 0 -1.4049036502838135 -2.813267230987549 
vn 0 -1.4049036502838135 -2.813267230987549 
vn 0 -1.4049036502838135 -2.813267230987549 
vn 0 -1.4049036502838135 -2.813267230987549 
vn 0 -3.144547700881958 0.006869891192764044 
vn 0 -3.144547700881958 0.006869891192764044 
vn 0 -3.144547700881958 0.006869891192764044 
vn 0 -3.144547700881958 0.006869891192764044 
vn -5.470043905678179e-13 2.0236191749572754 2.40690541267395 
vn -5.470043905678179e-13 2.0236191749572754 2.40690541267395 
vn -5.470043905678179e-13 2.0236191749572754 2.40690541267395 
vn -5.470043905678179e-13 2.0236191749572754 2.40690541267395 
vn -0.015534276142716408 1.3430593013763428 -2.8432865142822266 
vn -0.015534276142716408 1.3430593013763428 -2.8432865142822266 
vn -0.015534276142716408 1.3430593013763428 -2.8432865142822266 
vn -0.015534276142716408 1.3430593013763428 -2.8432865142822266 
vn 0 -3.144547700881958 0.006869891192764044 
vn 0 -3.144547700881958 0.006869891192764044 
vn 0 -3.144547700881958 0.006869891192764044 
vn 0 -3.144547700881958 0.006869891192764044 
vn 0 6.503666962615062e-13 -3.14455509185791 
vn 0 6.503666962615062e-13 -3.14455509185791 
vn 0 6.503666962615062e-13 -3.14455509185791 
vn 0 6.503666962615062e-13 -3.14455509185791 
vn 4.109804630279541 3.2518256208417806e-13 0.006869891192764044 
vn 4.109804630279541 3.2518256208417806e-13 0.006869891192764044 
vn 4.109804630279541 3.2518256208417806e-13 0.006869891192764044 
vn 4.109804630279541 3.2518256208417806e-13 0.006869891192764044 
vn -8.500025227946295e-13 3.144547700881958 0.006869891192764044 
vn -8.500025227946295e-13 3.144547700881958 0.006869891192764044 
vn -8.500025227946295e-13 3.144547700881958 0.006869891192764044 
vn -8.500025227946295e-13 3.144547700881958 0.006869891192764044 
vn 1.3798787593841553 1.9037468433380127 2.269202709197998 
vn 1.3798787593841553 1.9037468433380127 2.269202709197998 
vn 1.3798787593841553 1.9037468433380127 2.269202709197998 
vn 1.3798787593841553 1.9037468433380127 2.269202709197998 
vn 1.8269929885864258 -2.816749095916748 0.006869891192764044 
vn 1.8269929885864258 -2.816749095916748 0.006869891192764044 
vn 1.8269929885864258 -2.816749095916748 0.006869891192764044 
vn 1.8269929885864258 -2.816749095916748 0.006869891192764044 
vn 1.9646649360656738 2.761970043182373 0.006869891192764044 
vn 1.9646649360656738 2.761970043182373 0.006869891192764044 
vn 1.9646649360656738 2.761970043182373 0.006869891192764044 
vn 1.9646649360656738 2.761970043182373 0.006869891192764044 
vn 1.6219959259033203 1.2326323986053467 -2.6131699085235596 
vn 1.6219959259033203 1.2326323986053467 -2.6131699085235596 
vn 1.6219959259033203 1.2326323986053467 -2.6131699085235596 
vn 1.6219959259033203 1.2326323986053467 -2.6131699085235596 
vn 2.19577693939209 1.7373780094708663e-13 -2.658123254776001 
vn 2.19577693939209 1.7373780094708663e-13 -2.658123254776001 
vn 2.19577693939209 1.7373780094708663e-13 -2.658123254776001 
vn 2.19577693939209 1.7373780094708663e-13 -2.658123254776001 
vn 1.7580058630499377e-25 -6.503666962615062e-13 -3.14455509185791 
vn 1.7580058630499377e-25 -6.503666962615062e-13 -3.14455509185791 
vn 1.7580058630499377e-25 -6.503666962615062e-13 -3.14455509185791 
vn 1.7580058630499377e-25 -6.503666962615062e-13 -3.14455509185791 
vn 0 0 3.14455509185791 
vn 0 0 3.14455509185791 
vn 0 0 3.14455509185791 
vn 0 0 3.14455509185791 
vn -0.015548205934464931 1.4048532247543335 -2.813267230987549 
vn -0.015548205934464931 1.4048532247543335 -2.813267230987549 
vn -0.015548205934464931 1.4048532247543335 -2.813267230987549 
vn -0.015548205934464931 1.4048532247543335 -2.813267230987549 
vn -8.500025227946295e-13 3.144547700881958 0.006869891192764044 
vn -8.500025227946295e-13 3.144547700881958 0.006869891192764044 
vn -8.500025227946295e-13 3.144547700881958 0.006869891192764044 
vn -8.500025227946295e-13 3.144547700881958 0.006869891192764044 
vn 0 -2.0236191749572754 2.40690541267395 
vn 0 -2.0236191749572754 2.40690541267395 
vn 0 -2.0236191749572754 2.40690541267395 
vn 0 -2.0236191749572754 2.40690541267395 
vn 0 -1.3431119918823242 -2.8432865142822266 
vn 0 -1.3431119918823242 -2.8432865142822266 
vn 0 -1.3431119918823242 -2.8432865142822266 
vn 0 -1.3431119918823242 -2.8432865142822266 
vn -8.500025227946295e-13 3.144547700881958 0.006869891192764044 
vn -8.500025227946295e-13 3.144547700881958 0.006869891192764044 
vn -8.500025227946295e-13 3.144547700881958 0.006869891192764044 
vn -8.500025227946295e-13 3.144547700881958 0.006869891192764044 
vn 0 6.503666962615062e-13 -3.14455509185791 
vn 0 6.503666962615062e-13 -3.14455509185791 
vn 0 6.503666962615062e-13 -3.14455509185791 
vn 0 6.503666962615062e-13 -3.14455509185791 
vn 0 -3.144547700881958 0.006869891192764044 
vn 0 -3.144547700881958 0.006869891192764044 
vn 0 -3.144547700881958 0.006869891192764044 
vn 0 -3.144547700881958 0.006869891192764044 
vn 1.3663113117218018 -1.9094669818878174 2.269202709197998 
vn 1.3663113117218018 -1.9094669818878174 2.269202709197998 
vn 1.3663113117218018 -1.9094669818878174 2.269202709197998 
vn 1.3663113117218018 -1.9094669818878174 2.269202709197998 
vn 1.8269929885864258 2.816749095916748 0.006869891192764044 
vn 1.8269929885864258 2.816749095916748 0.006869891192764044 
vn 1.8269929885864258 2.816749095916748 0.006869891192764044 
vn 1.8269929885864258 2.816749095916748 0.006869891192764044 
vn 2.4475252628326416 -0.005918738432228565 2.526113986968994 
vn 2.4475252628326416 -0.005918738432228565 2.526113986968994 
vn 2.4475252628326416 -0.005918738432228565 2.526113986968994 
vn 2.4475252628326416 -0.005918738432228565 2.526113986968994 
vn 1.9918694496154785 -2.7505393028259277 0.006869891192764044 
vn 1.9918694496154785 -2.7505393028259277 0.006869891192764044 
vn 1.9918694496154785 -2.7505393028259277 0.006869891192764044 
vn 1.9918694496154785 -2.7505393028259277 0.006869891192764044 
vn 1.6219959259033203 -1.2326323986053467 -2.6131699085235596 
vn 1.6219959259033203 -1.2326323986053467 -2.6131699085235596 
vn 1.6219959259033203 -1.2326323986053467 -2.6131699085235596 
vn 1.6219959259033203 -1.2326323986053467 -2.6131699085235596 
vn 2.19577693939209 1.7373780094708663e-13 -2.658123254776001 
vn 2.19577693939209 1.7373780094708663e-13 -2.658123254776001 
vn 2.19577693939209 1.7373780094708663e-13 -2.658123254776001 
vn 2.19577693939209 1.7373780094708663e-13 -2.658123254776001 
vn 0 0 3.14455509185791 
vn 0 0 3.14455509185791 
vn 0 0 3.14455509185791 
vn 0 0 3.14455509185791 
vn 0 -3.144547700881958 0.006869891192764044 
vn 0 -3.144547700881958 0.006869891192764044 
vn 0 -3.144547700881958 0.006869891192764044 
vn 0 -3.144547700881958 0.006869891192764044 
vn 1.7580058630499377e-25 -6.503666962615062e-13 -3.14455509185791 
vn 1.7580058630499377e-25 -6.503666962615062e-13 -3.14455509185791 
vn 1.7580058630499377e-25 -6.503666962615062e-13 -3.14455509185791 
vn 1.7580058630499377e-25 -6.503666962615062e-13 -3.14455509185791 
vn 0.015398555435240269 0.5737167596817017 3.0917532444000244 
vn 0.015398555435240269 0.5737167596817017 3.0917532444000244 
vn 0.015398555435240269 0.5737167596817017 3.0917532444000244 
vn 0.015398555435240269 0.5737167596817017 3.0917532444000244 
vn 0.015479417517781258 1.6097625494003296 2.7012500762939453 
vn 0.015479417517781258 1.6097625494003296 2.7012500762939453 
vn 0.015479417517781258 1.6097625494003296 2.7012500762939453 
vn 0.015479417517781258 1.6097625494003296 2.7012500762939453 
vn -6.445965722995384e-13 2.384657144546509 2.0497896671295166 
vn -6.445965722995384e-13 2.384657144546509 2.0497896671295166 
vn -6.445965722995384e-13 2.384657144546509 2.0497896671295166 
vn -6.445965722995384e-13 2.384657144546509 2.0497896671295166 
vn -0.01549964863806963 2.880256175994873 1.2618287801742554 
vn -0.01549964863806963 2.880256175994873 1.2618287801742554 
vn -0.01549964863806963 2.880256175994873 1.2618287801742554 
vn -0.01549964863806963 2.880256175994873 1.2618287801742554 
vn -0.015511331148445606 3.116650342941284 0.4178243577480316 
vn -0.015511331148445606 3.116650342941284 0.4178243577480316 
vn -0.015511331148445606 3.116650342941284 0.4178243577480316 
vn -0.015511331148445606 3.116650342941284 0.4178243577480316 
vn 0 -0.5738376975059509 3.0917532444000244 
vn 0 -0.5738376975059509 3.0917532444000244 
vn 0 -0.5738376975059509 3.0917532444000244 
vn 0 -0.5738376975059509 3.0917532444000244 
vn 0 -1.6098061800003052 2.7012500762939453 
vn 0 -1.6098061800003052 2.7012500762939453 
vn 0 -1.6098061800003052 2.7012500762939453 
vn 0 -1.6098061800003052 2.7012500762939453 
vn 0 -2.384657144546509 2.0497896671295166 
vn 0 -2.384657144546509 2.0497896671295166 
vn 0 -2.384657144546509 2.0497896671295166 
vn 0 -2.384657144546509 2.0497896671295166 
vn 0 -2.8802804946899414 1.2618287801742554 
vn 0 -2.8802804946899414 1.2618287801742554 
vn 0 -2.8802804946899414 1.2618287801742554 
vn 0 -2.8802804946899414 1.2618287801742554 
vn 0 -3.116672992706299 0.4178243577480316 
vn 0 -3.116672992706299 0.4178243577480316 
vn 0 -3.116672992706299 0.4178243577480316 
vn 0 -3.116672992706299 0.4178243577480316 
vn -8.500025227946295e-13 3.144547700881958 0.006869891192764044 
vn -8.500025227946295e-13 3.144547700881958 0.006869891192764044 
vn -8.500025227946295e-13 3.144547700881958 0.006869891192764044 
vn -8.500025227946295e-13 3.144547700881958 0.006869891192764044 
vn -3.6896497684381357e-13 1.367907166481018 -2.8314409255981445 
vn -3.6896497684381357e-13 1.367907166481018 -2.8314409255981445 
vn -3.6896497684381357e-13 1.367907166481018 -2.8314409255981445 
vn -3.6896497684381357e-13 1.367907166481018 -2.8314409255981445 
vn -8.004925390082962e-13 2.9613876342773438 -1.057549238204956 
vn -8.004925390082962e-13 2.9613876342773438 -1.057549238204956 
vn -8.004925390082962e-13 2.9613876342773438 -1.057549238204956 
vn -8.004925390082962e-13 2.9613876342773438 -1.057549238204956 
vn 0 -1.367907166481018 -2.8314409255981445 
vn 0 -1.367907166481018 -2.8314409255981445 
vn 0 -1.367907166481018 -2.8314409255981445 
vn 0 -1.367907166481018 -2.8314409255981445 
vn 0 -2.9613876342773438 -1.057549238204956 
vn 0 -2.9613876342773438 -1.057549238204956 
vn 0 -2.9613876342773438 -1.057549238204956 
vn 0 -2.9613876342773438 -1.057549238204956 
vn 1.7580058630499377e-25 -6.503666962615062e-13 -3.14455509185791 
vn 1.7580058630499377e-25 -6.503666962615062e-13 -3.14455509185791 
vn 1.7580058630499377e-25 -6.503666962615062e-13 -3.14455509185791 
vn 1.7580058630499377e-25 -6.503666962615062e-13 -3.14455509185791 
vn -2.5204131603240967 2.3392953872680664 -0.8348645567893982 
vn -2.5204131603240967 2.3392953872680664 -0.8348645567893982 
vn -2.5204131603240967 2.3392953872680664 -0.8348645567893982 
vn -2.5204131603240967 2.3392953872680664 -0.8348645567893982 
vn -2.8508846759796143 0.9854841232299805 -2.0393505096435547 
vn -2.8508846759796143 0.9854841232299805 -2.0393505096435547 
vn -2.8508846759796143 0.9854841232299805 -2.0393505096435547 
vn -2.8508846759796143 0.9854841232299805 -2.0393505096435547 
vn 2.5204131603240967 2.3392953872680664 -0.8348645567893982 
vn 2.5204131603240967 2.3392953872680664 -0.8348645567893982 
vn 2.5204131603240967 2.3392953872680664 -0.8348645567893982 
vn 2.5204131603240967 2.3392953872680664 -0.8348645567893982 
vn -2.6447818279266357 0.005941474810242653 -2.40690541267395 
vn -2.6447818279266357 0.005941474810242653 -2.40690541267395 
vn -2.6447818279266357 0.005941474810242653 -2.40690541267395 
vn -2.6447818279266357 0.005941474810242653 -2.40690541267395 
vn 0 -2.9613876342773438 -1.057549238204956 
vn 0 -2.9613876342773438 -1.057549238204956 
vn 0 -2.9613876342773438 -1.057549238204956 
vn 0 -2.9613876342773438 -1.057549238204956 
vn -2.5204131603240967 -2.3392953872680664 -0.8348645567893982 
vn -2.5204131603240967 -2.3392953872680664 -0.8348645567893982 
vn -2.5204131603240967 -2.3392953872680664 -0.8348645567893982 
vn -2.5204131603240967 -2.3392953872680664 -0.8348645567893982 
vn 2.5204131603240967 -2.3392953872680664 -0.8348645567893982 
vn 2.5204131603240967 -2.3392953872680664 -0.8348645567893982 
vn 2.5204131603240967 -2.3392953872680664 -0.8348645567893982 
vn 2.5204131603240967 -2.3392953872680664 -0.8348645567893982 
vn 0 -1.367907166481018 -2.8314409255981445 
vn 0 -1.367907166481018 -2.8314409255981445 
vn 0 -1.367907166481018 -2.8314409255981445 
vn 0 -1.367907166481018 -2.8314409255981445 
vn -2.5204131603240967 -2.3392953872680664 -0.8348645567893982 
vn -2.5204131603240967 -2.3392953872680664 -0.8348645567893982 
vn -2.5204131603240967 -2.3392953872680664 -0.8348645567893982 
vn -2.5204131603240967 -2.3392953872680664 -0.8348645567893982 
vn 2.8444571495056152 -0.9962977766990662 -2.0393505096435547 
vn 2.8444571495056152 -0.9962977766990662 -2.0393505096435547 
vn 2.8444571495056152 -0.9962977766990662 -2.0393505096435547 
vn 2.8444571495056152 -0.9962977766990662 -2.0393505096435547 
vn 2.8444571495056152 -0.9962977766990662 -2.0393505096435547 
vn 2.8444571495056152 -0.9962977766990662 -2.0393505096435547 
vn 2.8444571495056152 -0.9962977766990662 -2.0393505096435547 
vn 2.8444571495056152 -0.9962977766990662 -2.0393505096435547 
vn 2.5204131603240967 -2.3392953872680664 -0.8348645567893982 
vn 2.5204131603240967 -2.3392953872680664 -0.8348645567893982 
vn 2.5204131603240967 -2.3392953872680664 -0.8348645567893982 
vn 2.5204131603240967 -2.3392953872680664 -0.8348645567893982 
vn -8.004925390082962e-13 2.9613876342773438 -1.057549238204956 
vn -8.004925390082962e-13 2.9613876342773438 -1.057549238204956 
vn -8.004925390082962e-13 2.9613876342773438 -1.057549238204956 
vn -8.004925390082962e-13 2.9613876342773438 -1.057549238204956 
vn -2.8444571495056152 -0.9962977766990662 -2.0393505096435547 
vn -2.8444571495056152 -0.9962977766990662 -2.0393505096435547 
vn -2.8444571495056152 -0.9962977766990662 -2.0393505096435547 
vn -2.8444571495056152 -0.9962977766990662 -2.0393505096435547 
vn 2.5204131603240967 2.3392953872680664 -0.8348645567893982 
vn 2.5204131603240967 2.3392953872680664 -0.8348645567893982 
vn 2.5204131603240967 2.3392953872680664 -0.8348645567893982 
vn 2.5204131603240967 2.3392953872680664 -0.8348645567893982 
vn -2.8444571495056152 -0.9962977766990662 -2.0393505096435547 
vn -2.8444571495056152 -0.9962977766990662 -2.0393505096435547 
vn -2.8444571495056152 -0.9962977766990662 -2.0393505096435547 
vn -2.8444571495056152 -0.9962977766990662 -2.0393505096435547 
vn -2.5204131603240967 2.3392953872680664 -0.8348645567893982 
vn -2.5204131603240967 2.3392953872680664 -0.8348645567893982 
vn -2.5204131603240967 2.3392953872680664 -0.8348645567893982 
vn -2.5204131603240967 2.3392953872680664 -0.8348645567893982 
vn -3.6896497684381357e-13 1.367907166481018 -2.8314409255981445 
vn -3.6896497684381357e-13 1.367907166481018 -2.8314409255981445 
vn -3.6896497684381357e-13 1.367907166481018 -2.8314409255981445 
vn -3.6896497684381357e-13 1.367907166481018 -2.8314409255981445 
vn 2.6447818279266357 0.005941474810242653 -2.40690541267395 
vn 2.6447818279266357 0.005941474810242653 -2.40690541267395 
vn 2.6447818279266357 0.005941474810242653 -2.40690541267395 
vn 2.6447818279266357 0.005941474810242653 -2.40690541267395 
vn 2.8508846759796143 0.9854841232299805 -2.0393505096435547 
vn 2.8508846759796143 0.9854841232299805 -2.0393505096435547 
vn 2.8508846759796143 0.9854841232299805 -2.0393505096435547 
vn 2.8508846759796143 0.9854841232299805 -2.0393505096435547 
vn -2.8508846759796143 0.9854841232299805 -2.0393505096435547 
vn -2.8508846759796143 0.9854841232299805 -2.0393505096435547 
vn -2.8508846759796143 0.9854841232299805 -2.0393505096435547 
vn -2.8508846759796143 0.9854841232299805 -2.0393505096435547 
vn -2.6447818279266357 0.005941474810242653 -2.40690541267395 
vn -2.6447818279266357 0.005941474810242653 -2.40690541267395 
vn -2.6447818279266357 0.005941474810242653 -2.40690541267395 
vn -2.6447818279266357 0.005941474810242653 -2.40690541267395 
vn -8.500025227946295e-13 3.144547700881958 0.006869891192764044 
vn -8.500025227946295e-13 3.144547700881958 0.006869891192764044 
vn -8.500025227946295e-13 3.144547700881958 0.006869891192764044 
vn -8.500025227946295e-13 3.144547700881958 0.006869891192764044 
vn 2.068700075149536 -0.48941770195961 2.672703504562378 
vn 2.068700075149536 -0.48941770195961 2.672703504562378 
vn 2.068700075149536 -0.48941770195961 2.672703504562378 
vn 2.068700075149536 -0.48941770195961 2.672703504562378 
vn -2.045936107635498 2.7272074222564697 0.006869891192764044 
vn -2.045936107635498 2.7272074222564697 0.006869891192764044 
vn -2.045936107635498 2.7272074222564697 0.006869891192764044 
vn -2.045936107635498 2.7272074222564697 0.006869891192764044 
vn 2.068700075149536 -0.48941770195961 2.672703504562378 
vn 2.068700075149536 -0.48941770195961 2.672703504562378 
vn 2.068700075149536 -0.48941770195961 2.672703504562378 
vn 2.068700075149536 -0.48941770195961 2.672703504562378 
vn 2.045936107635498 2.7272074222564697 0.006869891192764044 
vn 2.045936107635498 2.7272074222564697 0.006869891192764044 
vn 2.045936107635498 2.7272074222564697 0.006869891192764044 
vn 2.045936107635498 2.7272074222564697 0.006869891192764044 
vn 0 -3.116672992706299 0.4178243577480316 
vn 0 -3.116672992706299 0.4178243577480316 
vn 0 -3.116672992706299 0.4178243577480316 
vn 0 -3.116672992706299 0.4178243577480316 
vn -2.045936107635498 -2.7272074222564697 0.006869891192764044 
vn -2.045936107635498 -2.7272074222564697 0.006869891192764044 
vn -2.045936107635498 -2.7272074222564697 0.006869891192764044 
vn -2.045936107635498 -2.7272074222564697 0.006869891192764044 
vn 2.096848249435425 -2.679971933364868 0.363291472196579 
vn 2.096848249435425 -2.679971933364868 0.363291472196579 
vn 2.096848249435425 -2.679971933364868 0.363291472196579 
vn 2.096848249435425 -2.679971933364868 0.363291472196579 
vn 2.045936107635498 -2.7272074222564697 0.006869891192764044 
vn 2.045936107635498 -2.7272074222564697 0.006869891192764044 
vn 2.045936107635498 -2.7272074222564697 0.006869891192764044 
vn 2.045936107635498 -2.7272074222564697 0.006869891192764044 
vn -2.096848249435425 -2.679971933364868 0.363291472196579 
vn -2.096848249435425 -2.679971933364868 0.363291472196579 
vn -2.096848249435425 -2.679971933364868 0.363291472196579 
vn -2.096848249435425 -2.679971933364868 0.363291472196579 
vn 0 -2.8802804946899414 1.2618287801742554 
vn 0 -2.8802804946899414 1.2618287801742554 
vn 0 -2.8802804946899414 1.2618287801742554 
vn 0 -2.8802804946899414 1.2618287801742554 
vn -2.096848249435425 -2.679971933364868 0.363291472196579 
vn -2.096848249435425 -2.679971933364868 0.363291472196579 
vn -2.096848249435425 -2.679971933364868 0.363291472196579 
vn -2.096848249435425 -2.679971933364868 0.363291472196579 
vn 2.1621997356414795 -2.4505839347839355 1.0704786777496338 
vn 2.1621997356414795 -2.4505839347839355 1.0704786777496338 
vn 2.1621997356414795 -2.4505839347839355 1.0704786777496338 
vn 2.1621997356414795 -2.4505839347839355 1.0704786777496338 
vn 2.096848249435425 -2.679971933364868 0.363291472196579 
vn 2.096848249435425 -2.679971933364868 0.363291472196579 
vn 2.096848249435425 -2.679971933364868 0.363291472196579 
vn 2.096848249435425 -2.679971933364868 0.363291472196579 
vn -2.1621997356414795 -2.4505839347839355 1.0704786777496338 
vn -2.1621997356414795 -2.4505839347839355 1.0704786777496338 
vn -2.1621997356414795 -2.4505839347839355 1.0704786777496338 
vn -2.1621997356414795 -2.4505839347839355 1.0704786777496338 
vn 0 -2.384657144546509 2.0497896671295166 
vn 0 -2.384657144546509 2.0497896671295166 
vn 0 -2.384657144546509 2.0497896671295166 
vn 0 -2.384657144546509 2.0497896671295166 
vn -2.1621997356414795 -2.4505839347839355 1.0704786777496338 
vn -2.1621997356414795 -2.4505839347839355 1.0704786777496338 
vn -2.1621997356414795 -2.4505839347839355 1.0704786777496338 
vn -2.1621997356414795 -2.4505839347839355 1.0704786777496338 
vn 2.2006661891937256 -2.0230836868286133 1.7205140590667725 
vn 2.2006661891937256 -2.0230836868286133 1.7205140590667725 
vn 2.2006661891937256 -2.0230836868286133 1.7205140590667725 
vn 2.2006661891937256 -2.0230836868286133 1.7205140590667725 
vn 2.1621997356414795 -2.4505839347839355 1.0704786777496338 
vn 2.1621997356414795 -2.4505839347839355 1.0704786777496338 
vn 2.1621997356414795 -2.4505839347839355 1.0704786777496338 
vn 2.1621997356414795 -2.4505839347839355 1.0704786777496338 
vn -2.2006661891937256 -2.0230836868286133 1.7205140590667725 
vn -2.2006661891937256 -2.0230836868286133 1.7205140590667725 
vn -2.2006661891937256 -2.0230836868286133 1.7205140590667725 
vn -2.2006661891937256 -2.0230836868286133 1.7205140590667725 
vn 0 -1.6098061800003052 2.7012500762939453 
vn 0 -1.6098061800003052 2.7012500762939453 
vn 0 -1.6098061800003052 2.7012500762939453 
vn 0 -1.6098061800003052 2.7012500762939453 
vn -2.2006661891937256 -2.0230836868286133 1.7205140590667725 
vn -2.2006661891937256 -2.0230836868286133 1.7205140590667725 
vn -2.2006661891937256 -2.0230836868286133 1.7205140590667725 
vn -2.2006661891937256 -2.0230836868286133 1.7205140590667725 
vn 2.1902148723602295 -1.3580572605133057 2.288139581680298 
vn 2.1902148723602295 -1.3580572605133057 2.288139581680298 
vn 2.1902148723602295 -1.3580572605133057 2.288139581680298 
vn 2.1902148723602295 -1.3580572605133057 2.288139581680298 
vn 2.2006661891937256 -2.0230836868286133 1.7205140590667725 
vn 2.2006661891937256 -2.0230836868286133 1.7205140590667725 
vn 2.2006661891937256 -2.0230836868286133 1.7205140590667725 
vn 2.2006661891937256 -2.0230836868286133 1.7205140590667725 
vn -2.1902148723602295 -1.3580572605133057 2.288139581680298 
vn -2.1902148723602295 -1.3580572605133057 2.288139581680298 
vn -2.1902148723602295 -1.3580572605133057 2.288139581680298 
vn -2.1902148723602295 -1.3580572605133057 2.288139581680298 
vn 0 -0.5738376975059509 3.0917532444000244 
vn 0 -0.5738376975059509 3.0917532444000244 
vn 0 -0.5738376975059509 3.0917532444000244 
vn 0 -0.5738376975059509 3.0917532444000244 
vn 2.1902148723602295 -1.3580572605133057 2.288139581680298 
vn 2.1902148723602295 -1.3580572605133057 2.288139581680298 
vn 2.1902148723602295 -1.3580572605133057 2.288139581680298 
vn 2.1902148723602295 -1.3580572605133057 2.288139581680298 
vn -2.068700075149536 -0.48941770195961 2.672703504562378 
vn -2.068700075149536 -0.48941770195961 2.672703504562378 
vn -2.068700075149536 -0.48941770195961 2.672703504562378 
vn -2.068700075149536 -0.48941770195961 2.672703504562378 
vn -2.068700075149536 -0.48941770195961 2.672703504562378 
vn -2.068700075149536 -0.48941770195961 2.672703504562378 
vn -2.068700075149536 -0.48941770195961 2.672703504562378 
vn -2.068700075149536 -0.48941770195961 2.672703504562378 
vn -2.1902148723602295 -1.3580572605133057 2.288139581680298 
vn -2.1902148723602295 -1.3580572605133057 2.288139581680298 
vn -2.1902148723602295 -1.3580572605133057 2.288139581680298 
vn -2.1902148723602295 -1.3580572605133057 2.288139581680298 
vn 0.015511331148445606 3.116650342941284 0.4178243577480316 
vn 0.015511331148445606 3.116650342941284 0.4178243577480316 
vn 0.015511331148445606 3.116650342941284 0.4178243577480316 
vn 0.015511331148445606 3.116650342941284 0.4178243577480316 
vn 2.045936107635498 2.7272074222564697 0.006869891192764044 
vn 2.045936107635498 2.7272074222564697 0.006869891192764044 
vn 2.045936107635498 2.7272074222564697 0.006869891192764044 
vn 2.045936107635498 2.7272074222564697 0.006869891192764044 
vn -2.0835273265838623 2.686047315597534 0.363291472196579 
vn -2.0835273265838623 2.686047315597534 0.363291472196579 
vn -2.0835273265838623 2.686047315597534 0.363291472196579 
vn -2.0835273265838623 2.686047315597534 0.363291472196579 
vn -2.045936107635498 2.7272074222564697 0.006869891192764044 
vn -2.045936107635498 2.7272074222564697 0.006869891192764044 
vn -2.045936107635498 2.7272074222564697 0.006869891192764044 
vn -2.045936107635498 2.7272074222564697 0.006869891192764044 
vn 2.0835273265838623 2.686047315597534 0.363291472196579 
vn 2.0835273265838623 2.686047315597534 0.363291472196579 
vn 2.0835273265838623 2.686047315597534 0.363291472196579 
vn 2.0835273265838623 2.686047315597534 0.363291472196579 
vn 0.01549964863806963 2.880256175994873 1.2618287801742554 
vn 0.01549964863806963 2.880256175994873 1.2618287801742554 
vn 0.01549964863806963 2.880256175994873 1.2618287801742554 
vn 0.01549964863806963 2.880256175994873 1.2618287801742554 
vn 2.0835273265838623 2.686047315597534 0.363291472196579 
vn 2.0835273265838623 2.686047315597534 0.363291472196579 
vn 2.0835273265838623 2.686047315597534 0.363291472196579 
vn 2.0835273265838623 2.686047315597534 0.363291472196579 
vn -2.175032615661621 2.4439263343811035 1.0704786777496338 
vn -2.175032615661621 2.4439263343811035 1.0704786777496338 
vn -2.175032615661621 2.4439263343811035 1.0704786777496338 
vn -2.175032615661621 2.4439263343811035 1.0704786777496338 
vn -2.0835273265838623 2.686047315597534 0.363291472196579 
vn -2.0835273265838623 2.686047315597534 0.363291472196579 
vn -2.0835273265838623 2.686047315597534 0.363291472196579 
vn -2.0835273265838623 2.686047315597534 0.363291472196579 
vn 2.175032615661621 2.4439263343811035 1.0704786777496338 
vn 2.175032615661621 2.4439263343811035 1.0704786777496338 
vn 2.175032615661621 2.4439263343811035 1.0704786777496338 
vn 2.175032615661621 2.4439263343811035 1.0704786777496338 
vn -6.445965722995384e-13 2.384657144546509 2.0497896671295166 
vn -6.445965722995384e-13 2.384657144546509 2.0497896671295166 
vn -6.445965722995384e-13 2.384657144546509 2.0497896671295166 
vn -6.445965722995384e-13 2.384657144546509 2.0497896671295166 
vn 2.175032615661621 2.4439263343811035 1.0704786777496338 
vn 2.175032615661621 2.4439263343811035 1.0704786777496338 
vn 2.175032615661621 2.4439263343811035 1.0704786777496338 
vn 2.175032615661621 2.4439263343811035 1.0704786777496338 
vn -2.2125613689422607 2.0154738426208496 1.7205140590667725 
vn -2.2125613689422607 2.0154738426208496 1.7205140590667725 
vn -2.2125613689422607 2.0154738426208496 1.7205140590667725 
vn -2.2125613689422607 2.0154738426208496 1.7205140590667725 
vn -2.175032615661621 2.4439263343811035 1.0704786777496338 
vn -2.175032615661621 2.4439263343811035 1.0704786777496338 
vn -2.175032615661621 2.4439263343811035 1.0704786777496338 
vn -2.175032615661621 2.4439263343811035 1.0704786777496338 
vn 2.2125613689422607 2.0154738426208496 1.7205140590667725 
vn 2.2125613689422607 2.0154738426208496 1.7205140590667725 
vn 2.2125613689422607 2.0154738426208496 1.7205140590667725 
vn 2.2125613689422607 2.0154738426208496 1.7205140590667725 
vn 0.015479417517781258 1.6097625494003296 2.7012500762939453 
vn 0.015479417517781258 1.6097625494003296 2.7012500762939453 
vn 0.015479417517781258 1.6097625494003296 2.7012500762939453 
vn 0.015479417517781258 1.6097625494003296 2.7012500762939453 
vn 2.2125613689422607 2.0154738426208496 1.7205140590667725 
vn 2.2125613689422607 2.0154738426208496 1.7205140590667725 
vn 2.2125613689422607 2.0154738426208496 1.7205140590667725 
vn 2.2125613689422607 2.0154738426208496 1.7205140590667725 
vn -2.1902148723602295 1.3580572605133057 2.288139581680298 
vn -2.1902148723602295 1.3580572605133057 2.288139581680298 
vn -2.1902148723602295 1.3580572605133057 2.288139581680298 
vn -2.1902148723602295 1.3580572605133057 2.288139581680298 
vn 2.1902148723602295 1.3580572605133057 2.288139581680298 
vn 2.1902148723602295 1.3580572605133057 2.288139581680298 
vn 2.1902148723602295 1.3580572605133057 2.288139581680298 
vn 2.1902148723602295 1.3580572605133057 2.288139581680298 
vn -2.2125613689422607 2.0154738426208496 1.7205140590667725 
vn -2.2125613689422607 2.0154738426208496 1.7205140590667725 
vn -2.2125613689422607 2.0154738426208496 1.7205140590667725 
vn -2.2125613689422607 2.0154738426208496 1.7205140590667725 
vn 0.015398555435240269 0.5737167596817017 3.0917532444000244 
vn 0.015398555435240269 0.5737167596817017 3.0917532444000244 
vn 0.015398555435240269 0.5737167596817017 3.0917532444000244 
vn 0.015398555435240269 0.5737167596817017 3.0917532444000244 
vn 2.1902148723602295 1.3580572605133057 2.288139581680298 
vn 2.1902148723602295 1.3580572605133057 2.288139581680298 
vn 2.1902148723602295 1.3580572605133057 2.288139581680298 
vn 2.1902148723602295 1.3580572605133057 2.288139581680298 
vn -1.9635169506072998 0.005914539098739624 2.7624502182006836 
vn -1.9635169506072998 0.005914539098739624 2.7624502182006836 
vn -1.9635169506072998 0.005914539098739624 2.7624502182006836 
vn -1.9635169506072998 0.005914539098739624 2.7624502182006836 
vn -2.1902148723602295 1.3580572605133057 2.288139581680298 
vn -2.1902148723602295 1.3580572605133057 2.288139581680298 
vn -2.1902148723602295 1.3580572605133057 2.288139581680298 
vn -2.1902148723602295 1.3580572605133057 2.288139581680298 
vn -2.068700075149536 0.48941770195961 2.672703504562378 
vn -2.068700075149536 0.48941770195961 2.672703504562378 
vn -2.068700075149536 0.48941770195961 2.672703504562378 
vn -2.068700075149536 0.48941770195961 2.672703504562378 
vn 0 -3.144547700881958 0.006869891192764044 
vn 0 -3.144547700881958 0.006869891192764044 
vn 0 -3.144547700881958 0.006869891192764044 
vn 0 -3.144547700881958 0.006869891192764044 
vn 2.8508846759796143 0.9854841232299805 -2.0393505096435547 
vn 2.8508846759796143 0.9854841232299805 -2.0393505096435547 
vn 2.8508846759796143 0.9854841232299805 -2.0393505096435547 
vn 2.8508846759796143 0.9854841232299805 -2.0393505096435547 
vn 2.045936107635498 -2.7272074222564697 0.006869891192764044 
vn 2.045936107635498 -2.7272074222564697 0.006869891192764044 
vn 2.045936107635498 -2.7272074222564697 0.006869891192764044 
vn 2.045936107635498 -2.7272074222564697 0.006869891192764044 
vn 2.6447818279266357 0.005941474810242653 -2.40690541267395 
vn 2.6447818279266357 0.005941474810242653 -2.40690541267395 
vn 2.6447818279266357 0.005941474810242653 -2.40690541267395 
vn 2.6447818279266357 0.005941474810242653 -2.40690541267395 
vn -2.045936107635498 -2.7272074222564697 0.006869891192764044 
vn -2.045936107635498 -2.7272074222564697 0.006869891192764044 
vn -2.045936107635498 -2.7272074222564697 0.006869891192764044 
vn -2.045936107635498 -2.7272074222564697 0.006869891192764044 
vn 0 0 3.14455509185791 
vn 0 0 3.14455509185791 
vn 0 0 3.14455509185791 
vn 0 0 3.14455509185791 
vn 2.068700075149536 0.48941770195961 2.672703504562378 
vn 2.068700075149536 0.48941770195961 2.672703504562378 
vn 2.068700075149536 0.48941770195961 2.672703504562378 
vn 2.068700075149536 0.48941770195961 2.672703504562378 
vn 1.9635169506072998 0.005914539098739624 2.7624502182006836 
vn 1.9635169506072998 0.005914539098739624 2.7624502182006836 
vn 1.9635169506072998 0.005914539098739624 2.7624502182006836 
vn 1.9635169506072998 0.005914539098739624 2.7624502182006836 
vn -1.9635169506072998 0.005914539098739624 2.7624502182006836 
vn -1.9635169506072998 0.005914539098739624 2.7624502182006836 
vn -1.9635169506072998 0.005914539098739624 2.7624502182006836 
vn -1.9635169506072998 0.005914539098739624 2.7624502182006836 
vn -2.068700075149536 0.48941770195961 2.672703504562378 
vn -2.068700075149536 0.48941770195961 2.672703504562378 
vn -2.068700075149536 0.48941770195961 2.672703504562378 
vn -2.068700075149536 0.48941770195961 2.672703504562378 
vn 0 6.503666962615062e-13 -3.14455509185791 
vn 0 6.503666962615062e-13 -3.14455509185791 
vn 0 6.503666962615062e-13 -3.14455509185791 
vn 0 6.503666962615062e-13 -3.14455509185791 
vn 0 6.503666962615062e-13 -3.14455509185791 
vn 0 6.503666962615062e-13 -3.14455509185791 
vn 0 6.503666962615062e-13 -3.14455509185791 
vn 0 6.503666962615062e-13 -3.14455509185791 
vn 0 -2.9613876342773438 -1.057549238204956 
vn 0 -2.9613876342773438 -1.057549238204956 
vn 0 -2.9613876342773438 -1.057549238204956 
vn 0 -2.9613876342773438 -1.057549238204956 
vn 0 -2.9613876342773438 -1.057549238204956 
vn 0 -2.9613876342773438 -1.057549238204956 
vn 0 -2.9613876342773438 -1.057549238204956 
vn 0 -2.9613876342773438 -1.057549238204956 
vn 0 -1.367907166481018 -2.8314409255981445 
vn 0 -1.367907166481018 -2.8314409255981445 
vn 0 -1.367907166481018 -2.8314409255981445 
vn 0 -1.367907166481018 -2.8314409255981445 
vn 0 -1.367907166481018 -2.8314409255981445 
vn 0 -1.367907166481018 -2.8314409255981445 
vn 0 -1.367907166481018 -2.8314409255981445 
vn 0 -1.367907166481018 -2.8314409255981445 
vn -8.004925390082962e-13 2.9613876342773438 -1.057549238204956 
vn -8.004925390082962e-13 2.9613876342773438 -1.057549238204956 
vn -8.004925390082962e-13 2.9613876342773438 -1.057549238204956 
vn -8.004925390082962e-13 2.9613876342773438 -1.057549238204956 
vn -8.004925390082962e-13 2.9613876342773438 -1.057549238204956 
vn -8.004925390082962e-13 2.9613876342773438 -1.057549238204956 
vn -8.004925390082962e-13 2.9613876342773438 -1.057549238204956 
vn -8.004925390082962e-13 2.9613876342773438 -1.057549238204956 
vn -3.6896497684381357e-13 1.367907166481018 -2.8314409255981445 
vn -3.6896497684381357e-13 1.367907166481018 -2.8314409255981445 
vn -3.6896497684381357e-13 1.367907166481018 -2.8314409255981445 
vn -3.6896497684381357e-13 1.367907166481018 -2.8314409255981445 
vn -3.6896497684381357e-13 1.367907166481018 -2.8314409255981445 
vn -3.6896497684381357e-13 1.367907166481018 -2.8314409255981445 
vn -3.6896497684381357e-13 1.367907166481018 -2.8314409255981445 
vn -3.6896497684381357e-13 1.367907166481018 -2.8314409255981445 
vn -8.500025227946295e-13 3.144547700881958 0.006869891192764044 
vn -8.500025227946295e-13 3.144547700881958 0.006869891192764044 
vn -8.500025227946295e-13 3.144547700881958 0.006869891192764044 
vn -8.500025227946295e-13 3.144547700881958 0.006869891192764044 
vn -8.500025227946295e-13 3.144547700881958 0.006869891192764044 
vn -8.500025227946295e-13 3.144547700881958 0.006869891192764044 
vn -8.500025227946295e-13 3.144547700881958 0.006869891192764044 
vn -8.500025227946295e-13 3.144547700881958 0.006869891192764044 
vn 0 -3.116672992706299 0.4178243577480316 
vn 0 -3.116672992706299 0.4178243577480316 
vn 0 -3.116672992706299 0.4178243577480316 
vn 0 -3.116672992706299 0.4178243577480316 
vn 0 -3.116672992706299 0.4178243577480316 
vn 0 -3.116672992706299 0.4178243577480316 
vn 0 -3.116672992706299 0.4178243577480316 
vn 0 -3.116672992706299 0.4178243577480316 
vn 0 -2.8802804946899414 1.2618287801742554 
vn 0 -2.8802804946899414 1.2618287801742554 
vn 0 -2.8802804946899414 1.2618287801742554 
vn 0 -2.8802804946899414 1.2618287801742554 
vn 0 -2.8802804946899414 1.2618287801742554 
vn 0 -2.8802804946899414 1.2618287801742554 
vn 0 -2.8802804946899414 1.2618287801742554 
vn 0 -2.8802804946899414 1.2618287801742554 
vn 0 -2.384657144546509 2.0497896671295166 
vn 0 -2.384657144546509 2.0497896671295166 
vn 0 -2.384657144546509 2.0497896671295166 
vn 0 -2.384657144546509 2.0497896671295166 
vn 0 -2.384657144546509 2.0497896671295166 
vn 0 -2.384657144546509 2.0497896671295166 
vn 0 -2.384657144546509 2.0497896671295166 
vn 0 -2.384657144546509 2.0497896671295166 
vn 0 -1.6098061800003052 2.7012500762939453 
vn 0 -1.6098061800003052 2.7012500762939453 
vn 0 -1.6098061800003052 2.7012500762939453 
vn 0 -1.6098061800003052 2.7012500762939453 
vn 0 -1.6098061800003052 2.7012500762939453 
vn 0 -1.6098061800003052 2.7012500762939453 
vn 0 -1.6098061800003052 2.7012500762939453 
vn 0 -1.6098061800003052 2.7012500762939453 
vn 0 -0.5738376975059509 3.0917532444000244 
vn 0 -0.5738376975059509 3.0917532444000244 
vn 0 -0.5738376975059509 3.0917532444000244 
vn 0 -0.5738376975059509 3.0917532444000244 
vn 0 -0.5738376975059509 3.0917532444000244 
vn 0 -0.5738376975059509 3.0917532444000244 
vn 0 -0.5738376975059509 3.0917532444000244 
vn 0 -0.5738376975059509 3.0917532444000244 
vn 0.015511331148445606 3.116650342941284 0.4178243577480316 
vn 0.015511331148445606 3.116650342941284 0.4178243577480316 
vn 0.015511331148445606 3.116650342941284 0.4178243577480316 
vn 0.015511331148445606 3.116650342941284 0.4178243577480316 
vn 0.015511331148445606 3.116650342941284 0.4178243577480316 
vn 0.015511331148445606 3.116650342941284 0.4178243577480316 
vn 0.015511331148445606 3.116650342941284 0.4178243577480316 
vn 0.015511331148445606 3.116650342941284 0.4178243577480316 
vn 0.01549964863806963 2.880256175994873 1.2618287801742554 
vn 0.01549964863806963 2.880256175994873 1.2618287801742554 
vn 0.01549964863806963 2.880256175994873 1.2618287801742554 
vn 0.01549964863806963 2.880256175994873 1.2618287801742554 
vn 0.01549964863806963 2.880256175994873 1.2618287801742554 
vn 0.01549964863806963 2.880256175994873 1.2618287801742554 
vn 0.01549964863806963 2.880256175994873 1.2618287801742554 
vn 0.01549964863806963 2.880256175994873 1.2618287801742554 
vn -6.445965722995384e-13 2.384657144546509 2.0497896671295166 
vn -6.445965722995384e-13 2.384657144546509 2.0497896671295166 
vn -6.445965722995384e-13 2.384657144546509 2.0497896671295166 
vn -6.445965722995384e-13 2.384657144546509 2.0497896671295166 
vn -6.445965722995384e-13 2.384657144546509 2.0497896671295166 
vn -6.445965722995384e-13 2.384657144546509 2.0497896671295166 
vn -6.445965722995384e-13 2.384657144546509 2.0497896671295166 
vn -6.445965722995384e-13 2.384657144546509 2.0497896671295166 
vn 0.015479417517781258 1.6097625494003296 2.7012500762939453 
vn 0.015479417517781258 1.6097625494003296 2.7012500762939453 
vn 0.015479417517781258 1.6097625494003296 2.7012500762939453 
vn 0.015479417517781258 1.6097625494003296 2.7012500762939453 
vn 0.015479417517781258 1.6097625494003296 2.7012500762939453 
vn 0.015479417517781258 1.6097625494003296 2.7012500762939453 
vn 0.015479417517781258 1.6097625494003296 2.7012500762939453 
vn 0.015479417517781258 1.6097625494003296 2.7012500762939453 
vn 0.015398555435240269 0.5737167596817017 3.0917532444000244 
vn 0.015398555435240269 0.5737167596817017 3.0917532444000244 
vn 0.015398555435240269 0.5737167596817017 3.0917532444000244 
vn 0.015398555435240269 0.5737167596817017 3.0917532444000244 
vn 0.015398555435240269 0.5737167596817017 3.0917532444000244 
vn 0.015398555435240269 0.5737167596817017 3.0917532444000244 
vn 0.015398555435240269 0.5737167596817017 3.0917532444000244 
vn 0.015398555435240269 0.5737167596817017 3.0917532444000244 
vn 0 -3.144547700881958 0.006869891192764044 
vn 0 -3.144547700881958 0.006869891192764044 
vn 0 -3.144547700881958 0.006869891192764044 
vn 0 -3.144547700881958 0.006869891192764044 
vn 0 -3.144547700881958 0.006869891192764044 
vn 0 -3.144547700881958 0.006869891192764044 
vn 0 -3.144547700881958 0.006869891192764044 
vn 0 -3.144547700881958 0.006869891192764044 
vn 0 0 3.14455509185791 
vn 0 0 3.14455509185791 
vn 0 0 3.14455509185791 
vn 0 0 3.14455509185791 
vn 0 0 3.14455509185791 
vn 0 0 3.14455509185791 
vn 0 0 3.14455509185791 
vn 0 0 3.14455509185791 
vn 1.9635169506072998 0.005914539098739624 2.7624502182006836 
vn 1.9635169506072998 0.005914539098739624 2.7624502182006836 
vn 1.9635169506072998 0.005914539098739624 2.7624502182006836 
vn 1.9635169506072998 0.005914539098739624 2.7624502182006836 
vn 0 -2.739152669906616 -1.5444320440292358 
vn 0 -2.739152669906616 -1.5444320440292358 
vn 0 -2.739152669906616 -1.5444320440292358 
vn 0 -2.739152669906616 -1.5444320440292358 
vn 0 -2.739152669906616 -1.5444320440292358 
vn 0 -2.739152669906616 -1.5444320440292358 
vn 0 -2.739152669906616 -1.5444320440292358 
vn 0 -2.739152669906616 -1.5444320440292358 
vn 0 -2.739152669906616 -1.5444320440292358 
vn 0 -2.739152669906616 -1.5444320440292358 
vn 0 -2.739152669906616 -1.5444320440292358 
vn 0 -2.739152669906616 -1.5444320440292358 
vn 0 -2.739152669906616 -1.5444320440292358 
vn 0 -2.739152669906616 -1.5444320440292358 
vn 0 -2.739152669906616 -1.5444320440292358 
vn 0 -2.739152669906616 -1.5444320440292358 
vn 0 -2.739152669906616 -1.5444320440292358 
vn 0 -2.739152669906616 -1.5444320440292358 
vn 0 -2.739152669906616 -1.5444320440292358 
vn 0 -2.739152669906616 -1.5444320440292358 
vn 0 6.503666962615062e-13 -3.14455509185791 
vn 0 6.503666962615062e-13 -3.14455509185791 
vn 0 6.503666962615062e-13 -3.14455509185791 
vn 0 6.503666962615062e-13 -3.14455509185791 
vn 0 6.503666962615062e-13 -3.14455509185791 
vn 0 6.503666962615062e-13 -3.14455509185791 
vn 0 6.503666962615062e-13 -3.14455509185791 
vn 0 6.503666962615062e-13 -3.14455509185791 
vn 0 -2.901893138885498 -1.2112983465194702 
vn 0 -2.901893138885498 -1.2112983465194702 
vn 0 -2.901893138885498 -1.2112983465194702 
vn 0 -2.901893138885498 -1.2112983465194702 
vn 0 -2.901893138885498 -1.2112983465194702 
vn 0 -2.901893138885498 -1.2112983465194702 
vn 0 -2.901893138885498 -1.2112983465194702 
vn 0 -2.901893138885498 -1.2112983465194702 
vn 0 -2.901893138885498 -1.2112983465194702 
vn 0 -2.901893138885498 -1.2112983465194702 
vn 0 -2.901893138885498 -1.2112983465194702 
vn 0 -2.901893138885498 -1.2112983465194702 
vn 0 -2.901893138885498 -1.2112983465194702 
vn 0 -2.901893138885498 -1.2112983465194702 
vn 0 -2.901893138885498 -1.2112983465194702 
vn 0 -2.901893138885498 -1.2112983465194702 
vn 0 -2.901893138885498 -1.2112983465194702 
vn 0 -2.901893138885498 -1.2112983465194702 
vn 0 -2.901893138885498 -1.2112983465194702 
vn 0 -2.901893138885498 -1.2112983465194702 
vn -4.109804630279541 -9.741513151695358e-13 0.006869891192764044 
vn -4.109804630279541 -9.741513151695358e-13 0.006869891192764044 
vn -4.109804630279541 -9.741513151695358e-13 0.006869891192764044 
vn -4.109804630279541 -9.741513151695358e-13 0.006869891192764044 
vn -4.109804630279541 -9.741513151695358e-13 0.006869891192764044 
vn -4.109804630279541 -9.741513151695358e-13 0.006869891192764044 
vn -4.109804630279541 -9.741513151695358e-13 0.006869891192764044 
vn -4.109804630279541 -9.741513151695358e-13 0.006869891192764044 
vn -4.109804630279541 -9.741513151695358e-13 0.006869891192764044 
vn -4.109804630279541 -9.741513151695358e-13 0.006869891192764044 
vn 4.109804630279541 3.2518256208417806e-13 -0.006869891192764044 
vn 4.109804630279541 3.2518256208417806e-13 -0.006869891192764044 
vn 4.109804630279541 3.2518256208417806e-13 -0.006869891192764044 
vn 4.109804630279541 3.2518256208417806e-13 -0.006869891192764044 
vn 4.109804630279541 3.2518256208417806e-13 0.006869891192764044 
vn 4.109804630279541 3.2518256208417806e-13 0.006869891192764044 
vn 4.109804630279541 3.2518256208417806e-13 0.006869891192764044 
vn 4.109804630279541 3.2518256208417806e-13 0.006869891192764044 
vn 0 -3.1382460594177246 -0.199093759059906 
vn 0 -3.1382460594177246 -0.199093759059906 
vn 0 -3.1382460594177246 -0.199093759059906 
vn 0 -3.1382460594177246 -0.199093759059906 
vn 0 -3.144547700881958 0.006869891192764044 
vn 0 -3.144547700881958 0.006869891192764044 
vn 0 -3.144547700881958 0.006869891192764044 
vn 0 -3.144547700881958 0.006869891192764044 
vn 0 -3.144547700881958 0.006869891192764044 
vn 0 -3.144547700881958 0.006869891192764044 
vn 0 -3.144547700881958 0.006869891192764044 
vn 0 -3.144547700881958 0.006869891192764044 
vn 0 -3.144547700881958 0.006869891192764044 
vn 0 -3.144547700881958 0.006869891192764044 
vn 0 -3.1405861377716064 -0.15794114768505096 
vn 0 -3.1405861377716064 -0.15794114768505096 
vn 0 -3.1405861377716064 -0.15794114768505096 
vn 0 -3.1405861377716064 -0.15794114768505096 
vn 4.109804630279541 3.2518256208417806e-13 0.006869891192764044 
vn 4.109804630279541 3.2518256208417806e-13 0.006869891192764044 
vn 4.109804630279541 3.2518256208417806e-13 0.006869891192764044 
vn 4.109804630279541 3.2518256208417806e-13 0.006869891192764044 
vn 4.109804630279541 3.2518256208417806e-13 0.006869891192764044 
vn 4.109804630279541 3.2518256208417806e-13 0.006869891192764044 
vn 0 -3.1412463188171387 0.14421723783016205 
vn 0 -3.1412463188171387 0.14421723783016205 
vn 0 -3.1412463188171387 0.14421723783016205 
vn 0 -3.1412463188171387 0.14421723783016205 
vn -4.109804630279541 -9.741513151695358e-13 0.006869891192764044 
vn -4.109804630279541 -9.741513151695358e-13 0.006869891192764044 
vn -4.109804630279541 -9.741513151695358e-13 0.006869891192764044 
vn -4.109804630279541 -9.741513151695358e-13 0.006869891192764044 
vn 0 -3.042386770248413 0.7950538396835327 
vn 0 -3.042386770248413 0.7950538396835327 
vn 0 -3.042386770248413 0.7950538396835327 
vn 0 -3.042386770248413 0.7950538396835327 
vn 0 -0.5603232383728027 3.094230890274048 
vn 0 -0.5603232383728027 3.094230890274048 
vn 0 -0.5603232383728027 3.094230890274048 
vn 0 -0.5603232383728027 3.094230890274048 
vn 0 -0.5603232383728027 3.094230890274048 
vn 0 -0.5603232383728027 3.094230890274048 
vn 0 -1.1667802333831787 2.920077323913574 
vn 0 -1.1667802333831787 2.920077323913574 
vn 0 -1.1667802333831787 2.920077323913574 
vn 0 -1.1667802333831787 2.920077323913574 
vn 0 -1.1667802333831787 2.920077323913574 
vn 0 -1.1667802333831787 2.920077323913574 
vn 0 0 3.14455509185791 
vn 0 0 3.14455509185791 
vn 0 0 3.14455509185791 
vn 0 0 3.14455509185791 
vn 0 0 3.14455509185791 
vn 0 0 3.14455509185791 
vn 0 0 3.14455509185791 
vn 0 0 3.14455509185791 
vn 0 0 3.14455509185791 
vn 0 0 3.14455509185791 
vn 0 0 3.14455509185791 
vn 0 0 3.14455509185791 
vn 0 0 3.14455509185791 
vn 0 0 3.14455509185791 
vn 0 0 3.14455509185791 
vn 0 0 3.14455509185791 
vn 0 0 3.14455509185791 
vn 0 0 3.14455509185791 
vn 0 0 3.14455509185791 
vn 0 0 3.14455509185791 
vn 0 0 3.14455509185791 
vn 0 0 3.14455509185791 
vn 0 0 3.14455509185791 
vn 0 0 3.14455509185791 
vn 0 0 3.14455509185791 
vn 0 0 3.14455509185791 
vn 0 0 3.14455509185791 
vn 0 0 3.14455509185791 
vn 0 0 3.14455509185791 
vn 0 0 3.14455509185791 
vn 0 0 3.14455509185791 
vn 0 0 3.14455509185791 
vn 0 0 3.14455509185791 
vn 0 0 3.14455509185791 
vn 0 0 3.14455509185791 
vn 0 0 3.14455509185791 
vn 0 0 3.14455509185791 
vn 0 0 3.14455509185791 
vn 0 0 3.14455509185791 
vn 0 0 3.14455509185791 
vn 0 -1.8282577991485596 2.5584566593170166 
vn 0 -1.8282577991485596 2.5584566593170166 
vn 0 -1.8282577991485596 2.5584566593170166 
vn 0 -1.8282577991485596 2.5584566593170166 
vn 0 -1.8282577991485596 2.5584566593170166 
vn 0 -1.8282577991485596 2.5584566593170166 
vn 0 -1.8282577991485596 2.5584566593170166 
vn 0 -1.8282577991485596 2.5584566593170166 
vn 0 -1.8282577991485596 2.5584566593170166 
vn 0 -1.8282577991485596 2.5584566593170166 
vn 0 -1.8282577991485596 2.5584566593170166 
vn 0 -1.8282577991485596 2.5584566593170166 
vn 0 -1.8282577991485596 2.5584566593170166 
vn 0 -1.8282577991485596 2.5584566593170166 
vn 0 -1.8282577991485596 2.5584566593170166 
vn 0 -1.8282577991485596 2.5584566593170166 
vn 0 -1.8282577991485596 2.5584566593170166 
vn 0 -1.8282577991485596 2.5584566593170166 
vn 0 -1.8282577991485596 2.5584566593170166 
vn 0 -1.8282577991485596 2.5584566593170166 
vn 0 -3.1382460594177246 -0.199093759059906 
vn 0 -3.1382460594177246 -0.199093759059906 
vn 0 -3.1382460594177246 -0.199093759059906 
vn 0 -3.1382460594177246 -0.199093759059906 
vn 0 -3.1382460594177246 -0.199093759059906 
vn 0 -3.1382460594177246 -0.199093759059906 
vn 0 -3.1382460594177246 -0.199093759059906 
vn 0 -3.1382460594177246 -0.199093759059906 
vn 0 -3.1382460594177246 -0.199093759059906 
vn 0 -3.1382460594177246 -0.199093759059906 
vn 0 -3.1382460594177246 -0.199093759059906 
vn 0 -3.1382460594177246 -0.199093759059906 
vn -3.029907703399658 -0.5587072372436523 -2.0497896671295166 
vn -3.029907703399658 -0.5587072372436523 -2.0497896671295166 
vn -3.029907703399658 -0.5587072372436523 -2.0497896671295166 
vn -3.029907703399658 -0.5587072372436523 -2.0497896671295166 
vn 2.4360151290893555 -0.4462580680847168 2.492999792098999 
vn 2.4360151290893555 -0.4462580680847168 2.492999792098999 
vn 2.4360151290893555 -0.4462580680847168 2.492999792098999 
vn 2.4360151290893555 -0.4462580680847168 2.492999792098999 
vn 0 -3.1405861377716064 -0.15794114768505096 
vn 0 -3.1405861377716064 -0.15794114768505096 
vn 0 -3.1405861377716064 -0.15794114768505096 
vn 0 -3.1405861377716064 -0.15794114768505096 
vn 0 -3.1405861377716064 -0.15794114768505096 
vn 0 -3.1405861377716064 -0.15794114768505096 
vn 0 -3.1405861377716064 -0.15794114768505096 
vn 0 -3.1405861377716064 -0.15794114768505096 
vn 0 -3.1405861377716064 -0.15794114768505096 
vn 0 -3.1405861377716064 -0.15794114768505096 
vn 0 -3.1405861377716064 -0.15794114768505096 
vn 0 -3.1405861377716064 -0.15794114768505096 
vn 3.0674805641174316 -0.5530929565429688 -2.0183560848236084 
vn 3.0674805641174316 -0.5530929565429688 -2.0183560848236084 
vn 3.0674805641174316 -0.5530929565429688 -2.0183560848236084 
vn 3.0674805641174316 -0.5530929565429688 -2.0183560848236084 
vn 0 -3.0621821880340576 0.7150295376777649 
vn 0 -3.0621821880340576 0.7150295376777649 
vn 0 -3.0621821880340576 0.7150295376777649 
vn 0 -3.0621821880340576 0.7150295376777649 
vn 3.1044492721557617 -0.5473697781562805 -1.9865754842758179 
vn 3.1044492721557617 -0.5473697781562805 -1.9865754842758179 
vn 3.1044492721557617 -0.5473697781562805 -1.9865754842758179 
vn 3.1044492721557617 -0.5473697781562805 -1.9865754842758179 
vn 0 -3.1439473628997803 -0.061825089156627655 
vn 0 -3.1439473628997803 -0.061825089156627655 
vn 0 -3.1439473628997803 -0.061825089156627655 
vn 0 -3.1439473628997803 -0.061825089156627655 
vn 0 -3.1439473628997803 -0.061825089156627655 
vn 0 -3.1439473628997803 -0.061825089156627655 
vn 0 -3.1439473628997803 -0.061825089156627655 
vn 0 -3.1439473628997803 -0.061825089156627655 
vn 0 -3.1439473628997803 -0.061825089156627655 
vn 0 -3.1439473628997803 -0.061825089156627655 
vn 0 -3.1439473628997803 -0.061825089156627655 
vn 0 -3.1439473628997803 -0.061825089156627655 
vn 2.477963447570801 -0.451833039522171 2.4676637649536133 
vn 2.477963447570801 -0.451833039522171 2.4676637649536133 
vn 2.477963447570801 -0.451833039522171 2.4676637649536133 
vn 2.477963447570801 -0.451833039522171 2.4676637649536133 
vn 0 -3.0621821880340576 0.7150295376777649 
vn 0 -3.0621821880340576 0.7150295376777649 
vn 0 -3.0621821880340576 0.7150295376777649 
vn 0 -3.0621821880340576 0.7150295376777649 
vn -3.029907703399658 -0.5587072372436523 -2.0497896671295166 
vn -3.029907703399658 -0.5587072372436523 -2.0497896671295166 
vn -3.029907703399658 -0.5587072372436523 -2.0497896671295166 
vn -3.029907703399658 -0.5587072372436523 -2.0497896671295166 
vn 0 -1.0769356489181519 2.954392671585083 
vn 0 -1.0769356489181519 2.954392671585083 
vn 0 -1.0769356489181519 2.954392671585083 
vn 0 -1.0769356489181519 2.954392671585083 
vn -2.3862037658691406 -0.4636339247226715 2.5179073810577393 
vn -2.3862037658691406 -0.4636339247226715 2.5179073810577393 
vn -2.3862037658691406 -0.4636339247226715 2.5179073810577393 
vn -2.3862037658691406 -0.4636339247226715 2.5179073810577393 
vn 3.622537851333618 -1.2942965030670166 -0.7284024953842163 
vn 3.622537851333618 -1.2942965030670166 -0.7284024953842163 
vn 3.622537851333618 -1.2942965030670166 -0.7284024953842163 
vn 3.622537851333618 -1.2942965030670166 -0.7284024953842163 
vn 0 -1.1667802333831787 2.920077323913574 
vn 0 -1.1667802333831787 2.920077323913574 
vn 0 -1.1667802333831787 2.920077323913574 
vn 0 -1.1667802333831787 2.920077323913574 
vn 0 -1.1667802333831787 2.920077323913574 
vn 0 -1.1667802333831787 2.920077323913574 
vn 0 -0.5603232383728027 3.094230890274048 
vn 0 -0.5603232383728027 3.094230890274048 
vn 0 -0.5603232383728027 3.094230890274048 
vn 0 -0.5603232383728027 3.094230890274048 
vn 0 -0.5603232383728027 3.094230890274048 
vn 0 -0.5603232383728027 3.094230890274048 
vn 0 -3.144547700881958 0.006869891192764044 
vn 0 -3.144547700881958 0.006869891192764044 
vn 0 -3.144547700881958 0.006869891192764044 
vn 0 -3.144547700881958 0.006869891192764044 
vn 0 -3.144547700881958 0.006869891192764044 
vn 0 -3.144547700881958 0.006869891192764044 
vn 0 -3.144547700881958 0.006869891192764044 
vn 0 -3.144547700881958 0.006869891192764044 
vn 0 -3.0621821880340576 0.7150295376777649 
vn 0 -3.0621821880340576 0.7150295376777649 
vn 0 -3.0621821880340576 0.7150295376777649 
vn 0 -3.0621821880340576 0.7150295376777649 
vn 0 -3.0621821880340576 0.7150295376777649 
vn 0 -3.0621821880340576 0.7150295376777649 
vn 0 -3.0621821880340576 0.7150295376777649 
vn 0 -3.0621821880340576 0.7150295376777649 
vn 0 -3.144547700881958 0.006869891192764044 
vn 0 -3.144547700881958 0.006869891192764044 
vn 0 -3.144547700881958 0.006869891192764044 
vn 0 -3.144547700881958 0.006869891192764044 
vn 0 -3.144547700881958 0.006869891192764044 
vn 0 -3.144547700881958 0.006869891192764044 
vn 0 -3.144547700881958 0.006869891192764044 
vn 0 -3.144547700881958 0.006869891192764044 
vn -2.3862037658691406 -0.4636339247226715 2.5179073810577393 
vn -2.3862037658691406 -0.4636339247226715 2.5179073810577393 
vn -2.3862037658691406 -0.4636339247226715 2.5179073810577393 
vn -2.3862037658691406 -0.4636339247226715 2.5179073810577393 
vn -4.109804630279541 -9.741513151695358e-13 0.006869891192764044 
vn -4.109804630279541 -9.741513151695358e-13 0.006869891192764044 
vn -4.109804630279541 -9.741513151695358e-13 0.006869891192764044 
vn -4.109804630279541 -9.741513151695358e-13 0.006869891192764044 
vn -4.109804630279541 -9.741513151695358e-13 0.006869891192764044 
vn -4.109804630279541 -9.741513151695358e-13 0.006869891192764044 
vn 0 -1.5861393213272095 -2.715214490890503 
vn 0 -1.5861393213272095 -2.715214490890503 
vn 0 -1.5861393213272095 -2.715214490890503 
vn 0 -1.5861393213272095 -2.715214490890503 
vn 4.109804630279541 3.2518256208417806e-13 0.006869891192764044 
vn 4.109804630279541 3.2518256208417806e-13 0.006869891192764044 
vn 4.109804630279541 3.2518256208417806e-13 0.006869891192764044 
vn 4.109804630279541 3.2518256208417806e-13 0.006869891192764044 
vn 4.109804630279541 3.2518256208417806e-13 0.006869891192764044 
vn 4.109804630279541 3.2518256208417806e-13 0.006869891192764044 
vn 4.109804630279541 3.2518256208417806e-13 0.006869891192764044 
vn 4.109804630279541 3.2518256208417806e-13 0.006869891192764044 
vn 4.109804630279541 3.2518256208417806e-13 0.006869891192764044 
vn 4.109804630279541 3.2518256208417806e-13 0.006869891192764044 
vn 4.109804630279541 3.2518256208417806e-13 0.006869891192764044 
vn 4.109804630279541 3.2518256208417806e-13 0.006869891192764044 
vn 0 -1.0769356489181519 2.954392671585083 
vn 0 -1.0769356489181519 2.954392671585083 
vn 0 -1.0769356489181519 2.954392671585083 
vn 0 -1.0769356489181519 2.954392671585083 
vn -4.109804630279541 -9.741513151695358e-13 0.006869891192764044 
vn -4.109804630279541 -9.741513151695358e-13 0.006869891192764044 
vn -4.109804630279541 -9.741513151695358e-13 0.006869891192764044 
vn -4.109804630279541 -9.741513151695358e-13 0.006869891192764044 
vn -4.109804630279541 -9.741513151695358e-13 0.006869891192764044 
vn -4.109804630279541 -9.741513151695358e-13 0.006869891192764044 
vn 0 -1.5861393213272095 -2.715214490890503 
vn 0 -1.5861393213272095 -2.715214490890503 
vn 0 -1.5861393213272095 -2.715214490890503 
vn 0 -1.5861393213272095 -2.715214490890503 
vn 0 -3.1382460594177246 -0.199093759059906 
vn 0 -3.1382460594177246 -0.199093759059906 
vn 0 -3.1382460594177246 -0.199093759059906 
vn 0 -3.1382460594177246 -0.199093759059906 
vn 0 -3.0621821880340576 0.7150295376777649 
vn 0 -3.0621821880340576 0.7150295376777649 
vn 0 -3.0621821880340576 0.7150295376777649 
vn 0 -3.0621821880340576 0.7150295376777649 
vn 0 -3.1405861377716064 -0.15794114768505096 
vn 0 -3.1405861377716064 -0.15794114768505096 
vn 0 -3.1405861377716064 -0.15794114768505096 
vn 0 -3.1405861377716064 -0.15794114768505096 
vn 1.2469584941864014 -2.6097636222839355 -1.47209894657135 
vn 1.2469584941864014 -2.6097636222839355 -1.47209894657135 
vn 1.2469584941864014 -2.6097636222839355 -1.47209894657135 
vn 1.2469584941864014 -2.6097636222839355 -1.47209894657135 
vn 0 -3.144547700881958 0.006869891192764044 
vn 0 -3.144547700881958 0.006869891192764044 
vn 0 -3.144547700881958 0.006869891192764044 
vn 0 -3.144547700881958 0.006869891192764044 
vn 0 -3.144547700881958 0.006869891192764044 
vn 0 -3.144547700881958 0.006869891192764044 
vn 0 -3.144547700881958 0.006869891192764044 
vn 0 -3.144547700881958 0.006869891192764044 
vn 0 -3.144547700881958 0.006869891192764044 
vn 0 -3.144547700881958 0.006869891192764044 
vn 0 -3.1439473628997803 -0.061825089156627655 
vn 0 -3.1439473628997803 -0.061825089156627655 
vn 0 -3.1439473628997803 -0.061825089156627655 
vn 0 -3.1439473628997803 -0.061825089156627655 
vn 0 -1.1667802333831787 2.920077323913574 
vn 0 -1.1667802333831787 2.920077323913574 
vn 0 -1.1667802333831787 2.920077323913574 
vn 0 -1.1667802333831787 2.920077323913574 
vn 0 -0.5603232383728027 3.094230890274048 
vn 0 -0.5603232383728027 3.094230890274048 
vn 0 -0.5603232383728027 3.094230890274048 
vn 0 -0.5603232383728027 3.094230890274048 
vn 2.667942523956299 -0.42945605516433716 2.353032350540161 
vn 2.667942523956299 -0.42945605516433716 2.353032350540161 
vn 2.667942523956299 -0.42945605516433716 2.353032350540161 
vn 2.667942523956299 -0.42945605516433716 2.353032350540161 
vn 2.668128728866577 -0.8872990608215332 2.2211060523986816 
vn 2.668128728866577 -0.8872990608215332 2.2211060523986816 
vn 2.668128728866577 -0.8872990608215332 2.2211060523986816 
vn 2.668128728866577 -0.8872990608215332 2.2211060523986816 
vn -4.850888028935796e-13 1.794564962387085 2.5822014808654785 
vn -4.850888028935796e-13 1.794564962387085 2.5822014808654785 
vn -4.850888028935796e-13 1.794564962387085 2.5822014808654785 
vn -4.850888028935796e-13 1.794564962387085 2.5822014808654785 
vn 0 -2.8911972045898438 1.236610770225525 
vn 0 -2.8911972045898438 1.236610770225525 
vn 0 -2.8911972045898438 1.236610770225525 
vn 0 -2.8911972045898438 1.236610770225525 
vn -2.668128728866577 -0.8872990608215332 2.2211060523986816 
vn -2.668128728866577 -0.8872990608215332 2.2211060523986816 
vn -2.668128728866577 -0.8872990608215332 2.2211060523986816 
vn -2.668128728866577 -0.8872990608215332 2.2211060523986816 
vn -2.667942523956299 -0.42945605516433716 2.353032350540161 
vn -2.667942523956299 -0.42945605516433716 2.353032350540161 
vn -2.667942523956299 -0.42945605516433716 2.353032350540161 
vn -2.667942523956299 -0.42945605516433716 2.353032350540161 
vn 1.252036690711975 -2.994442939758301 -0.061825089156627655 
vn 1.252036690711975 -2.994442939758301 -0.061825089156627655 
vn 1.252036690711975 -2.994442939758301 -0.061825089156627655 
vn 1.252036690711975 -2.994442939758301 -0.061825089156627655 
vn 3.6095833778381348 -1.5031441450119019 -0.03434880077838898 
vn 3.6095833778381348 -1.5031441450119019 -0.03434880077838898 
vn 3.6095833778381348 -1.5031441450119019 -0.03434880077838898 
vn 3.6095833778381348 -1.5031441450119019 -0.03434880077838898 
vn 1.241648554801941 -2.413670539855957 1.7776027917861938 
vn 1.241648554801941 -2.413670539855957 1.7776027917861938 
vn 1.241648554801941 -2.413670539855957 1.7776027917861938 
vn 1.241648554801941 -2.413670539855957 1.7776027917861938 
vn 3.6082732677459717 -1.2157751321792603 0.8877211213111877 
vn 3.6082732677459717 -1.2157751321792603 0.8877211213111877 
vn 3.6082732677459717 -1.2157751321792603 0.8877211213111877 
vn 3.6082732677459717 -1.2157751321792603 0.8877211213111877 
vn 3.6156492233276367 -0.2605537474155426 1.47209894657135 
vn 3.6156492233276367 -0.2605537474155426 1.47209894657135 
vn 3.6156492233276367 -0.2605537474155426 1.47209894657135 
vn 3.6156492233276367 -0.2605537474155426 1.47209894657135 
vn 1.2437001466751099 -0.5312280654907227 2.9496591091156006 
vn 1.2437001466751099 -0.5312280654907227 2.9496591091156006 
vn 1.2437001466751099 -0.5312280654907227 2.9496591091156006 
vn 1.2437001466751099 -0.5312280654907227 2.9496591091156006 
vn 3.615429639816284 -0.5600816011428833 1.3864352703094482 
vn 3.615429639816284 -0.5600816011428833 1.3864352703094482 
vn 3.615429639816284 -0.5600816011428833 1.3864352703094482 
vn 3.615429639816284 -0.5600816011428833 1.3864352703094482 
vn 1.2499476671218872 -1.111113429069519 2.78190541267395 
vn 1.2499476671218872 -1.111113429069519 2.78190541267395 
vn 1.2499476671218872 -1.111113429069519 2.78190541267395 
vn 1.2499476671218872 -1.111113429069519 2.78190541267395 
vn 3.614698648452759 2.8600800655760594e-13 1.4963247776031494 
vn 3.614698648452759 2.8600800655760594e-13 1.4963247776031494 
vn 3.614698648452759 2.8600800655760594e-13 1.4963247776031494 
vn 3.614698648452759 2.8600800655760594e-13 1.4963247776031494 
vn 1.2375099658966064 9.791624976107638e-14 2.9986135959625244 
vn 1.2375099658966064 9.791624976107638e-14 2.9986135959625244 
vn 1.2375099658966064 9.791624976107638e-14 2.9986135959625244 
vn 1.2375099658966064 9.791624976107638e-14 2.9986135959625244 
vn 1.2375099658966064 9.791624976107638e-14 2.9986135959625244 
vn 1.2375099658966064 9.791624976107638e-14 2.9986135959625244 
vn 1.2375099658966064 9.791624976107638e-14 2.9986135959625244 
vn 1.2375099658966064 9.791624976107638e-14 2.9986135959625244 
vn 3.6100282669067383 -1.1617887020111084 -0.9534087181091309 
vn 3.6100282669067383 -1.1617887020111084 -0.9534087181091309 
vn 3.6100282669067383 -1.1617887020111084 -0.9534087181091309 
vn 3.6100282669067383 -1.1617887020111084 -0.9534087181091309 
vn 1.2405821084976196 -2.318742513656616 -1.9001736640930176 
vn 1.2405821084976196 -2.318742513656616 -1.9001736640930176 
vn 1.2405821084976196 -2.318742513656616 -1.9001736640930176 
vn 1.2405821084976196 -2.318742513656616 -1.9001736640930176 
vn 1.2374122142791748 -0.011898279190063477 -2.9986135959625244 
vn 1.2374122142791748 -0.011898279190063477 -2.9986135959625244 
vn 1.2374122142791748 -0.011898279190063477 -2.9986135959625244 
vn 1.2374122142791748 -0.011898279190063477 -2.9986135959625244 
vn 3.614698648452759 2.8600800655760594e-13 -1.4963247776031494 
vn 3.614698648452759 2.8600800655760594e-13 -1.4963247776031494 
vn 3.614698648452759 2.8600800655760594e-13 -1.4963247776031494 
vn 3.614698648452759 2.8600800655760594e-13 -1.4963247776031494 
vn 1.2495410442352295 -2.7618188858032227 -1.1603978872299194 
vn 1.2495410442352295 -2.7618188858032227 -1.1603978872299194 
vn 1.2495410442352295 -2.7618188858032227 -1.1603978872299194 
vn 1.2495410442352295 -2.7618188858032227 -1.1603978872299194 
vn 3.610809803009033 -1.3850457668304443 -0.5805908441543579 
vn 3.610809803009033 -1.3850457668304443 -0.5805908441543579 
vn 3.610809803009033 -1.3850457668304443 -0.5805908441543579 
vn 3.610809803009033 -1.3850457668304443 -0.5805908441543579 
vn 1.2476445436477661 -1.7482452392578125 2.4332237243652344 
vn 1.2476445436477661 -1.7482452392578125 2.4332237243652344 
vn 1.2476445436477661 -1.7482452392578125 2.4332237243652344 
vn 1.2476445436477661 -1.7482452392578125 2.4332237243652344 
vn 3.620224714279175 -0.8650654554367065 1.2112983465194702 
vn 3.620224714279175 -0.8650654554367065 1.2112983465194702 
vn 3.620224714279175 -0.8650654554367065 1.2112983465194702 
vn 3.620224714279175 -0.8650654554367065 1.2112983465194702 
vn 1.252275824546814 -2.9950149059295654 -0.006869891192764044 
vn 1.252275824546814 -2.9950149059295654 -0.006869891192764044 
vn 1.252275824546814 -2.9950149059295654 -0.006869891192764044 
vn 1.252275824546814 -2.9950149059295654 -0.006869891192764044 
vn 1.252275824546814 -2.9950149059295654 -0.006869891192764044 
vn 1.252275824546814 -2.9950149059295654 -0.006869891192764044 
vn 3.609790086746216 -1.503230333328247 -0.006869891192764044 
vn 3.609790086746216 -1.503230333328247 -0.006869891192764044 
vn 3.609790086746216 -1.503230333328247 -0.006869891192764044 
vn 3.609790086746216 -1.503230333328247 -0.006869891192764044 
vn 3.609790086746216 -1.503230333328247 -0.006869891192764044 
vn 3.609790086746216 -1.503230333328247 -0.006869891192764044 
vn 1.2507350444793701 -2.918394088745117 0.6748296022415161 
vn 1.2507350444793701 -2.918394088745117 0.6748296022415161 
vn 1.2507350444793701 -2.918394088745117 0.6748296022415161 
vn 1.2507350444793701 -2.918394088745117 0.6748296022415161 
vn 3.6137845516204834 -1.459442377090454 0.3359823524951935 
vn 3.6137845516204834 -1.459442377090454 0.3359823524951935 
vn 3.6137845516204834 -1.459442377090454 0.3359823524951935 
vn 3.6137845516204834 -1.459442377090454 0.3359823524951935 
vn 1.252275824546814 -2.9950149059295654 0.006869891192764044 
vn 1.252275824546814 -2.9950149059295654 0.006869891192764044 
vn 1.252275824546814 -2.9950149059295654 0.006869891192764044 
vn 1.252275824546814 -2.9950149059295654 0.006869891192764044 
vn 3.609790086746216 -1.503230333328247 0.006869891192764044 
vn 3.609790086746216 -1.503230333328247 0.006869891192764044 
vn 3.609790086746216 -1.503230333328247 0.006869891192764044 
vn 3.609790086746216 -1.503230333328247 0.006869891192764044 
vn 1.2521547079086304 -2.990885019302368 -0.15794114768505096 
vn 1.2521547079086304 -2.990885019302368 -0.15794114768505096 
vn 1.2521547079086304 -2.990885019302368 -0.15794114768505096 
vn 1.2521547079086304 -2.990885019302368 -0.15794114768505096 
vn 3.6087563037872314 -1.5027998685836792 -0.07556159049272537 
vn 3.6087563037872314 -1.5027998685836792 -0.07556159049272537 
vn 3.6087563037872314 -1.5027998685836792 -0.07556159049272537 
vn 3.6087563037872314 -1.5027998685836792 -0.07556159049272537 
vn 1.252275824546814 -2.9950149059295654 -0.006869891192764044 
vn 1.252275824546814 -2.9950149059295654 -0.006869891192764044 
vn 1.252275824546814 -2.9950149059295654 -0.006869891192764044 
vn 1.252275824546814 -2.9950149059295654 -0.006869891192764044 
vn 3.609790086746216 -1.503230333328247 -0.006869891192764044 
vn 3.609790086746216 -1.503230333328247 -0.006869891192764044 
vn 3.609790086746216 -1.503230333328247 -0.006869891192764044 
vn 3.609790086746216 -1.503230333328247 -0.006869891192764044 
vn 1.2512216567993164 -2.988656520843506 -0.199093759059906 
vn 1.2512216567993164 -2.988656520843506 -0.199093759059906 
vn 1.2512216567993164 -2.988656520843506 -0.199093759059906 
vn 1.2512216567993164 -2.988656520843506 -0.199093759059906 
vn 3.6078603267669678 -1.5024268627166748 -0.1030300110578537 
vn 3.6078603267669678 -1.5024268627166748 -0.1030300110578537 
vn 3.6078603267669678 -1.5024268627166748 -0.1030300110578537 
vn 3.6078603267669678 -1.5024268627166748 -0.1030300110578537 
vn 0 -3.07129168510437 0.6748296022415161 
vn 0 -3.07129168510437 0.6748296022415161 
vn 0 -3.07129168510437 0.6748296022415161 
vn 0 -3.07129168510437 0.6748296022415161 
vn 0 -3.07129168510437 0.6748296022415161 
vn 0 -3.07129168510437 0.6748296022415161 
vn 0 -3.07129168510437 0.6748296022415161 
vn 0 -3.07129168510437 0.6748296022415161 
vn 0 -3.07129168510437 0.6748296022415161 
vn 0 -3.07129168510437 0.6748296022415161 
vn 0 -3.07129168510437 0.6748296022415161 
vn 0 -3.07129168510437 0.6748296022415161 
vn 0 -3.07129168510437 0.6748296022415161 
vn 0 -3.07129168510437 0.6748296022415161 
vn 0 -3.07129168510437 0.6748296022415161 
vn 0 -3.07129168510437 0.6748296022415161 
vn 0 -3.07129168510437 0.6748296022415161 
vn 0 -3.07129168510437 0.6748296022415161 
vn 0 -3.07129168510437 0.6748296022415161 
vn 0 -3.07129168510437 0.6748296022415161 
vn 3.8121461868286133 -1.1471869945526123 0.25390946865081787 
vn 3.8121461868286133 -1.1471869945526123 0.25390946865081787 
vn 3.8121461868286133 -1.1471869945526123 0.25390946865081787 
vn 3.8121461868286133 -1.1471869945526123 0.25390946865081787 
vn 1.5989153385162354 -2.8294622898101807 0.6210505366325378 
vn 1.5989153385162354 -2.8294622898101807 0.6210505366325378 
vn 1.5989153385162354 -2.8294622898101807 0.6210505366325378 
vn 1.5989153385162354 -2.8294622898101807 0.6210505366325378 
vn 3.614698648452759 2.8600800655760594e-13 1.4963247776031494 
vn 3.614698648452759 2.8600800655760594e-13 1.4963247776031494 
vn 3.614698648452759 2.8600800655760594e-13 1.4963247776031494 
vn 3.614698648452759 2.8600800655760594e-13 1.4963247776031494 
vn 0 -3.0621821880340576 0.7150295376777649 
vn 0 -3.0621821880340576 0.7150295376777649 
vn 0 -3.0621821880340576 0.7150295376777649 
vn 0 -3.0621821880340576 0.7150295376777649 
vn 0 6.503666962615062e-13 -3.14455509185791 
vn 0 6.503666962615062e-13 -3.14455509185791 
vn 0 6.503666962615062e-13 -3.14455509185791 
vn 0 6.503666962615062e-13 -3.14455509185791 
vn 0 -1.1667802333831787 2.920077323913574 
vn 0 -1.1667802333831787 2.920077323913574 
vn 0 -1.1667802333831787 2.920077323913574 
vn 0 -1.1667802333831787 2.920077323913574 
vn 0 -1.1667802333831787 2.920077323913574 
vn 0 -1.1667802333831787 2.920077323913574 
vn 0 -1.1667802333831787 2.920077323913574 
vn 0 -1.1667802333831787 2.920077323913574 
vn 0 -0.5603232383728027 3.094230890274048 
vn 0 -0.5603232383728027 3.094230890274048 
vn 0 -0.5603232383728027 3.094230890274048 
vn 0 -0.5603232383728027 3.094230890274048 
vn 0 -0.5603232383728027 3.094230890274048 
vn 0 -0.5603232383728027 3.094230890274048 
vn 0 -0.5603232383728027 3.094230890274048 
vn 0 -0.5603232383728027 3.094230890274048 
vn 4.109804630279541 3.2518256208417806e-13 0.006869891192764044 
vn 4.109804630279541 3.2518256208417806e-13 0.006869891192764044 
vn 4.109804630279541 3.2518256208417806e-13 0.006869891192764044 
vn 4.109804630279541 3.2518256208417806e-13 0.006869891192764044 
vn 4.109804630279541 3.2518256208417806e-13 0.006869891192764044 
vn 4.109804630279541 3.2518256208417806e-13 0.006869891192764044 
vn 4.109804630279541 3.2518256208417806e-13 0.006869891192764044 
vn 4.109804630279541 3.2518256208417806e-13 0.006869891192764044 
vn -4.109804630279541 -9.741513151695358e-13 -0.006869891192764044 
vn -4.109804630279541 -9.741513151695358e-13 -0.006869891192764044 
vn -4.109804630279541 -9.741513151695358e-13 -0.006869891192764044 
vn -4.109804630279541 -9.741513151695358e-13 -0.006869891192764044 
vn -4.109804630279541 -9.741513151695358e-13 0.006869891192764044 
vn -4.109804630279541 -9.741513151695358e-13 0.006869891192764044 
vn -4.109804630279541 -9.741513151695358e-13 0.006869891192764044 
vn -4.109804630279541 -9.741513151695358e-13 0.006869891192764044 
vn 4.109804630279541 3.2518256208417806e-13 0.006869891192764044 
vn 4.109804630279541 3.2518256208417806e-13 0.006869891192764044 
vn 4.109804630279541 3.2518256208417806e-13 0.006869891192764044 
vn 4.109804630279541 3.2518256208417806e-13 0.006869891192764044 
vn 4.109804630279541 3.2518256208417806e-13 0.006869891192764044 
vn 4.109804630279541 3.2518256208417806e-13 0.006869891192764044 
vn 0 -3.1382460594177246 -0.199093759059906 
vn 0 -3.1382460594177246 -0.199093759059906 
vn 0 -3.1382460594177246 -0.199093759059906 
vn 0 -3.1382460594177246 -0.199093759059906 
vn 0 -3.144547700881958 0.006869891192764044 
vn 0 -3.144547700881958 0.006869891192764044 
vn 0 -3.144547700881958 0.006869891192764044 
vn 0 -3.144547700881958 0.006869891192764044 
vn 0 -3.144547700881958 0.006869891192764044 
vn 0 -3.144547700881958 0.006869891192764044 
vn 0 -3.144547700881958 0.006869891192764044 
vn 0 -3.144547700881958 0.006869891192764044 
vn 0 -3.144547700881958 0.006869891192764044 
vn 0 -3.144547700881958 0.006869891192764044 
vn 0 -3.1405861377716064 -0.15794114768505096 
vn 0 -3.1405861377716064 -0.15794114768505096 
vn 0 -3.1405861377716064 -0.15794114768505096 
vn 0 -3.1405861377716064 -0.15794114768505096 
vn -4.109804630279541 -9.741513151695358e-13 0.006869891192764044 
vn -4.109804630279541 -9.741513151695358e-13 0.006869891192764044 
vn -4.109804630279541 -9.741513151695358e-13 0.006869891192764044 
vn -4.109804630279541 -9.741513151695358e-13 0.006869891192764044 
vn -4.109804630279541 -9.741513151695358e-13 0.006869891192764044 
vn -4.109804630279541 -9.741513151695358e-13 0.006869891192764044 
vn 0 -3.1412463188171387 0.14421723783016205 
vn 0 -3.1412463188171387 0.14421723783016205 
vn 0 -3.1412463188171387 0.14421723783016205 
vn 0 -3.1412463188171387 0.14421723783016205 
vn 0 -3.042386770248413 0.7950538396835327 
vn 0 -3.042386770248413 0.7950538396835327 
vn 0 -3.042386770248413 0.7950538396835327 
vn 0 -3.042386770248413 0.7950538396835327 
vn 0 6.503666962615062e-13 -3.14455509185791 
vn 0 6.503666962615062e-13 -3.14455509185791 
vn 0 6.503666962615062e-13 -3.14455509185791 
vn 0 6.503666962615062e-13 -3.14455509185791 
vn 0 6.503666962615062e-13 -3.14455509185791 
vn 0 6.503666962615062e-13 -3.14455509185791 
vn 3.029907703399658 -0.5587072372436523 -2.0497896671295166 
vn 3.029907703399658 -0.5587072372436523 -2.0497896671295166 
vn 3.029907703399658 -0.5587072372436523 -2.0497896671295166 
vn 3.029907703399658 -0.5587072372436523 -2.0497896671295166 
vn -2.4360151290893555 -0.4462580680847168 2.492999792098999 
vn -2.4360151290893555 -0.4462580680847168 2.492999792098999 
vn -2.4360151290893555 -0.4462580680847168 2.492999792098999 
vn -2.4360151290893555 -0.4462580680847168 2.492999792098999 
vn -3.0674805641174316 -0.5530929565429688 -2.0183560848236084 
vn -3.0674805641174316 -0.5530929565429688 -2.0183560848236084 
vn -3.0674805641174316 -0.5530929565429688 -2.0183560848236084 
vn -3.0674805641174316 -0.5530929565429688 -2.0183560848236084 
vn 0 -3.0621821880340576 0.7150295376777649 
vn 0 -3.0621821880340576 0.7150295376777649 
vn 0 -3.0621821880340576 0.7150295376777649 
vn 0 -3.0621821880340576 0.7150295376777649 
vn -3.1044492721557617 -0.5473697781562805 -1.9865754842758179 
vn -3.1044492721557617 -0.5473697781562805 -1.9865754842758179 
vn -3.1044492721557617 -0.5473697781562805 -1.9865754842758179 
vn -3.1044492721557617 -0.5473697781562805 -1.9865754842758179 
vn -2.477963447570801 -0.451833039522171 2.4676637649536133 
vn -2.477963447570801 -0.451833039522171 2.4676637649536133 
vn -2.477963447570801 -0.451833039522171 2.4676637649536133 
vn -2.477963447570801 -0.451833039522171 2.4676637649536133 
vn 0 -3.0621821880340576 0.7150295376777649 
vn 0 -3.0621821880340576 0.7150295376777649 
vn 0 -3.0621821880340576 0.7150295376777649 
vn 0 -3.0621821880340576 0.7150295376777649 
vn 3.029907703399658 -0.5587072372436523 -2.0497896671295166 
vn 3.029907703399658 -0.5587072372436523 -2.0497896671295166 
vn 3.029907703399658 -0.5587072372436523 -2.0497896671295166 
vn 3.029907703399658 -0.5587072372436523 -2.0497896671295166 
vn 0 -1.0769356489181519 2.954392671585083 
vn 0 -1.0769356489181519 2.954392671585083 
vn 0 -1.0769356489181519 2.954392671585083 
vn 0 -1.0769356489181519 2.954392671585083 
vn 2.3862037658691406 -0.4636339247226715 2.5179073810577393 
vn 2.3862037658691406 -0.4636339247226715 2.5179073810577393 
vn 2.3862037658691406 -0.4636339247226715 2.5179073810577393 
vn 2.3862037658691406 -0.4636339247226715 2.5179073810577393 
vn -3.609290838241577 -1.315784215927124 -0.7284024953842163 
vn -3.609290838241577 -1.315784215927124 -0.7284024953842163 
vn -3.609290838241577 -1.315784215927124 -0.7284024953842163 
vn -3.609290838241577 -1.315784215927124 -0.7284024953842163 
vn 0 -3.144547700881958 0.006869891192764044 
vn 0 -3.144547700881958 0.006869891192764044 
vn 0 -3.144547700881958 0.006869891192764044 
vn 0 -3.144547700881958 0.006869891192764044 
vn 0 -3.144547700881958 0.006869891192764044 
vn 0 -3.144547700881958 0.006869891192764044 
vn 0 -3.144547700881958 0.006869891192764044 
vn 0 -3.144547700881958 0.006869891192764044 
vn 0 -3.0621821880340576 0.7150295376777649 
vn 0 -3.0621821880340576 0.7150295376777649 
vn 0 -3.0621821880340576 0.7150295376777649 
vn 0 -3.0621821880340576 0.7150295376777649 
vn 0 -3.0621821880340576 0.7150295376777649 
vn 0 -3.0621821880340576 0.7150295376777649 
vn 0 -3.0621821880340576 0.7150295376777649 
vn 0 -3.0621821880340576 0.7150295376777649 
vn 0 -3.144547700881958 0.006869891192764044 
vn 0 -3.144547700881958 0.006869891192764044 
vn 0 -3.144547700881958 0.006869891192764044 
vn 0 -3.144547700881958 0.006869891192764044 
vn 0 -3.144547700881958 0.006869891192764044 
vn 0 -3.144547700881958 0.006869891192764044 
vn 0 -3.144547700881958 0.006869891192764044 
vn 0 -3.144547700881958 0.006869891192764044 
vn 2.3862037658691406 -0.4636339247226715 2.5179073810577393 
vn 2.3862037658691406 -0.4636339247226715 2.5179073810577393 
vn 2.3862037658691406 -0.4636339247226715 2.5179073810577393 
vn 2.3862037658691406 -0.4636339247226715 2.5179073810577393 
vn 4.109804630279541 3.2518256208417806e-13 0.006869891192764044 
vn 4.109804630279541 3.2518256208417806e-13 0.006869891192764044 
vn 4.109804630279541 3.2518256208417806e-13 0.006869891192764044 
vn 4.109804630279541 3.2518256208417806e-13 0.006869891192764044 
vn 4.109804630279541 3.2518256208417806e-13 0.006869891192764044 
vn 4.109804630279541 3.2518256208417806e-13 0.006869891192764044 
vn 0 -1.5861393213272095 -2.715214490890503 
vn 0 -1.5861393213272095 -2.715214490890503 
vn 0 -1.5861393213272095 -2.715214490890503 
vn 0 -1.5861393213272095 -2.715214490890503 
vn -4.109804630279541 -9.741513151695358e-13 0.006869891192764044 
vn -4.109804630279541 -9.741513151695358e-13 0.006869891192764044 
vn -4.109804630279541 -9.741513151695358e-13 0.006869891192764044 
vn -4.109804630279541 -9.741513151695358e-13 0.006869891192764044 
vn -4.109804630279541 -9.741513151695358e-13 0.006869891192764044 
vn -4.109804630279541 -9.741513151695358e-13 0.006869891192764044 
vn -4.109804630279541 -9.741513151695358e-13 0.006869891192764044 
vn -4.109804630279541 -9.741513151695358e-13 0.006869891192764044 
vn -4.109804630279541 -9.741513151695358e-13 0.006869891192764044 
vn -4.109804630279541 -9.741513151695358e-13 0.006869891192764044 
vn -4.109804630279541 -9.741513151695358e-13 0.006869891192764044 
vn -4.109804630279541 -9.741513151695358e-13 0.006869891192764044 
vn 0 -1.0769356489181519 2.954392671585083 
vn 0 -1.0769356489181519 2.954392671585083 
vn 0 -1.0769356489181519 2.954392671585083 
vn 0 -1.0769356489181519 2.954392671585083 
vn 4.109804630279541 3.2518256208417806e-13 0.006869891192764044 
vn 4.109804630279541 3.2518256208417806e-13 0.006869891192764044 
vn 4.109804630279541 3.2518256208417806e-13 0.006869891192764044 
vn 4.109804630279541 3.2518256208417806e-13 0.006869891192764044 
vn 4.109804630279541 3.2518256208417806e-13 0.006869891192764044 
vn 4.109804630279541 3.2518256208417806e-13 0.006869891192764044 
vn 0 -1.5861393213272095 -2.715214490890503 
vn 0 -1.5861393213272095 -2.715214490890503 
vn 0 -1.5861393213272095 -2.715214490890503 
vn 0 -1.5861393213272095 -2.715214490890503 
vn 0 -3.1382460594177246 -0.199093759059906 
vn 0 -3.1382460594177246 -0.199093759059906 
vn 0 -3.1382460594177246 -0.199093759059906 
vn 0 -3.1382460594177246 -0.199093759059906 
vn 0 -3.0621821880340576 0.7150295376777649 
vn 0 -3.0621821880340576 0.7150295376777649 
vn 0 -3.0621821880340576 0.7150295376777649 
vn 0 -3.0621821880340576 0.7150295376777649 
vn 0 -3.1405861377716064 -0.15794114768505096 
vn 0 -3.1405861377716064 -0.15794114768505096 
vn 0 -3.1405861377716064 -0.15794114768505096 
vn 0 -3.1405861377716064 -0.15794114768505096 
vn -1.2469584941864014 -2.6097636222839355 -1.47209894657135 
vn -1.2469584941864014 -2.6097636222839355 -1.47209894657135 
vn -1.2469584941864014 -2.6097636222839355 -1.47209894657135 
vn -1.2469584941864014 -2.6097636222839355 -1.47209894657135 
vn 0 -3.144547700881958 0.006869891192764044 
vn 0 -3.144547700881958 0.006869891192764044 
vn 0 -3.144547700881958 0.006869891192764044 
vn 0 -3.144547700881958 0.006869891192764044 
vn 0 -3.144547700881958 0.006869891192764044 
vn 0 -3.144547700881958 0.006869891192764044 
vn 0 -3.144547700881958 0.006869891192764044 
vn 0 -3.144547700881958 0.006869891192764044 
vn 0 -3.144547700881958 0.006869891192764044 
vn 0 -3.144547700881958 0.006869891192764044 
vn 0 -3.1439473628997803 -0.061825089156627655 
vn 0 -3.1439473628997803 -0.061825089156627655 
vn 0 -3.1439473628997803 -0.061825089156627655 
vn 0 -3.1439473628997803 -0.061825089156627655 
vn 0 -1.1667802333831787 2.920077323913574 
vn 0 -1.1667802333831787 2.920077323913574 
vn 0 -1.1667802333831787 2.920077323913574 
vn 0 -1.1667802333831787 2.920077323913574 
vn 0 -0.5603232383728027 3.094230890274048 
vn 0 -0.5603232383728027 3.094230890274048 
vn 0 -0.5603232383728027 3.094230890274048 
vn 0 -0.5603232383728027 3.094230890274048 
vn -2.667942523956299 -0.42945605516433716 2.353032350540161 
vn -2.667942523956299 -0.42945605516433716 2.353032350540161 
vn -2.667942523956299 -0.42945605516433716 2.353032350540161 
vn -2.667942523956299 -0.42945605516433716 2.353032350540161 
vn -2.668128728866577 -0.8872990608215332 2.2211060523986816 
vn -2.668128728866577 -0.8872990608215332 2.2211060523986816 
vn -2.668128728866577 -0.8872990608215332 2.2211060523986816 
vn -2.668128728866577 -0.8872990608215332 2.2211060523986816 
vn -4.850888028935796e-13 1.794564962387085 2.5822014808654785 
vn -4.850888028935796e-13 1.794564962387085 2.5822014808654785 
vn -4.850888028935796e-13 1.794564962387085 2.5822014808654785 
vn -4.850888028935796e-13 1.794564962387085 2.5822014808654785 
vn 0 -2.8911972045898438 1.236610770225525 
vn 0 -2.8911972045898438 1.236610770225525 
vn 0 -2.8911972045898438 1.236610770225525 
vn 0 -2.8911972045898438 1.236610770225525 
vn 2.668128728866577 -0.8872990608215332 2.2211060523986816 
vn 2.668128728866577 -0.8872990608215332 2.2211060523986816 
vn 2.668128728866577 -0.8872990608215332 2.2211060523986816 
vn 2.668128728866577 -0.8872990608215332 2.2211060523986816 
vn 2.667942523956299 -0.42945605516433716 2.353032350540161 
vn 2.667942523956299 -0.42945605516433716 2.353032350540161 
vn 2.667942523956299 -0.42945605516433716 2.353032350540161 
vn 2.667942523956299 -0.42945605516433716 2.353032350540161 
vn -1.252036690711975 -2.994442939758301 -0.061825089156627655 
vn -1.252036690711975 -2.994442939758301 -0.061825089156627655 
vn -1.252036690711975 -2.994442939758301 -0.061825089156627655 
vn -1.252036690711975 -2.994442939758301 -0.061825089156627655 
vn -3.6095833778381348 -1.5031441450119019 -0.03434880077838898 
vn -3.6095833778381348 -1.5031441450119019 -0.03434880077838898 
vn -3.6095833778381348 -1.5031441450119019 -0.03434880077838898 
vn -3.6095833778381348 -1.5031441450119019 -0.03434880077838898 
vn -1.241648554801941 -2.413670539855957 1.7776027917861938 
vn -1.241648554801941 -2.413670539855957 1.7776027917861938 
vn -1.241648554801941 -2.413670539855957 1.7776027917861938 
vn -1.241648554801941 -2.413670539855957 1.7776027917861938 
vn -3.6082732677459717 -1.2157751321792603 0.8877211213111877 
vn -3.6082732677459717 -1.2157751321792603 0.8877211213111877 
vn -3.6082732677459717 -1.2157751321792603 0.8877211213111877 
vn -3.6082732677459717 -1.2157751321792603 0.8877211213111877 
vn -3.6156492233276367 -0.2605537474155426 1.47209894657135 
vn -3.6156492233276367 -0.2605537474155426 1.47209894657135 
vn -3.6156492233276367 -0.2605537474155426 1.47209894657135 
vn -3.6156492233276367 -0.2605537474155426 1.47209894657135 
vn -1.2437001466751099 -0.5312280654907227 2.9496591091156006 
vn -1.2437001466751099 -0.5312280654907227 2.9496591091156006 
vn -1.2437001466751099 -0.5312280654907227 2.9496591091156006 
vn -1.2437001466751099 -0.5312280654907227 2.9496591091156006 
vn -3.615429639816284 -0.5600816011428833 1.3864352703094482 
vn -3.615429639816284 -0.5600816011428833 1.3864352703094482 
vn -3.615429639816284 -0.5600816011428833 1.3864352703094482 
vn -3.615429639816284 -0.5600816011428833 1.3864352703094482 
vn -1.2499476671218872 -1.111113429069519 2.78190541267395 
vn -1.2499476671218872 -1.111113429069519 2.78190541267395 
vn -1.2499476671218872 -1.111113429069519 2.78190541267395 
vn -1.2499476671218872 -1.111113429069519 2.78190541267395 
vn -3.614698648452759 -8.592522309988637e-13 1.4963247776031494 
vn -3.614698648452759 -8.592522309988637e-13 1.4963247776031494 
vn -3.614698648452759 -8.592522309988637e-13 1.4963247776031494 
vn -3.614698648452759 -8.592522309988637e-13 1.4963247776031494 
vn -1.2375099658966064 -2.9416925709582764e-13 2.9986135959625244 
vn -1.2375099658966064 -2.9416925709582764e-13 2.9986135959625244 
vn -1.2375099658966064 -2.9416925709582764e-13 2.9986135959625244 
vn -1.2375099658966064 -2.9416925709582764e-13 2.9986135959625244 
vn -1.2375099658966064 -2.9416925709582764e-13 2.9986135959625244 
vn -1.2375099658966064 -2.9416925709582764e-13 2.9986135959625244 
vn -1.2375099658966064 -2.9416925709582764e-13 2.9986135959625244 
vn -1.2375099658966064 -2.9416925709582764e-13 2.9986135959625244 
vn -3.6100282669067383 -1.1617887020111084 -0.9534087181091309 
vn -3.6100282669067383 -1.1617887020111084 -0.9534087181091309 
vn -3.6100282669067383 -1.1617887020111084 -0.9534087181091309 
vn -3.6100282669067383 -1.1617887020111084 -0.9534087181091309 
vn -1.2405821084976196 -2.318742513656616 -1.9001736640930176 
vn -1.2405821084976196 -2.318742513656616 -1.9001736640930176 
vn -1.2405821084976196 -2.318742513656616 -1.9001736640930176 
vn -1.2405821084976196 -2.318742513656616 -1.9001736640930176 
vn -1.2374122142791748 -0.011898279190063477 -2.9986135959625244 
vn -1.2374122142791748 -0.011898279190063477 -2.9986135959625244 
vn -1.2374122142791748 -0.011898279190063477 -2.9986135959625244 
vn -1.2374122142791748 -0.011898279190063477 -2.9986135959625244 
vn -3.614698648452759 -8.592522309988637e-13 -1.4963247776031494 
vn -3.614698648452759 -8.592522309988637e-13 -1.4963247776031494 
vn -3.614698648452759 -8.592522309988637e-13 -1.4963247776031494 
vn -3.614698648452759 -8.592522309988637e-13 -1.4963247776031494 
vn -1.2495410442352295 -2.7618188858032227 -1.1603978872299194 
vn -1.2495410442352295 -2.7618188858032227 -1.1603978872299194 
vn -1.2495410442352295 -2.7618188858032227 -1.1603978872299194 
vn -1.2495410442352295 -2.7618188858032227 -1.1603978872299194 
vn -3.610809803009033 -1.3850457668304443 -0.5805908441543579 
vn -3.610809803009033 -1.3850457668304443 -0.5805908441543579 
vn -3.610809803009033 -1.3850457668304443 -0.5805908441543579 
vn -3.610809803009033 -1.3850457668304443 -0.5805908441543579 
vn -1.2476445436477661 -1.7482452392578125 2.4332237243652344 
vn -1.2476445436477661 -1.7482452392578125 2.4332237243652344 
vn -1.2476445436477661 -1.7482452392578125 2.4332237243652344 
vn -1.2476445436477661 -1.7482452392578125 2.4332237243652344 
vn -3.620224714279175 -0.8650654554367065 1.2112983465194702 
vn -3.620224714279175 -0.8650654554367065 1.2112983465194702 
vn -3.620224714279175 -0.8650654554367065 1.2112983465194702 
vn -3.620224714279175 -0.8650654554367065 1.2112983465194702 
vn -1.252275824546814 -2.9950149059295654 -0.006869891192764044 
vn -1.252275824546814 -2.9950149059295654 -0.006869891192764044 
vn -1.252275824546814 -2.9950149059295654 -0.006869891192764044 
vn -1.252275824546814 -2.9950149059295654 -0.006869891192764044 
vn -3.609790086746216 -1.503230333328247 -0.006869891192764044 
vn -3.609790086746216 -1.503230333328247 -0.006869891192764044 
vn -3.609790086746216 -1.503230333328247 -0.006869891192764044 
vn -3.609790086746216 -1.503230333328247 -0.006869891192764044 
vn -3.609790086746216 -1.503230333328247 -0.006869891192764044 
vn -3.609790086746216 -1.503230333328247 -0.006869891192764044 
vn -1.2507350444793701 -2.918394088745117 0.6748296022415161 
vn -1.2507350444793701 -2.918394088745117 0.6748296022415161 
vn -1.2507350444793701 -2.918394088745117 0.6748296022415161 
vn -1.2507350444793701 -2.918394088745117 0.6748296022415161 
vn -3.6137845516204834 -1.459442377090454 0.3359823524951935 
vn -3.6137845516204834 -1.459442377090454 0.3359823524951935 
vn -3.6137845516204834 -1.459442377090454 0.3359823524951935 
vn -3.6137845516204834 -1.459442377090454 0.3359823524951935 
vn -1.252275824546814 -2.9950149059295654 0.006869891192764044 
vn -1.252275824546814 -2.9950149059295654 0.006869891192764044 
vn -1.252275824546814 -2.9950149059295654 0.006869891192764044 
vn -1.252275824546814 -2.9950149059295654 0.006869891192764044 
vn -3.609790086746216 -1.503230333328247 0.006869891192764044 
vn -3.609790086746216 -1.503230333328247 0.006869891192764044 
vn -3.609790086746216 -1.503230333328247 0.006869891192764044 
vn -3.609790086746216 -1.503230333328247 0.006869891192764044 
vn -1.2521547079086304 -2.990885019302368 -0.15794114768505096 
vn -1.2521547079086304 -2.990885019302368 -0.15794114768505096 
vn -1.2521547079086304 -2.990885019302368 -0.15794114768505096 
vn -1.2521547079086304 -2.990885019302368 -0.15794114768505096 
vn -3.6087563037872314 -1.5027998685836792 -0.07556159049272537 
vn -3.6087563037872314 -1.5027998685836792 -0.07556159049272537 
vn -3.6087563037872314 -1.5027998685836792 -0.07556159049272537 
vn -3.6087563037872314 -1.5027998685836792 -0.07556159049272537 
vn -1.252275824546814 -2.9950149059295654 -0.006869891192764044 
vn -1.252275824546814 -2.9950149059295654 -0.006869891192764044 
vn -1.252275824546814 -2.9950149059295654 -0.006869891192764044 
vn -1.252275824546814 -2.9950149059295654 -0.006869891192764044 
vn -1.252275824546814 -2.9950149059295654 -0.006869891192764044 
vn -1.252275824546814 -2.9950149059295654 -0.006869891192764044 
vn -1.252275824546814 -2.9950149059295654 -0.006869891192764044 
vn -1.252275824546814 -2.9950149059295654 -0.006869891192764044 
vn -3.609790086746216 -1.503230333328247 -0.006869891192764044 
vn -3.609790086746216 -1.503230333328247 -0.006869891192764044 
vn -3.609790086746216 -1.503230333328247 -0.006869891192764044 
vn -3.609790086746216 -1.503230333328247 -0.006869891192764044 
vn -1.2512216567993164 -2.988656520843506 -0.199093759059906 
vn -1.2512216567993164 -2.988656520843506 -0.199093759059906 
vn -1.2512216567993164 -2.988656520843506 -0.199093759059906 
vn -1.2512216567993164 -2.988656520843506 -0.199093759059906 
vn -3.6078603267669678 -1.5024268627166748 -0.1030300110578537 
vn -3.6078603267669678 -1.5024268627166748 -0.1030300110578537 
vn -3.6078603267669678 -1.5024268627166748 -0.1030300110578537 
vn -3.6078603267669678 -1.5024268627166748 -0.1030300110578537 
vn -3.8121461868286133 -1.1471869945526123 0.25390946865081787 
vn -3.8121461868286133 -1.1471869945526123 0.25390946865081787 
vn -3.8121461868286133 -1.1471869945526123 0.25390946865081787 
vn -3.8121461868286133 -1.1471869945526123 0.25390946865081787 
vn -1.5989153385162354 -2.8294622898101807 0.6210505366325378 
vn -1.5989153385162354 -2.8294622898101807 0.6210505366325378 
vn -1.5989153385162354 -2.8294622898101807 0.6210505366325378 
vn -1.5989153385162354 -2.8294622898101807 0.6210505366325378 
vn -3.614698648452759 -8.592522309988637e-13 1.4963247776031494 
vn -3.614698648452759 -8.592522309988637e-13 1.4963247776031494 
vn -3.614698648452759 -8.592522309988637e-13 1.4963247776031494 
vn -3.614698648452759 -8.592522309988637e-13 1.4963247776031494 
vn 0.015512783080339432 2.7391269207000732 -1.5444320440292358 
vn -0.015512783080339432 2.7391269207000732 -1.5444320440292358 
vn 0.015512783080339432 2.7391269207000732 -1.5444320440292358 
vn -0.015512783080339432 2.7391269207000732 -1.5444320440292358 
vn -0.015512783080339432 2.7391269207000732 -1.5444320440292358 
vn -0.015512783080339432 2.7391269207000732 -1.5444320440292358 
vn -0.015512783080339432 2.7391269207000732 -1.5444320440292358 
vn -0.015512783080339432 2.7391269207000732 -1.5444320440292358 
vn -0.015512783080339432 2.7391269207000732 -1.5444320440292358 
vn -0.015512783080339432 2.7391269207000732 -1.5444320440292358 
vn -0.015512783080339432 2.7391269207000732 -1.5444320440292358 
vn -0.015512783080339432 2.7391269207000732 -1.5444320440292358 
vn -0.015512783080339432 2.7391269207000732 -1.5444320440292358 
vn -0.015512783080339432 2.7391269207000732 -1.5444320440292358 
vn -0.015512783080339432 2.7391269207000732 -1.5444320440292358 
vn -0.015512783080339432 2.7391269207000732 -1.5444320440292358 
vn -0.015512783080339432 2.7391269207000732 -1.5444320440292358 
vn -0.015512783080339432 2.7391269207000732 -1.5444320440292358 
vn 0.015512783080339432 2.7391269207000732 -1.5444320440292358 
vn 0.015512783080339432 2.7391269207000732 -1.5444320440292358 
vn -7.860948762587749e-13 2.901893138885498 -1.2112983465194702 
vn -7.860948762587749e-13 2.901893138885498 -1.2112983465194702 
vn -7.860948762587749e-13 2.901893138885498 -1.2112983465194702 
vn -7.860948762587749e-13 2.901893138885498 -1.2112983465194702 
vn -7.860948762587749e-13 2.901893138885498 -1.2112983465194702 
vn -7.860948762587749e-13 2.901893138885498 -1.2112983465194702 
vn -7.860948762587749e-13 2.901893138885498 -1.2112983465194702 
vn -7.860948762587749e-13 2.901893138885498 -1.2112983465194702 
vn -7.860948762587749e-13 2.901893138885498 -1.2112983465194702 
vn -7.860948762587749e-13 2.901893138885498 -1.2112983465194702 
vn -7.860948762587749e-13 2.901893138885498 -1.2112983465194702 
vn -7.860948762587749e-13 2.901893138885498 -1.2112983465194702 
vn -7.860948762587749e-13 2.901893138885498 -1.2112983465194702 
vn -7.860948762587749e-13 2.901893138885498 -1.2112983465194702 
vn -7.860948762587749e-13 2.901893138885498 -1.2112983465194702 
vn -7.860948762587749e-13 2.901893138885498 -1.2112983465194702 
vn -7.860948762587749e-13 2.901893138885498 -1.2112983465194702 
vn -7.860948762587749e-13 2.901893138885498 -1.2112983465194702 
vn -7.860948762587749e-13 2.901893138885498 -1.2112983465194702 
vn -7.860948762587749e-13 2.901893138885498 -1.2112983465194702 
vn -4.109804630279541 -9.741513151695358e-13 0.006869891192764044 
vn -4.109804630279541 -9.741513151695358e-13 0.006869891192764044 
vn -4.109804630279541 -9.741513151695358e-13 0.006869891192764044 
vn -4.109804630279541 -9.741513151695358e-13 0.006869891192764044 
vn -4.109804630279541 -9.741513151695358e-13 0.006869891192764044 
vn -4.109804630279541 -9.741513151695358e-13 0.006869891192764044 
vn -4.109804630279541 -9.741513151695358e-13 0.006869891192764044 
vn -4.109804630279541 -9.741513151695358e-13 0.006869891192764044 
vn -4.109804630279541 -9.741513151695358e-13 0.006869891192764044 
vn -4.109804630279541 -9.741513151695358e-13 0.006869891192764044 
vn 4.109804630279541 3.2518256208417806e-13 -0.006869891192764044 
vn 4.109804630279541 3.2518256208417806e-13 -0.006869891192764044 
vn 4.109804630279541 3.2518256208417806e-13 -0.006869891192764044 
vn 4.109804630279541 3.2518256208417806e-13 -0.006869891192764044 
vn 4.109804630279541 3.2518256208417806e-13 0.006869891192764044 
vn 4.109804630279541 3.2518256208417806e-13 0.006869891192764044 
vn 4.109804630279541 3.2518256208417806e-13 0.006869891192764044 
vn 4.109804630279541 3.2518256208417806e-13 0.006869891192764044 
vn -0.015505929477512836 3.138223886489868 -0.199093759059906 
vn -0.015505929477512836 3.138223886489868 -0.199093759059906 
vn -0.015505929477512836 3.138223886489868 -0.199093759059906 
vn -0.015505929477512836 3.138223886489868 -0.199093759059906 
vn -8.500025227946295e-13 3.144547700881958 0.006869891192764044 
vn -8.500025227946295e-13 3.144547700881958 0.006869891192764044 
vn -8.500025227946295e-13 3.144547700881958 0.006869891192764044 
vn -8.500025227946295e-13 3.144547700881958 0.006869891192764044 
vn -8.500025227946295e-13 3.144547700881958 0.006869891192764044 
vn -8.500025227946295e-13 3.144547700881958 0.006869891192764044 
vn -8.500025227946295e-13 3.144547700881958 0.006869891192764044 
vn -8.500025227946295e-13 3.144547700881958 0.006869891192764044 
vn -8.500025227946295e-13 3.144547700881958 0.006869891192764044 
vn -8.500025227946295e-13 3.144547700881958 0.006869891192764044 
vn -0.015517491847276688 3.14056396484375 -0.15794114768505096 
vn -0.015517491847276688 3.14056396484375 -0.15794114768505096 
vn -0.015517491847276688 3.14056396484375 -0.15794114768505096 
vn -0.015517491847276688 3.14056396484375 -0.15794114768505096 
vn 4.109804630279541 3.2518256208417806e-13 0.006869891192764044 
vn 4.109804630279541 3.2518256208417806e-13 0.006869891192764044 
vn 4.109804630279541 3.2518256208417806e-13 0.006869891192764044 
vn 4.109804630279541 3.2518256208417806e-13 0.006869891192764044 
vn 4.109804630279541 3.2518256208417806e-13 0.006869891192764044 
vn 4.109804630279541 3.2518256208417806e-13 0.006869891192764044 
vn -0.015520752407610416 3.141223907470703 0.14421723783016205 
vn -0.015520752407610416 3.141223907470703 0.14421723783016205 
vn -0.015520752407610416 3.141223907470703 0.14421723783016205 
vn -0.015520752407610416 3.141223907470703 0.14421723783016205 
vn -4.109804630279541 -9.741513151695358e-13 0.006869891192764044 
vn -4.109804630279541 -9.741513151695358e-13 0.006869891192764044 
vn -4.109804630279541 -9.741513151695358e-13 0.006869891192764044 
vn -4.109804630279541 -9.741513151695358e-13 0.006869891192764044 
vn -0.015517804771661758 3.042363405227661 0.7950538396835327 
vn -0.015517804771661758 3.042363405227661 0.7950538396835327 
vn -0.015517804771661758 3.042363405227661 0.7950538396835327 
vn -0.015517804771661758 3.042363405227661 0.7950538396835327 
vn -1.5146094285451578e-13 0.5603232383728027 3.094230890274048 
vn -1.5146094285451578e-13 0.5603232383728027 3.094230890274048 
vn -1.5146094285451578e-13 0.5603232383728027 3.094230890274048 
vn -1.5146094285451578e-13 0.5603232383728027 3.094230890274048 
vn -1.5146094285451578e-13 0.5603232383728027 3.094230890274048 
vn -1.5146094285451578e-13 0.5603232383728027 3.094230890274048 
vn -3.153922977817969e-13 1.1667802333831787 2.920077323913574 
vn -3.153922977817969e-13 1.1667802333831787 2.920077323913574 
vn -3.153922977817969e-13 1.1667802333831787 2.920077323913574 
vn -3.153922977817969e-13 1.1667802333831787 2.920077323913574 
vn -3.153922977817969e-13 1.1667802333831787 2.920077323913574 
vn -3.153922977817969e-13 1.1667802333831787 2.920077323913574 
vn 0.015477667562663555 1.8282195329666138 2.5584566593170166 
vn 0.015477667562663555 1.8282195329666138 2.5584566593170166 
vn -0.015477667562663555 1.8282195329666138 2.5584566593170166 
vn -0.015477667562663555 1.8282195329666138 2.5584566593170166 
vn -0.015477667562663555 1.8282195329666138 2.5584566593170166 
vn -0.015477667562663555 1.8282195329666138 2.5584566593170166 
vn -0.015477667562663555 1.8282195329666138 2.5584566593170166 
vn -0.015477667562663555 1.8282195329666138 2.5584566593170166 
vn -0.015477667562663555 1.8282195329666138 2.5584566593170166 
vn -0.015477667562663555 1.8282195329666138 2.5584566593170166 
vn -0.015477667562663555 1.8282195329666138 2.5584566593170166 
vn -0.015477667562663555 1.8282195329666138 2.5584566593170166 
vn -0.015477667562663555 1.8282195329666138 2.5584566593170166 
vn -0.015477667562663555 1.8282195329666138 2.5584566593170166 
vn -0.015477667562663555 1.8282195329666138 2.5584566593170166 
vn -0.015477667562663555 1.8282195329666138 2.5584566593170166 
vn -0.015477667562663555 1.8282195329666138 2.5584566593170166 
vn -0.015477667562663555 1.8282195329666138 2.5584566593170166 
vn 0.015477667562663555 1.8282195329666138 2.5584566593170166 
vn 0.015477667562663555 1.8282195329666138 2.5584566593170166 
vn 0.015505929477512836 3.138223886489868 -0.199093759059906 
vn 0.015505929477512836 3.138223886489868 -0.199093759059906 
vn 0.015505929477512836 3.138223886489868 -0.199093759059906 
vn 0.015505929477512836 3.138223886489868 -0.199093759059906 
vn -0.015505929477512836 3.138223886489868 -0.199093759059906 
vn -0.015505929477512836 3.138223886489868 -0.199093759059906 
vn -0.015505929477512836 3.138223886489868 -0.199093759059906 
vn -0.015505929477512836 3.138223886489868 -0.199093759059906 
vn -0.015505929477512836 3.138223886489868 -0.199093759059906 
vn -0.015505929477512836 3.138223886489868 -0.199093759059906 
vn -0.015505929477512836 3.138223886489868 -0.199093759059906 
vn -0.015505929477512836 3.138223886489868 -0.199093759059906 
vn -3.0262348651885986 0.5702424049377441 -2.0497896671295166 
vn -3.0262348651885986 0.5702424049377441 -2.0497896671295166 
vn -3.0262348651885986 0.5702424049377441 -2.0497896671295166 
vn -3.0262348651885986 0.5702424049377441 -2.0497896671295166 
vn 2.4360151290893555 0.4462580680847168 2.492999792098999 
vn 2.4360151290893555 0.4462580680847168 2.492999792098999 
vn 2.4360151290893555 0.4462580680847168 2.492999792098999 
vn 2.4360151290893555 0.4462580680847168 2.492999792098999 
vn 0.015517491847276688 3.14056396484375 -0.15794114768505096 
vn 0.015517491847276688 3.14056396484375 -0.15794114768505096 
vn 0.015517491847276688 3.14056396484375 -0.15794114768505096 
vn 0.015517491847276688 3.14056396484375 -0.15794114768505096 
vn -0.015517491847276688 3.14056396484375 -0.15794114768505096 
vn -0.015517491847276688 3.14056396484375 -0.15794114768505096 
vn -0.015517491847276688 3.14056396484375 -0.15794114768505096 
vn -0.015517491847276688 3.14056396484375 -0.15794114768505096 
vn -0.015517491847276688 3.14056396484375 -0.15794114768505096 
vn -0.015517491847276688 3.14056396484375 -0.15794114768505096 
vn -0.015517491847276688 3.14056396484375 -0.15794114768505096 
vn -0.015517491847276688 3.14056396484375 -0.15794114768505096 
vn 3.0674805641174316 0.5530929565429688 -2.0183560848236084 
vn 3.0674805641174316 0.5530929565429688 -2.0183560848236084 
vn 3.0674805641174316 0.5530929565429688 -2.0183560848236084 
vn 3.0674805641174316 0.5530929565429688 -2.0183560848236084 
vn 0.01550322026014328 3.062159299850464 0.7150295376777649 
vn 0.01550322026014328 3.062159299850464 0.7150295376777649 
vn 0.01550322026014328 3.062159299850464 0.7150295376777649 
vn 0.01550322026014328 3.062159299850464 0.7150295376777649 
vn 3.1078970432281494 0.5357939004898071 -1.9865754842758179 
vn 3.1078970432281494 0.5357939004898071 -1.9865754842758179 
vn 3.1078970432281494 0.5357939004898071 -1.9865754842758179 
vn 3.1078970432281494 0.5357939004898071 -1.9865754842758179 
vn -8.498402719395171e-13 3.1439473628997803 -0.061825089156627655 
vn -8.498402719395171e-13 3.1439473628997803 -0.061825089156627655 
vn -8.498402719395171e-13 3.1439473628997803 -0.061825089156627655 
vn -8.498402719395171e-13 3.1439473628997803 -0.061825089156627655 
vn -8.498402719395171e-13 3.1439473628997803 -0.061825089156627655 
vn -8.498402719395171e-13 3.1439473628997803 -0.061825089156627655 
vn -8.498402719395171e-13 3.1439473628997803 -0.061825089156627655 
vn -8.498402719395171e-13 3.1439473628997803 -0.061825089156627655 
vn -8.498402719395171e-13 3.1439473628997803 -0.061825089156627655 
vn -8.498402719395171e-13 3.1439473628997803 -0.061825089156627655 
vn -8.498402719395171e-13 3.1439473628997803 -0.061825089156627655 
vn -8.498402719395171e-13 3.1439473628997803 -0.061825089156627655 
vn 2.481506109237671 0.4403037428855896 2.4676637649536133 
vn 2.481506109237671 0.4403037428855896 2.4676637649536133 
vn 2.481506109237671 0.4403037428855896 2.4676637649536133 
vn 2.481506109237671 0.4403037428855896 2.4676637649536133 
vn -0.01550322026014328 3.062159299850464 0.7150295376777649 
vn -0.01550322026014328 3.062159299850464 0.7150295376777649 
vn -0.01550322026014328 3.062159299850464 0.7150295376777649 
vn -0.01550322026014328 3.062159299850464 0.7150295376777649 
vn -3.0262348651885986 0.5702424049377441 -2.0497896671295166 
vn -3.0262348651885986 0.5702424049377441 -2.0497896671295166 
vn -3.0262348651885986 0.5702424049377441 -2.0497896671295166 
vn -3.0262348651885986 0.5702424049377441 -2.0497896671295166 
vn -2.911064130636104e-13 1.0769356489181519 2.954392671585083 
vn -2.911064130636104e-13 1.0769356489181519 2.954392671585083 
vn -2.911064130636104e-13 1.0769356489181519 2.954392671585083 
vn -2.911064130636104e-13 1.0769356489181519 2.954392671585083 
vn -2.3899714946746826 0.4521302282810211 2.5179073810577393 
vn -2.3899714946746826 0.4521302282810211 2.5179073810577393 
vn -2.3899714946746826 0.4521302282810211 2.5179073810577393 
vn -2.3899714946746826 0.4521302282810211 2.5179073810577393 
vn 3.6159417629241943 1.3050501346588135 -0.7284024953842163 
vn 3.6159417629241943 1.3050501346588135 -0.7284024953842163 
vn 3.6159417629241943 1.3050501346588135 -0.7284024953842163 
vn 3.6159417629241943 1.3050501346588135 -0.7284024953842163 
vn -3.153922977817969e-13 1.1667802333831787 2.920077323913574 
vn -3.153922977817969e-13 1.1667802333831787 2.920077323913574 
vn -3.153922977817969e-13 1.1667802333831787 2.920077323913574 
vn -3.153922977817969e-13 1.1667802333831787 2.920077323913574 
vn -3.153922977817969e-13 1.1667802333831787 2.920077323913574 
vn -3.153922977817969e-13 1.1667802333831787 2.920077323913574 
vn -1.5146094285451578e-13 0.5603232383728027 3.094230890274048 
vn -1.5146094285451578e-13 0.5603232383728027 3.094230890274048 
vn -1.5146094285451578e-13 0.5603232383728027 3.094230890274048 
vn -1.5146094285451578e-13 0.5603232383728027 3.094230890274048 
vn -1.5146094285451578e-13 0.5603232383728027 3.094230890274048 
vn -1.5146094285451578e-13 0.5603232383728027 3.094230890274048 
vn -8.500025227946295e-13 3.144547700881958 0.006869891192764044 
vn -8.500025227946295e-13 3.144547700881958 0.006869891192764044 
vn -8.500025227946295e-13 3.144547700881958 0.006869891192764044 
vn -8.500025227946295e-13 3.144547700881958 0.006869891192764044 
vn -8.500025227946295e-13 3.144547700881958 0.006869891192764044 
vn -8.500025227946295e-13 3.144547700881958 0.006869891192764044 
vn -8.500025227946295e-13 3.144547700881958 0.006869891192764044 
vn -8.500025227946295e-13 3.144547700881958 0.006869891192764044 
vn -0.01550322026014328 3.062159299850464 0.7150295376777649 
vn -0.01550322026014328 3.062159299850464 0.7150295376777649 
vn -0.01550322026014328 3.062159299850464 0.7150295376777649 
vn -0.01550322026014328 3.062159299850464 0.7150295376777649 
vn -0.01550322026014328 3.062159299850464 0.7150295376777649 
vn -0.01550322026014328 3.062159299850464 0.7150295376777649 
vn -0.01550322026014328 3.062159299850464 0.7150295376777649 
vn -0.01550322026014328 3.062159299850464 0.7150295376777649 
vn -8.500025227946295e-13 3.144547700881958 0.006869891192764044 
vn -8.500025227946295e-13 3.144547700881958 0.006869891192764044 
vn -8.500025227946295e-13 3.144547700881958 0.006869891192764044 
vn -8.500025227946295e-13 3.144547700881958 0.006869891192764044 
vn -8.500025227946295e-13 3.144547700881958 0.006869891192764044 
vn -8.500025227946295e-13 3.144547700881958 0.006869891192764044 
vn -8.500025227946295e-13 3.144547700881958 0.006869891192764044 
vn -8.500025227946295e-13 3.144547700881958 0.006869891192764044 
vn -2.3899714946746826 0.4521302282810211 2.5179073810577393 
vn -2.3899714946746826 0.4521302282810211 2.5179073810577393 
vn -2.3899714946746826 0.4521302282810211 2.5179073810577393 
vn -2.3899714946746826 0.4521302282810211 2.5179073810577393 
vn -4.109804630279541 -9.741513151695358e-13 0.006869891192764044 
vn -4.109804630279541 -9.741513151695358e-13 0.006869891192764044 
vn -4.109804630279541 -9.741513151695358e-13 0.006869891192764044 
vn -4.109804630279541 -9.741513151695358e-13 0.006869891192764044 
vn -4.109804630279541 -9.741513151695358e-13 0.006869891192764044 
vn -4.109804630279541 -9.741513151695358e-13 0.006869891192764044 
vn -0.015543043613433838 1.5860947370529175 -2.715214490890503 
vn -0.015543043613433838 1.5860947370529175 -2.715214490890503 
vn -0.015543043613433838 1.5860947370529175 -2.715214490890503 
vn -0.015543043613433838 1.5860947370529175 -2.715214490890503 
vn 4.109804630279541 3.2518256208417806e-13 0.006869891192764044 
vn 4.109804630279541 3.2518256208417806e-13 0.006869891192764044 
vn 4.109804630279541 3.2518256208417806e-13 0.006869891192764044 
vn 4.109804630279541 3.2518256208417806e-13 0.006869891192764044 
vn 4.109804630279541 3.2518256208417806e-13 0.006869891192764044 
vn 4.109804630279541 3.2518256208417806e-13 0.006869891192764044 
vn 4.109804630279541 3.2518256208417806e-13 0.006869891192764044 
vn 4.109804630279541 3.2518256208417806e-13 0.006869891192764044 
vn 4.109804630279541 3.2518256208417806e-13 0.006869891192764044 
vn 4.109804630279541 3.2518256208417806e-13 0.006869891192764044 
vn 4.109804630279541 3.2518256208417806e-13 0.006869891192764044 
vn 4.109804630279541 3.2518256208417806e-13 0.006869891192764044 
vn -2.911064130636104e-13 1.0769356489181519 2.954392671585083 
vn -2.911064130636104e-13 1.0769356489181519 2.954392671585083 
vn -2.911064130636104e-13 1.0769356489181519 2.954392671585083 
vn -2.911064130636104e-13 1.0769356489181519 2.954392671585083 
vn -4.109804630279541 -9.741513151695358e-13 0.006869891192764044 
vn -4.109804630279541 -9.741513151695358e-13 0.006869891192764044 
vn -4.109804630279541 -9.741513151695358e-13 0.006869891192764044 
vn -4.109804630279541 -9.741513151695358e-13 0.006869891192764044 
vn -4.109804630279541 -9.741513151695358e-13 0.006869891192764044 
vn -4.109804630279541 -9.741513151695358e-13 0.006869891192764044 
vn 0.015543043613433838 1.5860947370529175 -2.715214490890503 
vn 0.015543043613433838 1.5860947370529175 -2.715214490890503 
vn 0.015543043613433838 1.5860947370529175 -2.715214490890503 
vn 0.015543043613433838 1.5860947370529175 -2.715214490890503 
vn 0.015505929477512836 3.138223886489868 -0.199093759059906 
vn 0.015505929477512836 3.138223886489868 -0.199093759059906 
vn 0.015505929477512836 3.138223886489868 -0.199093759059906 
vn 0.015505929477512836 3.138223886489868 -0.199093759059906 
vn 0.01550322026014328 3.062159299850464 0.7150295376777649 
vn 0.01550322026014328 3.062159299850464 0.7150295376777649 
vn 0.01550322026014328 3.062159299850464 0.7150295376777649 
vn 0.01550322026014328 3.062159299850464 0.7150295376777649 
vn 0.015517491847276688 3.14056396484375 -0.15794114768505096 
vn 0.015517491847276688 3.14056396484375 -0.15794114768505096 
vn 0.015517491847276688 3.14056396484375 -0.15794114768505096 
vn 0.015517491847276688 3.14056396484375 -0.15794114768505096 
vn 1.2323681116104126 2.6138176918029785 -1.47209894657135 
vn 1.2323681116104126 2.6138176918029785 -1.47209894657135 
vn 1.2323681116104126 2.6138176918029785 -1.47209894657135 
vn 1.2323681116104126 2.6138176918029785 -1.47209894657135 
vn -8.500025227946295e-13 3.144547700881958 0.006869891192764044 
vn -8.500025227946295e-13 3.144547700881958 0.006869891192764044 
vn -8.500025227946295e-13 3.144547700881958 0.006869891192764044 
vn -8.500025227946295e-13 3.144547700881958 0.006869891192764044 
vn -8.500025227946295e-13 3.144547700881958 0.006869891192764044 
vn -8.500025227946295e-13 3.144547700881958 0.006869891192764044 
vn -8.500025227946295e-13 3.144547700881958 0.006869891192764044 
vn -8.500025227946295e-13 3.144547700881958 0.006869891192764044 
vn -8.500025227946295e-13 3.144547700881958 0.006869891192764044 
vn -8.500025227946295e-13 3.144547700881958 0.006869891192764044 
vn -8.498402719395171e-13 3.1439473628997803 -0.061825089156627655 
vn -8.498402719395171e-13 3.1439473628997803 -0.061825089156627655 
vn -8.498402719395171e-13 3.1439473628997803 -0.061825089156627655 
vn -8.498402719395171e-13 3.1439473628997803 -0.061825089156627655 
vn -3.153922977817969e-13 1.1667802333831787 2.920077323913574 
vn -3.153922977817969e-13 1.1667802333831787 2.920077323913574 
vn -3.153922977817969e-13 1.1667802333831787 2.920077323913574 
vn -3.153922977817969e-13 1.1667802333831787 2.920077323913574 
vn -1.5146094285451578e-13 0.5603232383728027 3.094230890274048 
vn -1.5146094285451578e-13 0.5603232383728027 3.094230890274048 
vn -1.5146094285451578e-13 0.5603232383728027 3.094230890274048 
vn -1.5146094285451578e-13 0.5603232383728027 3.094230890274048 
vn 2.664710760116577 0.441045880317688 2.353032350540161 
vn 2.664710760116577 0.441045880317688 2.353032350540161 
vn 2.664710760116577 0.441045880317688 2.353032350540161 
vn 2.664710760116577 0.441045880317688 2.353032350540161 
vn 2.668128728866577 0.8872990608215332 2.2211060523986816 
vn 2.668128728866577 0.8872990608215332 2.2211060523986816 
vn 2.668128728866577 0.8872990608215332 2.2211060523986816 
vn 2.668128728866577 0.8872990608215332 2.2211060523986816 
vn 0 -1.794564962387085 2.5822014808654785 
vn 0 -1.794564962387085 2.5822014808654785 
vn 0 -1.794564962387085 2.5822014808654785 
vn 0 -1.794564962387085 2.5822014808654785 
vn -7.815193804605602e-13 2.8911972045898438 1.236610770225525 
vn -7.815193804605602e-13 2.8911972045898438 1.236610770225525 
vn -7.815193804605602e-13 2.8911972045898438 1.236610770225525 
vn -7.815193804605602e-13 2.8911972045898438 1.236610770225525 
vn -2.668128728866577 0.8872990608215332 2.2211060523986816 
vn -2.668128728866577 0.8872990608215332 2.2211060523986816 
vn -2.668128728866577 0.8872990608215332 2.2211060523986816 
vn -2.668128728866577 0.8872990608215332 2.2211060523986816 
vn -2.664710760116577 0.441045880317688 2.353032350540161 
vn -2.664710760116577 0.441045880317688 2.353032350540161 
vn -2.664710760116577 0.441045880317688 2.353032350540161 
vn -2.664710760116577 0.441045880317688 2.353032350540161 
vn 1.252036690711975 2.994442939758301 -0.061825089156627655 
vn 1.252036690711975 2.994442939758301 -0.061825089156627655 
vn 1.252036690711975 2.994442939758301 -0.061825089156627655 
vn 1.252036690711975 2.994442939758301 -0.061825089156627655 
vn 3.6095833778381348 1.5031441450119019 -0.03434880077838898 
vn 3.6095833778381348 1.5031441450119019 -0.03434880077838898 
vn 3.6095833778381348 1.5031441450119019 -0.03434880077838898 
vn 3.6095833778381348 1.5031441450119019 -0.03434880077838898 
vn 1.2272099256515503 2.417989730834961 1.7776027917861938 
vn 1.2272099256515503 2.417989730834961 1.7776027917861938 
vn 1.2272099256515503 2.417989730834961 1.7776027917861938 
vn 1.2272099256515503 2.417989730834961 1.7776027917861938 
vn 3.6144931316375732 1.2049106359481812 0.8877211213111877 
vn 3.6144931316375732 1.2049106359481812 0.8877211213111877 
vn 3.6144931316375732 1.2049106359481812 0.8877211213111877 
vn 3.6144931316375732 1.2049106359481812 0.8877211213111877 
vn 3.6156492233276367 0.2605537474155426 1.47209894657135 
vn 3.6156492233276367 0.2605537474155426 1.47209894657135 
vn 3.6156492233276367 0.2605537474155426 1.47209894657135 
vn 3.6156492233276367 0.2605537474155426 1.47209894657135 
vn 1.2437001466751099 0.5312280654907227 2.9496591091156006 
vn 1.2437001466751099 0.5312280654907227 2.9496591091156006 
vn 1.2437001466751099 0.5312280654907227 2.9496591091156006 
vn 1.2437001466751099 0.5312280654907227 2.9496591091156006 
vn 3.618476152420044 0.5484427809715271 1.3864352703094482 
vn 3.618476152420044 0.5484427809715271 1.3864352703094482 
vn 3.618476152420044 0.5484427809715271 1.3864352703094482 
vn 3.618476152420044 0.5484427809715271 1.3864352703094482 
vn 1.238179087638855 1.1188008785247803 2.78190541267395 
vn 1.238179087638855 1.1188008785247803 2.78190541267395 
vn 1.238179087638855 1.1188008785247803 2.78190541267395 
vn 1.238179087638855 1.1188008785247803 2.78190541267395 
vn 3.6160154342651367 1.1508369445800781 -0.9534087181091309 
vn 3.6160154342651367 1.1508369445800781 -0.9534087181091309 
vn 3.6160154342651367 1.1508369445800781 -0.9534087181091309 
vn 3.6160154342651367 1.1508369445800781 -0.9534087181091309 
vn 1.2262083292007446 2.323214292526245 -1.9001736640930176 
vn 1.2262083292007446 2.323214292526245 -1.9001736640930176 
vn 1.2262083292007446 2.323214292526245 -1.9001736640930176 
vn 1.2262083292007446 2.323214292526245 -1.9001736640930176 
vn 1.2348607778549194 2.765681505203247 -1.1603978872299194 
vn 1.2348607778549194 2.765681505203247 -1.1603978872299194 
vn 1.2348607778549194 2.765681505203247 -1.1603978872299194 
vn 1.2348607778549194 2.765681505203247 -1.1603978872299194 
vn 3.610809803009033 1.3850457668304443 -0.5805908441543579 
vn 3.610809803009033 1.3850457668304443 -0.5805908441543579 
vn 3.610809803009033 1.3850457668304443 -0.5805908441543579 
vn 3.610809803009033 1.3850457668304443 -0.5805908441543579 
vn 1.2476445436477661 1.7482452392578125 2.4332237243652344 
vn 1.2476445436477661 1.7482452392578125 2.4332237243652344 
vn 1.2476445436477661 1.7482452392578125 2.4332237243652344 
vn 1.2476445436477661 1.7482452392578125 2.4332237243652344 
vn 3.620224714279175 0.8650654554367065 1.2112983465194702 
vn 3.620224714279175 0.8650654554367065 1.2112983465194702 
vn 3.620224714279175 0.8650654554367065 1.2112983465194702 
vn 3.620224714279175 0.8650654554367065 1.2112983465194702 
vn 1.252275824546814 2.9950149059295654 -0.006869891192764044 
vn 1.252275824546814 2.9950149059295654 -0.006869891192764044 
vn 1.252275824546814 2.9950149059295654 -0.006869891192764044 
vn 1.252275824546814 2.9950149059295654 -0.006869891192764044 
vn 1.252275824546814 2.9950149059295654 -0.006869891192764044 
vn 1.252275824546814 2.9950149059295654 -0.006869891192764044 
vn 3.609790086746216 1.503230333328247 -0.006869891192764044 
vn 3.609790086746216 1.503230333328247 -0.006869891192764044 
vn 3.609790086746216 1.503230333328247 -0.006869891192764044 
vn 3.609790086746216 1.503230333328247 -0.006869891192764044 
vn 3.609790086746216 1.503230333328247 -0.006869891192764044 
vn 3.609790086746216 1.503230333328247 -0.006869891192764044 
vn 1.2359868288040161 2.922070264816284 0.6748296022415161 
vn 1.2359868288040161 2.922070264816284 0.6748296022415161 
vn 1.2359868288040161 2.922070264816284 0.6748296022415161 
vn 1.2359868288040161 2.922070264816284 0.6748296022415161 
vn 3.6137845516204834 1.459442377090454 0.3359823524951935 
vn 3.6137845516204834 1.459442377090454 0.3359823524951935 
vn 3.6137845516204834 1.459442377090454 0.3359823524951935 
vn 3.6137845516204834 1.459442377090454 0.3359823524951935 
vn 1.252275824546814 2.9950149059295654 0.006869891192764044 
vn 1.252275824546814 2.9950149059295654 0.006869891192764044 
vn 1.252275824546814 2.9950149059295654 0.006869891192764044 
vn 1.252275824546814 2.9950149059295654 0.006869891192764044 
vn 3.609790086746216 1.503230333328247 0.006869891192764044 
vn 3.609790086746216 1.503230333328247 0.006869891192764044 
vn 3.609790086746216 1.503230333328247 0.006869891192764044 
vn 3.609790086746216 1.503230333328247 0.006869891192764044 
vn 1.2373679876327515 2.99448561668396 -0.15794114768505096 
vn 1.2373679876327515 2.99448561668396 -0.15794114768505096 
vn 1.2373679876327515 2.99448561668396 -0.15794114768505096 
vn 1.2373679876327515 2.99448561668396 -0.15794114768505096 
vn 3.6087563037872314 1.5027998685836792 -0.07556159049272537 
vn 3.6087563037872314 1.5027998685836792 -0.07556159049272537 
vn 3.6087563037872314 1.5027998685836792 -0.07556159049272537 
vn 3.6087563037872314 1.5027998685836792 -0.07556159049272537 
vn 1.252275824546814 2.9950149059295654 -0.006869891192764044 
vn 1.252275824546814 2.9950149059295654 -0.006869891192764044 
vn 1.252275824546814 2.9950149059295654 -0.006869891192764044 
vn 1.252275824546814 2.9950149059295654 -0.006869891192764044 
vn 3.609790086746216 1.503230333328247 -0.006869891192764044 
vn 3.609790086746216 1.503230333328247 -0.006869891192764044 
vn 3.609790086746216 1.503230333328247 -0.006869891192764044 
vn 3.609790086746216 1.503230333328247 -0.006869891192764044 
vn 1.2364459037780762 2.9922544956207275 -0.199093759059906 
vn 1.2364459037780762 2.9922544956207275 -0.199093759059906 
vn 1.2364459037780762 2.9922544956207275 -0.199093759059906 
vn 1.2364459037780762 2.9922544956207275 -0.199093759059906 
vn 3.6078603267669678 1.5024268627166748 -0.1030300110578537 
vn 3.6078603267669678 1.5024268627166748 -0.1030300110578537 
vn 3.6078603267669678 1.5024268627166748 -0.1030300110578537 
vn 3.6078603267669678 1.5024268627166748 -0.1030300110578537 
vn 0.015511088073253632 3.0712687969207764 0.6748296022415161 
vn 0.015511088073253632 3.0712687969207764 0.6748296022415161 
vn -0.015511088073253632 3.0712687969207764 0.6748296022415161 
vn -0.015511088073253632 3.0712687969207764 0.6748296022415161 
vn -0.015511088073253632 3.0712687969207764 0.6748296022415161 
vn -0.015511088073253632 3.0712687969207764 0.6748296022415161 
vn -0.015511088073253632 3.0712687969207764 0.6748296022415161 
vn -0.015511088073253632 3.0712687969207764 0.6748296022415161 
vn -0.015511088073253632 3.0712687969207764 0.6748296022415161 
vn -0.015511088073253632 3.0712687969207764 0.6748296022415161 
vn -0.015511088073253632 3.0712687969207764 0.6748296022415161 
vn -0.015511088073253632 3.0712687969207764 0.6748296022415161 
vn -0.015511088073253632 3.0712687969207764 0.6748296022415161 
vn -0.015511088073253632 3.0712687969207764 0.6748296022415161 
vn -0.015511088073253632 3.0712687969207764 0.6748296022415161 
vn -0.015511088073253632 3.0712687969207764 0.6748296022415161 
vn -0.015511088073253632 3.0712687969207764 0.6748296022415161 
vn -0.015511088073253632 3.0712687969207764 0.6748296022415161 
vn 0.015511088073253632 3.0712687969207764 0.6748296022415161 
vn 0.015511088073253632 3.0712687969207764 0.6748296022415161 
vn 3.8121461868286133 1.1471869945526123 0.25390946865081787 
vn 3.8121461868286133 1.1471869945526123 0.25390946865081787 
vn 3.8121461868286133 1.1471869945526123 0.25390946865081787 
vn 3.8121461868286133 1.1471869945526123 0.25390946865081787 
vn 1.5989153385162354 2.8294622898101807 0.6210505366325378 
vn 1.5989153385162354 2.8294622898101807 0.6210505366325378 
vn 1.5989153385162354 2.8294622898101807 0.6210505366325378 
vn 1.5989153385162354 2.8294622898101807 0.6210505366325378 
vn 3.614698648452759 2.8600800655760594e-13 1.4963247776031494 
vn 3.614698648452759 2.8600800655760594e-13 1.4963247776031494 
vn 3.614698648452759 2.8600800655760594e-13 1.4963247776031494 
vn 3.614698648452759 2.8600800655760594e-13 1.4963247776031494 
vn -0.01550322026014328 3.062159299850464 0.7150295376777649 
vn -0.01550322026014328 3.062159299850464 0.7150295376777649 
vn -0.01550322026014328 3.062159299850464 0.7150295376777649 
vn -0.01550322026014328 3.062159299850464 0.7150295376777649 
vn -3.153922977817969e-13 1.1667802333831787 2.920077323913574 
vn -3.153922977817969e-13 1.1667802333831787 2.920077323913574 
vn -3.153922977817969e-13 1.1667802333831787 2.920077323913574 
vn -3.153922977817969e-13 1.1667802333831787 2.920077323913574 
vn -3.153922977817969e-13 1.1667802333831787 2.920077323913574 
vn -3.153922977817969e-13 1.1667802333831787 2.920077323913574 
vn -3.153922977817969e-13 1.1667802333831787 2.920077323913574 
vn -3.153922977817969e-13 1.1667802333831787 2.920077323913574 
vn -1.5146094285451578e-13 0.5603232383728027 3.094230890274048 
vn -1.5146094285451578e-13 0.5603232383728027 3.094230890274048 
vn -1.5146094285451578e-13 0.5603232383728027 3.094230890274048 
vn -1.5146094285451578e-13 0.5603232383728027 3.094230890274048 
vn -1.5146094285451578e-13 0.5603232383728027 3.094230890274048 
vn -1.5146094285451578e-13 0.5603232383728027 3.094230890274048 
vn -1.5146094285451578e-13 0.5603232383728027 3.094230890274048 
vn -1.5146094285451578e-13 0.5603232383728027 3.094230890274048 
vn 4.109804630279541 3.2518256208417806e-13 0.006869891192764044 
vn 4.109804630279541 3.2518256208417806e-13 0.006869891192764044 
vn 4.109804630279541 3.2518256208417806e-13 0.006869891192764044 
vn 4.109804630279541 3.2518256208417806e-13 0.006869891192764044 
vn 4.109804630279541 3.2518256208417806e-13 0.006869891192764044 
vn 4.109804630279541 3.2518256208417806e-13 0.006869891192764044 
vn 4.109804630279541 3.2518256208417806e-13 0.006869891192764044 
vn 4.109804630279541 3.2518256208417806e-13 0.006869891192764044 
vn -4.109804630279541 -9.741513151695358e-13 -0.006869891192764044 
vn -4.109804630279541 -9.741513151695358e-13 -0.006869891192764044 
vn -4.109804630279541 -9.741513151695358e-13 -0.006869891192764044 
vn -4.109804630279541 -9.741513151695358e-13 -0.006869891192764044 
vn -4.109804630279541 -9.741513151695358e-13 0.006869891192764044 
vn -4.109804630279541 -9.741513151695358e-13 0.006869891192764044 
vn -4.109804630279541 -9.741513151695358e-13 0.006869891192764044 
vn -4.109804630279541 -9.741513151695358e-13 0.006869891192764044 
vn 4.109804630279541 3.2518256208417806e-13 0.006869891192764044 
vn 4.109804630279541 3.2518256208417806e-13 0.006869891192764044 
vn 4.109804630279541 3.2518256208417806e-13 0.006869891192764044 
vn 4.109804630279541 3.2518256208417806e-13 0.006869891192764044 
vn 4.109804630279541 3.2518256208417806e-13 0.006869891192764044 
vn 4.109804630279541 3.2518256208417806e-13 0.006869891192764044 
vn -0.015505929477512836 3.138223886489868 -0.199093759059906 
vn -0.015505929477512836 3.138223886489868 -0.199093759059906 
vn -0.015505929477512836 3.138223886489868 -0.199093759059906 
vn -0.015505929477512836 3.138223886489868 -0.199093759059906 
vn -8.500025227946295e-13 3.144547700881958 0.006869891192764044 
vn -8.500025227946295e-13 3.144547700881958 0.006869891192764044 
vn -8.500025227946295e-13 3.144547700881958 0.006869891192764044 
vn -8.500025227946295e-13 3.144547700881958 0.006869891192764044 
vn -8.500025227946295e-13 3.144547700881958 0.006869891192764044 
vn -8.500025227946295e-13 3.144547700881958 0.006869891192764044 
vn -8.500025227946295e-13 3.144547700881958 0.006869891192764044 
vn -8.500025227946295e-13 3.144547700881958 0.006869891192764044 
vn -8.500025227946295e-13 3.144547700881958 0.006869891192764044 
vn -8.500025227946295e-13 3.144547700881958 0.006869891192764044 
vn -0.015517491847276688 3.14056396484375 -0.15794114768505096 
vn -0.015517491847276688 3.14056396484375 -0.15794114768505096 
vn -0.015517491847276688 3.14056396484375 -0.15794114768505096 
vn -0.015517491847276688 3.14056396484375 -0.15794114768505096 
vn -4.109804630279541 -9.741513151695358e-13 0.006869891192764044 
vn -4.109804630279541 -9.741513151695358e-13 0.006869891192764044 
vn -4.109804630279541 -9.741513151695358e-13 0.006869891192764044 
vn -4.109804630279541 -9.741513151695358e-13 0.006869891192764044 
vn -4.109804630279541 -9.741513151695358e-13 0.006869891192764044 
vn -4.109804630279541 -9.741513151695358e-13 0.006869891192764044 
vn -0.015520752407610416 3.141223907470703 0.14421723783016205 
vn -0.015520752407610416 3.141223907470703 0.14421723783016205 
vn -0.015520752407610416 3.141223907470703 0.14421723783016205 
vn -0.015520752407610416 3.141223907470703 0.14421723783016205 
vn -0.015517804771661758 3.042363405227661 0.7950538396835327 
vn -0.015517804771661758 3.042363405227661 0.7950538396835327 
vn -0.015517804771661758 3.042363405227661 0.7950538396835327 
vn -0.015517804771661758 3.042363405227661 0.7950538396835327 
vn 3.0262348651885986 0.5702424049377441 -2.0497896671295166 
vn 3.0262348651885986 0.5702424049377441 -2.0497896671295166 
vn 3.0262348651885986 0.5702424049377441 -2.0497896671295166 
vn 3.0262348651885986 0.5702424049377441 -2.0497896671295166 
vn -2.4360151290893555 0.4462580680847168 2.492999792098999 
vn -2.4360151290893555 0.4462580680847168 2.492999792098999 
vn -2.4360151290893555 0.4462580680847168 2.492999792098999 
vn -2.4360151290893555 0.4462580680847168 2.492999792098999 
vn -3.0674805641174316 0.5530929565429688 -2.0183560848236084 
vn -3.0674805641174316 0.5530929565429688 -2.0183560848236084 
vn -3.0674805641174316 0.5530929565429688 -2.0183560848236084 
vn -3.0674805641174316 0.5530929565429688 -2.0183560848236084 
vn -0.01550322026014328 3.062159299850464 0.7150295376777649 
vn -0.01550322026014328 3.062159299850464 0.7150295376777649 
vn -0.01550322026014328 3.062159299850464 0.7150295376777649 
vn -0.01550322026014328 3.062159299850464 0.7150295376777649 
vn -3.1078970432281494 0.5357939004898071 -1.9865754842758179 
vn -3.1078970432281494 0.5357939004898071 -1.9865754842758179 
vn -3.1078970432281494 0.5357939004898071 -1.9865754842758179 
vn -3.1078970432281494 0.5357939004898071 -1.9865754842758179 
vn -2.481506109237671 0.4403037428855896 2.4676637649536133 
vn -2.481506109237671 0.4403037428855896 2.4676637649536133 
vn -2.481506109237671 0.4403037428855896 2.4676637649536133 
vn -2.481506109237671 0.4403037428855896 2.4676637649536133 
vn -0.01550322026014328 3.062159299850464 0.7150295376777649 
vn -0.01550322026014328 3.062159299850464 0.7150295376777649 
vn -0.01550322026014328 3.062159299850464 0.7150295376777649 
vn -0.01550322026014328 3.062159299850464 0.7150295376777649 
vn 3.0262348651885986 0.5702424049377441 -2.0497896671295166 
vn 3.0262348651885986 0.5702424049377441 -2.0497896671295166 
vn 3.0262348651885986 0.5702424049377441 -2.0497896671295166 
vn 3.0262348651885986 0.5702424049377441 -2.0497896671295166 
vn -2.911064130636104e-13 1.0769356489181519 2.954392671585083 
vn -2.911064130636104e-13 1.0769356489181519 2.954392671585083 
vn -2.911064130636104e-13 1.0769356489181519 2.954392671585083 
vn -2.911064130636104e-13 1.0769356489181519 2.954392671585083 
vn 2.3899714946746826 0.4521302282810211 2.5179073810577393 
vn 2.3899714946746826 0.4521302282810211 2.5179073810577393 
vn 2.3899714946746826 0.4521302282810211 2.5179073810577393 
vn 2.3899714946746826 0.4521302282810211 2.5179073810577393 
vn -3.6159417629241943 1.3050501346588135 -0.7284024953842163 
vn -3.6159417629241943 1.3050501346588135 -0.7284024953842163 
vn -3.6159417629241943 1.3050501346588135 -0.7284024953842163 
vn -3.6159417629241943 1.3050501346588135 -0.7284024953842163 
vn -8.500025227946295e-13 3.144547700881958 0.006869891192764044 
vn -8.500025227946295e-13 3.144547700881958 0.006869891192764044 
vn -8.500025227946295e-13 3.144547700881958 0.006869891192764044 
vn -8.500025227946295e-13 3.144547700881958 0.006869891192764044 
vn -8.500025227946295e-13 3.144547700881958 0.006869891192764044 
vn -8.500025227946295e-13 3.144547700881958 0.006869891192764044 
vn -8.500025227946295e-13 3.144547700881958 0.006869891192764044 
vn -8.500025227946295e-13 3.144547700881958 0.006869891192764044 
vn -0.01550322026014328 3.062159299850464 0.7150295376777649 
vn -0.01550322026014328 3.062159299850464 0.7150295376777649 
vn -0.01550322026014328 3.062159299850464 0.7150295376777649 
vn -0.01550322026014328 3.062159299850464 0.7150295376777649 
vn -0.01550322026014328 3.062159299850464 0.7150295376777649 
vn -0.01550322026014328 3.062159299850464 0.7150295376777649 
vn -0.01550322026014328 3.062159299850464 0.7150295376777649 
vn -0.01550322026014328 3.062159299850464 0.7150295376777649 
vn -8.500025227946295e-13 3.144547700881958 0.006869891192764044 
vn -8.500025227946295e-13 3.144547700881958 0.006869891192764044 
vn -8.500025227946295e-13 3.144547700881958 0.006869891192764044 
vn -8.500025227946295e-13 3.144547700881958 0.006869891192764044 
vn -8.500025227946295e-13 3.144547700881958 0.006869891192764044 
vn -8.500025227946295e-13 3.144547700881958 0.006869891192764044 
vn -8.500025227946295e-13 3.144547700881958 0.006869891192764044 
vn -8.500025227946295e-13 3.144547700881958 0.006869891192764044 
vn 2.3899714946746826 0.4521302282810211 2.5179073810577393 
vn 2.3899714946746826 0.4521302282810211 2.5179073810577393 
vn 2.3899714946746826 0.4521302282810211 2.5179073810577393 
vn 2.3899714946746826 0.4521302282810211 2.5179073810577393 
vn 4.109804630279541 3.2518256208417806e-13 0.006869891192764044 
vn 4.109804630279541 3.2518256208417806e-13 0.006869891192764044 
vn 4.109804630279541 3.2518256208417806e-13 0.006869891192764044 
vn 4.109804630279541 3.2518256208417806e-13 0.006869891192764044 
vn 4.109804630279541 3.2518256208417806e-13 0.006869891192764044 
vn 4.109804630279541 3.2518256208417806e-13 0.006869891192764044 
vn -0.015543043613433838 1.5860947370529175 -2.715214490890503 
vn -0.015543043613433838 1.5860947370529175 -2.715214490890503 
vn -0.015543043613433838 1.5860947370529175 -2.715214490890503 
vn -0.015543043613433838 1.5860947370529175 -2.715214490890503 
vn -4.109804630279541 -9.741513151695358e-13 0.006869891192764044 
vn -4.109804630279541 -9.741513151695358e-13 0.006869891192764044 
vn -4.109804630279541 -9.741513151695358e-13 0.006869891192764044 
vn -4.109804630279541 -9.741513151695358e-13 0.006869891192764044 
vn -4.109804630279541 -9.741513151695358e-13 0.006869891192764044 
vn -4.109804630279541 -9.741513151695358e-13 0.006869891192764044 
vn -4.109804630279541 -9.741513151695358e-13 0.006869891192764044 
vn -4.109804630279541 -9.741513151695358e-13 0.006869891192764044 
vn -4.109804630279541 -9.741513151695358e-13 0.006869891192764044 
vn -4.109804630279541 -9.741513151695358e-13 0.006869891192764044 
vn -4.109804630279541 -9.741513151695358e-13 0.006869891192764044 
vn -4.109804630279541 -9.741513151695358e-13 0.006869891192764044 
vn -2.911064130636104e-13 1.0769356489181519 2.954392671585083 
vn -2.911064130636104e-13 1.0769356489181519 2.954392671585083 
vn -2.911064130636104e-13 1.0769356489181519 2.954392671585083 
vn -2.911064130636104e-13 1.0769356489181519 2.954392671585083 
vn 4.109804630279541 3.2518256208417806e-13 0.006869891192764044 
vn 4.109804630279541 3.2518256208417806e-13 0.006869891192764044 
vn 4.109804630279541 3.2518256208417806e-13 0.006869891192764044 
vn 4.109804630279541 3.2518256208417806e-13 0.006869891192764044 
vn 4.109804630279541 3.2518256208417806e-13 0.006869891192764044 
vn 4.109804630279541 3.2518256208417806e-13 0.006869891192764044 
vn -0.015543043613433838 1.5860947370529175 -2.715214490890503 
vn -0.015543043613433838 1.5860947370529175 -2.715214490890503 
vn -0.015543043613433838 1.5860947370529175 -2.715214490890503 
vn -0.015543043613433838 1.5860947370529175 -2.715214490890503 
vn 0.015505929477512836 3.138223886489868 -0.199093759059906 
vn 0.015505929477512836 3.138223886489868 -0.199093759059906 
vn 0.015505929477512836 3.138223886489868 -0.199093759059906 
vn 0.015505929477512836 3.138223886489868 -0.199093759059906 
vn -0.01550322026014328 3.062159299850464 0.7150295376777649 
vn -0.01550322026014328 3.062159299850464 0.7150295376777649 
vn -0.01550322026014328 3.062159299850464 0.7150295376777649 
vn -0.01550322026014328 3.062159299850464 0.7150295376777649 
vn 0.015517491847276688 3.14056396484375 -0.15794114768505096 
vn 0.015517491847276688 3.14056396484375 -0.15794114768505096 
vn 0.015517491847276688 3.14056396484375 -0.15794114768505096 
vn 0.015517491847276688 3.14056396484375 -0.15794114768505096 
vn -1.2323681116104126 2.6138176918029785 -1.47209894657135 
vn -1.2323681116104126 2.6138176918029785 -1.47209894657135 
vn -1.2323681116104126 2.6138176918029785 -1.47209894657135 
vn -1.2323681116104126 2.6138176918029785 -1.47209894657135 
vn -8.500025227946295e-13 3.144547700881958 0.006869891192764044 
vn -8.500025227946295e-13 3.144547700881958 0.006869891192764044 
vn -8.500025227946295e-13 3.144547700881958 0.006869891192764044 
vn -8.500025227946295e-13 3.144547700881958 0.006869891192764044 
vn -8.500025227946295e-13 3.144547700881958 0.006869891192764044 
vn -8.500025227946295e-13 3.144547700881958 0.006869891192764044 
vn -8.500025227946295e-13 3.144547700881958 0.006869891192764044 
vn -8.500025227946295e-13 3.144547700881958 0.006869891192764044 
vn -8.500025227946295e-13 3.144547700881958 0.006869891192764044 
vn -8.500025227946295e-13 3.144547700881958 0.006869891192764044 
vn -8.498402719395171e-13 3.1439473628997803 -0.061825089156627655 
vn -8.498402719395171e-13 3.1439473628997803 -0.061825089156627655 
vn -8.498402719395171e-13 3.1439473628997803 -0.061825089156627655 
vn -8.498402719395171e-13 3.1439473628997803 -0.061825089156627655 
vn -3.153922977817969e-13 1.1667802333831787 2.920077323913574 
vn -3.153922977817969e-13 1.1667802333831787 2.920077323913574 
vn -3.153922977817969e-13 1.1667802333831787 2.920077323913574 
vn -3.153922977817969e-13 1.1667802333831787 2.920077323913574 
vn -1.5146094285451578e-13 0.5603232383728027 3.094230890274048 
vn -1.5146094285451578e-13 0.5603232383728027 3.094230890274048 
vn -1.5146094285451578e-13 0.5603232383728027 3.094230890274048 
vn -1.5146094285451578e-13 0.5603232383728027 3.094230890274048 
vn -2.664710760116577 0.441045880317688 2.353032350540161 
vn -2.664710760116577 0.441045880317688 2.353032350540161 
vn -2.664710760116577 0.441045880317688 2.353032350540161 
vn -2.664710760116577 0.441045880317688 2.353032350540161 
vn -2.668128728866577 0.8872990608215332 2.2211060523986816 
vn -2.668128728866577 0.8872990608215332 2.2211060523986816 
vn -2.668128728866577 0.8872990608215332 2.2211060523986816 
vn -2.668128728866577 0.8872990608215332 2.2211060523986816 
vn 0 -1.794564962387085 2.5822014808654785 
vn 0 -1.794564962387085 2.5822014808654785 
vn 0 -1.794564962387085 2.5822014808654785 
vn 0 -1.794564962387085 2.5822014808654785 
vn -7.815193804605602e-13 2.8911972045898438 1.236610770225525 
vn -7.815193804605602e-13 2.8911972045898438 1.236610770225525 
vn -7.815193804605602e-13 2.8911972045898438 1.236610770225525 
vn -7.815193804605602e-13 2.8911972045898438 1.236610770225525 
vn 2.668128728866577 0.8872990608215332 2.2211060523986816 
vn 2.668128728866577 0.8872990608215332 2.2211060523986816 
vn 2.668128728866577 0.8872990608215332 2.2211060523986816 
vn 2.668128728866577 0.8872990608215332 2.2211060523986816 
vn 2.664710760116577 0.441045880317688 2.353032350540161 
vn 2.664710760116577 0.441045880317688 2.353032350540161 
vn 2.664710760116577 0.441045880317688 2.353032350540161 
vn 2.664710760116577 0.441045880317688 2.353032350540161 
vn -1.252036690711975 2.994442939758301 -0.061825089156627655 
vn -1.252036690711975 2.994442939758301 -0.061825089156627655 
vn -1.252036690711975 2.994442939758301 -0.061825089156627655 
vn -1.252036690711975 2.994442939758301 -0.061825089156627655 
vn -3.6095833778381348 1.5031441450119019 -0.03434880077838898 
vn -3.6095833778381348 1.5031441450119019 -0.03434880077838898 
vn -3.6095833778381348 1.5031441450119019 -0.03434880077838898 
vn -3.6095833778381348 1.5031441450119019 -0.03434880077838898 
vn -1.2272099256515503 2.417989730834961 1.7776027917861938 
vn -1.2272099256515503 2.417989730834961 1.7776027917861938 
vn -1.2272099256515503 2.417989730834961 1.7776027917861938 
vn -1.2272099256515503 2.417989730834961 1.7776027917861938 
vn -3.6144931316375732 1.2049106359481812 0.8877211213111877 
vn -3.6144931316375732 1.2049106359481812 0.8877211213111877 
vn -3.6144931316375732 1.2049106359481812 0.8877211213111877 
vn -3.6144931316375732 1.2049106359481812 0.8877211213111877 
vn -3.6156492233276367 0.2605537474155426 1.47209894657135 
vn -3.6156492233276367 0.2605537474155426 1.47209894657135 
vn -3.6156492233276367 0.2605537474155426 1.47209894657135 
vn -3.6156492233276367 0.2605537474155426 1.47209894657135 
vn -1.2437001466751099 0.5312280654907227 2.9496591091156006 
vn -1.2437001466751099 0.5312280654907227 2.9496591091156006 
vn -1.2437001466751099 0.5312280654907227 2.9496591091156006 
vn -1.2437001466751099 0.5312280654907227 2.9496591091156006 
vn -3.618476152420044 0.5484427809715271 1.3864352703094482 
vn -3.618476152420044 0.5484427809715271 1.3864352703094482 
vn -3.618476152420044 0.5484427809715271 1.3864352703094482 
vn -3.618476152420044 0.5484427809715271 1.3864352703094482 
vn -1.238179087638855 1.1188008785247803 2.78190541267395 
vn -1.238179087638855 1.1188008785247803 2.78190541267395 
vn -1.238179087638855 1.1188008785247803 2.78190541267395 
vn -1.238179087638855 1.1188008785247803 2.78190541267395 
vn -3.6160154342651367 1.1508369445800781 -0.9534087181091309 
vn -3.6160154342651367 1.1508369445800781 -0.9534087181091309 
vn -3.6160154342651367 1.1508369445800781 -0.9534087181091309 
vn -3.6160154342651367 1.1508369445800781 -0.9534087181091309 
vn -1.2262083292007446 2.323214292526245 -1.9001736640930176 
vn -1.2262083292007446 2.323214292526245 -1.9001736640930176 
vn -1.2262083292007446 2.323214292526245 -1.9001736640930176 
vn -1.2262083292007446 2.323214292526245 -1.9001736640930176 
vn -1.2348607778549194 2.765681505203247 -1.1603978872299194 
vn -1.2348607778549194 2.765681505203247 -1.1603978872299194 
vn -1.2348607778549194 2.765681505203247 -1.1603978872299194 
vn -1.2348607778549194 2.765681505203247 -1.1603978872299194 
vn -3.610809803009033 1.3850457668304443 -0.5805908441543579 
vn -3.610809803009033 1.3850457668304443 -0.5805908441543579 
vn -3.610809803009033 1.3850457668304443 -0.5805908441543579 
vn -3.610809803009033 1.3850457668304443 -0.5805908441543579 
vn -1.2476445436477661 1.7482452392578125 2.4332237243652344 
vn -1.2476445436477661 1.7482452392578125 2.4332237243652344 
vn -1.2476445436477661 1.7482452392578125 2.4332237243652344 
vn -1.2476445436477661 1.7482452392578125 2.4332237243652344 
vn -3.620224714279175 0.8650654554367065 1.2112983465194702 
vn -3.620224714279175 0.8650654554367065 1.2112983465194702 
vn -3.620224714279175 0.8650654554367065 1.2112983465194702 
vn -3.620224714279175 0.8650654554367065 1.2112983465194702 
vn -1.252275824546814 2.9950149059295654 -0.006869891192764044 
vn -1.252275824546814 2.9950149059295654 -0.006869891192764044 
vn -1.252275824546814 2.9950149059295654 -0.006869891192764044 
vn -1.252275824546814 2.9950149059295654 -0.006869891192764044 
vn -3.609790086746216 1.503230333328247 -0.006869891192764044 
vn -3.609790086746216 1.503230333328247 -0.006869891192764044 
vn -3.609790086746216 1.503230333328247 -0.006869891192764044 
vn -3.609790086746216 1.503230333328247 -0.006869891192764044 
vn -3.609790086746216 1.503230333328247 -0.006869891192764044 
vn -3.609790086746216 1.503230333328247 -0.006869891192764044 
vn -1.2359868288040161 2.922070264816284 0.6748296022415161 
vn -1.2359868288040161 2.922070264816284 0.6748296022415161 
vn -1.2359868288040161 2.922070264816284 0.6748296022415161 
vn -1.2359868288040161 2.922070264816284 0.6748296022415161 
vn -3.6137845516204834 1.459442377090454 0.3359823524951935 
vn -3.6137845516204834 1.459442377090454 0.3359823524951935 
vn -3.6137845516204834 1.459442377090454 0.3359823524951935 
vn -3.6137845516204834 1.459442377090454 0.3359823524951935 
vn -1.252275824546814 2.9950149059295654 0.006869891192764044 
vn -1.252275824546814 2.9950149059295654 0.006869891192764044 
vn -1.252275824546814 2.9950149059295654 0.006869891192764044 
vn -1.252275824546814 2.9950149059295654 0.006869891192764044 
vn -3.609790086746216 1.503230333328247 0.006869891192764044 
vn -3.609790086746216 1.503230333328247 0.006869891192764044 
vn -3.609790086746216 1.503230333328247 0.006869891192764044 
vn -3.609790086746216 1.503230333328247 0.006869891192764044 
vn -1.2373679876327515 2.99448561668396 -0.15794114768505096 
vn -1.2373679876327515 2.99448561668396 -0.15794114768505096 
vn -1.2373679876327515 2.99448561668396 -0.15794114768505096 
vn -1.2373679876327515 2.99448561668396 -0.15794114768505096 
vn -3.6087563037872314 1.5027998685836792 -0.07556159049272537 
vn -3.6087563037872314 1.5027998685836792 -0.07556159049272537 
vn -3.6087563037872314 1.5027998685836792 -0.07556159049272537 
vn -3.6087563037872314 1.5027998685836792 -0.07556159049272537 
vn -1.252275824546814 2.9950149059295654 -0.006869891192764044 
vn -1.252275824546814 2.9950149059295654 -0.006869891192764044 
vn -1.252275824546814 2.9950149059295654 -0.006869891192764044 
vn -1.252275824546814 2.9950149059295654 -0.006869891192764044 
vn -1.252275824546814 2.9950149059295654 -0.006869891192764044 
vn -1.252275824546814 2.9950149059295654 -0.006869891192764044 
vn -1.252275824546814 2.9950149059295654 -0.006869891192764044 
vn -1.252275824546814 2.9950149059295654 -0.006869891192764044 
vn -3.609790086746216 1.503230333328247 -0.006869891192764044 
vn -3.609790086746216 1.503230333328247 -0.006869891192764044 
vn -3.609790086746216 1.503230333328247 -0.006869891192764044 
vn -3.609790086746216 1.503230333328247 -0.006869891192764044 
vn -1.2364459037780762 2.9922544956207275 -0.199093759059906 
vn -1.2364459037780762 2.9922544956207275 -0.199093759059906 
vn -1.2364459037780762 2.9922544956207275 -0.199093759059906 
vn -1.2364459037780762 2.9922544956207275 -0.199093759059906 
vn -3.6078603267669678 1.5024268627166748 -0.1030300110578537 
vn -3.6078603267669678 1.5024268627166748 -0.1030300110578537 
vn -3.6078603267669678 1.5024268627166748 -0.1030300110578537 
vn -3.6078603267669678 1.5024268627166748 -0.1030300110578537 
vn -3.8121461868286133 1.1471869945526123 0.25390946865081787 
vn -3.8121461868286133 1.1471869945526123 0.25390946865081787 
vn -3.8121461868286133 1.1471869945526123 0.25390946865081787 
vn -3.8121461868286133 1.1471869945526123 0.25390946865081787 
vn -1.5989153385162354 2.8294622898101807 0.6210505366325378 
vn -1.5989153385162354 2.8294622898101807 0.6210505366325378 
vn -1.5989153385162354 2.8294622898101807 0.6210505366325378 
vn -1.5989153385162354 2.8294622898101807 0.6210505366325378 
vn -3.614698648452759 -8.592522309988637e-13 1.4963247776031494 
vn -3.614698648452759 -8.592522309988637e-13 1.4963247776031494 
vn -3.614698648452759 -8.592522309988637e-13 1.4963247776031494 
vn -3.614698648452759 -8.592522309988637e-13 1.4963247776031494 
vn 0 6.503666962615062e-13 -3.14455509185791 
vn 0 6.503666962615062e-13 -3.14455509185791 
vn 0 6.503666962615062e-13 -3.14455509185791 
vn 0 6.503666962615062e-13 -3.14455509185791 
vn 0 -2.9613876342773438 -1.057549238204956 
vn 0 -2.9613876342773438 -1.057549238204956 
vn 0 -2.9613876342773438 -1.057549238204956 
vn 0 -2.9613876342773438 -1.057549238204956 
vn 0 -1.367907166481018 -2.8314409255981445 
vn 0 -1.367907166481018 -2.8314409255981445 
vn 0 -1.367907166481018 -2.8314409255981445 
vn 0 -1.367907166481018 -2.8314409255981445 
vn -8.004925390082962e-13 2.9613876342773438 -1.057549238204956 
vn -8.004925390082962e-13 2.9613876342773438 -1.057549238204956 
vn -8.004925390082962e-13 2.9613876342773438 -1.057549238204956 
vn -8.004925390082962e-13 2.9613876342773438 -1.057549238204956 
vn -3.6896497684381357e-13 1.367907166481018 -2.8314409255981445 
vn -3.6896497684381357e-13 1.367907166481018 -2.8314409255981445 
vn -3.6896497684381357e-13 1.367907166481018 -2.8314409255981445 
vn -3.6896497684381357e-13 1.367907166481018 -2.8314409255981445 
vn -8.500025227946295e-13 3.144547700881958 0.006869891192764044 
vn -8.500025227946295e-13 3.144547700881958 0.006869891192764044 
vn -8.500025227946295e-13 3.144547700881958 0.006869891192764044 
vn -8.500025227946295e-13 3.144547700881958 0.006869891192764044 
vn 0 -3.116672992706299 0.4178243577480316 
vn 0 -3.116672992706299 0.4178243577480316 
vn 0 -3.116672992706299 0.4178243577480316 
vn 0 -3.116672992706299 0.4178243577480316 
vn 0 -2.8802804946899414 1.2618287801742554 
vn 0 -2.8802804946899414 1.2618287801742554 
vn 0 -2.8802804946899414 1.2618287801742554 
vn 0 -2.8802804946899414 1.2618287801742554 
vn 0 -2.384657144546509 2.0497896671295166 
vn 0 -2.384657144546509 2.0497896671295166 
vn 0 -2.384657144546509 2.0497896671295166 
vn 0 -2.384657144546509 2.0497896671295166 
vn 0 -1.6098061800003052 2.7012500762939453 
vn 0 -1.6098061800003052 2.7012500762939453 
vn 0 -1.6098061800003052 2.7012500762939453 
vn 0 -1.6098061800003052 2.7012500762939453 
vn 0 -0.5738376975059509 3.0917532444000244 
vn 0 -0.5738376975059509 3.0917532444000244 
vn 0 -0.5738376975059509 3.0917532444000244 
vn 0 -0.5738376975059509 3.0917532444000244 
vn 0.015511331148445606 3.116650342941284 0.4178243577480316 
vn 0.015511331148445606 3.116650342941284 0.4178243577480316 
vn 0.015511331148445606 3.116650342941284 0.4178243577480316 
vn 0.015511331148445606 3.116650342941284 0.4178243577480316 
vn 0.01549964863806963 2.880256175994873 1.2618287801742554 
vn 0.01549964863806963 2.880256175994873 1.2618287801742554 
vn 0.01549964863806963 2.880256175994873 1.2618287801742554 
vn 0.01549964863806963 2.880256175994873 1.2618287801742554 
vn -6.445965722995384e-13 2.384657144546509 2.0497896671295166 
vn -6.445965722995384e-13 2.384657144546509 2.0497896671295166 
vn -6.445965722995384e-13 2.384657144546509 2.0497896671295166 
vn -6.445965722995384e-13 2.384657144546509 2.0497896671295166 
vn 0.015479417517781258 1.6097625494003296 2.7012500762939453 
vn 0.015479417517781258 1.6097625494003296 2.7012500762939453 
vn 0.015479417517781258 1.6097625494003296 2.7012500762939453 
vn 0.015479417517781258 1.6097625494003296 2.7012500762939453 
vn 0.015398555435240269 0.5737167596817017 3.0917532444000244 
vn 0.015398555435240269 0.5737167596817017 3.0917532444000244 
vn 0.015398555435240269 0.5737167596817017 3.0917532444000244 
vn 0.015398555435240269 0.5737167596817017 3.0917532444000244 
vn 0 -3.144547700881958 0.006869891192764044 
vn 0 -3.144547700881958 0.006869891192764044 
vn 0 -3.144547700881958 0.006869891192764044 
vn 0 -3.144547700881958 0.006869891192764044 
vn 0 0 3.14455509185791 
vn 0 0 3.14455509185791 
vn 0 0 3.14455509185791 
vn 0 0 3.14455509185791 
vn 2.068700075149536 0.48941770195961 2.672703504562378 
vn 2.068700075149536 0.48941770195961 2.672703504562378 
vn 2.068700075149536 0.48941770195961 2.672703504562378 
vn 2.068700075149536 0.48941770195961 2.672703504562378 
vn 0 0 3.14455509185791 
vn 0 0 3.14455509185791 
vn 0 0 3.14455509185791 
vn 0 0 3.14455509185791 
vn 0 -3.144547700881958 0.006869891192764044 
vn 0 -3.144547700881958 0.006869891192764044 
vn 0 -3.144547700881958 0.006869891192764044 
vn 0 -3.144547700881958 0.006869891192764044 
vn 1.7580058630499377e-25 -6.503666962615062e-13 -3.14455509185791 
vn 1.7580058630499377e-25 -6.503666962615062e-13 -3.14455509185791 
vn 1.7580058630499377e-25 -6.503666962615062e-13 -3.14455509185791 
vn 1.7580058630499377e-25 -6.503666962615062e-13 -3.14455509185791 
vn 0.015398555435240269 0.5737167596817017 3.0917532444000244 
vn 0.015398555435240269 0.5737167596817017 3.0917532444000244 
vn 0.015398555435240269 0.5737167596817017 3.0917532444000244 
vn 0.015398555435240269 0.5737167596817017 3.0917532444000244 
vn 0.015479417517781258 1.6097625494003296 2.7012500762939453 
vn 0.015479417517781258 1.6097625494003296 2.7012500762939453 
vn 0.015479417517781258 1.6097625494003296 2.7012500762939453 
vn 0.015479417517781258 1.6097625494003296 2.7012500762939453 
vn -6.445965722995384e-13 2.384657144546509 2.0497896671295166 
vn -6.445965722995384e-13 2.384657144546509 2.0497896671295166 
vn -6.445965722995384e-13 2.384657144546509 2.0497896671295166 
vn -6.445965722995384e-13 2.384657144546509 2.0497896671295166 
vn -0.01549964863806963 2.880256175994873 1.2618287801742554 
vn -0.01549964863806963 2.880256175994873 1.2618287801742554 
vn -0.01549964863806963 2.880256175994873 1.2618287801742554 
vn -0.01549964863806963 2.880256175994873 1.2618287801742554 
vn -0.015511331148445606 3.116650342941284 0.4178243577480316 
vn -0.015511331148445606 3.116650342941284 0.4178243577480316 
vn -0.015511331148445606 3.116650342941284 0.4178243577480316 
vn -0.015511331148445606 3.116650342941284 0.4178243577480316 
vn 0 -0.5738376975059509 3.0917532444000244 
vn 0 -0.5738376975059509 3.0917532444000244 
vn 0 -0.5738376975059509 3.0917532444000244 
vn 0 -0.5738376975059509 3.0917532444000244 
vn 0 -1.6098061800003052 2.7012500762939453 
vn 0 -1.6098061800003052 2.7012500762939453 
vn 0 -1.6098061800003052 2.7012500762939453 
vn 0 -1.6098061800003052 2.7012500762939453 
vn 0 -2.384657144546509 2.0497896671295166 
vn 0 -2.384657144546509 2.0497896671295166 
vn 0 -2.384657144546509 2.0497896671295166 
vn 0 -2.384657144546509 2.0497896671295166 
vn 0 -2.8802804946899414 1.2618287801742554 
vn 0 -2.8802804946899414 1.2618287801742554 
vn 0 -2.8802804946899414 1.2618287801742554 
vn 0 -2.8802804946899414 1.2618287801742554 
vn 0 -3.116672992706299 0.4178243577480316 
vn 0 -3.116672992706299 0.4178243577480316 
vn 0 -3.116672992706299 0.4178243577480316 
vn 0 -3.116672992706299 0.4178243577480316 
vn -8.500025227946295e-13 3.144547700881958 0.006869891192764044 
vn -8.500025227946295e-13 3.144547700881958 0.006869891192764044 
vn -8.500025227946295e-13 3.144547700881958 0.006869891192764044 
vn -8.500025227946295e-13 3.144547700881958 0.006869891192764044 
vn -3.6896497684381357e-13 1.367907166481018 -2.8314409255981445 
vn -3.6896497684381357e-13 1.367907166481018 -2.8314409255981445 
vn -3.6896497684381357e-13 1.367907166481018 -2.8314409255981445 
vn -3.6896497684381357e-13 1.367907166481018 -2.8314409255981445 
vn -8.004925390082962e-13 2.9613876342773438 -1.057549238204956 
vn -8.004925390082962e-13 2.9613876342773438 -1.057549238204956 
vn -8.004925390082962e-13 2.9613876342773438 -1.057549238204956 
vn -8.004925390082962e-13 2.9613876342773438 -1.057549238204956 
vn 0 -1.367907166481018 -2.8314409255981445 
vn 0 -1.367907166481018 -2.8314409255981445 
vn 0 -1.367907166481018 -2.8314409255981445 
vn 0 -1.367907166481018 -2.8314409255981445 
vn 0 -2.9613876342773438 -1.057549238204956 
vn 0 -2.9613876342773438 -1.057549238204956 
vn 0 -2.9613876342773438 -1.057549238204956 
vn 0 -2.9613876342773438 -1.057549238204956 
vn 1.7580058630499377e-25 -6.503666962615062e-13 -3.14455509185791 
vn 1.7580058630499377e-25 -6.503666962615062e-13 -3.14455509185791 
vn 1.7580058630499377e-25 -6.503666962615062e-13 -3.14455509185791 
vn 1.7580058630499377e-25 -6.503666962615062e-13 -3.14455509185791 
vn -2.5204131603240967 2.3392953872680664 -0.8348645567893982 
vn -2.5204131603240967 2.3392953872680664 -0.8348645567893982 
vn -2.5204131603240967 2.3392953872680664 -0.8348645567893982 
vn -2.5204131603240967 2.3392953872680664 -0.8348645567893982 
vn -2.8508846759796143 0.9854841232299805 -2.0393505096435547 
vn -2.8508846759796143 0.9854841232299805 -2.0393505096435547 
vn -2.8508846759796143 0.9854841232299805 -2.0393505096435547 
vn -2.8508846759796143 0.9854841232299805 -2.0393505096435547 
vn 2.5204131603240967 2.3392953872680664 -0.8348645567893982 
vn 2.5204131603240967 2.3392953872680664 -0.8348645567893982 
vn 2.5204131603240967 2.3392953872680664 -0.8348645567893982 
vn 2.5204131603240967 2.3392953872680664 -0.8348645567893982 
vn -2.6447818279266357 0.005941474810242653 -2.40690541267395 
vn -2.6447818279266357 0.005941474810242653 -2.40690541267395 
vn -2.6447818279266357 0.005941474810242653 -2.40690541267395 
vn -2.6447818279266357 0.005941474810242653 -2.40690541267395 
vn 0 -2.9613876342773438 -1.057549238204956 
vn 0 -2.9613876342773438 -1.057549238204956 
vn 0 -2.9613876342773438 -1.057549238204956 
vn 0 -2.9613876342773438 -1.057549238204956 
vn -2.5204131603240967 -2.3392953872680664 -0.8348645567893982 
vn -2.5204131603240967 -2.3392953872680664 -0.8348645567893982 
vn -2.5204131603240967 -2.3392953872680664 -0.8348645567893982 
vn -2.5204131603240967 -2.3392953872680664 -0.8348645567893982 
vn 2.5204131603240967 -2.3392953872680664 -0.8348645567893982 
vn 2.5204131603240967 -2.3392953872680664 -0.8348645567893982 
vn 2.5204131603240967 -2.3392953872680664 -0.8348645567893982 
vn 2.5204131603240967 -2.3392953872680664 -0.8348645567893982 
vn 0 -1.367907166481018 -2.8314409255981445 
vn 0 -1.367907166481018 -2.8314409255981445 
vn 0 -1.367907166481018 -2.8314409255981445 
vn 0 -1.367907166481018 -2.8314409255981445 
vn -2.5204131603240967 -2.3392953872680664 -0.8348645567893982 
vn -2.5204131603240967 -2.3392953872680664 -0.8348645567893982 
vn -2.5204131603240967 -2.3392953872680664 -0.8348645567893982 
vn -2.5204131603240967 -2.3392953872680664 -0.8348645567893982 
vn 2.8444571495056152 -0.9962977766990662 -2.0393505096435547 
vn 2.8444571495056152 -0.9962977766990662 -2.0393505096435547 
vn 2.8444571495056152 -0.9962977766990662 -2.0393505096435547 
vn 2.8444571495056152 -0.9962977766990662 -2.0393505096435547 
vn 2.8444571495056152 -0.9962977766990662 -2.0393505096435547 
vn 2.8444571495056152 -0.9962977766990662 -2.0393505096435547 
vn 2.8444571495056152 -0.9962977766990662 -2.0393505096435547 
vn 2.8444571495056152 -0.9962977766990662 -2.0393505096435547 
vn 2.5204131603240967 -2.3392953872680664 -0.8348645567893982 
vn 2.5204131603240967 -2.3392953872680664 -0.8348645567893982 
vn 2.5204131603240967 -2.3392953872680664 -0.8348645567893982 
vn 2.5204131603240967 -2.3392953872680664 -0.8348645567893982 
vn -8.004925390082962e-13 2.9613876342773438 -1.057549238204956 
vn -8.004925390082962e-13 2.9613876342773438 -1.057549238204956 
vn -8.004925390082962e-13 2.9613876342773438 -1.057549238204956 
vn -8.004925390082962e-13 2.9613876342773438 -1.057549238204956 
vn -2.8444571495056152 -0.9962977766990662 -2.0393505096435547 
vn -2.8444571495056152 -0.9962977766990662 -2.0393505096435547 
vn -2.8444571495056152 -0.9962977766990662 -2.0393505096435547 
vn -2.8444571495056152 -0.9962977766990662 -2.0393505096435547 
vn 2.5204131603240967 2.3392953872680664 -0.8348645567893982 
vn 2.5204131603240967 2.3392953872680664 -0.8348645567893982 
vn 2.5204131603240967 2.3392953872680664 -0.8348645567893982 
vn 2.5204131603240967 2.3392953872680664 -0.8348645567893982 
vn -2.8444571495056152 -0.9962977766990662 -2.0393505096435547 
vn -2.8444571495056152 -0.9962977766990662 -2.0393505096435547 
vn -2.8444571495056152 -0.9962977766990662 -2.0393505096435547 
vn -2.8444571495056152 -0.9962977766990662 -2.0393505096435547 
vn -2.5204131603240967 2.3392953872680664 -0.8348645567893982 
vn -2.5204131603240967 2.3392953872680664 -0.8348645567893982 
vn -2.5204131603240967 2.3392953872680664 -0.8348645567893982 
vn -2.5204131603240967 2.3392953872680664 -0.8348645567893982 
vn -3.6896497684381357e-13 1.367907166481018 -2.8314409255981445 
vn -3.6896497684381357e-13 1.367907166481018 -2.8314409255981445 
vn -3.6896497684381357e-13 1.367907166481018 -2.8314409255981445 
vn -3.6896497684381357e-13 1.367907166481018 -2.8314409255981445 
vn 2.6447818279266357 0.005941474810242653 -2.40690541267395 
vn 2.6447818279266357 0.005941474810242653 -2.40690541267395 
vn 2.6447818279266357 0.005941474810242653 -2.40690541267395 
vn 2.6447818279266357 0.005941474810242653 -2.40690541267395 
vn 2.8508846759796143 0.9854841232299805 -2.0393505096435547 
vn 2.8508846759796143 0.9854841232299805 -2.0393505096435547 
vn 2.8508846759796143 0.9854841232299805 -2.0393505096435547 
vn 2.8508846759796143 0.9854841232299805 -2.0393505096435547 
vn -2.8508846759796143 0.9854841232299805 -2.0393505096435547 
vn -2.8508846759796143 0.9854841232299805 -2.0393505096435547 
vn -2.8508846759796143 0.9854841232299805 -2.0393505096435547 
vn -2.8508846759796143 0.9854841232299805 -2.0393505096435547 
vn -2.6447818279266357 0.005941474810242653 -2.40690541267395 
vn -2.6447818279266357 0.005941474810242653 -2.40690541267395 
vn -2.6447818279266357 0.005941474810242653 -2.40690541267395 
vn -2.6447818279266357 0.005941474810242653 -2.40690541267395 
vn -8.500025227946295e-13 3.144547700881958 0.006869891192764044 
vn -8.500025227946295e-13 3.144547700881958 0.006869891192764044 
vn -8.500025227946295e-13 3.144547700881958 0.006869891192764044 
vn -8.500025227946295e-13 3.144547700881958 0.006869891192764044 
vn 2.068700075149536 -0.48941770195961 2.672703504562378 
vn 2.068700075149536 -0.48941770195961 2.672703504562378 
vn 2.068700075149536 -0.48941770195961 2.672703504562378 
vn 2.068700075149536 -0.48941770195961 2.672703504562378 
vn -2.045936107635498 2.7272074222564697 0.006869891192764044 
vn -2.045936107635498 2.7272074222564697 0.006869891192764044 
vn -2.045936107635498 2.7272074222564697 0.006869891192764044 
vn -2.045936107635498 2.7272074222564697 0.006869891192764044 
vn 2.068700075149536 -0.48941770195961 2.672703504562378 
vn 2.068700075149536 -0.48941770195961 2.672703504562378 
vn 2.068700075149536 -0.48941770195961 2.672703504562378 
vn 2.068700075149536 -0.48941770195961 2.672703504562378 
vn 2.045936107635498 2.7272074222564697 0.006869891192764044 
vn 2.045936107635498 2.7272074222564697 0.006869891192764044 
vn 2.045936107635498 2.7272074222564697 0.006869891192764044 
vn 2.045936107635498 2.7272074222564697 0.006869891192764044 
vn 0 -3.116672992706299 0.4178243577480316 
vn 0 -3.116672992706299 0.4178243577480316 
vn 0 -3.116672992706299 0.4178243577480316 
vn 0 -3.116672992706299 0.4178243577480316 
vn -2.045936107635498 -2.7272074222564697 0.006869891192764044 
vn -2.045936107635498 -2.7272074222564697 0.006869891192764044 
vn -2.045936107635498 -2.7272074222564697 0.006869891192764044 
vn -2.045936107635498 -2.7272074222564697 0.006869891192764044 
vn 2.096848249435425 -2.679971933364868 0.363291472196579 
vn 2.096848249435425 -2.679971933364868 0.363291472196579 
vn 2.096848249435425 -2.679971933364868 0.363291472196579 
vn 2.096848249435425 -2.679971933364868 0.363291472196579 
vn 2.045936107635498 -2.7272074222564697 0.006869891192764044 
vn 2.045936107635498 -2.7272074222564697 0.006869891192764044 
vn 2.045936107635498 -2.7272074222564697 0.006869891192764044 
vn 2.045936107635498 -2.7272074222564697 0.006869891192764044 
vn -2.096848249435425 -2.679971933364868 0.363291472196579 
vn -2.096848249435425 -2.679971933364868 0.363291472196579 
vn -2.096848249435425 -2.679971933364868 0.363291472196579 
vn -2.096848249435425 -2.679971933364868 0.363291472196579 
vn 0 -2.8802804946899414 1.2618287801742554 
vn 0 -2.8802804946899414 1.2618287801742554 
vn 0 -2.8802804946899414 1.2618287801742554 
vn 0 -2.8802804946899414 1.2618287801742554 
vn -2.096848249435425 -2.679971933364868 0.363291472196579 
vn -2.096848249435425 -2.679971933364868 0.363291472196579 
vn -2.096848249435425 -2.679971933364868 0.363291472196579 
vn -2.096848249435425 -2.679971933364868 0.363291472196579 
vn 2.1621997356414795 -2.4505839347839355 1.0704786777496338 
vn 2.1621997356414795 -2.4505839347839355 1.0704786777496338 
vn 2.1621997356414795 -2.4505839347839355 1.0704786777496338 
vn 2.1621997356414795 -2.4505839347839355 1.0704786777496338 
vn 2.096848249435425 -2.679971933364868 0.363291472196579 
vn 2.096848249435425 -2.679971933364868 0.363291472196579 
vn 2.096848249435425 -2.679971933364868 0.363291472196579 
vn 2.096848249435425 -2.679971933364868 0.363291472196579 
vn -2.1621997356414795 -2.4505839347839355 1.0704786777496338 
vn -2.1621997356414795 -2.4505839347839355 1.0704786777496338 
vn -2.1621997356414795 -2.4505839347839355 1.0704786777496338 
vn -2.1621997356414795 -2.4505839347839355 1.0704786777496338 
vn 0 -2.384657144546509 2.0497896671295166 
vn 0 -2.384657144546509 2.0497896671295166 
vn 0 -2.384657144546509 2.0497896671295166 
vn 0 -2.384657144546509 2.0497896671295166 
vn -2.1621997356414795 -2.4505839347839355 1.0704786777496338 
vn -2.1621997356414795 -2.4505839347839355 1.0704786777496338 
vn -2.1621997356414795 -2.4505839347839355 1.0704786777496338 
vn -2.1621997356414795 -2.4505839347839355 1.0704786777496338 
vn 2.2006661891937256 -2.0230836868286133 1.7205140590667725 
vn 2.2006661891937256 -2.0230836868286133 1.7205140590667725 
vn 2.2006661891937256 -2.0230836868286133 1.7205140590667725 
vn 2.2006661891937256 -2.0230836868286133 1.7205140590667725 
vn 2.1621997356414795 -2.4505839347839355 1.0704786777496338 
vn 2.1621997356414795 -2.4505839347839355 1.0704786777496338 
vn 2.1621997356414795 -2.4505839347839355 1.0704786777496338 
vn 2.1621997356414795 -2.4505839347839355 1.0704786777496338 
vn -2.2006661891937256 -2.0230836868286133 1.7205140590667725 
vn -2.2006661891937256 -2.0230836868286133 1.7205140590667725 
vn -2.2006661891937256 -2.0230836868286133 1.7205140590667725 
vn -2.2006661891937256 -2.0230836868286133 1.7205140590667725 
vn 0 -1.6098061800003052 2.7012500762939453 
vn 0 -1.6098061800003052 2.7012500762939453 
vn 0 -1.6098061800003052 2.7012500762939453 
vn 0 -1.6098061800003052 2.7012500762939453 
vn -2.2006661891937256 -2.0230836868286133 1.7205140590667725 
vn -2.2006661891937256 -2.0230836868286133 1.7205140590667725 
vn -2.2006661891937256 -2.0230836868286133 1.7205140590667725 
vn -2.2006661891937256 -2.0230836868286133 1.7205140590667725 
vn 2.1902148723602295 -1.3580572605133057 2.288139581680298 
vn 2.1902148723602295 -1.3580572605133057 2.288139581680298 
vn 2.1902148723602295 -1.3580572605133057 2.288139581680298 
vn 2.1902148723602295 -1.3580572605133057 2.288139581680298 
vn 2.2006661891937256 -2.0230836868286133 1.7205140590667725 
vn 2.2006661891937256 -2.0230836868286133 1.7205140590667725 
vn 2.2006661891937256 -2.0230836868286133 1.7205140590667725 
vn 2.2006661891937256 -2.0230836868286133 1.7205140590667725 
vn -2.1902148723602295 -1.3580572605133057 2.288139581680298 
vn -2.1902148723602295 -1.3580572605133057 2.288139581680298 
vn -2.1902148723602295 -1.3580572605133057 2.288139581680298 
vn -2.1902148723602295 -1.3580572605133057 2.288139581680298 
vn 0 -0.5738376975059509 3.0917532444000244 
vn 0 -0.5738376975059509 3.0917532444000244 
vn 0 -0.5738376975059509 3.0917532444000244 
vn 0 -0.5738376975059509 3.0917532444000244 
vn 2.1902148723602295 -1.3580572605133057 2.288139581680298 
vn 2.1902148723602295 -1.3580572605133057 2.288139581680298 
vn 2.1902148723602295 -1.3580572605133057 2.288139581680298 
vn 2.1902148723602295 -1.3580572605133057 2.288139581680298 
vn -2.068700075149536 -0.48941770195961 2.672703504562378 
vn -2.068700075149536 -0.48941770195961 2.672703504562378 
vn -2.068700075149536 -0.48941770195961 2.672703504562378 
vn -2.068700075149536 -0.48941770195961 2.672703504562378 
vn -2.068700075149536 -0.48941770195961 2.672703504562378 
vn -2.068700075149536 -0.48941770195961 2.672703504562378 
vn -2.068700075149536 -0.48941770195961 2.672703504562378 
vn -2.068700075149536 -0.48941770195961 2.672703504562378 
vn -2.1902148723602295 -1.3580572605133057 2.288139581680298 
vn -2.1902148723602295 -1.3580572605133057 2.288139581680298 
vn -2.1902148723602295 -1.3580572605133057 2.288139581680298 
vn -2.1902148723602295 -1.3580572605133057 2.288139581680298 
vn 0.015511331148445606 3.116650342941284 0.4178243577480316 
vn 0.015511331148445606 3.116650342941284 0.4178243577480316 
vn 0.015511331148445606 3.116650342941284 0.4178243577480316 
vn 0.015511331148445606 3.116650342941284 0.4178243577480316 
vn 2.045936107635498 2.7272074222564697 0.006869891192764044 
vn 2.045936107635498 2.7272074222564697 0.006869891192764044 
vn 2.045936107635498 2.7272074222564697 0.006869891192764044 
vn 2.045936107635498 2.7272074222564697 0.006869891192764044 
vn -2.0835273265838623 2.686047315597534 0.363291472196579 
vn -2.0835273265838623 2.686047315597534 0.363291472196579 
vn -2.0835273265838623 2.686047315597534 0.363291472196579 
vn -2.0835273265838623 2.686047315597534 0.363291472196579 
vn -2.045936107635498 2.7272074222564697 0.006869891192764044 
vn -2.045936107635498 2.7272074222564697 0.006869891192764044 
vn -2.045936107635498 2.7272074222564697 0.006869891192764044 
vn -2.045936107635498 2.7272074222564697 0.006869891192764044 
vn 2.0835273265838623 2.686047315597534 0.363291472196579 
vn 2.0835273265838623 2.686047315597534 0.363291472196579 
vn 2.0835273265838623 2.686047315597534 0.363291472196579 
vn 2.0835273265838623 2.686047315597534 0.363291472196579 
vn 0.01549964863806963 2.880256175994873 1.2618287801742554 
vn 0.01549964863806963 2.880256175994873 1.2618287801742554 
vn 0.01549964863806963 2.880256175994873 1.2618287801742554 
vn 0.01549964863806963 2.880256175994873 1.2618287801742554 
vn 2.0835273265838623 2.686047315597534 0.363291472196579 
vn 2.0835273265838623 2.686047315597534 0.363291472196579 
vn 2.0835273265838623 2.686047315597534 0.363291472196579 
vn 2.0835273265838623 2.686047315597534 0.363291472196579 
vn -2.175032615661621 2.4439263343811035 1.0704786777496338 
vn -2.175032615661621 2.4439263343811035 1.0704786777496338 
vn -2.175032615661621 2.4439263343811035 1.0704786777496338 
vn -2.175032615661621 2.4439263343811035 1.0704786777496338 
vn -2.0835273265838623 2.686047315597534 0.363291472196579 
vn -2.0835273265838623 2.686047315597534 0.363291472196579 
vn -2.0835273265838623 2.686047315597534 0.363291472196579 
vn -2.0835273265838623 2.686047315597534 0.363291472196579 
vn 2.175032615661621 2.4439263343811035 1.0704786777496338 
vn 2.175032615661621 2.4439263343811035 1.0704786777496338 
vn 2.175032615661621 2.4439263343811035 1.0704786777496338 
vn 2.175032615661621 2.4439263343811035 1.0704786777496338 
vn -6.445965722995384e-13 2.384657144546509 2.0497896671295166 
vn -6.445965722995384e-13 2.384657144546509 2.0497896671295166 
vn -6.445965722995384e-13 2.384657144546509 2.0497896671295166 
vn -6.445965722995384e-13 2.384657144546509 2.0497896671295166 
vn 2.175032615661621 2.4439263343811035 1.0704786777496338 
vn 2.175032615661621 2.4439263343811035 1.0704786777496338 
vn 2.175032615661621 2.4439263343811035 1.0704786777496338 
vn 2.175032615661621 2.4439263343811035 1.0704786777496338 
vn -2.2125613689422607 2.0154738426208496 1.7205140590667725 
vn -2.2125613689422607 2.0154738426208496 1.7205140590667725 
vn -2.2125613689422607 2.0154738426208496 1.7205140590667725 
vn -2.2125613689422607 2.0154738426208496 1.7205140590667725 
vn -2.175032615661621 2.4439263343811035 1.0704786777496338 
vn -2.175032615661621 2.4439263343811035 1.0704786777496338 
vn -2.175032615661621 2.4439263343811035 1.0704786777496338 
vn -2.175032615661621 2.4439263343811035 1.0704786777496338 
vn 2.2125613689422607 2.0154738426208496 1.7205140590667725 
vn 2.2125613689422607 2.0154738426208496 1.7205140590667725 
vn 2.2125613689422607 2.0154738426208496 1.7205140590667725 
vn 2.2125613689422607 2.0154738426208496 1.7205140590667725 
vn 0.015479417517781258 1.6097625494003296 2.7012500762939453 
vn 0.015479417517781258 1.6097625494003296 2.7012500762939453 
vn 0.015479417517781258 1.6097625494003296 2.7012500762939453 
vn 0.015479417517781258 1.6097625494003296 2.7012500762939453 
vn 2.2125613689422607 2.0154738426208496 1.7205140590667725 
vn 2.2125613689422607 2.0154738426208496 1.7205140590667725 
vn 2.2125613689422607 2.0154738426208496 1.7205140590667725 
vn 2.2125613689422607 2.0154738426208496 1.7205140590667725 
vn -2.1902148723602295 1.3580572605133057 2.288139581680298 
vn -2.1902148723602295 1.3580572605133057 2.288139581680298 
vn -2.1902148723602295 1.3580572605133057 2.288139581680298 
vn -2.1902148723602295 1.3580572605133057 2.288139581680298 
vn 2.1902148723602295 1.3580572605133057 2.288139581680298 
vn 2.1902148723602295 1.3580572605133057 2.288139581680298 
vn 2.1902148723602295 1.3580572605133057 2.288139581680298 
vn 2.1902148723602295 1.3580572605133057 2.288139581680298 
vn -2.2125613689422607 2.0154738426208496 1.7205140590667725 
vn -2.2125613689422607 2.0154738426208496 1.7205140590667725 
vn -2.2125613689422607 2.0154738426208496 1.7205140590667725 
vn -2.2125613689422607 2.0154738426208496 1.7205140590667725 
vn 0.015398555435240269 0.5737167596817017 3.0917532444000244 
vn 0.015398555435240269 0.5737167596817017 3.0917532444000244 
vn 0.015398555435240269 0.5737167596817017 3.0917532444000244 
vn 0.015398555435240269 0.5737167596817017 3.0917532444000244 
vn 2.1902148723602295 1.3580572605133057 2.288139581680298 
vn 2.1902148723602295 1.3580572605133057 2.288139581680298 
vn 2.1902148723602295 1.3580572605133057 2.288139581680298 
vn 2.1902148723602295 1.3580572605133057 2.288139581680298 
vn -1.9635169506072998 0.005914539098739624 2.7624502182006836 
vn -1.9635169506072998 0.005914539098739624 2.7624502182006836 
vn -1.9635169506072998 0.005914539098739624 2.7624502182006836 
vn -1.9635169506072998 0.005914539098739624 2.7624502182006836 
vn -2.1902148723602295 1.3580572605133057 2.288139581680298 
vn -2.1902148723602295 1.3580572605133057 2.288139581680298 
vn -2.1902148723602295 1.3580572605133057 2.288139581680298 
vn -2.1902148723602295 1.3580572605133057 2.288139581680298 
vn -2.068700075149536 0.48941770195961 2.672703504562378 
vn -2.068700075149536 0.48941770195961 2.672703504562378 
vn -2.068700075149536 0.48941770195961 2.672703504562378 
vn -2.068700075149536 0.48941770195961 2.672703504562378 
vn 0 -3.144547700881958 0.006869891192764044 
vn 0 -3.144547700881958 0.006869891192764044 
vn 0 -3.144547700881958 0.006869891192764044 
vn 0 -3.144547700881958 0.006869891192764044 
vn 2.8508846759796143 0.9854841232299805 -2.0393505096435547 
vn 2.8508846759796143 0.9854841232299805 -2.0393505096435547 
vn 2.8508846759796143 0.9854841232299805 -2.0393505096435547 
vn 2.8508846759796143 0.9854841232299805 -2.0393505096435547 
vn 2.045936107635498 -2.7272074222564697 0.006869891192764044 
vn 2.045936107635498 -2.7272074222564697 0.006869891192764044 
vn 2.045936107635498 -2.7272074222564697 0.006869891192764044 
vn 2.045936107635498 -2.7272074222564697 0.006869891192764044 
vn 2.6447818279266357 0.005941474810242653 -2.40690541267395 
vn 2.6447818279266357 0.005941474810242653 -2.40690541267395 
vn 2.6447818279266357 0.005941474810242653 -2.40690541267395 
vn 2.6447818279266357 0.005941474810242653 -2.40690541267395 
vn -2.045936107635498 -2.7272074222564697 0.006869891192764044 
vn -2.045936107635498 -2.7272074222564697 0.006869891192764044 
vn -2.045936107635498 -2.7272074222564697 0.006869891192764044 
vn -2.045936107635498 -2.7272074222564697 0.006869891192764044 
vn 0 0 3.14455509185791 
vn 0 0 3.14455509185791 
vn 0 0 3.14455509185791 
vn 0 0 3.14455509185791 
vn 2.068700075149536 0.48941770195961 2.672703504562378 
vn 2.068700075149536 0.48941770195961 2.672703504562378 
vn 2.068700075149536 0.48941770195961 2.672703504562378 
vn 2.068700075149536 0.48941770195961 2.672703504562378 
vn 1.9635169506072998 0.005914539098739624 2.7624502182006836 
vn 1.9635169506072998 0.005914539098739624 2.7624502182006836 
vn 1.9635169506072998 0.005914539098739624 2.7624502182006836 
vn 1.9635169506072998 0.005914539098739624 2.7624502182006836 
vn -1.9635169506072998 0.005914539098739624 2.7624502182006836 
vn -1.9635169506072998 0.005914539098739624 2.7624502182006836 
vn -1.9635169506072998 0.005914539098739624 2.7624502182006836 
vn -1.9635169506072998 0.005914539098739624 2.7624502182006836 
vn -2.068700075149536 0.48941770195961 2.672703504562378 
vn -2.068700075149536 0.48941770195961 2.672703504562378 
vn -2.068700075149536 0.48941770195961 2.672703504562378 
vn -2.068700075149536 0.48941770195961 2.672703504562378 
vn 0 6.503666962615062e-13 -3.14455509185791 
vn 0 6.503666962615062e-13 -3.14455509185791 
vn 0 6.503666962615062e-13 -3.14455509185791 
vn 0 6.503666962615062e-13 -3.14455509185791 
vn 0 6.503666962615062e-13 -3.14455509185791 
vn 0 6.503666962615062e-13 -3.14455509185791 
vn 0 6.503666962615062e-13 -3.14455509185791 
vn 0 6.503666962615062e-13 -3.14455509185791 
vn 0 -2.9613876342773438 -1.057549238204956 
vn 0 -2.9613876342773438 -1.057549238204956 
vn 0 -2.9613876342773438 -1.057549238204956 
vn 0 -2.9613876342773438 -1.057549238204956 
vn 0 -2.9613876342773438 -1.057549238204956 
vn 0 -2.9613876342773438 -1.057549238204956 
vn 0 -2.9613876342773438 -1.057549238204956 
vn 0 -2.9613876342773438 -1.057549238204956 
vn 0 -1.367907166481018 -2.8314409255981445 
vn 0 -1.367907166481018 -2.8314409255981445 
vn 0 -1.367907166481018 -2.8314409255981445 
vn 0 -1.367907166481018 -2.8314409255981445 
vn 0 -1.367907166481018 -2.8314409255981445 
vn 0 -1.367907166481018 -2.8314409255981445 
vn 0 -1.367907166481018 -2.8314409255981445 
vn 0 -1.367907166481018 -2.8314409255981445 
vn -8.004925390082962e-13 2.9613876342773438 -1.057549238204956 
vn -8.004925390082962e-13 2.9613876342773438 -1.057549238204956 
vn -8.004925390082962e-13 2.9613876342773438 -1.057549238204956 
vn -8.004925390082962e-13 2.9613876342773438 -1.057549238204956 
vn -8.004925390082962e-13 2.9613876342773438 -1.057549238204956 
vn -8.004925390082962e-13 2.9613876342773438 -1.057549238204956 
vn -8.004925390082962e-13 2.9613876342773438 -1.057549238204956 
vn -8.004925390082962e-13 2.9613876342773438 -1.057549238204956 
vn -3.6896497684381357e-13 1.367907166481018 -2.8314409255981445 
vn -3.6896497684381357e-13 1.367907166481018 -2.8314409255981445 
vn -3.6896497684381357e-13 1.367907166481018 -2.8314409255981445 
vn -3.6896497684381357e-13 1.367907166481018 -2.8314409255981445 
vn -3.6896497684381357e-13 1.367907166481018 -2.8314409255981445 
vn -3.6896497684381357e-13 1.367907166481018 -2.8314409255981445 
vn -3.6896497684381357e-13 1.367907166481018 -2.8314409255981445 
vn -3.6896497684381357e-13 1.367907166481018 -2.8314409255981445 
vn -8.500025227946295e-13 3.144547700881958 0.006869891192764044 
vn -8.500025227946295e-13 3.144547700881958 0.006869891192764044 
vn -8.500025227946295e-13 3.144547700881958 0.006869891192764044 
vn -8.500025227946295e-13 3.144547700881958 0.006869891192764044 
vn -8.500025227946295e-13 3.144547700881958 0.006869891192764044 
vn -8.500025227946295e-13 3.144547700881958 0.006869891192764044 
vn -8.500025227946295e-13 3.144547700881958 0.006869891192764044 
vn -8.500025227946295e-13 3.144547700881958 0.006869891192764044 
vn 0 -3.116672992706299 0.4178243577480316 
vn 0 -3.116672992706299 0.4178243577480316 
vn 0 -3.116672992706299 0.4178243577480316 
vn 0 -3.116672992706299 0.4178243577480316 
vn 0 -3.116672992706299 0.4178243577480316 
vn 0 -3.116672992706299 0.4178243577480316 
vn 0 -3.116672992706299 0.4178243577480316 
vn 0 -3.116672992706299 0.4178243577480316 
vn 0 -2.8802804946899414 1.2618287801742554 
vn 0 -2.8802804946899414 1.2618287801742554 
vn 0 -2.8802804946899414 1.2618287801742554 
vn 0 -2.8802804946899414 1.2618287801742554 
vn 0 -2.8802804946899414 1.2618287801742554 
vn 0 -2.8802804946899414 1.2618287801742554 
vn 0 -2.8802804946899414 1.2618287801742554 
vn 0 -2.8802804946899414 1.2618287801742554 
vn 0 -2.384657144546509 2.0497896671295166 
vn 0 -2.384657144546509 2.0497896671295166 
vn 0 -2.384657144546509 2.0497896671295166 
vn 0 -2.384657144546509 2.0497896671295166 
vn 0 -2.384657144546509 2.0497896671295166 
vn 0 -2.384657144546509 2.0497896671295166 
vn 0 -2.384657144546509 2.0497896671295166 
vn 0 -2.384657144546509 2.0497896671295166 
vn 0 -1.6098061800003052 2.7012500762939453 
vn 0 -1.6098061800003052 2.7012500762939453 
vn 0 -1.6098061800003052 2.7012500762939453 
vn 0 -1.6098061800003052 2.7012500762939453 
vn 0 -1.6098061800003052 2.7012500762939453 
vn 0 -1.6098061800003052 2.7012500762939453 
vn 0 -1.6098061800003052 2.7012500762939453 
vn 0 -1.6098061800003052 2.7012500762939453 
vn 0 -0.5738376975059509 3.0917532444000244 
vn 0 -0.5738376975059509 3.0917532444000244 
vn 0 -0.5738376975059509 3.0917532444000244 
vn 0 -0.5738376975059509 3.0917532444000244 
vn 0 -0.5738376975059509 3.0917532444000244 
vn 0 -0.5738376975059509 3.0917532444000244 
vn 0 -0.5738376975059509 3.0917532444000244 
vn 0 -0.5738376975059509 3.0917532444000244 
vn 0.015511331148445606 3.116650342941284 0.4178243577480316 
vn 0.015511331148445606 3.116650342941284 0.4178243577480316 
vn 0.015511331148445606 3.116650342941284 0.4178243577480316 
vn 0.015511331148445606 3.116650342941284 0.4178243577480316 
vn 0.015511331148445606 3.116650342941284 0.4178243577480316 
vn 0.015511331148445606 3.116650342941284 0.4178243577480316 
vn 0.015511331148445606 3.116650342941284 0.4178243577480316 
vn 0.015511331148445606 3.116650342941284 0.4178243577480316 
vn 0.01549964863806963 2.880256175994873 1.2618287801742554 
vn 0.01549964863806963 2.880256175994873 1.2618287801742554 
vn 0.01549964863806963 2.880256175994873 1.2618287801742554 
vn 0.01549964863806963 2.880256175994873 1.2618287801742554 
vn 0.01549964863806963 2.880256175994873 1.2618287801742554 
vn 0.01549964863806963 2.880256175994873 1.2618287801742554 
vn 0.01549964863806963 2.880256175994873 1.2618287801742554 
vn 0.01549964863806963 2.880256175994873 1.2618287801742554 
vn -6.445965722995384e-13 2.384657144546509 2.0497896671295166 
vn -6.445965722995384e-13 2.384657144546509 2.0497896671295166 
vn -6.445965722995384e-13 2.384657144546509 2.0497896671295166 
vn -6.445965722995384e-13 2.384657144546509 2.0497896671295166 
vn -6.445965722995384e-13 2.384657144546509 2.0497896671295166 
vn -6.445965722995384e-13 2.384657144546509 2.0497896671295166 
vn -6.445965722995384e-13 2.384657144546509 2.0497896671295166 
vn -6.445965722995384e-13 2.384657144546509 2.0497896671295166 
vn 0.015479417517781258 1.6097625494003296 2.7012500762939453 
vn 0.015479417517781258 1.6097625494003296 2.7012500762939453 
vn 0.015479417517781258 1.6097625494003296 2.7012500762939453 
vn 0.015479417517781258 1.6097625494003296 2.7012500762939453 
vn 0.015479417517781258 1.6097625494003296 2.7012500762939453 
vn 0.015479417517781258 1.6097625494003296 2.7012500762939453 
vn 0.015479417517781258 1.6097625494003296 2.7012500762939453 
vn 0.015479417517781258 1.6097625494003296 2.7012500762939453 
vn 0.015398555435240269 0.5737167596817017 3.0917532444000244 
vn 0.015398555435240269 0.5737167596817017 3.0917532444000244 
vn 0.015398555435240269 0.5737167596817017 3.0917532444000244 
vn 0.015398555435240269 0.5737167596817017 3.0917532444000244 
vn 0.015398555435240269 0.5737167596817017 3.0917532444000244 
vn 0.015398555435240269 0.5737167596817017 3.0917532444000244 
vn 0.015398555435240269 0.5737167596817017 3.0917532444000244 
vn 0.015398555435240269 0.5737167596817017 3.0917532444000244 
vn 0 -3.144547700881958 0.006869891192764044 
vn 0 -3.144547700881958 0.006869891192764044 
vn 0 -3.144547700881958 0.006869891192764044 
vn 0 -3.144547700881958 0.006869891192764044 
vn 0 -3.144547700881958 0.006869891192764044 
vn 0 -3.144547700881958 0.006869891192764044 
vn 0 -3.144547700881958 0.006869891192764044 
vn 0 -3.144547700881958 0.006869891192764044 
vn 0 0 3.14455509185791 
vn 0 0 3.14455509185791 
vn 0 0 3.14455509185791 
vn 0 0 3.14455509185791 
vn 0 0 3.14455509185791 
vn 0 0 3.14455509185791 
vn 0 0 3.14455509185791 
vn 0 0 3.14455509185791 
vn 1.9635169506072998 0.005914539098739624 2.7624502182006836 
vn 1.9635169506072998 0.005914539098739624 2.7624502182006836 
vn 1.9635169506072998 0.005914539098739624 2.7624502182006836 
vn 1.9635169506072998 0.005914539098739624 2.7624502182006836 
vn 0 6.503666962615062e-13 -3.14455509185791 
vn 0 6.503666962615062e-13 -3.14455509185791 
vn 0 6.503666962615062e-13 -3.14455509185791 
vn 0 6.503666962615062e-13 -3.14455509185791 
vn 0 -2.9613876342773438 -1.057549238204956 
vn 0 -2.9613876342773438 -1.057549238204956 
vn 0 -2.9613876342773438 -1.057549238204956 
vn 0 -2.9613876342773438 -1.057549238204956 
vn 0 -1.367907166481018 -2.8314409255981445 
vn 0 -1.367907166481018 -2.8314409255981445 
vn 0 -1.367907166481018 -2.8314409255981445 
vn 0 -1.367907166481018 -2.8314409255981445 
vn -8.004925390082962e-13 2.9613876342773438 -1.057549238204956 
vn -8.004925390082962e-13 2.9613876342773438 -1.057549238204956 
vn -8.004925390082962e-13 2.9613876342773438 -1.057549238204956 
vn -8.004925390082962e-13 2.9613876342773438 -1.057549238204956 
vn -3.6896497684381357e-13 1.367907166481018 -2.8314409255981445 
vn -3.6896497684381357e-13 1.367907166481018 -2.8314409255981445 
vn -3.6896497684381357e-13 1.367907166481018 -2.8314409255981445 
vn -3.6896497684381357e-13 1.367907166481018 -2.8314409255981445 
vn -8.500025227946295e-13 3.144547700881958 0.006869891192764044 
vn -8.500025227946295e-13 3.144547700881958 0.006869891192764044 
vn -8.500025227946295e-13 3.144547700881958 0.006869891192764044 
vn -8.500025227946295e-13 3.144547700881958 0.006869891192764044 
vn 0 -3.116672992706299 0.4178243577480316 
vn 0 -3.116672992706299 0.4178243577480316 
vn 0 -3.116672992706299 0.4178243577480316 
vn 0 -3.116672992706299 0.4178243577480316 
vn 0 -2.8802804946899414 1.2618287801742554 
vn 0 -2.8802804946899414 1.2618287801742554 
vn 0 -2.8802804946899414 1.2618287801742554 
vn 0 -2.8802804946899414 1.2618287801742554 
vn 0 -2.384657144546509 2.0497896671295166 
vn 0 -2.384657144546509 2.0497896671295166 
vn 0 -2.384657144546509 2.0497896671295166 
vn 0 -2.384657144546509 2.0497896671295166 
vn 0 -1.6098061800003052 2.7012500762939453 
vn 0 -1.6098061800003052 2.7012500762939453 
vn 0 -1.6098061800003052 2.7012500762939453 
vn 0 -1.6098061800003052 2.7012500762939453 
vn 0 -0.5738376975059509 3.0917532444000244 
vn 0 -0.5738376975059509 3.0917532444000244 
vn 0 -0.5738376975059509 3.0917532444000244 
vn 0 -0.5738376975059509 3.0917532444000244 
vn 0.015511331148445606 3.116650342941284 0.4178243577480316 
vn 0.015511331148445606 3.116650342941284 0.4178243577480316 
vn 0.015511331148445606 3.116650342941284 0.4178243577480316 
vn 0.015511331148445606 3.116650342941284 0.4178243577480316 
vn 0.01549964863806963 2.880256175994873 1.2618287801742554 
vn 0.01549964863806963 2.880256175994873 1.2618287801742554 
vn 0.01549964863806963 2.880256175994873 1.2618287801742554 
vn 0.01549964863806963 2.880256175994873 1.2618287801742554 
vn -6.445965722995384e-13 2.384657144546509 2.0497896671295166 
vn -6.445965722995384e-13 2.384657144546509 2.0497896671295166 
vn -6.445965722995384e-13 2.384657144546509 2.0497896671295166 
vn -6.445965722995384e-13 2.384657144546509 2.0497896671295166 
vn 0.015479417517781258 1.6097625494003296 2.7012500762939453 
vn 0.015479417517781258 1.6097625494003296 2.7012500762939453 
vn 0.015479417517781258 1.6097625494003296 2.7012500762939453 
vn 0.015479417517781258 1.6097625494003296 2.7012500762939453 
vn 0.015398555435240269 0.5737167596817017 3.0917532444000244 
vn 0.015398555435240269 0.5737167596817017 3.0917532444000244 
vn 0.015398555435240269 0.5737167596817017 3.0917532444000244 
vn 0.015398555435240269 0.5737167596817017 3.0917532444000244 
vn 0 -3.144547700881958 0.006869891192764044 
vn 0 -3.144547700881958 0.006869891192764044 
vn 0 -3.144547700881958 0.006869891192764044 
vn 0 -3.144547700881958 0.006869891192764044 
vn 0 0 3.14455509185791 
vn 0 0 3.14455509185791 
vn 0 0 3.14455509185791 
vn 0 0 3.14455509185791 
vn 2.068700075149536 0.48941770195961 2.672703504562378 
vn 2.068700075149536 0.48941770195961 2.672703504562378 
vn 2.068700075149536 0.48941770195961 2.672703504562378 
vn 2.068700075149536 0.48941770195961 2.672703504562378 
vt 0.9704281091690063 0.8421087265014648 
vt 0.9660537242889404 0.8332385420799255 
vt 0.9867106080055237 0.8421087265014648 
vt 0.9867106080055237 0.5653111934661865 
vt 0.9704281091690063 0.5653111934661865 
vt 0.9660537242889404 0.5741813778877258 
vt 0.5094153881072998 0.849642276763916 
vt 0.5055270791053772 0.8513433933258057 
vt 0.5094153881072998 0.8468475341796875 
vt 0.5338391065597534 0.8468475341796875 
vt 0.5327455401420593 0.849642276763916 
vt 0.5360262989997864 0.8513433933258057 
vt 0.5359048247337341 0.8660459518432617 
vt 0.5327455401420593 0.8660459518432617 
vt 0.5099014639854431 0.5653111934661865 
vt 0.5055270791053772 0.5741813778877258 
vt 0.5113595724105835 0.5741813778877258 
vt 0.7531664967536926 0.7161038517951965 
vt 0.7694489359855652 0.7161038517951965 
vt 0.7487920522689819 0.7249740362167358 
vt 0.7694489359855652 0.9929013848304749 
vt 0.7487920522689819 0.9840312004089355 
vt 0.7531664967536926 0.9929013848304749 
vt 0.5055270791053772 0.8513433933258057 
vt 0.5094153881072998 0.849642276763916 
vt 0.5055270791053772 0.9930228590965271 
vt 0.5094153881072998 0.9947239756584167 
vt 0.5094153881072998 0.9976401925086975 
vt 0.5338391065597534 0.9976401925086975 
vt 0.5327455401420593 0.9947239756584167 
vt 0.5360262989997864 0.9930228590965271 
vt 0.5359048247337341 0.9784417748451233 
vt 0.5327455401420593 0.9784417748451233 
vt 0.8430846333503723 0.1531526744365692 
vt 0.8474590182304382 0.16202282905578613 
vt 0.8416264653205872 0.16202282905578613 
vt 0.8135574460029602 0.9947239756584167 
vt 0.8097906112670898 0.9930228590965271 
vt 0.8135574460029602 0.9976401925086975 
vt 0.8381026387214661 0.9976401925086975 
vt 0.836887538433075 0.9947239756584167 
vt 0.8401683568954468 0.9930228590965271 
vt 0.8401683568954468 0.9784417748451233 
vt 0.836887538433075 0.9784417748451233 
vt 0.5099014639854431 0.8421087265014648 
vt 0.5055270791053772 0.8332385420799255 
vt 0.5113595724105835 0.8332385420799255 
vt 0.8097906112670898 0.9930228590965271 
vt 0.8135574460029602 0.9947239756584167 
vt 0.8097906112670898 0.8513433933258057 
vt 0.8135574460029602 0.849642276763916 
vt 0.8135574460029602 0.8468475341796875 
vt 0.8381026387214661 0.8468475341796875 
vt 0.836887538433075 0.849642276763916 
vt 0.8401683568954468 0.8513433933258057 
vt 0.8401683568954468 0.8660459518432617 
vt 0.836887538433075 0.8660459518432617 
vt 0.8430846333503723 0.42995017766952515 
vt 0.8474590182304382 0.4210800230503082 
vt 0.8416264653205872 0.4210800230503082 
vt 0.7023748755455017 0.9929013848304749 
vt 0.6980004906654358 0.9840312004089355 
vt 0.718657374382019 0.9929013848304749 
vt 0.718657374382019 0.7161038517951965 
vt 0.7023748755455017 0.7161038517951965 
vt 0.6980004906654358 0.7249740362167358 
vt 0.7779546976089478 0.7190200686454773 
vt 0.7741878628730774 0.7207211852073669 
vt 0.7779546976089478 0.7161038517951965 
vt 0.8024999499320984 0.7161038517951965 
vt 0.8012848496437073 0.7190200686454773 
vt 0.8045656085014343 0.7207211852073669 
vt 0.8045656085014343 0.7353022694587708 
vt 0.8012848496437073 0.7353022694587708 
vt 0.8141649961471558 0.5653111934661865 
vt 0.8097906112670898 0.5741813778877258 
vt 0.8156231045722961 0.5741813778877258 
vt 0.7277706861495972 0.7161038517951965 
vt 0.7440531253814697 0.7161038517951965 
vt 0.7233963012695312 0.7249740362167358 
vt 0.7440531253814697 0.9929013848304749 
vt 0.7233963012695312 0.9840312004089355 
vt 0.7277706861495972 0.9929013848304749 
vt 0.7741878628730774 0.7207211852073669 
vt 0.7779546976089478 0.7190200686454773 
vt 0.7741878628730774 0.8624007105827332 
vt 0.7779546976089478 0.8641018271446228 
vt 0.7779546976089478 0.8670180439949036 
vt 0.8024999499320984 0.8670180439949036 
vt 0.8012848496437073 0.8641018271446228 
vt 0.8045656085014343 0.8624007105827332 
vt 0.8045656085014343 0.8476980924606323 
vt 0.8012848496437073 0.8476980924606323 
vt 0.8667792677879333 0.5653111934661865 
vt 0.8711536526679993 0.5741813778877258 
vt 0.8653210997581482 0.5741813778877258 
vt 0.8487956523895264 0.9947239756584167 
vt 0.844907283782959 0.9930228590965271 
vt 0.8487956523895264 0.9976401925086975 
vt 0.8732193112373352 0.9976401925086975 
vt 0.8721257448196411 0.9947239756584167 
vt 0.8754065632820129 0.9930228590965271 
vt 0.8752850294113159 0.9784417748451233 
vt 0.8721257448196411 0.9784417748451233 
vt 0.8141649961471558 0.8421087265014648 
vt 0.8097906112670898 0.8332385420799255 
vt 0.8156231045722961 0.8332385420799255 
vt 0.844907283782959 0.9930228590965271 
vt 0.8487956523895264 0.9947239756584167 
vt 0.844907283782959 0.8513433933258057 
vt 0.8487956523895264 0.849642276763916 
vt 0.8487956523895264 0.8468475341796875 
vt 0.8732193112373352 0.8468475341796875 
vt 0.8721257448196411 0.849642276763916 
vt 0.8754065632820129 0.8513433933258057 
vt 0.8752850294113159 0.8660459518432617 
vt 0.8721257448196411 0.8660459518432617 
vt 0.8667792677879333 0.8421087265014648 
vt 0.8711536526679993 0.8332385420799255 
vt 0.8653210997581482 0.8332385420799255 
vt 0.42314258217811584 0.9864614009857178 
vt 0.4198617935180664 0.9728524088859558 
vt 0.42241352796554565 0.9728524088859558 
vt 0.422292023897171 0.9593648910522461 
vt 0.4198617935180664 0.9593648910522461 
vt 0.422292023897171 0.9498871564865112 
vt 0.4197402894496918 0.9500086903572083 
vt 0.3903346359729767 0.9029846787452698 
vt 0.38972705602645874 0.9167152047157288 
vt 0.3871753513813019 0.9167152047157288 
vt 0.38705381751060486 0.9302027225494385 
vt 0.3896055519580841 0.9302027225494385 
vt 0.38790440559387207 0.9864614009857178 
vt 0.38778290152549744 0.9773482084274292 
vt 0.3903346359729767 0.9774697422981262 
vt 0.4205908477306366 0.9120978713035583 
vt 0.42314258217811584 0.9120978713035583 
vt 0.4207123816013336 0.9029846787452698 
vt 0.370285302400589 0.006977342069149017 
vt 0.370285302400589 0.024231620132923126 
vt 0.3605644404888153 0.007584887091070414 
vt 0.3605644404888153 0.024839164689183235 
vt 0.370285302400589 0.15145154297351837 
vt 0.3605644404888153 0.13383273780345917 
vt 0.3605644404888153 0.1638454645872116 
vt 0.370285302400589 0.276362806558609 
vt 0.3605644404888153 0.2655484974384308 
vt 0.3605644404888153 0.32812562584877014 
vt 0.370285302400589 0.46482324600219727 
vt 0.3605644404888153 0.4275199770927429 
vt 0.3605644404888153 0.47660961747169495 
vt 0.3605644404888153 0.5760039687156677 
vt 0.370285302400589 0.6265517473220825 
vt 0.3605644404888153 0.6385810971260071 
vt 0.3605644404888153 0.7402841448783875 
vt 0.370285302400589 0.751462996006012 
vt 0.3605644404888153 0.7702968716621399 
vt 0.370285302400589 0.7696893215179443 
vt 0.3605644404888153 0.8792904615402222 
vt 0.370285302400589 0.8786829113960266 
vt 0.3605644404888153 0.8965447545051575 
vt 0.370285302400589 0.8959372043609619 
vt 0.31475478410720825 0.42764151096343994 
vt 0.3051554262638092 0.3705322742462158 
vt 0.31475478410720825 0.3283686339855194 
vt 0.3051554262638092 0.2062520980834961 
vt 0.3051554262638092 0.5269143581390381 
vt 0.31475478410720825 0.4768526554107666 
vt 0.31475478410720825 0.5761255025863647 
vt 0.3051554262638092 0.6919235587120056 
vt 0.31475478410720825 0.6388241648674011 
vt 0.32411113381385803 0.58791184425354 
vt 0.32411113381385803 0.6274023056030273 
vt 0.3334674835205078 0.58791184425354 
vt 0.3334674835205078 0.6274023056030273 
vt 0.3468336760997772 0.5880333781242371 
vt 0.3468336760997772 0.6274023056030273 
vt 0.32411113381385803 0.43882033228874207 
vt 0.32411113381385803 0.4656738042831421 
vt 0.3334674835205078 0.4389418363571167 
vt 0.3334674835205078 0.4656738042831421 
vt 0.3468336760997772 0.4389418363571167 
vt 0.3468336760997772 0.4656738042831421 
vt 0.31475478410720825 0.7404056787490845 
vt 0.3051554262638092 0.7704184055328369 
vt 0.31475478410720825 0.7705398797988892 
vt 0.32411113381385803 0.7521920204162598 
vt 0.32411113381385803 0.7705398797988892 
vt 0.3334674835205078 0.7521920204162598 
vt 0.3334674835205078 0.7705398797988892 
vt 0.3468336760997772 0.7523135542869568 
vt 0.3468336760997772 0.7705398797988892 
vt 0.3051554262638092 0.13407576084136963 
vt 0.31475478410720825 0.16408847272396088 
vt 0.31475478410720825 0.26579150557518005 
vt 0.31475478410720825 0.13407576084136963 
vt 0.32411113381385803 0.1523021012544632 
vt 0.32411113381385803 0.13407576084136963 
vt 0.3334674835205078 0.1523021012544632 
vt 0.3334674835205078 0.13407576084136963 
vt 0.3468336760997772 0.1523021012544632 
vt 0.3468336760997772 0.13407576084136963 
vt 0.32411113381385803 0.31658226251602173 
vt 0.32411113381385803 0.27721336483955383 
vt 0.3334674835205078 0.31658226251602173 
vt 0.3334674835205078 0.27721336483955383 
vt 0.3468336760997772 0.31658226251602173 
vt 0.3468336760997772 0.27721336483955383 
vt 0.7989761233329773 0.006734324153512716 
vt 0.8071173429489136 0.006855832878500223 
vt 0.8185393810272217 0.011594683863222599 
vt 0.8185393810272217 0.011594683863222599 
vt 0.8241288661956787 0.13456179201602936 
vt 0.8241288661956787 0.01621202565729618 
vt 0.8241288661956787 0.13456179201602936 
vt 0.6955702304840088 0.07830312848091125 
vt 0.6955702304840088 0.07247069478034973 
vt 0.6955702304840088 0.08607970178127289 
vt 0.7989761233329773 0.14403949677944183 
vt 0.6955702304840088 0.07247069478034973 
vt 0.6955702304840088 0.0646941140294075 
vt 0.6992155909538269 0.044280603528022766 
vt 0.7062632441520691 0.02654029056429863 
vt 0.6992155909538269 0.044280603528022766 
vt 0.7130678296089172 0.017062589526176453 
vt 0.7157410979270935 0.01681957021355629 
vt 0.7152550220489502 0.016576552763581276 
vt 0.7270416021347046 0.008435449562966824 
vt 0.7391927242279053 0.005640742834657431 
vt 0.7520728707313538 0.005640742834657431 
vt 0.7707855701446533 0.005640742834657431 
vt 0.7614291906356812 0.005640742834657431 
vt 0.7157410979270935 0.01681957021355629 
vt 0.7391927242279053 0.005640742834657431 
vt 0.7520728707313538 0.005640742834657431 
vt 0.6955702304840088 0.07247069478034973 
vt 0.8241288661956787 0.13456179201602936 
vt 0.6992155909538269 0.044280603528022766 
vt 0.7157410979270935 0.01681957021355629 
vt 0.7707855701446533 0.005640742834657431 
vt 0.7989761233329773 0.006734324153512716 
vt 0.8241288661956787 0.13456179201602936 
vt 0.8185393810272217 0.011594683863222599 
vt 0.7707855701446533 0.005640742834657431 
vt 0.7802634239196777 0.005640742834657431 
vt 0.7893767356872559 0.006248287856578827 
vt 0.7893767356872559 0.006248287856578827 
vt 0.8241288661956787 0.13456179201602936 
vt 0.7989761233329773 0.006734324153512716 
vt 0.7157410979270935 0.01681957021355629 
vt 0.7520728707313538 0.005640742834657431 
vt 0.7707855701446533 0.005640742834657431 
vt 0.7707855701446533 0.005640742834657431 
vt 0.8241288661956787 0.13456179201602936 
vt 0.7893767356872559 0.006248287856578827 
vt 0.3605644404888153 0.47660961747169495 
vt 0.3605644404888153 0.4275199770927429 
vt 0.370285302400589 0.46482324600219727 
vt 0.4312838315963745 0.9029846787452698 
vt 0.4281245470046997 0.9167152047157288 
vt 0.43067628145217896 0.9167152047157288 
vt 0.4305547773838043 0.9302027225494385 
vt 0.4280030429363251 0.9302027225494385 
vt 0.4304332435131073 0.9395589232444763 
vt 0.4280030429363251 0.9395589232444763 
vt 0.3985973596572876 0.9864614009857178 
vt 0.3978683054447174 0.9728524088859558 
vt 0.39531657099723816 0.9728524088859558 
vt 0.3951950669288635 0.9593648910522461 
vt 0.3977468013763428 0.9593648910522461 
vt 0.39616715908050537 0.9029846787452698 
vt 0.39604562520980835 0.9120978713035583 
vt 0.3985973596572876 0.9120978713035583 
vt 0.4288536012172699 0.9773482084274292 
vt 0.4312838315963745 0.9774697422981262 
vt 0.4289751350879669 0.9864614009857178 
vt 0.2646922469139099 0.8960586786270142 
vt 0.2646922469139099 0.8789259195327759 
vt 0.25691553950309753 0.8955726623535156 
vt 0.25691553950309753 0.8783183693885803 
vt 0.2646922469139099 0.7698108553886414 
vt 0.25691553950309753 0.6907084584236145 
vt 0.2646922469139099 0.6913160085678101 
vt 0.25691553950309753 0.525820791721344 
vt 0.2646922469139099 0.5263068079948425 
vt 0.25691553950309753 0.36943867802619934 
vt 0.2646922469139099 0.36992472410202026 
vt 0.2646922469139099 0.20564456284046173 
vt 0.25691553950309753 0.20503701269626617 
vt 0.2646922469139099 0.13346821069717407 
vt 0.25691553950309753 0.13298217952251434 
vt 0.2646922469139099 0.024353129789233208 
vt 0.25691553950309753 0.02386709302663803 
vt 0.25691553950309753 0.006612814962863922 
vt 0.2646922469139099 0.007220359984785318 
vt 0.7671402096748352 0.7074767351150513 
vt 0.7485490441322327 0.7080842852592468 
vt 0.7580268979072571 0.7080842852592468 
vt 0.7485490441322327 0.7080842852592468 
vt 0.7391927242279053 0.7080842852592468 
vt 0.7298363447189331 0.7080842852592468 
vt 0.7298363447189331 0.7080842852592468 
vt 0.7048050761222839 0.7052895426750183 
vt 0.7169561982154846 0.7080842852592468 
vt 0.6930184960365295 0.6972699761390686 
vt 0.6907098293304443 0.696662425994873 
vt 0.6935045719146729 0.6969054341316223 
vt 0.6840267181396484 0.6873062252998352 
vt 0.6769790649414062 0.6695659160614014 
vt 0.7298363447189331 0.7080842852592468 
vt 0.7048050761222839 0.7052895426750183 
vt 0.7671402096748352 0.7074767351150513 
vt 0.7485490441322327 0.7080842852592468 
vt 0.7298363447189331 0.7080842852592468 
vt 0.796302855014801 0.7021303176879883 
vt 0.7767395973205566 0.7069907188415527 
vt 0.7848808169364929 0.7068691849708557 
vt 0.7767395973205566 0.7069907188415527 
vt 0.7671402096748352 0.7074767351150513 
vt 0.7298363447189331 0.7080842852592468 
vt 0.7767395973205566 0.7069907188415527 
vt 0.6935045719146729 0.6969054341316223 
vt 0.7298363447189331 0.7080842852592468 
vt 0.8018923997879028 0.6975129842758179 
vt 0.796302855014801 0.7021303176879883 
vt 0.7767395973205566 0.7069907188415527 
vt 0.8018923997879028 0.5791631937026978 
vt 0.6733337640762329 0.635421872138977 
vt 0.8018923997879028 0.6975129842758179 
vt 0.6733337640762329 0.6412543058395386 
vt 0.6769790649414062 0.6695659160614014 
vt 0.6733337640762329 0.6412543058395386 
vt 0.6733337640762329 0.6490309238433838 
vt 0.8018923997879028 0.6975129842758179 
vt 0.7767395973205566 0.7069907188415527 
vt 0.6935045719146729 0.6969054341316223 
vt 0.6769790649414062 0.6695659160614014 
vt 0.8018923997879028 0.6975129842758179 
vt 0.6733337640762329 0.6412543058395386 
vt 0.6935045719146729 0.6969054341316223 
vt 0.6769790649414062 0.6695659160614014 
vt 0.8018923997879028 0.6975129842758179 
vt 0.40673860907554626 0.9029846787452698 
vt 0.40357932448387146 0.9167152047157288 
vt 0.4060095548629761 0.9167152047157288 
vt 0.4060095548629761 0.9302027225494385 
vt 0.4034578204154968 0.9302027225494385 
vt 0.40588802099227905 0.9395589232444763 
vt 0.4033362865447998 0.9395589232444763 
vt 0.47575685381889343 0.9864614009857178 
vt 0.4751493036746979 0.9728524088859558 
vt 0.47259756922721863 0.9728524088859558 
vt 0.472476065158844 0.9593648910522461 
vt 0.47502779960632324 0.9593648910522461 
vt 0.47344815731048584 0.9029846787452698 
vt 0.4733266234397888 0.9120978713035583 
vt 0.47575685381889343 0.9120978713035583 
vt 0.404186874628067 0.9773482084274292 
vt 0.40673860907554626 0.9774697422981262 
vt 0.40430837869644165 0.9864614009857178 
vt 0.1389283686876297 0.006612814962863922 
vt 0.1389283686876297 0.02386709302663803 
vt 0.14852772653102875 0.006612814962863922 
vt 0.14852772653102875 0.02386709302663803 
vt 0.1389283686876297 0.15169456601142883 
vt 0.14852772653102875 0.13334670662879944 
vt 0.14852772653102875 0.1634809374809265 
vt 0.1389283686876297 0.2769703269004822 
vt 0.14852772653102875 0.2655484974384308 
vt 0.14852772653102875 0.3283686339855194 
vt 0.1389283686876297 0.466159850358963 
vt 0.14852772653102875 0.42800602316856384 
vt 0.14852772653102875 0.47733867168426514 
vt 0.14852772653102875 0.5769760608673096 
vt 0.1389283686876297 0.6283743977546692 
vt 0.14852772653102875 0.6399177312850952 
vt 0.14852772653102875 0.7418637871742249 
vt 0.1389283686876297 0.7536501288414001 
vt 0.14852772653102875 0.7719979882240295 
vt 0.1389283686876297 0.7719979882240295 
vt 0.14852772653102875 0.8814775943756104 
vt 0.1389283686876297 0.8814775943756104 
vt 0.14852772653102875 0.8987318873405457 
vt 0.1389283686876297 0.8987318873405457 
vt 0.1943373829126358 0.3283686339855194 
vt 0.1943373829126358 0.42800602316856384 
vt 0.20393675565719604 0.37065377831459045 
vt 0.20393675565719604 0.5276433825492859 
vt 0.20393675565719604 0.20576606690883636 
vt 0.1943373829126358 0.2655484974384308 
vt 0.18498103320598602 0.3164607584476471 
vt 0.18498103320598602 0.2769703269004822 
vt 0.17562468349933624 0.3164607584476471 
vt 0.17562468349933624 0.2769703269004822 
vt 0.162136971950531 0.3164607584476471 
vt 0.162136971950531 0.2769703269004822 
vt 0.1943373829126358 0.1634809374809265 
vt 0.20393675565719604 0.13334670662879944 
vt 0.1943373829126358 0.13334670662879944 
vt 0.18498103320598602 0.15169456601142883 
vt 0.18498103320598602 0.13334670662879944 
vt 0.17562468349933624 0.15169456601142883 
vt 0.17562468349933624 0.13334670662879944 
vt 0.162136971950531 0.15169456601142883 
vt 0.162136971950531 0.13334670662879944 
vt 0.7893767356872559 0.14452552795410156 
vt 0.7707855701446533 0.14513307809829712 
vt 0.7802634239196777 0.14513307809829712 
vt 0.7707855701446533 0.14513307809829712 
vt 0.7614291906356812 0.14513307809829712 
vt 0.7520728707313538 0.14513307809829712 
vt 0.7391927242279053 0.14513307809829712 
vt 0.7520728707313538 0.14513307809829712 
vt 0.7270416021347046 0.142338365316391 
vt 0.7157410979270935 0.1339542418718338 
vt 0.7152550220489502 0.1343187689781189 
vt 0.7130678296089172 0.13371123373508453 
vt 0.7062632441520691 0.12435503304004669 
vt 0.6955702304840088 0.08607970178127289 
vt 0.6992155909538269 0.10649321228265762 
vt 0.7893767356872559 0.14452552795410156 
vt 0.7707855701446533 0.14513307809829712 
vt 0.7520728707313538 0.14513307809829712 
vt 0.8185393810272217 0.13917914032936096 
vt 0.7989761233329773 0.14403949677944183 
vt 0.8071173429489136 0.143917977809906 
vt 0.7989761233329773 0.14403949677944183 
vt 0.7893767356872559 0.14452552795410156 
vt 0.7520728707313538 0.14513307809829712 
vt 0.7989761233329773 0.14403949677944183 
vt 0.7157410979270935 0.1339542418718338 
vt 0.7520728707313538 0.14513307809829712 
vt 0.8241288661956787 0.13456179201602936 
vt 0.8185393810272217 0.13917914032936096 
vt 0.7989761233329773 0.14403949677944183 
vt 0.6955702304840088 0.08607970178127289 
vt 0.8241288661956787 0.13456179201602936 
vt 0.6955702304840088 0.07830312848091125 
vt 0.7989761233329773 0.14403949677944183 
vt 0.7062632441520691 0.12435503304004669 
vt 0.7989761233329773 0.14403949677944183 
vt 0.7062632441520691 0.12435503304004669 
vt 0.7157410979270935 0.1339542418718338 
vt 0.41487985849380493 0.9864614009857178 
vt 0.41172054409980774 0.9728524088859558 
vt 0.414272278547287 0.9728524088859558 
vt 0.41415077447891235 0.9593648910522461 
vt 0.4115990400314331 0.9593648910522461 
vt 0.4140292704105377 0.9498871564865112 
vt 0.4115990400314331 0.9500086903572083 
vt 0.382193386554718 0.9029846787452698 
vt 0.3814643323421478 0.9167152047157288 
vt 0.3789125978946686 0.9167152047157288 
vt 0.3789125978946686 0.9302027225494385 
vt 0.3813427984714508 0.9302027225494385 
vt 0.3797631561756134 0.9864614009857178 
vt 0.37964165210723877 0.9773482084274292 
vt 0.382193386554718 0.9774697422981262 
vt 0.4124496281147003 0.9120978713035583 
vt 0.41487985849380493 0.9120978713035583 
vt 0.41257113218307495 0.9029846787452698 
vt 0.24452142417430878 0.8987318873405457 
vt 0.24452142417430878 0.8814775943756104 
vt 0.25229811668395996 0.8987318873405457 
vt 0.25229811668395996 0.8814775943756104 
vt 0.24452142417430878 0.7719979882240295 
vt 0.25229811668395996 0.6931386590003967 
vt 0.24452142417430878 0.6931386590003967 
vt 0.25229811668395996 0.5276433825492859 
vt 0.24452142417430878 0.5276433825492859 
vt 0.25229811668395996 0.37065377831459045 
vt 0.24452142417430878 0.37065377831459045 
vt 0.24452142417430878 0.20576606690883636 
vt 0.25229811668395996 0.20576606690883636 
vt 0.24452142417430878 0.13334670662879944 
vt 0.25229811668395996 0.13334670662879944 
vt 0.24452142417430878 0.02386709302663803 
vt 0.25229811668395996 0.02386709302663803 
vt 0.25229811668395996 0.006612814962863922 
vt 0.24452142417430878 0.006612814962863922 
vt 0.162136971950531 0.466159850358963 
vt 0.162136971950531 0.43918484449386597 
vt 0.17562468349933624 0.466159850358963 
vt 0.17562468349933624 0.43918484449386597 
vt 0.18498103320598602 0.466159850358963 
vt 0.18498103320598602 0.43918484449386597 
vt 0.1943373829126358 0.47733867168426514 
vt 0.1943373829126358 0.5769760608673096 
vt 0.20393675565719604 0.6932601928710938 
vt 0.1943373829126358 0.6399177312850952 
vt 0.1943373829126358 0.7418637871742249 
vt 0.20393675565719604 0.7719979882240295 
vt 0.1943373829126358 0.7719979882240295 
vt 0.18498103320598602 0.7536501288414001 
vt 0.18498103320598602 0.7719979882240295 
vt 0.17562468349933624 0.7536501288414001 
vt 0.17562468349933624 0.7719979882240295 
vt 0.162136971950531 0.7536501288414001 
vt 0.162136971950531 0.7719979882240295 
vt 0.18498103320598602 0.5888839364051819 
vt 0.18498103320598602 0.6283743977546692 
vt 0.17562468349933624 0.5888839364051819 
vt 0.17562468349933624 0.6283743977546692 
vt 0.162136971950531 0.5888839364051819 
vt 0.162136971950531 0.6283743977546692 
vt 0.7767395973205566 0.5696855187416077 
vt 0.7848808169364929 0.5698070526123047 
vt 0.796302855014801 0.5745458602905273 
vt 0.796302855014801 0.5745458602905273 
vt 0.6733337640762329 0.635421872138977 
vt 0.8018923997879028 0.5791631937026978 
vt 0.6769790649414062 0.6072317957878113 
vt 0.6935045719146729 0.5797707438468933 
vt 0.6733337640762329 0.635421872138977 
vt 0.6769790649414062 0.6072317957878113 
vt 0.6733337640762329 0.6276453137397766 
vt 0.6840267181396484 0.5894914865493774 
vt 0.6907098293304443 0.5800138115882874 
vt 0.6769790649414062 0.6072317957878113 
vt 0.6935045719146729 0.5797707438468933 
vt 0.6930184960365295 0.579527735710144 
vt 0.7048050761222839 0.5713866353034973 
vt 0.7169561982154846 0.5685919523239136 
vt 0.7298363447189331 0.5685919523239136 
vt 0.7485490441322327 0.5685919523239136 
vt 0.7391927242279053 0.5685919523239136 
vt 0.6935045719146729 0.5797707438468933 
vt 0.7169561982154846 0.5685919523239136 
vt 0.7298363447189331 0.5685919523239136 
vt 0.796302855014801 0.5745458602905273 
vt 0.6769790649414062 0.6072317957878113 
vt 0.6733337640762329 0.635421872138977 
vt 0.7671402096748352 0.5691995024681091 
vt 0.7767395973205566 0.5696855187416077 
vt 0.796302855014801 0.5745458602905273 
vt 0.7485490441322327 0.5685919523239136 
vt 0.7671402096748352 0.5691995024681091 
vt 0.7580268979072571 0.5685919523239136 
vt 0.6935045719146729 0.5797707438468933 
vt 0.7298363447189331 0.5685919523239136 
vt 0.7485490441322327 0.5685919523239136 
vt 0.7485490441322327 0.5685919523239136 
vt 0.796302855014801 0.5745458602905273 
vt 0.7671402096748352 0.5691995024681091 
vt 0.796302855014801 0.5745458602905273 
vt 0.6935045719146729 0.5797707438468933 
vt 0.7485490441322327 0.5685919523239136 
vt 0.5327455401420593 0.849642276763916 
vt 0.5338391065597534 0.8468475341796875 
vt 0.5094153881072998 0.849642276763916 
vt 0.5094153881072998 0.8468475341796875 
vt 0.5291001796722412 0.27915748953819275 
vt 0.5335960984230042 0.27915748953819275 
vt 0.5261839032173157 0.27028733491897583 
vt 0.5384565591812134 0.27028733491897583 
vt 0.9732229113578796 0.4289780855178833 
vt 0.9763821959495544 0.4289780855178833 
vt 0.9704281091690063 0.42047247290611267 
vt 0.9762606620788574 0.42047247290611267 
vt 0.8521979451179504 0.42995017766952515 
vt 0.876621663570404 0.42995017766952515 
vt 0.8521979451179504 0.4210800230503082 
vt 0.8785658478736877 0.4210800230503082 
vt 0.5291001796722412 0.5653111934661865 
vt 0.524482786655426 0.5653111934661865 
vt 0.5338391065597534 0.5741813778877258 
vt 0.5215665102005005 0.5741813778877258 
vt 0.524482786655426 0.5653111934661865 
vt 0.5099014639854431 0.5653111934661865 
vt 0.5215665102005005 0.5741813778877258 
vt 0.5113595724105835 0.5741813778877258 
vt 0.3786695599555969 0.27028733491897583 
vt 0.38353002071380615 0.27915748953819275 
vt 0.39094218611717224 0.27028733491897583 
vt 0.3880259096622467 0.27915748953819275 
vt 0.9914495348930359 0.8332385420799255 
vt 0.9914495348930359 0.8421087265014648 
vt 0.9974035620689392 0.8332385420799255 
vt 0.9947303533554077 0.8421087265014648 
vt 0.5291001796722412 0.27915748953819275 
vt 0.5261839032173157 0.27028733491897583 
vt 0.3880259096622467 0.27915748953819275 
vt 0.39094218611717224 0.27028733491897583 
vt 0.9333672523498535 0.841136634349823 
vt 0.9332457780838013 0.832752525806427 
vt 0.9089435935020447 0.841136634349823 
vt 0.906877875328064 0.83263099193573 
vt 0.8314195275306702 0.16202282905578613 
vt 0.8285033106803894 0.1531526744365692 
vt 0.8191469311714172 0.16202282905578613 
vt 0.8238858580589294 0.1531526744365692 
vt 0.8416264653205872 0.16202282905578613 
vt 0.8430846333503723 0.1531526744365692 
vt 0.8314195275306702 0.16202282905578613 
vt 0.8285033106803894 0.1531526744365692 
vt 0.5113595724105835 0.5741813778877258 
vt 0.5055270791053772 0.5741813778877258 
vt 0.5113595724105835 0.8332385420799255 
vt 0.5055270791053772 0.8332385420799255 
vt 0.6933830380439758 0.7161038517951965 
vt 0.6700529456138611 0.7161038517951965 
vt 0.6933830380439758 0.991929292678833 
vt 0.6700529456138611 0.991929292678833 
vt 0.5384565591812134 0.011230156756937504 
vt 0.5261839032173157 0.011230156756937504 
vt 0.5384565591812134 0.27028733491897583 
vt 0.5261839032173157 0.27028733491897583 
vt 0.5338391065597534 0.5741813778877258 
vt 0.5215665102005005 0.5741813778877258 
vt 0.5338391065597534 0.8332385420799255 
vt 0.5215665102005005 0.8332385420799255 
vt 0.9704281091690063 0.42047247290611267 
vt 0.9762606620788574 0.42047247290611267 
vt 0.9704281091690063 0.16238735616207123 
vt 0.9762606620788574 0.16238735616207123 
vt 0.5113595724105835 0.8332385420799255 
vt 0.5215665102005005 0.8332385420799255 
vt 0.5113595724105835 0.5741813778877258 
vt 0.5215665102005005 0.5741813778877258 
vt 0.836887538433075 0.9947239756584167 
vt 0.8135574460029602 0.9947239756584167 
vt 0.8381026387214661 0.9976401925086975 
vt 0.8135574460029602 0.9976401925086975 
vt 0.8785658478736877 0.16202282905578613 
vt 0.8521979451179504 0.16202282905578613 
vt 0.8785658478736877 0.4210800230503082 
vt 0.8521979451179504 0.4210800230503082 
vt 0.5384565591812134 0.011230156756937504 
vt 0.5335960984230042 0.002360000042244792 
vt 0.5261839032173157 0.011230156756937504 
vt 0.5291001796722412 0.002360000042244792 
vt 0.9762606620788574 0.16238735616207123 
vt 0.9763821959495544 0.1531526744365692 
vt 0.9704281091690063 0.16238735616207123 
vt 0.9732229113578796 0.1531526744365692 
vt 0.8521979451179504 0.1531526744365692 
vt 0.8521979451179504 0.16202282905578613 
vt 0.876621663570404 0.1531526744365692 
vt 0.8785658478736877 0.16202282905578613 
vt 0.5215665102005005 0.8332385420799255 
vt 0.524482786655426 0.8421087265014648 
vt 0.5338391065597534 0.8332385420799255 
vt 0.5291001796722412 0.8421087265014648 
vt 0.5113595724105835 0.8332385420799255 
vt 0.5099014639854431 0.8421087265014648 
vt 0.5215665102005005 0.8332385420799255 
vt 0.524482786655426 0.8421087265014648 
vt 0.5431954860687256 0.2838963568210602 
vt 0.5431954860687256 0.5605723261833191 
vt 0.6875505447387695 0.2838963568210602 
vt 0.6875505447387695 0.5605723261833191 
vt 0.5261839032173157 0.27028733491897583 
vt 0.5261839032173157 0.011230156756937504 
vt 0.39094218611717224 0.27028733491897583 
vt 0.39094218611717224 0.011230156756937504 
vt 0.8474590182304382 0.4210800230503082 
vt 0.8474590182304382 0.16202282905578613 
vt 0.8416264653205872 0.4210800230503082 
vt 0.8416264653205872 0.16202282905578613 
vt 0.9142900705337524 0.1531526744365692 
vt 0.9142900705337524 0.42995017766952515 
vt 0.9376201629638672 0.1531526744365692 
vt 0.9376201629638672 0.42995017766952515 
vt 0.39094218611717224 0.27028733491897583 
vt 0.39094218611717224 0.011230156756937504 
vt 0.3786695599555969 0.27028733491897583 
vt 0.3786695599555969 0.011230156756937504 
vt 0.8314195275306702 0.4210800230503082 
vt 0.8314195275306702 0.16202282905578613 
vt 0.8191469311714172 0.4210800230503082 
vt 0.8191469311714172 0.16202282905578613 
vt 0.9914495348930359 0.5741813778877258 
vt 0.9914495348930359 0.8332385420799255 
vt 0.9974035620689392 0.5741813778877258 
vt 0.9974035620689392 0.8332385420799255 
vt 0.8314195275306702 0.16202282905578613 
vt 0.8314195275306702 0.4210800230503082 
vt 0.8416264653205872 0.16202282905578613 
vt 0.8416264653205872 0.4210800230503082 
vt 0.9332457780838013 0.832752525806427 
vt 0.9332457780838013 0.5745458602905273 
vt 0.906877875328064 0.83263099193573 
vt 0.906877875328064 0.5745458602905273 
vt 0.3880259096622467 0.002360000042244792 
vt 0.38353002071380615 0.002360000042244792 
vt 0.39094218611717224 0.011230156756937504 
vt 0.3786695599555969 0.011230156756937504 
vt 0.9947303533554077 0.5653111934661865 
vt 0.9914495348930359 0.5653111934661865 
vt 0.9974035620689392 0.5741813778877258 
vt 0.9914495348930359 0.5741813778877258 
vt 0.39094218611717224 0.011230156756937504 
vt 0.5261839032173157 0.011230156756937504 
vt 0.3880259096622467 0.002360000042244792 
vt 0.5291001796722412 0.002360000042244792 
vt 0.906877875328064 0.5745458602905273 
vt 0.9332457780838013 0.5745458602905273 
vt 0.9089435935020447 0.5653111934661865 
vt 0.9333672523498535 0.5653111934661865 
vt 0.8238858580589294 0.42995017766952515 
vt 0.8285033106803894 0.42995017766952515 
vt 0.8191469311714172 0.4210800230503082 
vt 0.8314195275306702 0.4210800230503082 
vt 0.8285033106803894 0.42995017766952515 
vt 0.8430846333503723 0.42995017766952515 
vt 0.8314195275306702 0.4210800230503082 
vt 0.8416264653205872 0.4210800230503082 
vt 0.7779546976089478 0.7161038517951965 
vt 0.7779546976089478 0.7190200686454773 
vt 0.8024999499320984 0.7161038517951965 
vt 0.8012848496437073 0.7190200686454773 
vt 0.5291001796722412 0.5605723261833191 
vt 0.5335960984230042 0.5605723261833191 
vt 0.5261839032173157 0.5517022013664246 
vt 0.5384565591812134 0.5517022013664246 
vt 0.9837943315505981 0.4289780855178833 
vt 0.98707515001297 0.4289780855178833 
vt 0.9811211228370667 0.42047247290611267 
vt 0.986953616142273 0.42047247290611267 
vt 0.9022604823112488 0.8332385420799255 
vt 0.8758925795555115 0.8332385420799255 
vt 0.9003162980079651 0.8421087265014648 
vt 0.8758925795555115 0.8421087265014648 
vt 0.8332422375679016 0.5653111934661865 
vt 0.8287463188171387 0.5653111934661865 
vt 0.8381026387214661 0.5741813778877258 
vt 0.8258300423622131 0.5741813778877258 
vt 0.8287463188171387 0.5653111934661865 
vt 0.8141649961471558 0.5653111934661865 
vt 0.8258300423622131 0.5741813778877258 
vt 0.8156231045722961 0.5741813778877258 
vt 0.3786695599555969 0.5517022013664246 
vt 0.38353002071380615 0.5605723261833191 
vt 0.39094218611717224 0.5517022013664246 
vt 0.3880259096622467 0.5605723261833191 
vt 0.9976466298103333 0.16202282905578613 
vt 0.9976466298103333 0.1531526744365692 
vt 0.9916925430297852 0.16202282905578613 
vt 0.9944872856140137 0.1531526744365692 
vt 0.5291001796722412 0.5605723261833191 
vt 0.5261839032173157 0.5517022013664246 
vt 0.3880259096622467 0.5605723261833191 
vt 0.39094218611717224 0.5517022013664246 
vt 0.8831832408905029 0.1531526744365692 
vt 0.8833047747612 0.1615367829799652 
vt 0.9077284336090088 0.1531526744365692 
vt 0.9096726179122925 0.1615367829799652 
vt 0.855114221572876 0.5741813778877258 
vt 0.8521979451179504 0.5653111934661865 
vt 0.8428415656089783 0.5741813778877258 
vt 0.8477020263671875 0.5653111934661865 
vt 0.8653210997581482 0.5741813778877258 
vt 0.8667792677879333 0.5653111934661865 
vt 0.855114221572876 0.5741813778877258 
vt 0.8521979451179504 0.5653111934661865 
vt 0.8156231045722961 0.5741813778877258 
vt 0.8097906112670898 0.5741813778877258 
vt 0.8156231045722961 0.8332385420799255 
vt 0.8097906112670898 0.8332385420799255 
vt 0.9656891822814941 0.1531526744365692 
vt 0.9423590898513794 0.1531526744365692 
vt 0.9656891822814941 0.4289780855178833 
vt 0.9423590898513794 0.4289780855178833 
vt 0.5384565591812134 0.29264500737190247 
vt 0.5261839032173157 0.29264500737190247 
vt 0.5384565591812134 0.5517022013664246 
vt 0.5261839032173157 0.5517022013664246 
vt 0.8381026387214661 0.5741813778877258 
vt 0.8258300423622131 0.5741813778877258 
vt 0.8381026387214661 0.8332385420799255 
vt 0.8258300423622131 0.8332385420799255 
vt 0.9811211228370667 0.42047247290611267 
vt 0.986953616142273 0.42047247290611267 
vt 0.9811211228370667 0.16238735616207123 
vt 0.986953616142273 0.16238735616207123 
vt 0.8156231045722961 0.8332385420799255 
vt 0.8258300423622131 0.8332385420799255 
vt 0.8156231045722961 0.5741813778877258 
vt 0.8258300423622131 0.5741813778877258 
vt 0.8721257448196411 0.9947239756584167 
vt 0.8487956523895264 0.9947239756584167 
vt 0.8732193112373352 0.9976401925086975 
vt 0.8487956523895264 0.9976401925086975 
vt 0.9022604823112488 0.5741813778877258 
vt 0.8758925795555115 0.5741813778877258 
vt 0.9022604823112488 0.8332385420799255 
vt 0.8758925795555115 0.8332385420799255 
vt 0.5384565591812134 0.29264500737190247 
vt 0.5335960984230042 0.2838963568210602 
vt 0.5261839032173157 0.29264500737190247 
vt 0.5291001796722412 0.2838963568210602 
vt 0.986953616142273 0.16238735616207123 
vt 0.98707515001297 0.1531526744365692 
vt 0.9811211228370667 0.16238735616207123 
vt 0.9837943315505981 0.1531526744365692 
vt 0.8758925795555115 0.5653111934661865 
vt 0.8758925795555115 0.5741813778877258 
vt 0.9003162980079651 0.5653111934661865 
vt 0.9022604823112488 0.5741813778877258 
vt 0.8258300423622131 0.8332385420799255 
vt 0.8287463188171387 0.8421087265014648 
vt 0.8381026387214661 0.8332385420799255 
vt 0.8332422375679016 0.8421087265014648 
vt 0.8156231045722961 0.8332385420799255 
vt 0.8141649961471558 0.8421087265014648 
vt 0.8258300423622131 0.8332385420799255 
vt 0.8287463188171387 0.8421087265014648 
vt 0.5431954860687256 0.002360000042244792 
vt 0.5431954860687256 0.27915748953819275 
vt 0.6875505447387695 0.002360000042244792 
vt 0.6875505447387695 0.27915748953819275 
vt 0.5261839032173157 0.5517022013664246 
vt 0.5261839032173157 0.29264500737190247 
vt 0.39094218611717224 0.5517022013664246 
vt 0.39094218611717224 0.29264500737190247 
vt 0.8711536526679993 0.8332385420799255 
vt 0.8711536526679993 0.5741813778877258 
vt 0.8653210997581482 0.8332385420799255 
vt 0.8653210997581482 0.5741813778877258 
vt 0.9614363312721252 0.8421087265014648 
vt 0.9614363312721252 0.5653111934661865 
vt 0.9381062388420105 0.8421087265014648 
vt 0.9381062388420105 0.5653111934661865 
vt 0.39094218611717224 0.5517022013664246 
vt 0.39094218611717224 0.29264500737190247 
vt 0.3786695599555969 0.5517022013664246 
vt 0.3786695599555969 0.29264500737190247 
vt 0.855114221572876 0.8332385420799255 
vt 0.855114221572876 0.5741813778877258 
vt 0.8428415656089783 0.8332385420799255 
vt 0.8428415656089783 0.5741813778877258 
vt 0.9976466298103333 0.4210800230503082 
vt 0.9976466298103333 0.16202282905578613 
vt 0.9916925430297852 0.4210800230503082 
vt 0.9916925430297852 0.16202282905578613 
vt 0.855114221572876 0.5741813778877258 
vt 0.855114221572876 0.8332385420799255 
vt 0.8653210997581482 0.5741813778877258 
vt 0.8653210997581482 0.8332385420799255 
vt 0.8833047747612 0.1615367829799652 
vt 0.8833047747612 0.4197434186935425 
vt 0.9096726179122925 0.1615367829799652 
vt 0.9096726179122925 0.4197434186935425 
vt 0.3880259096622467 0.2838963568210602 
vt 0.38353002071380615 0.2838963568210602 
vt 0.39094218611717224 0.29264500737190247 
vt 0.3786695599555969 0.29264500737190247 
vt 0.9944872856140137 0.42995017766952515 
vt 0.9976466298103333 0.42995017766952515 
vt 0.9916925430297852 0.4210800230503082 
vt 0.9976466298103333 0.4210800230503082 
vt 0.39094218611717224 0.29264500737190247 
vt 0.5261839032173157 0.29264500737190247 
vt 0.3880259096622467 0.2838963568210602 
vt 0.5291001796722412 0.2838963568210602 
vt 0.9096726179122925 0.4197434186935425 
vt 0.8833047747612 0.4197434186935425 
vt 0.9077284336090088 0.4289780855178833 
vt 0.8831832408905029 0.4289780855178833 
vt 0.8477020263671875 0.8421087265014648 
vt 0.8521979451179504 0.8421087265014648 
vt 0.8428415656089783 0.8332385420799255 
vt 0.855114221572876 0.8332385420799255 
vt 0.8521979451179504 0.8421087265014648 
vt 0.8667792677879333 0.8421087265014648 
vt 0.855114221572876 0.8332385420799255 
vt 0.8653210997581482 0.8332385420799255 
vt 0.9255905747413635 0.06311450153589249 
vt 0.9313015937805176 0.06311450153589249 
vt 0.9255905747413635 0.021922949701547623 
vt 0.9313015937805176 0.021922949701547623 
vt 0.6978789567947388 0.5255777835845947 
vt 0.6984865069389343 0.45024216175079346 
vt 0.6922894716262817 0.5254562497138977 
vt 0.6927754878997803 0.45024216175079346 
vt 0.9441817402839661 0.5253347158432007 
vt 0.9498927593231201 0.5253347158432007 
vt 0.9441817402839661 0.4451387822628021 
vt 0.9498927593231201 0.4451387822628021 
vt 0.9721292853355408 0.06311450153589249 
vt 0.9660537242889404 0.06311450153589249 
vt 0.9721292853355408 0.0719846561551094 
vt 0.9660537242889404 0.0719846561551094 
vt 0.9721292853355408 0.0719846561551094 
vt 0.9660537242889404 0.0719846561551094 
vt 0.9721292853355408 0.0800042524933815 
vt 0.9660537242889404 0.0800042524933815 
vt 0.7441746592521667 0.5526742339134216 
vt 0.7502502202987671 0.5526742339134216 
vt 0.7441746592521667 0.5452622175216675 
vt 0.7502502202987671 0.5452622175216675 
vt 0.7441746592521667 0.5452622175216675 
vt 0.7502502202987671 0.5452622175216675 
vt 0.7441746592521667 0.5359060168266296 
vt 0.7502502202987671 0.5359060168266296 
vt 0.7441746592521667 0.5359060168266296 
vt 0.7502502202987671 0.5359060168266296 
vt 0.7441746592521667 0.5255777835845947 
vt 0.7502502202987671 0.5255777835845947 
vt 0.9255905747413635 0.021922949701547623 
vt 0.9313015937805176 0.021922949701547623 
vt 0.9255905747413635 0.01305279228836298 
vt 0.9313015937805176 0.01305279228836298 
vt 0.9255905747413635 0.01305279228836298 
vt 0.9313015937805176 0.01305279228836298 
vt 0.9255905747413635 0.005033197812736034 
vt 0.9313015937805176 0.005033197812736034 
vt 0.6930184960365295 0.5527957677841187 
vt 0.6987295150756836 0.5527957677841187 
vt 0.692532479763031 0.5452622175216675 
vt 0.6982434988021851 0.5452622175216675 
vt 0.692532479763031 0.5452622175216675 
vt 0.6982434988021851 0.5452622175216675 
vt 0.6922894716262817 0.5359060168266296 
vt 0.6980004906654358 0.5359060168266296 
vt 0.6922894716262817 0.5359060168266296 
vt 0.6980004906654358 0.5359060168266296 
vt 0.6922894716262817 0.5254562497138977 
vt 0.6978789567947388 0.5255777835845947 
vt 0.7502502202987671 0.5255777835845947 
vt 0.7502502202987671 0.45024216175079346 
vt 0.7441746592521667 0.5255777835845947 
vt 0.7441746592521667 0.45024216175079346 
vt 0.9498927593231201 0.5253347158432007 
vt 0.9441817402839661 0.5253347158432007 
vt 0.9498927593231201 0.5318962335586548 
vt 0.9441817402839661 0.5318962335586548 
vt 0.790713369846344 0.4427086114883423 
vt 0.7850023508071899 0.4427086114883423 
vt 0.790713369846344 0.45024216175079346 
vt 0.7850023508071899 0.45024216175079346 
vt 0.9033540487289429 0.4451387822628021 
vt 0.9094296097755432 0.4451387822628021 
vt 0.9033540487289429 0.4385773241519928 
vt 0.9094296097755432 0.4385773241519928 
vt 0.7394357323646545 0.44295161962509155 
vt 0.7333601713180542 0.4428301155567169 
vt 0.7391927242279053 0.4504851996898651 
vt 0.7331171631813049 0.4504851996898651 
vt 0.9033540487289429 0.5253347158432007 
vt 0.9094296097755432 0.5253347158432007 
vt 0.9033540487289429 0.4451387822628021 
vt 0.9094296097755432 0.4451387822628021 
vt 0.7850023508071899 0.4427086114883423 
vt 0.7788053154945374 0.4377267360687256 
vt 0.7850023508071899 0.45024216175079346 
vt 0.7788053154945374 0.4458678364753723 
vt 0.8795378804206848 0.1323746293783188 
vt 0.8737053871154785 0.13286066055297852 
vt 0.8795378804206848 0.1396651715040207 
vt 0.8737053871154785 0.14063724875450134 
vt 0.7737018465995789 0.4377267360687256 
vt 0.7699350118637085 0.44076448678970337 
vt 0.7737018465995789 0.4458678364753723 
vt 0.7699350118637085 0.4485410451889038 
vt 0.920608639717102 0.5282509326934814 
vt 0.9244970083236694 0.5264283418655396 
vt 0.920608639717102 0.4423440992832184 
vt 0.9244970083236694 0.44404521584510803 
vt 0.6987295150756836 0.4427086114883423 
vt 0.6930184960365295 0.44258710741996765 
vt 0.6984865069389343 0.45024216175079346 
vt 0.6927754878997803 0.45024216175079346 
vt 0.7045620679855347 0.4377267360687256 
vt 0.6987295150756836 0.4427086114883423 
vt 0.7043190598487854 0.4458678364753723 
vt 0.6984865069389343 0.45024216175079346 
vt 0.7135539054870605 0.440885990858078 
vt 0.7096655368804932 0.4377267360687256 
vt 0.7133108377456665 0.44866254925727844 
vt 0.7094225287437439 0.4458678364753723 
vt 0.9441817402839661 0.4451387822628021 
vt 0.9498927593231201 0.4451387822628021 
vt 0.9441817402839661 0.4385773241519928 
vt 0.9498927593231201 0.4385773241519928 
vt 0.7219381332397461 0.4378482699394226 
vt 0.7182928323745728 0.440885990858078 
vt 0.7216951251029968 0.44598937034606934 
vt 0.7180497646331787 0.44866254925727844 
vt 0.9033540487289429 0.547935426235199 
vt 0.906877875328064 0.5476924180984497 
vt 0.9033540487289429 0.5405233502388 
vt 0.906877875328064 0.5399158000946045 
vt 0.7953307628631592 0.5593572854995728 
vt 0.8011633157730103 0.5589927434921265 
vt 0.7953307628631592 0.5520667433738708 
vt 0.8011633157730103 0.551094651222229 
vt 0.7333601713180542 0.4428301155567169 
vt 0.7270416021347046 0.4378482699394226 
vt 0.7331171631813049 0.4504851996898651 
vt 0.7266770601272583 0.44598937034606934 
vt 0.7502502202987671 0.4427086114883423 
vt 0.7441746592521667 0.4427086114883423 
vt 0.7502502202987671 0.45024216175079346 
vt 0.7441746592521667 0.45024216175079346 
vt 0.8424770832061768 0.14015120267868042 
vt 0.848188042640686 0.14063724875450134 
vt 0.8424770832061768 0.1323746293783188 
vt 0.848188042640686 0.13334670662879944 
vt 0.7563257813453674 0.4377267360687256 
vt 0.7502502202987671 0.4427086114883423 
vt 0.7563257813453674 0.4458678364753723 
vt 0.7502502202987671 0.45024216175079346 
vt 0.8981291055679321 0.13261765241622925 
vt 0.894605278968811 0.1323746293783188 
vt 0.8981291055679321 0.14039422571659088 
vt 0.894605278968811 0.13990819454193115 
vt 0.7651960849761963 0.44076448678970337 
vt 0.7614291906356812 0.4377267360687256 
vt 0.7651960849761963 0.4485410451889038 
vt 0.7614291906356812 0.4458678364753723 
vt 0.9094296097755432 0.5253347158432007 
vt 0.9033540487289429 0.5253347158432007 
vt 0.9094296097755432 0.5318962335586548 
vt 0.9033540487289429 0.5318962335586548 
vt 0.9094296097755432 0.5253347158432007 
vt 0.9156267046928406 0.5282509326934814 
vt 0.9094296097755432 0.4451387822628021 
vt 0.9156267046928406 0.4423440992832184 
vt 0.5631232857704163 0.9074805378913879 
vt 0.5595994591712952 0.9072375297546387 
vt 0.5631232857704163 0.9152570962905884 
vt 0.5595994591712952 0.9147710800170898 
vt 0.5513367056846619 0.9152570962905884 
vt 0.554860532283783 0.9150140881538391 
vt 0.5513367056846619 0.9078450798988342 
vt 0.554860532283783 0.9072375297546387 
vt 0.9381062388420105 0.5282509326934814 
vt 0.9441817402839661 0.5253347158432007 
vt 0.9381062388420105 0.4423440992832184 
vt 0.9441817402839661 0.4451387822628021 
vt 0.790713369846344 0.5255777835845947 
vt 0.790713369846344 0.45024216175079346 
vt 0.7850023508071899 0.5255777835845947 
vt 0.7850023508071899 0.45024216175079346 
vt 0.9598566889762878 0.020464841276407242 
vt 0.9660537242889404 0.021922949701547623 
vt 0.9598566889762878 0.01098713930696249 
vt 0.9660537242889404 0.01305279228836298 
vt 0.7850023508071899 0.5255777835845947 
vt 0.7850023508071899 0.45024216175079346 
vt 0.7788053154945374 0.5265498161315918 
vt 0.7788053154945374 0.4458678364753723 
vt 0.9424806237220764 0.020464841276407242 
vt 0.9462474584579468 0.021315403282642365 
vt 0.9424806237220764 0.01098713930696249 
vt 0.9462474584579468 0.012202229350805283 
vt 0.7737018465995789 0.5265498161315918 
vt 0.7737018465995789 0.4458678364753723 
vt 0.7699350118637085 0.5259422659873962 
vt 0.7699350118637085 0.4485410451889038 
vt 0.7326310873031616 0.5361490249633789 
vt 0.738706648349762 0.5361490249633789 
vt 0.7326310873031616 0.525699257850647 
vt 0.7385851740837097 0.525820791721344 
vt 0.7037115097045898 0.5265498161315918 
vt 0.7043190598487854 0.4458678364753723 
vt 0.6978789567947388 0.5255777835845947 
vt 0.6984865069389343 0.45024216175079346 
vt 0.7261910438537598 0.5377286672592163 
vt 0.7326310873031616 0.5361490249633789 
vt 0.7261910438537598 0.5266713500022888 
vt 0.7326310873031616 0.525699257850647 
vt 0.712824821472168 0.5259422659873962 
vt 0.7133108377456665 0.44866254925727844 
vt 0.7088149785995483 0.5265498161315918 
vt 0.7094225287437439 0.4458678364753723 
vt 0.7175637483596802 0.5366351008415222 
vt 0.7210875749588013 0.5377286672592163 
vt 0.7174422144889832 0.5259422659873962 
vt 0.7210875749588013 0.5265498161315918 
vt 0.7328741550445557 0.5455052256584167 
vt 0.7389496564865112 0.5455052256584167 
vt 0.7326310873031616 0.5361490249633789 
vt 0.738706648349762 0.5361490249633789 
vt 0.6980004906654358 0.5359060168266296 
vt 0.7038329839706421 0.5376071333885193 
vt 0.6978789567947388 0.5255777835845947 
vt 0.7037115097045898 0.5265498161315918 
vt 0.726434051990509 0.547813892364502 
vt 0.7328741550445557 0.5455052256584167 
vt 0.7261910438537598 0.5377286672592163 
vt 0.7326310873031616 0.5361490249633789 
vt 0.7088149785995483 0.5376071333885193 
vt 0.712824821472168 0.5366351008415222 
vt 0.7088149785995483 0.5265498161315918 
vt 0.712824821472168 0.5259422659873962 
vt 0.7178067564964294 0.5463557839393616 
vt 0.7214521169662476 0.547813892364502 
vt 0.7175637483596802 0.5366351008415222 
vt 0.7210875749588013 0.5377286672592163 
vt 0.7333601713180542 0.5530387759208679 
vt 0.7394357323646545 0.5530387759208679 
vt 0.7328741550445557 0.5455052256584167 
vt 0.7389496564865112 0.5455052256584167 
vt 0.6982434988021851 0.5452622175216675 
vt 0.7040760517120361 0.5476924180984497 
vt 0.6980004906654358 0.5359060168266296 
vt 0.7038329839706421 0.5376071333885193 
vt 0.7270416021347046 0.5558335185050964 
vt 0.7333601713180542 0.5530387759208679 
vt 0.726434051990509 0.547813892364502 
vt 0.7328741550445557 0.5455052256584167 
vt 0.7091794610023499 0.5476924180984497 
vt 0.7130678296089172 0.5462343096733093 
vt 0.7088149785995483 0.5376071333885193 
vt 0.712824821472168 0.5366351008415222 
vt 0.7182928323745728 0.5540108680725098 
vt 0.7219381332397461 0.5558335185050964 
vt 0.7178067564964294 0.5463557839393616 
vt 0.7214521169662476 0.547813892364502 
vt 0.9660537242889404 0.01305279228836298 
vt 0.9721292853355408 0.01305279228836298 
vt 0.9660537242889404 0.005033197812736034 
vt 0.9721292853355408 0.005033197812736034 
vt 0.6987295150756836 0.5527957677841187 
vt 0.7045620679855347 0.5557119846343994 
vt 0.6982434988021851 0.5452622175216675 
vt 0.7040760517120361 0.5476924180984497 
vt 0.9598566889762878 0.01098713930696249 
vt 0.9660537242889404 0.01305279228836298 
vt 0.9598566889762878 0.002360000042244792 
vt 0.9660537242889404 0.005033197812736034 
vt 0.7096655368804932 0.5557119846343994 
vt 0.7135539054870605 0.5540108680725098 
vt 0.7091794610023499 0.5476924180984497 
vt 0.7130678296089172 0.5462343096733093 
vt 0.950986385345459 0.012202229350805283 
vt 0.9548747539520264 0.01098713930696249 
vt 0.950986385345459 0.00406112615019083 
vt 0.9548747539520264 0.002360000042244792 
vt 0.9660537242889404 0.021922949701547623 
vt 0.9721292853355408 0.021922949701547623 
vt 0.9660537242889404 0.01305279228836298 
vt 0.9721292853355408 0.01305279228836298 
vt 0.9424806237220764 0.01098713930696249 
vt 0.9462474584579468 0.012202229350805283 
vt 0.9424806237220764 0.002360000042244792 
vt 0.9462474584579468 0.00406112615019083 
vt 0.950986385345459 0.021315403282642365 
vt 0.9548747539520264 0.020464841276407242 
vt 0.950986385345459 0.012202229350805283 
vt 0.9548747539520264 0.01098713930696249 
vt 0.9313015937805176 0.021922949701547623 
vt 0.9373771548271179 0.020464841276407242 
vt 0.9313015937805176 0.01305279228836298 
vt 0.9373771548271179 0.01098713930696249 
vt 0.9313015937805176 0.01305279228836298 
vt 0.9373771548271179 0.01098713930696249 
vt 0.9313015937805176 0.005033197812736034 
vt 0.9373771548271179 0.002360000042244792 
vt 0.7850023508071899 0.5359060168266296 
vt 0.790713369846344 0.5359060168266296 
vt 0.7850023508071899 0.5255777835845947 
vt 0.790713369846344 0.5255777835845947 
vt 0.7563257813453674 0.5265498161315918 
vt 0.7563257813453674 0.4458678364753723 
vt 0.7502502202987671 0.5255777835845947 
vt 0.7502502202987671 0.45024216175079346 
vt 0.7788053154945374 0.5376071333885193 
vt 0.7850023508071899 0.5359060168266296 
vt 0.7788053154945374 0.5265498161315918 
vt 0.7850023508071899 0.5255777835845947 
vt 0.7651960849761963 0.5259422659873962 
vt 0.7651960849761963 0.4485410451889038 
vt 0.7614291906356812 0.5265498161315918 
vt 0.7614291906356812 0.4458678364753723 
vt 0.7699350118637085 0.5366351008415222 
vt 0.7737018465995789 0.5376071333885193 
vt 0.7699350118637085 0.5259422659873962 
vt 0.7737018465995789 0.5265498161315918 
vt 0.7850023508071899 0.5452622175216675 
vt 0.790713369846344 0.5452622175216675 
vt 0.7850023508071899 0.5359060168266296 
vt 0.790713369846344 0.5359060168266296 
vt 0.7502502202987671 0.5359060168266296 
vt 0.7563257813453674 0.5376071333885193 
vt 0.7502502202987671 0.5255777835845947 
vt 0.7563257813453674 0.5265498161315918 
vt 0.7788053154945374 0.5476924180984497 
vt 0.7850023508071899 0.5452622175216675 
vt 0.7788053154945374 0.5376071333885193 
vt 0.7850023508071899 0.5359060168266296 
vt 0.7614291906356812 0.5376071333885193 
vt 0.7651960849761963 0.5366351008415222 
vt 0.7614291906356812 0.5265498161315918 
vt 0.7651960849761963 0.5259422659873962 
vt 0.7699350118637085 0.5461127758026123 
vt 0.7737018465995789 0.5476924180984497 
vt 0.7699350118637085 0.5366351008415222 
vt 0.7737018465995789 0.5376071333885193 
vt 0.7850023508071899 0.5526742339134216 
vt 0.790713369846344 0.5526742339134216 
vt 0.7850023508071899 0.5452622175216675 
vt 0.790713369846344 0.5452622175216675 
vt 0.7502502202987671 0.5452622175216675 
vt 0.7563257813453674 0.5476924180984497 
vt 0.7502502202987671 0.5359060168266296 
vt 0.7563257813453674 0.5376071333885193 
vt 0.7788053154945374 0.5555904507637024 
vt 0.7850023508071899 0.5526742339134216 
vt 0.7788053154945374 0.5476924180984497 
vt 0.7850023508071899 0.5452622175216675 
vt 0.7614291906356812 0.5476924180984497 
vt 0.7651960849761963 0.5461127758026123 
vt 0.7614291906356812 0.5376071333885193 
vt 0.7651960849761963 0.5366351008415222 
vt 0.7699350118637085 0.5537678599357605 
vt 0.7737018465995789 0.5555904507637024 
vt 0.7699350118637085 0.5461127758026123 
vt 0.7737018465995789 0.5476924180984497 
vt 0.9313015937805176 0.0719846561551094 
vt 0.9255905747413635 0.0719846561551094 
vt 0.9313015937805176 0.0800042524933815 
vt 0.9255905747413635 0.0800042524933815 
vt 0.7502502202987671 0.5526742339134216 
vt 0.7563257813453674 0.5555904507637024 
vt 0.7502502202987671 0.5452622175216675 
vt 0.7563257813453674 0.5476924180984497 
vt 0.9373771548271179 0.07417181879281998 
vt 0.9313015937805176 0.0719846561551094 
vt 0.9373771548271179 0.08279895782470703 
vt 0.9313015937805176 0.0800042524933815 
vt 0.9660537242889404 0.0719846561551094 
vt 0.9598566889762878 0.07417181879281998 
vt 0.9660537242889404 0.0800042524933815 
vt 0.9598566889762878 0.08279895782470703 
vt 0.7614291906356812 0.5555904507637024 
vt 0.7651960849761963 0.5537678599357605 
vt 0.7614291906356812 0.5476924180984497 
vt 0.7651960849761963 0.5461127758026123 
vt 0.9313015937805176 0.06311450153589249 
vt 0.9255905747413635 0.06311450153589249 
vt 0.9313015937805176 0.0719846561551094 
vt 0.9255905747413635 0.0719846561551094 
vt 0.9462474584579468 0.07283522188663483 
vt 0.9424806237220764 0.07417181879281998 
vt 0.9462474584579468 0.08109783381223679 
vt 0.9424806237220764 0.08279895782470703 
vt 0.9313015937805176 0.06311450153589249 
vt 0.9373771548271179 0.06457260996103287 
vt 0.9313015937805176 0.021922949701547623 
vt 0.9373771548271179 0.020464841276407242 
vt 0.9548747539520264 0.07417181879281998 
vt 0.950986385345459 0.07283522188663483 
vt 0.9548747539520264 0.08279895782470703 
vt 0.950986385345459 0.08109783381223679 
vt 0.9548747539520264 0.06457260996103287 
vt 0.950986385345459 0.06372204422950745 
vt 0.9548747539520264 0.07417181879281998 
vt 0.950986385345459 0.07283522188663483 
vt 0.7385851740837097 0.525820791721344 
vt 0.7391927242279053 0.4504851996898651 
vt 0.7326310873031616 0.525699257850647 
vt 0.7331171631813049 0.4504851996898651 
vt 0.852927029132843 0.14015120267868042 
vt 0.8586379885673523 0.14063724875450134 
vt 0.852927029132843 0.1323746293783188 
vt 0.8586379885673523 0.13334670662879944 
vt 0.7326310873031616 0.525699257850647 
vt 0.7331171631813049 0.4504851996898651 
vt 0.7261910438537598 0.5266713500022888 
vt 0.7266770601272583 0.44598937034606934 
vt 0.9291144013404846 0.5264283418655396 
vt 0.933002769947052 0.5282509326934814 
vt 0.9291144013404846 0.44404521584510803 
vt 0.933002769947052 0.4423440992832184 
vt 0.7210875749588013 0.5265498161315918 
vt 0.7216951251029968 0.44598937034606934 
vt 0.7174422144889832 0.5259422659873962 
vt 0.7180497646331787 0.44866254925727844 
vt 0.9660537242889404 0.06311450153589249 
vt 0.9721292853355408 0.06311450153589249 
vt 0.9660537242889404 0.021922949701547623 
vt 0.9721292853355408 0.021922949701547623 
vt 0.9660537242889404 0.06311450153589249 
vt 0.9598566889762878 0.06457260996103287 
vt 0.9660537242889404 0.0719846561551094 
vt 0.9598566889762878 0.07417181879281998 
vt 0.9424806237220764 0.06457260996103287 
vt 0.9462474584579468 0.06372204422950745 
vt 0.9424806237220764 0.020464841276407242 
vt 0.9462474584579468 0.021315403282642365 
vt 0.950986385345459 0.06372204422950745 
vt 0.9548747539520264 0.06457260996103287 
vt 0.950986385345459 0.021315403282642365 
vt 0.9548747539520264 0.020464841276407242 
vt 0.9373771548271179 0.06457260996103287 
vt 0.9313015937805176 0.06311450153589249 
vt 0.9373771548271179 0.07417181879281998 
vt 0.9313015937805176 0.0719846561551094 
vt 0.933002769947052 0.4423440992832184 
vt 0.933002769947052 0.5282509326934814 
vt 0.9381062388420105 0.4423440992832184 
vt 0.9381062388420105 0.5282509326934814 
vt 0.9156267046928406 0.4423440992832184 
vt 0.9156267046928406 0.5282509326934814 
vt 0.920608639717102 0.4423440992832184 
vt 0.920608639717102 0.5282509326934814 
vt 0.7094225287437439 0.4458678364753723 
vt 0.7096655368804932 0.4377267360687256 
vt 0.7043190598487854 0.4458678364753723 
vt 0.7045620679855347 0.4377267360687256 
vt 0.7266770601272583 0.44598937034606934 
vt 0.7270416021347046 0.4378482699394226 
vt 0.7216951251029968 0.44598937034606934 
vt 0.7219381332397461 0.4378482699394226 
vt 0.933002769947052 0.43529656529426575 
vt 0.933002769947052 0.4423440992832184 
vt 0.9381062388420105 0.43529656529426575 
vt 0.9381062388420105 0.4423440992832184 
vt 0.9156267046928406 0.43529656529426575 
vt 0.9156267046928406 0.4423440992832184 
vt 0.920608639717102 0.43529656529426575 
vt 0.920608639717102 0.4423440992832184 
vt 0.7614291906356812 0.4458678364753723 
vt 0.7614291906356812 0.4377267360687256 
vt 0.7563257813453674 0.4458678364753723 
vt 0.7563257813453674 0.4377267360687256 
vt 0.7788053154945374 0.4458678364753723 
vt 0.7788053154945374 0.4377267360687256 
vt 0.7737018465995789 0.4458678364753723 
vt 0.7737018465995789 0.4377267360687256 
vt 0.920608639717102 0.5352984666824341 
vt 0.920608639717102 0.5282509326934814 
vt 0.9156267046928406 0.5352984666824341 
vt 0.9156267046928406 0.5282509326934814 
vt 0.9381062388420105 0.5352984666824341 
vt 0.9381062388420105 0.5282509326934814 
vt 0.933002769947052 0.5352984666824341 
vt 0.933002769947052 0.5282509326934814 
vt 0.7737018465995789 0.4458678364753723 
vt 0.7737018465995789 0.5265498161315918 
vt 0.7788053154945374 0.4458678364753723 
vt 0.7788053154945374 0.5265498161315918 
vt 0.7563257813453674 0.4458678364753723 
vt 0.7563257813453674 0.5265498161315918 
vt 0.7614291906356812 0.4458678364753723 
vt 0.7614291906356812 0.5265498161315918 
vt 0.7210875749588013 0.5265498161315918 
vt 0.7210875749588013 0.5377286672592163 
vt 0.7261910438537598 0.5266713500022888 
vt 0.7261910438537598 0.5377286672592163 
vt 0.7037115097045898 0.5265498161315918 
vt 0.7038329839706421 0.5376071333885193 
vt 0.7088149785995483 0.5265498161315918 
vt 0.7088149785995483 0.5376071333885193 
vt 0.7210875749588013 0.5377286672592163 
vt 0.7214521169662476 0.547813892364502 
vt 0.7261910438537598 0.5377286672592163 
vt 0.726434051990509 0.547813892364502 
vt 0.7038329839706421 0.5376071333885193 
vt 0.7040760517120361 0.5476924180984497 
vt 0.7088149785995483 0.5376071333885193 
vt 0.7091794610023499 0.5476924180984497 
vt 0.7214521169662476 0.547813892364502 
vt 0.7219381332397461 0.5558335185050964 
vt 0.726434051990509 0.547813892364502 
vt 0.7270416021347046 0.5558335185050964 
vt 0.7040760517120361 0.5476924180984497 
vt 0.7045620679855347 0.5557119846343994 
vt 0.7091794610023499 0.5476924180984497 
vt 0.7096655368804932 0.5557119846343994 
vt 0.9548747539520264 0.002360000042244792 
vt 0.9548747539520264 0.01098713930696249 
vt 0.9598566889762878 0.002360000042244792 
vt 0.9598566889762878 0.01098713930696249 
vt 0.9373771548271179 0.002360000042244792 
vt 0.9373771548271179 0.01098713930696249 
vt 0.9424806237220764 0.002360000042244792 
vt 0.9424806237220764 0.01098713930696249 
vt 0.9548747539520264 0.01098713930696249 
vt 0.9548747539520264 0.020464841276407242 
vt 0.9598566889762878 0.01098713930696249 
vt 0.9598566889762878 0.020464841276407242 
vt 0.9373771548271179 0.01098713930696249 
vt 0.9373771548271179 0.020464841276407242 
vt 0.9424806237220764 0.01098713930696249 
vt 0.9424806237220764 0.020464841276407242 
vt 0.7737018465995789 0.5265498161315918 
vt 0.7737018465995789 0.5376071333885193 
vt 0.7788053154945374 0.5265498161315918 
vt 0.7788053154945374 0.5376071333885193 
vt 0.7563257813453674 0.5265498161315918 
vt 0.7563257813453674 0.5376071333885193 
vt 0.7614291906356812 0.5265498161315918 
vt 0.7614291906356812 0.5376071333885193 
vt 0.7737018465995789 0.5376071333885193 
vt 0.7737018465995789 0.5476924180984497 
vt 0.7788053154945374 0.5376071333885193 
vt 0.7788053154945374 0.5476924180984497 
vt 0.7563257813453674 0.5376071333885193 
vt 0.7563257813453674 0.5476924180984497 
vt 0.7614291906356812 0.5376071333885193 
vt 0.7614291906356812 0.5476924180984497 
vt 0.7737018465995789 0.5476924180984497 
vt 0.7737018465995789 0.5555904507637024 
vt 0.7788053154945374 0.5476924180984497 
vt 0.7788053154945374 0.5555904507637024 
vt 0.7563257813453674 0.5476924180984497 
vt 0.7563257813453674 0.5555904507637024 
vt 0.7614291906356812 0.5476924180984497 
vt 0.7614291906356812 0.5555904507637024 
vt 0.9424806237220764 0.08279895782470703 
vt 0.9424806237220764 0.07417181879281998 
vt 0.9373771548271179 0.08279895782470703 
vt 0.9373771548271179 0.07417181879281998 
vt 0.9598566889762878 0.08279895782470703 
vt 0.9598566889762878 0.07417181879281998 
vt 0.9548747539520264 0.08279895782470703 
vt 0.9548747539520264 0.07417181879281998 
vt 0.9424806237220764 0.07417181879281998 
vt 0.9424806237220764 0.06457260996103287 
vt 0.9373771548271179 0.07417181879281998 
vt 0.9373771548271179 0.06457260996103287 
vt 0.9598566889762878 0.07417181879281998 
vt 0.9598566889762878 0.06457260996103287 
vt 0.9548747539520264 0.07417181879281998 
vt 0.9548747539520264 0.06457260996103287 
vt 0.7216951251029968 0.44598937034606934 
vt 0.7210875749588013 0.5265498161315918 
vt 0.7266770601272583 0.44598937034606934 
vt 0.7261910438537598 0.5266713500022888 
vt 0.7043190598487854 0.4458678364753723 
vt 0.7037115097045898 0.5265498161315918 
vt 0.7094225287437439 0.4458678364753723 
vt 0.7088149785995483 0.5265498161315918 
vt 0.9548747539520264 0.020464841276407242 
vt 0.9548747539520264 0.06457260996103287 
vt 0.9598566889762878 0.020464841276407242 
vt 0.9598566889762878 0.06457260996103287 
vt 0.9373771548271179 0.020464841276407242 
vt 0.9373771548271179 0.06457260996103287 
vt 0.9424806237220764 0.020464841276407242 
vt 0.9424806237220764 0.06457260996103287 
vt 0.9598566889762878 0.06457260996103287 
vt 0.9660537242889404 0.06311450153589249 
vt 0.9598566889762878 0.020464841276407242 
vt 0.9660537242889404 0.021922949701547623 
vt 0.37174344062805176 0.4649447500705719 
vt 0.37174344062805176 0.27648431062698364 
vt 0.370285302400589 0.46482324600219727 
vt 0.370285302400589 0.276362806558609 
vt 0.37174344062805176 0.151573047041893 
vt 0.370285302400589 0.15145154297351837 
vt 0.37174344062805176 0.024231620132923126 
vt 0.37174344062805176 0.6265517473220825 
vt 0.370285302400589 0.6265517473220825 
vt 0.37174344062805176 0.751462996006012 
vt 0.370285302400589 0.751462996006012 
vt 0.37174344062805176 0.7696893215179443 
vt 0.370285302400589 0.7696893215179443 
vt 0.37174344062805176 0.8788044452667236 
vt 0.370285302400589 0.8786829113960266 
vt 0.370285302400589 0.8959372043609619 
vt 0.37174344062805176 0.8959372043609619 
vt 0.370285302400589 0.024231620132923126 
vt 0.370285302400589 0.006977342069149017 
vt 0.37174344062805176 0.007098850794136524 
vt 0.5007880926132202 0.7687172889709473 
vt 0.5007880926132202 0.6962978839874268 
vt 0.3786695599555969 0.7687172889709473 
vt 0.3786695599555969 0.6962978839874268 
vt 0.5007880926132202 0.586818277835846 
vt 0.3786695599555969 0.586818277835846 
vt 0.3786695599555969 0.5695639848709106 
vt 0.5007880926132202 0.5695639848709106 
vt 0.27732938528060913 0.3704107701778412 
vt 0.27732938528060913 0.20613059401512146 
vt 0.2646922469139099 0.36992472410202026 
vt 0.2646922469139099 0.20564456284046173 
vt 0.27732938528060913 0.1339542418718338 
vt 0.2646922469139099 0.13346821069717407 
vt 0.27732938528060913 0.024839164689183235 
vt 0.27732938528060913 0.5267928242683411 
vt 0.2646922469139099 0.5263068079948425 
vt 0.27732938528060913 0.6918020844459534 
vt 0.2646922469139099 0.6913160085678101 
vt 0.27732938528060913 0.7702968716621399 
vt 0.2646922469139099 0.7698108553886414 
vt 0.27732938528060913 0.8794119358062744 
vt 0.2646922469139099 0.8789259195327759 
vt 0.2646922469139099 0.8960586786270142 
vt 0.27732938528060913 0.8965447545051575 
vt 0.2646922469139099 0.024353129789233208 
vt 0.2646922469139099 0.007220359984785318 
vt 0.27732938528060913 0.0077063958160579205 
vt 0.3869323134422302 0.9395589232444763 
vt 0.3869323134422302 0.9489151239395142 
vt 0.3894840478897095 0.9395589232444763 
vt 0.3894840478897095 0.9489151239395142 
vt 0.3868108093738556 0.9586358070373535 
vt 0.38936254382133484 0.9586358070373535 
vt 0.38741835951805115 0.9679920077323914 
vt 0.3899700939655304 0.9679920077323914 
vt 0.38778290152549744 0.9773482084274292 
vt 0.3903346359729767 0.9774697422981262 
vt 0.4205908477306366 0.9120978713035583 
vt 0.42314258217811584 0.9120978713035583 
vt 0.4202263355255127 0.9215756058692932 
vt 0.42277806997299194 0.9215756058692932 
vt 0.4197402894496918 0.9406524896621704 
vt 0.4221705198287964 0.9405310153961182 
vt 0.4197402894496918 0.9500086903572083 
vt 0.422292023897171 0.9498871564865112 
vt 0.3051554262638092 0.024839164689183235 
vt 0.3051554262638092 0.13383273780345917 
vt 0.29592058062553406 0.024717656895518303 
vt 0.29592058062553406 0.13371123373508453 
vt 0.34695520997047424 0.024839164689183235 
vt 0.34695520997047424 0.13383273780345917 
vt 0.3334674835205078 0.024839164689183235 
vt 0.3334674835205078 0.13383273780345917 
vt 0.32411113381385803 0.024839164689183235 
vt 0.32411113381385803 0.13383273780345917 
vt 0.31475478410720825 0.024839164689183235 
vt 0.31475478410720825 0.13383273780345917 
vt 0.3051554262638092 0.024839164689183235 
vt 0.3051554262638092 0.13383273780345917 
vt 0.29592058062553406 0.024717656895518303 
vt 0.29592058062553406 0.13371123373508453 
vt 0.28644272685050964 0.024717656895518303 
vt 0.28644272685050964 0.13371123373508453 
vt 0.4221705198287964 0.9405310153961182 
vt 0.4197402894496918 0.9406524896621704 
vt 0.4221705198287964 0.930931806564331 
vt 0.41961878538131714 0.930931806564331 
vt 0.42277806997299194 0.9215756058692932 
vt 0.4202263355255127 0.9215756058692932 
vt 0.3605644404888153 0.13383273780345917 
vt 0.34695520997047424 0.13383273780345917 
vt 0.3605644404888153 0.024839164689183235 
vt 0.34695520997047424 0.024839164689183235 
vt 0.38705381751060486 0.9302027225494385 
vt 0.3896055519580841 0.9302027225494385 
vt 0.3869323134422302 0.9395589232444763 
vt 0.3894840478897095 0.9395589232444763 
vt 0.27732938528060913 0.024839164689183235 
vt 0.28644272685050964 0.024717656895518303 
vt 0.27732938528060913 0.1339542418718338 
vt 0.28644272685050964 0.13371123373508453 
vt 0.07744380086660385 0.7536501288414001 
vt 0.09870821982622147 0.7536501288414001 
vt 0.07744380086660385 0.8814775943756104 
vt 0.09870821982622147 0.8814775943756104 
vt 0.09870821982622147 0.8987318873405457 
vt 0.07744380086660385 0.8987318873405457 
vt 0.09870821982622147 0.7536501288414001 
vt 0.09870821982622147 0.8814775943756104 
vt 0.1172994077205658 0.7536501288414001 
vt 0.1172994077205658 0.8814775943756104 
vt 0.1172994077205658 0.8987318873405457 
vt 0.09870821982622147 0.8987318873405457 
vt 0.07744380086660385 0.8814775943756104 
vt 0.07744380086660385 0.7536501288414001 
vt 0.06942407041788101 0.8814775943756104 
vt 0.06942407041788101 0.7536501288414001 
vt 0.06334852427244186 0.8814775943756104 
vt 0.06942407041788101 0.8987318873405457 
vt 0.06334852427244186 0.8987318873405457 
vt 0.05532879754900932 0.8987318873405457 
vt 0.05532879754900932 0.8814775943756104 
vt 0.05532879754900932 0.7536501288414001 
vt 0.06334852427244186 0.7536501288414001 
vt 0.05532879754900932 0.6283743977546692 
vt 0.06334852427244186 0.6283743977546692 
vt 0.05532879754900932 0.43918484449386597 
vt 0.07744380086660385 0.8987318873405457 
vt 0.06942407041788101 0.6283743977546692 
vt 0.07744380086660385 0.6283743977546692 
vt 0.07744380086660385 0.43918484449386597 
vt 0.06942407041788101 0.43918484449386597 
vt 0.06334852427244186 0.43918484449386597 
vt 0.06334852427244186 0.2769703269004822 
vt 0.05532879754900932 0.2769703269004822 
vt 0.06334852427244186 0.15169456601142883 
vt 0.05532879754900932 0.15169456601142883 
vt 0.06334852427244186 0.13334670662879944 
vt 0.05532879754900932 0.13334670662879944 
vt 0.06334852427244186 0.02386709302663803 
vt 0.05532879754900932 0.02386709302663803 
vt 0.05532879754900932 0.006612814962863922 
vt 0.06334852427244186 0.006612814962863922 
vt 0.06942407041788101 0.006612814962863922 
vt 0.06942407041788101 0.02386709302663803 
vt 0.07744380086660385 0.006612814962863922 
vt 0.07744380086660385 0.02386709302663803 
vt 0.07744380086660385 0.13334670662879944 
vt 0.06942407041788101 0.13334670662879944 
vt 0.06942407041788101 0.15169456601142883 
vt 0.06942407041788101 0.2769703269004822 
vt 0.07744380086660385 0.2769703269004822 
vt 0.07744380086660385 0.15169456601142883 
vt 0.13054411113262177 0.43918484449386597 
vt 0.1172994077205658 0.43918484449386597 
vt 0.13054411113262177 0.6283743977546692 
vt 0.1172994077205658 0.6283743977546692 
vt 0.13054411113262177 0.7536501288414001 
vt 0.1172994077205658 0.7536501288414001 
vt 0.13054411113262177 0.8814775943756104 
vt 0.13054411113262177 0.2769703269004822 
vt 0.1172994077205658 0.2769703269004822 
vt 0.13054411113262177 0.15169456601142883 
vt 0.1172994077205658 0.15169456601142883 
vt 0.13054411113262177 0.13334670662879944 
vt 0.1172994077205658 0.13334670662879944 
vt 0.13054411113262177 0.02386709302663803 
vt 0.1172994077205658 0.02386709302663803 
vt 0.13054411113262177 0.006612814962863922 
vt 0.1172994077205658 0.006612814962863922 
vt 0.1172994077205658 0.8814775943756104 
vt 0.13054411113262177 0.8987318873405457 
vt 0.1172994077205658 0.8987318873405457 
vt 0.3051554262638092 0.13407576084136963 
vt 0.2957990765571594 0.1339542418718338 
vt 0.3051554262638092 0.2062520980834961 
vt 0.2957990765571594 0.20613059401512146 
vt 0.3051554262638092 0.3705322742462158 
vt 0.2957990765571594 0.3705322742462158 
vt 0.2957990765571594 0.5269143581390381 
vt 0.3051554262638092 0.5269143581390381 
vt 0.2957990765571594 0.6919235587120056 
vt 0.3051554262638092 0.6919235587120056 
vt 0.2957990765571594 0.7704184055328369 
vt 0.3051554262638092 0.7704184055328369 
vt 0.28024566173553467 0.9056578874588013 
vt 0.28401249647140503 0.9074805378913879 
vt 0.27817997336387634 0.919145405292511 
vt 0.28218984603881836 0.9187808632850647 
vt 0.6455076932907104 0.8936285376548767 
vt 0.6496390700340271 0.8936285376548767 
vt 0.6455076932907104 0.9051718711853027 
vt 0.6496390700340271 0.9051718711853027 
vt 0.2957990765571594 0.1339542418718338 
vt 0.2957990765571594 0.20613059401512146 
vt 0.28644272685050964 0.1339542418718338 
vt 0.28644272685050964 0.20613059401512146 
vt 0.2957990765571594 0.3705322742462158 
vt 0.28644272685050964 0.3704107701778412 
vt 0.28644272685050964 0.5267928242683411 
vt 0.2957990765571594 0.5269143581390381 
vt 0.28644272685050964 0.6918020844459534 
vt 0.2957990765571594 0.6919235587120056 
vt 0.28644272685050964 0.7702968716621399 
vt 0.2957990765571594 0.7704184055328369 
vt 0.4932544529438019 0.9263144135475159 
vt 0.49738579988479614 0.9266789555549622 
vt 0.4953201413154602 0.9398019313812256 
vt 0.4992084801197052 0.9379792809486389 
vt 0.3605644404888153 0.13383273780345917 
vt 0.3605644404888153 0.1638454645872116 
vt 0.3468336760997772 0.13407576084136963 
vt 0.3468336760997772 0.1523021012544632 
vt 0.4360227584838867 0.9259499311447144 
vt 0.44015413522720337 0.9261929392814636 
vt 0.43808844685554504 0.9394373893737793 
vt 0.4418552815914154 0.9376147985458374 
vt 0.28644272685050964 0.1339542418718338 
vt 0.28644272685050964 0.20613059401512146 
vt 0.27732938528060913 0.1339542418718338 
vt 0.27732938528060913 0.20613059401512146 
vt 0.28644272685050964 0.3704107701778412 
vt 0.27732938528060913 0.3704107701778412 
vt 0.27732938528060913 0.5267928242683411 
vt 0.28644272685050964 0.5267928242683411 
vt 0.27732938528060913 0.6918020844459534 
vt 0.28644272685050964 0.6918020844459534 
vt 0.27732938528060913 0.7702968716621399 
vt 0.28644272685050964 0.7702968716621399 
vt 0.976868212223053 0.11390525847673416 
vt 0.9809995889663696 0.11390525847673416 
vt 0.976868212223053 0.12508408725261688 
vt 0.9809995889663696 0.12508408725261688 
vt 0.3605644404888153 0.2655484974384308 
vt 0.3605644404888153 0.32812562584877014 
vt 0.3468336760997772 0.27721336483955383 
vt 0.3468336760997772 0.31658226251602173 
vt 0.31196004152297974 0.9056578874588013 
vt 0.3157268762588501 0.9074805378913879 
vt 0.3098943531513214 0.919145405292511 
vt 0.31402572989463806 0.9187808632850647 
vt 0.976868212223053 0.014146372675895691 
vt 0.9809995889663696 0.014146372675895691 
vt 0.976868212223053 0.11390525847673416 
vt 0.9809995889663696 0.11390525847673416 
vt 0.6455076932907104 0.7797746062278748 
vt 0.6496390700340271 0.7797746062278748 
vt 0.6455076932907104 0.7916824817657471 
vt 0.6496390700340271 0.7916824817657471 
vt 0.7154980301856995 0.012931282632052898 
vt 0.7157410979270935 0.01681957021355629 
vt 0.7142829298973083 0.012202229350805283 
vt 0.7152550220489502 0.016576552763581276 
vt 0.1172994077205658 0.6283743977546692 
vt 0.09870821982622147 0.6283743977546692 
vt 0.1172994077205658 0.43918484449386597 
vt 0.09870821982622147 0.43918484449386597 
vt 0.09870821982622147 0.2769703269004822 
vt 0.1172994077205658 0.2769703269004822 
vt 0.09870821982622147 0.6283743977546692 
vt 0.09870821982622147 0.43918484449386597 
vt 0.07744380086660385 0.6283743977546692 
vt 0.07744380086660385 0.43918484449386597 
vt 0.07744380086660385 0.2769703269004822 
vt 0.09870821982622147 0.2769703269004822 
vt 0.8871930837631226 0.43529656529426575 
vt 0.8737053871154785 0.43529656529426575 
vt 0.8871930837631226 0.5575346350669861 
vt 0.8737053871154785 0.5575346350669861 
vt 0.8643490076065063 0.43529656529426575 
vt 0.8643490076065063 0.5575346350669861 
vt 0.8565723299980164 0.4470829367637634 
vt 0.8565723299980164 0.5463557839393616 
vt 0.8986151218414307 0.44683992862701416 
vt 0.8986151218414307 0.5462343096733093 
vt 0.8871930837631226 0.43529656529426575 
vt 0.8871930837631226 0.5575346350669861 
vt 0.42083388566970825 0.7849994897842407 
vt 0.42083388566970825 0.8867024779319763 
vt 0.4092903435230255 0.7734560966491699 
vt 0.4092903435230255 0.8983673453330994 
vt 0.4092903435230255 0.7734560966491699 
vt 0.4092903435230255 0.8983673453330994 
vt 0.3959241211414337 0.7734560966491699 
vt 0.3959241211414337 0.8983673453330994 
vt 0.3864462673664093 0.7734560966491699 
vt 0.3864462673664093 0.8982458710670471 
vt 0.3786695599555969 0.78524249792099 
vt 0.3786695599555969 0.8868240118026733 
vt 0.976868212223053 0.002360000042244792 
vt 0.9809995889663696 0.002360000042244792 
vt 0.976868212223053 0.014146372675895691 
vt 0.9809995889663696 0.014146372675895691 
vt 0.3098943531513214 0.919145405292511 
vt 0.31402572989463806 0.9187808632850647 
vt 0.3109879493713379 0.9325113892555237 
vt 0.3149977922439575 0.9322683811187744 
vt 0.3117170035839081 0.9419891238212585 
vt 0.3157268762588501 0.9416245818138123 
vt 0.8094260692596436 0.4168272018432617 
vt 0.8057807087898254 0.4168272018432617 
vt 0.8094260692596436 0.31475964188575745 
vt 0.8057807087898254 0.31475964188575745 
vt 0.49507710337638855 0.9034707546234131 
vt 0.4992084801197052 0.9038352966308594 
vt 0.49434804916381836 0.9128269553184509 
vt 0.498479425907135 0.9131914377212524 
vt 0.4932544529438019 0.9263144135475159 
vt 0.49738579988479614 0.9266789555549622 
vt 0.44015413522720337 0.9261929392814636 
vt 0.4360227584838867 0.9259499311447144 
vt 0.4411262273788452 0.9127054214477539 
vt 0.4371163547039032 0.9124624133110046 
vt 0.4418552815914154 0.9033492207527161 
vt 0.4378454387187958 0.9029846787452698 
vt 0.6455076932907104 0.7916824817657471 
vt 0.6496390700340271 0.7916824817657471 
vt 0.6455076932907104 0.8936285376548767 
vt 0.6496390700340271 0.8936285376548767 
vt 0.28401249647140503 0.9416245818138123 
vt 0.2798811197280884 0.9419891238212585 
vt 0.28328344225883484 0.9322683811187744 
vt 0.2791520655155182 0.9325113892555237 
vt 0.28218984603881836 0.9187808632850647 
vt 0.27817997336387634 0.919145405292511 
vt 0.982579231262207 0.8468475341796875 
vt 0.9862245917320251 0.8468475341796875 
vt 0.982579231262207 0.9464849233627319 
vt 0.9862245917320251 0.9464849233627319 
vt 0.2957990765571594 0.024960674345493317 
vt 0.2957990765571594 0.0077063958160579205 
vt 0.3051554262638092 0.024960674345493317 
vt 0.3051554262638092 0.007827905006706715 
vt 0.3468336760997772 0.02508218213915825 
vt 0.3468336760997772 0.007827905006706715 
vt 0.3605644404888153 0.024839164689183235 
vt 0.3605644404888153 0.007584887091070414 
vt 0.28644272685050964 0.024960674345493317 
vt 0.28644272685050964 0.0077063958160579205 
vt 0.2957990765571594 0.024960674345493317 
vt 0.2957990765571594 0.0077063958160579205 
vt 0.370285302400589 0.006977342069149017 
vt 0.37016379833221436 0.002603017957881093 
vt 0.37174344062805176 0.007098850794136524 
vt 0.37137889862060547 0.0027245269156992435 
vt 0.3051554262638092 0.024960674345493317 
vt 0.3051554262638092 0.007827905006706715 
vt 0.31475478410720825 0.02508218213915825 
vt 0.31475478410720825 0.007827905006706715 
vt 0.32411113381385803 0.02508218213915825 
vt 0.32411113381385803 0.007827905006706715 
vt 0.3334674835205078 0.02508218213915825 
vt 0.3334674835205078 0.007827905006706715 
vt 0.3468336760997772 0.02508218213915825 
vt 0.3468336760997772 0.007827905006706715 
vt 0.27732938528060913 0.024839164689183235 
vt 0.27732938528060913 0.0077063958160579205 
vt 0.28644272685050964 0.024960674345493317 
vt 0.28644272685050964 0.0077063958160579205 
vt 0.11486918479204178 0.7485467791557312 
vt 0.09992333501577377 0.7485467791557312 
vt 0.11486918479204178 0.6335992813110352 
vt 0.09992333501577377 0.6335992813110352 
vt 0.09992333501577377 0.7485467791557312 
vt 0.08254726231098175 0.7485467791557312 
vt 0.09992333501577377 0.6335992813110352 
vt 0.08254726231098175 0.6335992813110352 
vt 0.07744380086660385 0.7536501288414001 
vt 0.08254726231098175 0.7485467791557312 
vt 0.09870821982622147 0.7536501288414001 
vt 0.09992333501577377 0.7485467791557312 
vt 0.09870821982622147 0.7536501288414001 
vt 0.09992333501577377 0.7485467791557312 
vt 0.1172994077205658 0.7536501288414001 
vt 0.11486918479204178 0.7485467791557312 
vt 0.07744380086660385 0.6283743977546692 
vt 0.08254726231098175 0.6335992813110352 
vt 0.07744380086660385 0.7536501288414001 
vt 0.08254726231098175 0.7485467791557312 
vt 0.8010417819023132 0.4343245029449463 
vt 0.7953307628631592 0.4396708905696869 
vt 0.8010417819023132 0.31974151730537415 
vt 0.7953307628631592 0.31475964188575745 
vt 0.09992333501577377 0.6335992813110352 
vt 0.09870821982622147 0.6283743977546692 
vt 0.11486918479204178 0.6335992813110352 
vt 0.1172994077205658 0.6283743977546692 
vt 0.08254726231098175 0.6335992813110352 
vt 0.07744380086660385 0.6283743977546692 
vt 0.09992333501577377 0.6335992813110352 
vt 0.09870821982622147 0.6283743977546692 
vt 0.27732938528060913 0.0077063958160579205 
vt 0.2776939272880554 0.00333207193762064 
vt 0.28644272685050964 0.0077063958160579205 
vt 0.28644272685050964 0.00333207193762064 
vt 0.8078464269638062 0.0035750900860875845 
vt 0.8071173429489136 0.006855832878500223 
vt 0.7989761233329773 0.0034535808954387903 
vt 0.7989761233329773 0.006734324153512716 
vt 0.3605644404888153 0.007584887091070414 
vt 0.35995686054229736 0.0032105629798024893 
vt 0.370285302400589 0.006977342069149017 
vt 0.37016379833221436 0.002603017957881093 
vt 0.7255834937095642 0.00539772491902113 
vt 0.7270416021347046 0.008435449562966824 
vt 0.7154980301856995 0.012931282632052898 
vt 0.7157410979270935 0.01681957021355629 
vt 0.6955702304840088 0.0646941140294075 
vt 0.6922894716262817 0.06445109844207764 
vt 0.6992155909538269 0.044280603528022766 
vt 0.6960563063621521 0.04330853372812271 
vt 0.07732228934764862 0.9029846787452698 
vt 0.07744380086660385 0.8987318873405457 
vt 0.09834369271993637 0.9029846787452698 
vt 0.09870821982622147 0.8987318873405457 
vt 0.6992155909538269 0.044280603528022766 
vt 0.6960563063621521 0.04330853372812271 
vt 0.7062632441520691 0.02654029056429863 
vt 0.7033469676971436 0.024960674345493317 
vt 0.09834369271993637 0.9029846787452698 
vt 0.09870821982622147 0.8987318873405457 
vt 0.11669185012578964 0.9029846787452698 
vt 0.1172994077205658 0.8987318873405457 
vt 0.6955702304840088 0.07830312848091125 
vt 0.6922894716262817 0.07842463254928589 
vt 0.6955702304840088 0.07247069478034973 
vt 0.6922894716262817 0.0723491832613945 
vt 0.05532879754900932 0.8987318873405457 
vt 0.06334852427244186 0.8987318873405457 
vt 0.055450305342674255 0.9029846787452698 
vt 0.0634700357913971 0.9029846787452698 
vt 0.06942407041788101 0.9029846787452698 
vt 0.06942407041788101 0.8987318873405457 
vt 0.07732228934764862 0.9029846787452698 
vt 0.07744380086660385 0.8987318873405457 
vt 0.8185393810272217 0.011594683863222599 
vt 0.8202405571937561 0.008799976669251919 
vt 0.8241288661956787 0.01621202565729618 
vt 0.8272881507873535 0.014632409438490868 
vt 0.26529979705810547 0.0028460361063480377 
vt 0.2646922469139099 0.007220359984785318 
vt 0.2583736777305603 0.002360000042244792 
vt 0.25691553950309753 0.006612814962863922 
vt 0.3786695599555969 0.5695639848709106 
vt 0.3792771100997925 0.5653111934661865 
vt 0.5007880926132202 0.5695639848709106 
vt 0.5001805424690247 0.5653111934661865 
vt 0.8272881507873535 0.13614140450954437 
vt 0.8241288661956787 0.13456179201602936 
vt 0.8272881507873535 0.014632409438490868 
vt 0.8241288661956787 0.01621202565729618 
vt 0.2646922469139099 0.007220359984785318 
vt 0.26529979705810547 0.0028460361063480377 
vt 0.27732938528060913 0.0077063958160579205 
vt 0.2776939272880554 0.00333207193762064 
vt 0.8202405571937561 0.008799976669251919 
vt 0.8185393810272217 0.011594683863222599 
vt 0.8078464269638062 0.0035750900860875845 
vt 0.8071173429489136 0.006855832878500223 
vt 0.11669185012578964 0.9029846787452698 
vt 0.1172994077205658 0.8987318873405457 
vt 0.1287214457988739 0.9029846787452698 
vt 0.13054411113262177 0.8987318873405457 
vt 0.7062632441520691 0.02654029056429863 
vt 0.7033469676971436 0.024960674345493317 
vt 0.7130678296089172 0.017062589526176453 
vt 0.7119742631912231 0.012809773907065392 
vt 0.3051554262638092 0.007827905006706715 
vt 0.30527693033218384 0.0034535808954387903 
vt 0.31475478410720825 0.007827905006706715 
vt 0.31475478410720825 0.0034535808954387903 
vt 0.32411113381385803 0.007827905006706715 
vt 0.32411113381385803 0.0034535808954387903 
vt 0.7802634239196777 0.002360000042244792 
vt 0.7802634239196777 0.005640742834657431 
vt 0.7706640362739563 0.002360000042244792 
vt 0.7707855701446533 0.005640742834657431 
vt 0.7614291906356812 0.002360000042244792 
vt 0.7614291906356812 0.005640742834657431 
vt 0.3468336760997772 0.007827905006706715 
vt 0.3467121720314026 0.0034535808954387903 
vt 0.3605644404888153 0.007584887091070414 
vt 0.35995686054229736 0.0032105629798024893 
vt 0.738706648349762 0.002360000042244792 
vt 0.7391927242279053 0.005640742834657431 
vt 0.7255834937095642 0.00539772491902113 
vt 0.7270416021347046 0.008435449562966824 
vt 0.3334674835205078 0.007827905006706715 
vt 0.3334674835205078 0.0034535808954387903 
vt 0.3468336760997772 0.007827905006706715 
vt 0.3467121720314026 0.0034535808954387903 
vt 0.7520728707313538 0.002360000042244792 
vt 0.7520728707313538 0.005640742834657431 
vt 0.738706648349762 0.002360000042244792 
vt 0.7391927242279053 0.005640742834657431 
vt 0.28644272685050964 0.0077063958160579205 
vt 0.28644272685050964 0.00333207193762064 
vt 0.2957990765571594 0.0077063958160579205 
vt 0.29592058062553406 0.00333207193762064 
vt 0.7989761233329773 0.0034535808954387903 
vt 0.7989761233329773 0.006734324153512716 
vt 0.7894982695579529 0.0029675450641661882 
vt 0.7893767356872559 0.006248287856578827 
vt 0.32411113381385803 0.007827905006706715 
vt 0.32411113381385803 0.0034535808954387903 
vt 0.3334674835205078 0.007827905006706715 
vt 0.3334674835205078 0.0034535808954387903 
vt 0.7614291906356812 0.002360000042244792 
vt 0.7614291906356812 0.005640742834657431 
vt 0.7520728707313538 0.002360000042244792 
vt 0.7520728707313538 0.005640742834657431 
vt 0.2957990765571594 0.0077063958160579205 
vt 0.29592058062553406 0.00333207193762064 
vt 0.3051554262638092 0.007827905006706715 
vt 0.30527693033218384 0.0034535808954387903 
vt 0.7894982695579529 0.0029675450641661882 
vt 0.7893767356872559 0.006248287856578827 
vt 0.7802634239196777 0.002360000042244792 
vt 0.7802634239196777 0.005640742834657431 
vt 0.3739306330680847 0.4649447500705719 
vt 0.37174344062805176 0.4649447500705719 
vt 0.3739306330680847 0.276362806558609 
vt 0.37174344062805176 0.27648431062698364 
vt 0.3739306330680847 0.151573047041893 
vt 0.37174344062805176 0.151573047041893 
vt 0.3739306330680847 0.024231620132923126 
vt 0.3739306330680847 0.6265517473220825 
vt 0.37174344062805176 0.6265517473220825 
vt 0.3739306330680847 0.751462996006012 
vt 0.37174344062805176 0.751462996006012 
vt 0.3739306330680847 0.7696893215179443 
vt 0.37174344062805176 0.7696893215179443 
vt 0.3739306330680847 0.8786829113960266 
vt 0.37174344062805176 0.8788044452667236 
vt 0.3739306330680847 0.8959372043609619 
vt 0.37174344062805176 0.8959372043609619 
vt 0.37174344062805176 0.024231620132923126 
vt 0.3739306330680847 0.006977342069149017 
vt 0.37174344062805176 0.007098850794136524 
vt 0.7152550220489502 0.016576552763581276 
vt 0.7130678296089172 0.017062589526176453 
vt 0.7142829298973083 0.012202229350805283 
vt 0.7119742631912231 0.012809773907065392 
vt 0.37137889862060547 0.0027245269156992435 
vt 0.3735660910606384 0.002603017957881093 
vt 0.37174344062805176 0.007098850794136524 
vt 0.3739306330680847 0.006977342069149017 
vt 0.6955702304840088 0.07247069478034973 
vt 0.6922894716262817 0.0723491832613945 
vt 0.6955702304840088 0.0646941140294075 
vt 0.6922894716262817 0.06445109844207764 
vt 0.3468336760997772 0.4389418363571167 
vt 0.3605644404888153 0.4275199770927429 
vt 0.3468336760997772 0.4656738042831421 
vt 0.3605644404888153 0.47660961747169495 
vt 0.6922894716262817 0.31014230847358704 
vt 0.6922894716262817 0.1531526744365692 
vt 0.814408004283905 0.31014230847358704 
vt 0.814408004283905 0.1531526744365692 
vt 0.09870821982622147 0.15169456601142883 
vt 0.09870821982622147 0.13334670662879944 
vt 0.1172994077205658 0.15169456601142883 
vt 0.1172994077205658 0.13334670662879944 
vt 0.09870821982622147 0.02386709302663803 
vt 0.1172994077205658 0.02386709302663803 
vt 0.1172994077205658 0.006612814962863922 
vt 0.09870821982622147 0.006612814962863922 
vt 0.07744380086660385 0.15169456601142883 
vt 0.07744380086660385 0.13334670662879944 
vt 0.09870821982622147 0.15169456601142883 
vt 0.09870821982622147 0.13334670662879944 
vt 0.07744380086660385 0.02386709302663803 
vt 0.09870821982622147 0.02386709302663803 
vt 0.09870821982622147 0.006612814962863922 
vt 0.07744380086660385 0.006612814962863922 
vt 0.3985973596572876 0.9120978713035583 
vt 0.3981113135814667 0.9215756058692932 
vt 0.39604562520980835 0.9120978713035583 
vt 0.3955596089363098 0.9215756058692932 
vt 0.39762529730796814 0.930931806564331 
vt 0.3950735628604889 0.930931806564331 
vt 0.39762529730796814 0.9405310153961182 
vt 0.3950735628604889 0.9406524896621704 
vt 0.4309192895889282 0.9679920077323914 
vt 0.428367555141449 0.9679920077323914 
vt 0.4312838315963745 0.9774697422981262 
vt 0.4288536012172699 0.9773482084274292 
vt 0.4304332435131073 0.9395589232444763 
vt 0.4280030429363251 0.9395589232444763 
vt 0.4304332435131073 0.9489151239395142 
vt 0.42788150906562805 0.9489151239395142 
vt 0.39762529730796814 0.9405310153961182 
vt 0.3950735628604889 0.9406524896621704 
vt 0.3977468013763428 0.9498871564865112 
vt 0.3951950669288635 0.9500086903572083 
vt 0.3977468013763428 0.9593648910522461 
vt 0.3951950669288635 0.9593648910522461 
vt 0.29592058062553406 0.7701753973960876 
vt 0.29592058062553406 0.8791689276695251 
vt 0.3051554262638092 0.7702968716621399 
vt 0.3051554262638092 0.8792904615402222 
vt 0.3051554262638092 0.7702968716621399 
vt 0.3051554262638092 0.8792904615402222 
vt 0.31475478410720825 0.7702968716621399 
vt 0.31475478410720825 0.8792904615402222 
vt 0.32411113381385803 0.7702968716621399 
vt 0.32411113381385803 0.8792904615402222 
vt 0.3334674835205078 0.7702968716621399 
vt 0.3334674835205078 0.8792904615402222 
vt 0.34695520997047424 0.7702968716621399 
vt 0.34695520997047424 0.8792904615402222 
vt 0.28644272685050964 0.7701753973960876 
vt 0.28644272685050964 0.8791689276695251 
vt 0.29592058062553406 0.7701753973960876 
vt 0.29592058062553406 0.8791689276695251 
vt 0.4304332435131073 0.9489151239395142 
vt 0.42788150906562805 0.9489151239395142 
vt 0.43031173944473267 0.9586358070373535 
vt 0.42788150906562805 0.9586358070373535 
vt 0.4309192895889282 0.9679920077323914 
vt 0.428367555141449 0.9679920077323914 
vt 0.34695520997047424 0.8792904615402222 
vt 0.3605644404888153 0.8792904615402222 
vt 0.34695520997047424 0.7702968716621399 
vt 0.3605644404888153 0.7702968716621399 
vt 0.28644272685050964 0.7701753973960876 
vt 0.27732938528060913 0.7702968716621399 
vt 0.28644272685050964 0.8791689276695251 
vt 0.27732938528060913 0.8794119358062744 
vt 0.6653140187263489 0.5653111934661865 
vt 0.5431954860687256 0.5653111934661865 
vt 0.6653140187263489 0.7535286545753479 
vt 0.5431954860687256 0.7535286545753479 
vt 0.5431954860687256 0.7709044218063354 
vt 0.6653140187263489 0.7709044218063354 
vt 0.3034542500972748 0.9287446141242981 
vt 0.3051554262638092 0.9401664733886719 
vt 0.29932287335395813 0.9285016059875488 
vt 0.30138856172561646 0.9419891238212585 
vt 0.658509373664856 0.7797746062278748 
vt 0.658509373664856 0.7913179397583008 
vt 0.6543779969215393 0.7797746062278748 
vt 0.6543779969215393 0.7913179397583008 
vt 0.4886370301246643 0.9052934050559998 
vt 0.48681434988975525 0.9167152047157288 
vt 0.4847486615180969 0.9034707546234131 
vt 0.4826829731464386 0.9169582724571228 
vt 0.3468336760997772 0.7523135542869568 
vt 0.3605644404888153 0.7402841448783875 
vt 0.3468336760997772 0.7705398797988892 
vt 0.3605644404888153 0.7702968716621399 
vt 0.9314231276512146 0.08936044573783875 
vt 0.9297219514846802 0.1006607785820961 
vt 0.9276562929153442 0.08741629868745804 
vt 0.9255905747413635 0.1010253056883812 
vt 0.9722508192062378 0.5580206513404846 
vt 0.9722508192062378 0.5467203259468079 
vt 0.9763821959495544 0.5580206513404846 
vt 0.9763821959495544 0.5467203259468079 
vt 0.3468336760997772 0.5880333781242371 
vt 0.3605644404888153 0.5760039687156677 
vt 0.3468336760997772 0.6274023056030273 
vt 0.3605644404888153 0.6385810971260071 
vt 0.2928828001022339 0.9287446141242981 
vt 0.2945839464664459 0.9401664733886719 
vt 0.28875142335891724 0.9285016059875488 
vt 0.29081711173057556 0.9419891238212585 
vt 0.9722508192062378 0.5467203259468079 
vt 0.9722508192062378 0.4470829367637634 
vt 0.9763821959495544 0.5467203259468079 
vt 0.9763821959495544 0.4470829367637634 
vt 0.658509373664856 0.8933854699134827 
vt 0.658509373664856 0.9051718711853027 
vt 0.6543779969215393 0.8933854699134827 
vt 0.6543779969215393 0.9051718711853027 
vt 0.6930184960365295 0.6972699761390686 
vt 0.6935045719146729 0.6969054341316223 
vt 0.6920464634895325 0.7015227675437927 
vt 0.6932615637779236 0.7007937431335449 
vt 0.878808856010437 0.013538828119635582 
vt 0.886585533618927 0.002360000042244792 
vt 0.878808856010437 0.11281168460845947 
vt 0.886585533618927 0.12459805607795715 
vt 0.8959419131278992 0.002360000042244792 
vt 0.8959419131278992 0.12459805607795715 
vt 0.9094296097755432 0.002360000042244792 
vt 0.9094296097755432 0.12471956014633179 
vt 0.9094296097755432 0.002360000042244792 
vt 0.9094296097755432 0.12471956014633179 
vt 0.9208516478538513 0.013417319394648075 
vt 0.9208516478538513 0.11269017308950424 
vt 0.43699485063552856 0.8982458710670471 
vt 0.43699485063552856 0.7734560966491699 
vt 0.4254513084888458 0.8870670199394226 
vt 0.4254513084888458 0.7853639721870422 
vt 0.43699485063552856 0.7734560966491699 
vt 0.43699485063552856 0.8982458710670471 
vt 0.450361043214798 0.7734560966491699 
vt 0.450361043214798 0.8983673453330994 
vt 0.4598389267921448 0.7734560966491699 
vt 0.4598389267921448 0.8983673453330994 
vt 0.46761560440063477 0.78524249792099 
vt 0.46761560440063477 0.8869455456733704 
vt 0.9722508192062378 0.4470829367637634 
vt 0.9763821959495544 0.4470829367637634 
vt 0.9722508192062378 0.43529656529426575 
vt 0.9763821959495544 0.43529656529426575 
vt 0.28875142335891724 0.9285016059875488 
vt 0.2928828001022339 0.9287446141242981 
vt 0.2897235155105591 0.9150140881538391 
vt 0.29385489225387573 0.9153786301612854 
vt 0.2904525697231293 0.9056578874588013 
vt 0.2945839464664459 0.9059008955955505 
vt 0.7824506163597107 0.9737029671669006 
vt 0.7860959768295288 0.9737029671669006 
vt 0.7824506163597107 0.871635377407074 
vt 0.7860959768295288 0.871635377407074 
vt 0.48450565338134766 0.9398019313812256 
vt 0.4886370301246643 0.9395589232444763 
vt 0.4837765693664551 0.9304457306861877 
vt 0.48790794610977173 0.9300811886787415 
vt 0.4826829731464386 0.9169582724571228 
vt 0.48681434988975525 0.9167152047157288 
vt 0.9297219514846802 0.1006607785820961 
vt 0.9255905747413635 0.1010253056883812 
vt 0.930694043636322 0.11414828151464462 
vt 0.9266842007637024 0.11439129710197449 
vt 0.9314231276512146 0.12350447475910187 
vt 0.9274132251739502 0.12386900186538696 
vt 0.658509373664856 0.7913179397583008 
vt 0.6543779969215393 0.7913179397583008 
vt 0.658509373664856 0.8933854699134827 
vt 0.6543779969215393 0.8933854699134827 
vt 0.3051554262638092 0.9059008955955505 
vt 0.30102404952049255 0.9056578874588013 
vt 0.3044263422489166 0.9153786301612854 
vt 0.3002949655056 0.9150140881538391 
vt 0.3034542500972748 0.9287446141242981 
vt 0.29932287335395813 0.9285016059875488 
vt 0.9892623424530029 0.002360000042244792 
vt 0.9856170415878296 0.002360000042244792 
vt 0.9892623424530029 0.10199738293886185 
vt 0.9856170415878296 0.10199738293886185 
vt 0.3051554262638092 0.8966662287712097 
vt 0.3051554262638092 0.8795334696769714 
vt 0.2957990765571594 0.8966662287712097 
vt 0.2957990765571594 0.8794119358062744 
vt 0.3605644404888153 0.8965447545051575 
vt 0.3605644404888153 0.8792904615402222 
vt 0.3468336760997772 0.8967877626419067 
vt 0.3468336760997772 0.8795334696769714 
vt 0.2957990765571594 0.8966662287712097 
vt 0.2957990765571594 0.8794119358062744 
vt 0.28644272685050964 0.8965447545051575 
vt 0.28644272685050964 0.8794119358062744 
vt 0.37137889862060547 0.9000685214996338 
vt 0.37174344062805176 0.8959372043609619 
vt 0.37016379833221436 0.9000685214996338 
vt 0.370285302400589 0.8959372043609619 
vt 0.3468336760997772 0.8967877626419067 
vt 0.3468336760997772 0.8795334696769714 
vt 0.3334674835205078 0.8967877626419067 
vt 0.3334674835205078 0.8795334696769714 
vt 0.32411113381385803 0.8967877626419067 
vt 0.32411113381385803 0.8795334696769714 
vt 0.31475478410720825 0.8966662287712097 
vt 0.31475478410720825 0.8795334696769714 
vt 0.3051554262638092 0.8966662287712097 
vt 0.3051554262638092 0.8795334696769714 
vt 0.28644272685050964 0.8965447545051575 
vt 0.28644272685050964 0.8794119358062744 
vt 0.27732938528060913 0.8965447545051575 
vt 0.27732938528060913 0.8794119358062744 
vt 0.09992333501577377 0.27186694741249084 
vt 0.11486918479204178 0.27186694741249084 
vt 0.09992333501577377 0.15679794549942017 
vt 0.11486918479204178 0.15679794549942017 
vt 0.08254726231098175 0.27186694741249084 
vt 0.09992333501577377 0.27186694741249084 
vt 0.08254726231098175 0.15679794549942017 
vt 0.09992333501577377 0.15679794549942017 
vt 0.09992333501577377 0.15679794549942017 
vt 0.09870821982622147 0.15169456601142883 
vt 0.08254726231098175 0.15679794549942017 
vt 0.07744380086660385 0.15169456601142883 
vt 0.11486918479204178 0.15679794549942017 
vt 0.1172994077205658 0.15169456601142883 
vt 0.09992333501577377 0.15679794549942017 
vt 0.09870821982622147 0.15169456601142883 
vt 0.08254726231098175 0.15679794549942017 
vt 0.07744380086660385 0.15169456601142883 
vt 0.08254726231098175 0.27186694741249084 
vt 0.07744380086660385 0.2769703269004822 
vt 0.4779440462589264 0.7734560966491699 
vt 0.47235456109046936 0.7788025140762329 
vt 0.4779440462589264 0.8982458710670471 
vt 0.47235456109046936 0.8933854699134827 
vt 0.1172994077205658 0.2769703269004822 
vt 0.11486918479204178 0.27186694741249084 
vt 0.09870821982622147 0.2769703269004822 
vt 0.09992333501577377 0.27186694741249084 
vt 0.09870821982622147 0.2769703269004822 
vt 0.09992333501577377 0.27186694741249084 
vt 0.07744380086660385 0.2769703269004822 
vt 0.08254726231098175 0.27186694741249084 
vt 0.28644272685050964 0.9006760120391846 
vt 0.28644272685050964 0.8965447545051575 
vt 0.2776939272880554 0.9006760120391846 
vt 0.27732938528060913 0.8965447545051575 
vt 0.7767395973205566 0.7069907188415527 
vt 0.7767395973205566 0.710271418094635 
vt 0.7848808169364929 0.7068691849708557 
vt 0.7856099009513855 0.7101499438285828 
vt 0.37016379833221436 0.9000685214996338 
vt 0.370285302400589 0.8959372043609619 
vt 0.35995686054229736 0.9006760120391846 
vt 0.3605644404888153 0.8965447545051575 
vt 0.6935045719146729 0.6969054341316223 
vt 0.6932615637779236 0.7007937431335449 
vt 0.7048050761222839 0.7052895426750183 
vt 0.7033469676971436 0.7083272933959961 
vt 0.6738197803497314 0.6704164743423462 
vt 0.6769790649414062 0.6695659160614014 
vt 0.6700529456138611 0.6493954062461853 
vt 0.6733337640762329 0.6490309238433838 
vt 0.09870821982622147 0.006612814962863922 
vt 0.09834369271993637 0.002360000042244792 
vt 0.07744380086660385 0.006612814962863922 
vt 0.07732228934764862 0.002360000042244792 
vt 0.6811104416847229 0.6888858675956726 
vt 0.6840267181396484 0.6873062252998352 
vt 0.6738197803497314 0.6704164743423462 
vt 0.6769790649414062 0.6695659160614014 
vt 0.1172994077205658 0.006612814962863922 
vt 0.11669185012578964 0.002360000042244792 
vt 0.09870821982622147 0.006612814962863922 
vt 0.09834369271993637 0.002360000042244792 
vt 0.6700529456138611 0.6413758397102356 
vt 0.6733337640762329 0.6412543058395386 
vt 0.6700529456138611 0.6353003978729248 
vt 0.6733337640762329 0.635421872138977 
vt 0.07744380086660385 0.006612814962863922 
vt 0.07732228934764862 0.002360000042244792 
vt 0.06942407041788101 0.006612814962863922 
vt 0.06942407041788101 0.002360000042244792 
vt 0.06334852427244186 0.006612814962863922 
vt 0.0634700357913971 0.002360000042244792 
vt 0.055450305342674255 0.002360000042244792 
vt 0.05532879754900932 0.006612814962863922 
vt 0.8050516843795776 0.6990926265716553 
vt 0.7980040311813354 0.7049250602722168 
vt 0.8018923997879028 0.6975129842758179 
vt 0.796302855014801 0.7021303176879883 
vt 0.25691553950309753 0.8955726623535156 
vt 0.2646922469139099 0.8960586786270142 
vt 0.2583736777305603 0.8997039794921875 
vt 0.26529979705810547 0.900189995765686 
vt 0.6647064685821533 0.7751572132110596 
vt 0.5438030362129211 0.7751572132110596 
vt 0.6653140187263489 0.7709044218063354 
vt 0.5431954860687256 0.7709044218063354 
vt 0.8018923997879028 0.6975129842758179 
vt 0.8018923997879028 0.5791631937026978 
vt 0.8050516843795776 0.6990926265716553 
vt 0.8050516843795776 0.5775836110115051 
vt 0.2776939272880554 0.9006760120391846 
vt 0.26529979705810547 0.900189995765686 
vt 0.27732938528060913 0.8965447545051575 
vt 0.2646922469139099 0.8960586786270142 
vt 0.7848808169364929 0.7068691849708557 
vt 0.796302855014801 0.7021303176879883 
vt 0.7856099009513855 0.7101499438285828 
vt 0.7980040311813354 0.7049250602722168 
vt 0.13054411113262177 0.006612814962863922 
vt 0.1172994077205658 0.006612814962863922 
vt 0.1287214457988739 0.002360000042244792 
vt 0.11669185012578964 0.002360000042244792 
vt 0.6897377371788025 0.7010367512702942 
vt 0.6811104416847229 0.6888858675956726 
vt 0.6907098293304443 0.696662425994873 
vt 0.6840267181396484 0.6873062252998352 
vt 0.31475478410720825 0.9007975459098816 
vt 0.30527693033218384 0.9007975459098816 
vt 0.31475478410720825 0.8966662287712097 
vt 0.3051554262638092 0.8966662287712097 
vt 0.7580268979072571 0.7113650441169739 
vt 0.7484275102615356 0.7113650441169739 
vt 0.7580268979072571 0.7080842852592468 
vt 0.7485490441322327 0.7080842852592468 
vt 0.7391927242279053 0.7113650441169739 
vt 0.7391927242279053 0.7080842852592468 
vt 0.35995686054229736 0.9006760120391846 
vt 0.3605644404888153 0.8965447545051575 
vt 0.3467121720314026 0.9009190797805786 
vt 0.3468336760997772 0.8967877626419067 
vt 0.7048050761222839 0.7052895426750183 
vt 0.7033469676971436 0.7083272933959961 
vt 0.7169561982154846 0.7080842852592468 
vt 0.7164701223373413 0.7113650441169739 
vt 0.3467121720314026 0.9009190797805786 
vt 0.3468336760997772 0.8967877626419067 
vt 0.3334674835205078 0.9009190797805786 
vt 0.3334674835205078 0.8967877626419067 
vt 0.7169561982154846 0.7080842852592468 
vt 0.7164701223373413 0.7113650441169739 
vt 0.7298363447189331 0.7080842852592468 
vt 0.7298363447189331 0.7113650441169739 
vt 0.29592058062553406 0.9007975459098816 
vt 0.2957990765571594 0.8966662287712097 
vt 0.28644272685050964 0.9006760120391846 
vt 0.28644272685050964 0.8965447545051575 
vt 0.7671402096748352 0.7074767351150513 
vt 0.7672617435455322 0.7107574939727783 
vt 0.7767395973205566 0.7069907188415527 
vt 0.7767395973205566 0.710271418094635 
vt 0.32411113381385803 0.9009190797805786 
vt 0.32411113381385803 0.8967877626419067 
vt 0.31475478410720825 0.9007975459098816 
vt 0.31475478410720825 0.8966662287712097 
vt 0.3334674835205078 0.9009190797805786 
vt 0.3334674835205078 0.8967877626419067 
vt 0.32411113381385803 0.9009190797805786 
vt 0.32411113381385803 0.8967877626419067 
vt 0.7298363447189331 0.7080842852592468 
vt 0.7298363447189331 0.7113650441169739 
vt 0.7391927242279053 0.7080842852592468 
vt 0.7391927242279053 0.7113650441169739 
vt 0.30527693033218384 0.9007975459098816 
vt 0.3051554262638092 0.8966662287712097 
vt 0.29592058062553406 0.9007975459098816 
vt 0.2957990765571594 0.8966662287712097 
vt 0.7580268979072571 0.7080842852592468 
vt 0.7580268979072571 0.7113650441169739 
vt 0.7671402096748352 0.7074767351150513 
vt 0.7672617435455322 0.7107574939727783 
vt 0.6897377371788025 0.7010367512702942 
vt 0.6920464634895325 0.7015227675437927 
vt 0.6907098293304443 0.696662425994873 
vt 0.6930184960365295 0.6972699761390686 
vt 0.3739306330680847 0.8959372043609619 
vt 0.37174344062805176 0.8959372043609619 
vt 0.3735660910606384 0.9000685214996338 
vt 0.37137889862060547 0.9000685214996338 
vt 0.6700529456138611 0.6493954062461853 
vt 0.6733337640762329 0.6490309238433838 
vt 0.6700529456138611 0.6413758397102356 
vt 0.6733337640762329 0.6412543058395386 
vt 0.13747023046016693 0.006612814962863922 
vt 0.13747023046016693 0.02386709302663803 
vt 0.1389283686876297 0.006612814962863922 
vt 0.1389283686876297 0.02386709302663803 
vt 0.1389283686876297 0.15169456601142883 
vt 0.13747023046016693 0.15169456601142883 
vt 0.1389283686876297 0.2769703269004822 
vt 0.13747023046016693 0.2769703269004822 
vt 0.1389283686876297 0.466159850358963 
vt 0.13747023046016693 0.466159850358963 
vt 0.13747023046016693 0.6283743977546692 
vt 0.1389283686876297 0.6283743977546692 
vt 0.13747023046016693 0.7536501288414001 
vt 0.1389283686876297 0.7536501288414001 
vt 0.13747023046016693 0.7719979882240295 
vt 0.1389283686876297 0.7719979882240295 
vt 0.13747023046016693 0.8814775943756104 
vt 0.1389283686876297 0.8814775943756104 
vt 0.1389283686876297 0.8987318873405457 
vt 0.13747023046016693 0.8987318873405457 
vt 0.2316412627696991 0.006612814962863922 
vt 0.2316412627696991 0.02386709302663803 
vt 0.24452142417430878 0.006612814962863922 
vt 0.24452142417430878 0.02386709302663803 
vt 0.24452142417430878 0.13334670662879944 
vt 0.2316412627696991 0.13334670662879944 
vt 0.24452142417430878 0.20576606690883636 
vt 0.2316412627696991 0.20576606690883636 
vt 0.24452142417430878 0.37065377831459045 
vt 0.2316412627696991 0.37065377831459045 
vt 0.2316412627696991 0.5276433825492859 
vt 0.24452142417430878 0.5276433825492859 
vt 0.2316412627696991 0.6932601928710938 
vt 0.24452142417430878 0.6931386590003967 
vt 0.2316412627696991 0.7719979882240295 
vt 0.24452142417430878 0.7719979882240295 
vt 0.2316412627696991 0.8814775943756104 
vt 0.24452142417430878 0.8814775943756104 
vt 0.24452142417430878 0.8987318873405457 
vt 0.2316412627696991 0.8987318873405457 
vt 0.47575685381889343 0.9120978713035583 
vt 0.4733266234397888 0.9120978713035583 
vt 0.47539231181144714 0.9215756058692932 
vt 0.4728405773639679 0.9215756058692932 
vt 0.4747847616672516 0.930931806564331 
vt 0.47235456109046936 0.930931806564331 
vt 0.4749062657356262 0.9405310153961182 
vt 0.47235456109046936 0.9405310153961182 
vt 0.4749062657356262 0.9498871564865112 
vt 0.472476065158844 0.9498871564865112 
vt 0.4063740670681 0.9679920077323914 
vt 0.4038223326206207 0.9679920077323914 
vt 0.40673860907554626 0.9774697422981262 
vt 0.404186874628067 0.9773482084274292 
vt 0.40588802099227905 0.9395589232444763 
vt 0.4033362865447998 0.9395589232444763 
vt 0.40588802099227905 0.9489151239395142 
vt 0.4033362865447998 0.9489151239395142 
vt 0.21317158639431 0.13334670662879944 
vt 0.21317158639431 0.02386709302663803 
vt 0.20393675565719604 0.13334670662879944 
vt 0.20393675565719604 0.02386709302663803 
vt 0.20393675565719604 0.13334670662879944 
vt 0.20393675565719604 0.02386709302663803 
vt 0.1943373829126358 0.13334670662879944 
vt 0.1943373829126358 0.02386709302663803 
vt 0.18498103320598602 0.13334670662879944 
vt 0.18498103320598602 0.02386709302663803 
vt 0.17562468349933624 0.13334670662879944 
vt 0.17562468349933624 0.02386709302663803 
vt 0.162136971950531 0.13334670662879944 
vt 0.162136971950531 0.02386709302663803 
vt 0.2226494401693344 0.13334670662879944 
vt 0.2226494401693344 0.02386709302663803 
vt 0.21317158639431 0.13334670662879944 
vt 0.21317158639431 0.02386709302663803 
vt 0.40588802099227905 0.9489151239395142 
vt 0.4033362865447998 0.9489151239395142 
vt 0.4057665169239044 0.9586358070373535 
vt 0.40321478247642517 0.9586358070373535 
vt 0.4063740670681 0.9679920077323914 
vt 0.4038223326206207 0.9679920077323914 
vt 0.162136971950531 0.02386709302663803 
vt 0.14852772653102875 0.02386709302663803 
vt 0.162136971950531 0.13334670662879944 
vt 0.14852772653102875 0.13334670662879944 
vt 0.4749062657356262 0.9498871564865112 
vt 0.472476065158844 0.9498871564865112 
vt 0.47502779960632324 0.9593648910522461 
vt 0.472476065158844 0.9593648910522461 
vt 0.2226494401693344 0.13334670662879944 
vt 0.2316412627696991 0.13334670662879944 
vt 0.2226494401693344 0.02386709302663803 
vt 0.2316412627696991 0.02386709302663803 
vt 0.05532879754900932 0.7536501288414001 
vt 0.03418588265776634 0.7536501288414001 
vt 0.05532879754900932 0.8814775943756104 
vt 0.03418588265776634 0.8814775943756104 
vt 0.03418588265776634 0.8987318873405457 
vt 0.05532879754900932 0.8987318873405457 
vt 0.03418588265776634 0.7536501288414001 
vt 0.03418588265776634 0.8814775943756104 
vt 0.015594699420034885 0.7536501288414001 
vt 0.015594699420034885 0.8814775943756104 
vt 0.015594699420034885 0.8987318873405457 
vt 0.03418588265776634 0.8987318873405457 
vt 0.015594699420034885 0.8987318873405457 
vt 0.0023499999660998583 0.8987318873405457 
vt 0.015594699420034885 0.8814775943756104 
vt 0.0023499999660998583 0.8814775943756104 
vt 0.015594699420034885 0.7536501288414001 
vt 0.0023499999660998583 0.7536501288414001 
vt 0.015594699420034885 0.6283743977546692 
vt 0.0023499999660998583 0.6283743977546692 
vt 0.015594699420034885 0.43918484449386597 
vt 0.0023499999660998583 0.43918484449386597 
vt 0.0023499999660998583 0.2769703269004822 
vt 0.015594699420034885 0.2769703269004822 
vt 0.0023499999660998583 0.15169456601142883 
vt 0.015594699420034885 0.15169456601142883 
vt 0.0023499999660998583 0.13334670662879944 
vt 0.015594699420034885 0.13334670662879944 
vt 0.0023499999660998583 0.02386709302663803 
vt 0.015594699420034885 0.02386709302663803 
vt 0.0023499999660998583 0.006612814962863922 
vt 0.015594699420034885 0.006612814962863922 
vt 0.20393675565719604 0.13334670662879944 
vt 0.20393675565719604 0.20576606690883636 
vt 0.21317158639431 0.13334670662879944 
vt 0.21317158639431 0.20576606690883636 
vt 0.20393675565719604 0.37065377831459045 
vt 0.21317158639431 0.37065377831459045 
vt 0.21317158639431 0.5276433825492859 
vt 0.20393675565719604 0.5276433825492859 
vt 0.21317158639431 0.6932601928710938 
vt 0.20393675565719604 0.6932601928710938 
vt 0.21317158639431 0.7719979882240295 
vt 0.20393675565719604 0.7719979882240295 
vt 0.32459717988967896 0.9287446141242981 
vt 0.3204658031463623 0.9285016059875488 
vt 0.326298326253891 0.9401664733886719 
vt 0.32253149151802063 0.9419891238212585 
vt 0.6366374492645264 0.9051718711853027 
vt 0.6407687664031982 0.9051718711853027 
vt 0.6366374492645264 0.8936285376548767 
vt 0.6407687664031982 0.8936285376548767 
vt 0.21317158639431 0.13334670662879944 
vt 0.21317158639431 0.20576606690883636 
vt 0.2226494401693344 0.13334670662879944 
vt 0.2226494401693344 0.20576606690883636 
vt 0.21317158639431 0.37065377831459045 
vt 0.2226494401693344 0.37065377831459045 
vt 0.2226494401693344 0.5276433825492859 
vt 0.21317158639431 0.5276433825492859 
vt 0.2226494401693344 0.6932601928710938 
vt 0.21317158639431 0.6932601928710938 
vt 0.2226494401693344 0.7719979882240295 
vt 0.21317158639431 0.7719979882240295 
vt 0.26286959648132324 0.9074805378913879 
vt 0.2591027319431305 0.9056578874588013 
vt 0.2610469162464142 0.9187808632850647 
vt 0.25691553950309753 0.919145405292511 
vt 0.162136971950531 0.15169456601142883 
vt 0.162136971950531 0.13334670662879944 
vt 0.14852772653102875 0.1634809374809265 
vt 0.14852772653102875 0.13334670662879944 
vt 0.4525482654571533 0.9049288630485535 
vt 0.44865989685058594 0.9029846787452698 
vt 0.45072558522224426 0.9162291884422302 
vt 0.4465942084789276 0.9165937304496765 
vt 0.2226494401693344 0.13334670662879944 
vt 0.2226494401693344 0.20576606690883636 
vt 0.2316412627696991 0.13334670662879944 
vt 0.2316412627696991 0.20576606690883636 
vt 0.2226494401693344 0.37065377831459045 
vt 0.2316412627696991 0.37065377831459045 
vt 0.2316412627696991 0.5276433825492859 
vt 0.2226494401693344 0.5276433825492859 
vt 0.2316412627696991 0.6932601928710938 
vt 0.2226494401693344 0.6932601928710938 
vt 0.2316412627696991 0.7719979882240295 
vt 0.2226494401693344 0.7719979882240295 
vt 0.9809995889663696 0.5580206513404846 
vt 0.9851309657096863 0.5580206513404846 
vt 0.9809995889663696 0.5467203259468079 
vt 0.9851309657096863 0.5467203259468079 
vt 0.162136971950531 0.3164607584476471 
vt 0.162136971950531 0.2769703269004822 
vt 0.14852772653102875 0.3283686339855194 
vt 0.14852772653102875 0.2655484974384308 
vt 0.35631152987480164 0.9287446141242981 
vt 0.3521801829338074 0.9285016059875488 
vt 0.3581342101097107 0.9401664733886719 
vt 0.35436737537384033 0.9419891238212585 
vt 0.9809995889663696 0.5467203259468079 
vt 0.9851309657096863 0.5467203259468079 
vt 0.9809995889663696 0.4470829367637634 
vt 0.9851309657096863 0.4470829367637634 
vt 0.6366374492645264 0.7916824817657471 
vt 0.6407687664031982 0.7916824817657471 
vt 0.6366374492645264 0.7797746062278748 
vt 0.6407687664031982 0.7797746062278748 
vt 0.7152550220489502 0.1343187689781189 
vt 0.7142829298973083 0.1385715901851654 
vt 0.7157410979270935 0.1339542418718338 
vt 0.7154980301856995 0.13784253597259521 
vt 0.015594699420034885 0.6283743977546692 
vt 0.03418588265776634 0.6283743977546692 
vt 0.015594699420034885 0.43918484449386597 
vt 0.03418588265776634 0.43918484449386597 
vt 0.03418588265776634 0.2769703269004822 
vt 0.015594699420034885 0.2769703269004822 
vt 0.03418588265776634 0.6283743977546692 
vt 0.03418588265776634 0.43918484449386597 
vt 0.05532879754900932 0.6283743977546692 
vt 0.05532879754900932 0.43918484449386597 
vt 0.05532879754900932 0.2769703269004822 
vt 0.03418588265776634 0.2769703269004822 
vt 0.5852382779121399 0.8913198709487915 
vt 0.5774615406990051 0.9024986624717712 
vt 0.5852382779121399 0.7916824817657471 
vt 0.5774615406990051 0.7797746062278748 
vt 0.5679836869239807 0.9024986624717712 
vt 0.5679836869239807 0.7797746062278748 
vt 0.5546175241470337 0.9024986624717712 
vt 0.5546175241470337 0.7797746062278748 
vt 0.5546175241470337 0.9024986624717712 
vt 0.5546175241470337 0.7797746062278748 
vt 0.5431954860687256 0.8913198709487915 
vt 0.5431954860687256 0.7916824817657471 
vt 0.821212649345398 0.5605723261833191 
vt 0.821212649345398 0.43529656529426575 
vt 0.8097906112670898 0.5491505265235901 
vt 0.8097906112670898 0.4470829367637634 
vt 0.821212649345398 0.43529656529426575 
vt 0.821212649345398 0.5605723261833191 
vt 0.834578812122345 0.43529656529426575 
vt 0.834578812122345 0.5605723261833191 
vt 0.8440567255020142 0.43529656529426575 
vt 0.8440567255020142 0.5605723261833191 
vt 0.8518334031105042 0.4470829367637634 
vt 0.8518334031105042 0.5491505265235901 
vt 0.9809995889663696 0.4470829367637634 
vt 0.9851309657096863 0.4470829367637634 
vt 0.9809995889663696 0.43529656529426575 
vt 0.9851309657096863 0.43529656529426575 
vt 0.3521801829338074 0.9285016059875488 
vt 0.35631152987480164 0.9287446141242981 
vt 0.35327377915382385 0.9150140881538391 
vt 0.3574051558971405 0.9153786301612854 
vt 0.35400283336639404 0.9056578874588013 
vt 0.3581342101097107 0.9059008955955505 
vt 0.7989761233329773 0.44440972805023193 
vt 0.7953307628631592 0.44440972805023193 
vt 0.7989761233329773 0.5464773178100586 
vt 0.7953307628631592 0.5464773178100586 
vt 0.2587382197380066 0.9419891238212585 
vt 0.26286959648132324 0.9416245818138123 
vt 0.258009135723114 0.9326329231262207 
vt 0.26214051246643066 0.9322683811187744 
vt 0.25691553950309753 0.919145405292511 
vt 0.2610469162464142 0.9187808632850647 
vt 0.45072558522224426 0.9162291884422302 
vt 0.4465942084789276 0.9165937304496765 
vt 0.45181918144226074 0.9297167062759399 
vt 0.4476878046989441 0.9299597144126892 
vt 0.4525482654571533 0.9390729069709778 
vt 0.44841688871383667 0.9394373893737793 
vt 0.6366374492645264 0.8936285376548767 
vt 0.6407687664031982 0.8936285376548767 
vt 0.6366374492645264 0.7916824817657471 
vt 0.6407687664031982 0.7916824817657471 
vt 0.326298326253891 0.9059008955955505 
vt 0.322288453578949 0.9056578874588013 
vt 0.3255692720413208 0.9153786301612854 
vt 0.3215593993663788 0.9150140881538391 
vt 0.32459717988967896 0.9287446141242981 
vt 0.3204658031463623 0.9285016059875488 
vt 0.8027429580688477 0.871635377407074 
vt 0.7990975975990295 0.871635377407074 
vt 0.8027429580688477 0.9713943004608154 
vt 0.7990975975990295 0.9713943004608154 
vt 0.20393675565719604 0.006612814962863922 
vt 0.20393675565719604 0.02386709302663803 
vt 0.21317158639431 0.006612814962863922 
vt 0.21317158639431 0.02386709302663803 
vt 0.14852772653102875 0.006612814962863922 
vt 0.14852772653102875 0.02386709302663803 
vt 0.162136971950531 0.006612814962863922 
vt 0.162136971950531 0.02386709302663803 
vt 0.21317158639431 0.006612814962863922 
vt 0.21317158639431 0.02386709302663803 
vt 0.2226494401693344 0.006612814962863922 
vt 0.2226494401693344 0.02386709302663803 
vt 0.13783475756645203 0.002360000042244792 
vt 0.13747023046016693 0.006612814962863922 
vt 0.13904987275600433 0.002360000042244792 
vt 0.1389283686876297 0.006612814962863922 
vt 0.162136971950531 0.006612814962863922 
vt 0.162136971950531 0.02386709302663803 
vt 0.17562468349933624 0.006612814962863922 
vt 0.17562468349933624 0.02386709302663803 
vt 0.18498103320598602 0.006612814962863922 
vt 0.18498103320598602 0.02386709302663803 
vt 0.1943373829126358 0.006612814962863922 
vt 0.1943373829126358 0.02386709302663803 
vt 0.20393675565719604 0.006612814962863922 
vt 0.20393675565719604 0.02386709302663803 
vt 0.2226494401693344 0.006612814962863922 
vt 0.2226494401693344 0.02386709302663803 
vt 0.2316412627696991 0.006612814962863922 
vt 0.2316412627696991 0.02386709302663803 
vt 0.032970771193504333 0.6335992813110352 
vt 0.01802491955459118 0.6335992813110352 
vt 0.032970771193504333 0.7485467791557312 
vt 0.01802491955459118 0.7485467791557312 
vt 0.050346843898296356 0.6335992813110352 
vt 0.032970771193504333 0.6335992813110352 
vt 0.050346843898296356 0.7485467791557312 
vt 0.032970771193504333 0.7485467791557312 
vt 0.032970771193504333 0.7485467791557312 
vt 0.03418588265776634 0.7536501288414001 
vt 0.050346843898296356 0.7485467791557312 
vt 0.05532879754900932 0.7536501288414001 
vt 0.01802491955459118 0.7485467791557312 
vt 0.015594699420034885 0.7536501288414001 
vt 0.032970771193504333 0.7485467791557312 
vt 0.03418588265776634 0.7536501288414001 
vt 0.050346843898296356 0.7485467791557312 
vt 0.05532879754900932 0.7536501288414001 
vt 0.050346843898296356 0.6335992813110352 
vt 0.05532879754900932 0.6283743977546692 
vt 0.48839399218559265 0.7734560966491699 
vt 0.4826829731464386 0.7785595059394836 
vt 0.48839399218559265 0.8987318873405457 
vt 0.4826829731464386 0.8936285376548767 
vt 0.015594699420034885 0.6283743977546692 
vt 0.01802491955459118 0.6335992813110352 
vt 0.03418588265776634 0.6283743977546692 
vt 0.032970771193504333 0.6335992813110352 
vt 0.03418588265776634 0.6283743977546692 
vt 0.032970771193504333 0.6335992813110352 
vt 0.05532879754900932 0.6283743977546692 
vt 0.050346843898296356 0.6335992813110352 
vt 0.2226494401693344 0.002360000042244792 
vt 0.2226494401693344 0.006612814962863922 
vt 0.23139823973178864 0.002360000042244792 
vt 0.2316412627696991 0.006612814962863922 
vt 0.7989761233329773 0.14403949677944183 
vt 0.7989761233329773 0.1473202407360077 
vt 0.8071173429489136 0.143917977809906 
vt 0.8078464269638062 0.14719872176647186 
vt 0.13904987275600433 0.002360000042244792 
vt 0.1389283686876297 0.006612814962863922 
vt 0.1491352915763855 0.002360000042244792 
vt 0.14852772653102875 0.006612814962863922 
vt 0.7157410979270935 0.1339542418718338 
vt 0.7154980301856995 0.13784253597259521 
vt 0.7270416021347046 0.142338365316391 
vt 0.7255834937095642 0.1453760862350464 
vt 0.6960563063621521 0.10746528208255768 
vt 0.6992155909538269 0.10649321228265762 
vt 0.6922894716262817 0.08644422888755798 
vt 0.6955702304840088 0.08607970178127289 
vt 0.03418588265776634 0.8987318873405457 
vt 0.034550413489341736 0.9029846787452698 
vt 0.05532879754900932 0.8987318873405457 
vt 0.055450305342674255 0.9029846787452698 
vt 0.7033469676971436 0.12581314146518707 
vt 0.7062632441520691 0.12435503304004669 
vt 0.6960563063621521 0.10746528208255768 
vt 0.6992155909538269 0.10649321228265762 
vt 0.015594699420034885 0.8987318873405457 
vt 0.016202254220843315 0.9029846787452698 
vt 0.03418588265776634 0.8987318873405457 
vt 0.034550413489341736 0.9029846787452698 
vt 0.8272881507873535 0.13614140450954437 
vt 0.8241288661956787 0.13456179201602936 
vt 0.8202405571937561 0.1419738382101059 
vt 0.8185393810272217 0.13917914032936096 
vt 0.25229811668395996 0.006612814962863922 
vt 0.2509615123271942 0.002360000042244792 
vt 0.24452142417430878 0.006612814962863922 
vt 0.2437923550605774 0.002360000042244792 
vt 0.23139823973178864 0.002360000042244792 
vt 0.2316412627696991 0.006612814962863922 
vt 0.2437923550605774 0.002360000042244792 
vt 0.24452142417430878 0.006612814962863922 
vt 0.8071173429489136 0.143917977809906 
vt 0.8078464269638062 0.14719872176647186 
vt 0.8185393810272217 0.13917914032936096 
vt 0.8202405571937561 0.1419738382101059 
vt 0.0023499999660998583 0.8987318873405457 
vt 0.004051154013723135 0.9029846787452698 
vt 0.015594699420034885 0.8987318873405457 
vt 0.016202254220843315 0.9029846787452698 
vt 0.7119742631912231 0.13796404004096985 
vt 0.7130678296089172 0.13371123373508453 
vt 0.7033469676971436 0.12581314146518707 
vt 0.7062632441520691 0.12435503304004669 
vt 0.20393675565719604 0.006612814962863922 
vt 0.20381523668766022 0.002360000042244792 
vt 0.1943373829126358 0.006612814962863922 
vt 0.1943373829126358 0.002360000042244792 
vt 0.18498103320598602 0.006612814962863922 
vt 0.18498103320598602 0.002360000042244792 
vt 0.7802634239196777 0.14841382205486298 
vt 0.7802634239196777 0.14513307809829712 
vt 0.7706640362739563 0.14841382205486298 
vt 0.7707855701446533 0.14513307809829712 
vt 0.7614291906356812 0.14841382205486298 
vt 0.7614291906356812 0.14513307809829712 
vt 0.1491352915763855 0.002360000042244792 
vt 0.14852772653102875 0.006612814962863922 
vt 0.16225847601890564 0.002360000042244792 
vt 0.162136971950531 0.006612814962863922 
vt 0.7270416021347046 0.142338365316391 
vt 0.7255834937095642 0.1453760862350464 
vt 0.7391927242279053 0.14513307809829712 
vt 0.738706648349762 0.14841382205486298 
vt 0.16225847601890564 0.002360000042244792 
vt 0.162136971950531 0.006612814962863922 
vt 0.17562468349933624 0.002360000042244792 
vt 0.17562468349933624 0.006612814962863922 
vt 0.7391927242279053 0.14513307809829712 
vt 0.738706648349762 0.14841382205486298 
vt 0.7520728707313538 0.14513307809829712 
vt 0.7520728707313538 0.14841382205486298 
vt 0.21317158639431 0.002360000042244792 
vt 0.21317158639431 0.006612814962863922 
vt 0.2226494401693344 0.002360000042244792 
vt 0.2226494401693344 0.006612814962863922 
vt 0.7893767356872559 0.14452552795410156 
vt 0.7894982695579529 0.14780627191066742 
vt 0.7989761233329773 0.14403949677944183 
vt 0.7989761233329773 0.1473202407360077 
vt 0.17562468349933624 0.002360000042244792 
vt 0.17562468349933624 0.006612814962863922 
vt 0.18498103320598602 0.002360000042244792 
vt 0.18498103320598602 0.006612814962863922 
vt 0.7520728707313538 0.14513307809829712 
vt 0.7520728707313538 0.14841382205486298 
vt 0.7614291906356812 0.14513307809829712 
vt 0.7614291906356812 0.14841382205486298 
vt 0.20381523668766022 0.002360000042244792 
vt 0.20393675565719604 0.006612814962863922 
vt 0.21317158639431 0.002360000042244792 
vt 0.21317158639431 0.006612814962863922 
vt 0.7802634239196777 0.14513307809829712 
vt 0.7802634239196777 0.14841382205486298 
vt 0.7893767356872559 0.14452552795410156 
vt 0.7894982695579529 0.14780627191066742 
vt 0.13747023046016693 0.006612814962863922 
vt 0.13516151905059814 0.006612814962863922 
vt 0.13747023046016693 0.02386709302663803 
vt 0.13516151905059814 0.02386709302663803 
vt 0.13747023046016693 0.15169456601142883 
vt 0.13516151905059814 0.15169456601142883 
vt 0.13747023046016693 0.2769703269004822 
vt 0.13516151905059814 0.2769703269004822 
vt 0.13747023046016693 0.466159850358963 
vt 0.13516151905059814 0.466159850358963 
vt 0.13516151905059814 0.6283743977546692 
vt 0.13747023046016693 0.6283743977546692 
vt 0.13516151905059814 0.7536501288414001 
vt 0.13747023046016693 0.7536501288414001 
vt 0.13516151905059814 0.7719979882240295 
vt 0.13747023046016693 0.7719979882240295 
vt 0.13516151905059814 0.8814775943756104 
vt 0.13747023046016693 0.8814775943756104 
vt 0.13516151905059814 0.8987318873405457 
vt 0.13747023046016693 0.8987318873405457 
vt 0.7119742631912231 0.13796404004096985 
vt 0.7130678296089172 0.13371123373508453 
vt 0.7142829298973083 0.1385715901851654 
vt 0.7152550220489502 0.1343187689781189 
vt 0.13516151905059814 0.006612814962863922 
vt 0.13564756512641907 0.002360000042244792 
vt 0.13747023046016693 0.006612814962863922 
vt 0.13783475756645203 0.002360000042244792 
vt 0.6922894716262817 0.08644422888755798 
vt 0.6922894716262817 0.07842463254928589 
vt 0.6955702304840088 0.08607970178127289 
vt 0.6955702304840088 0.07830312848091125 
vt 0.14852772653102875 0.47733867168426514 
vt 0.14852772653102875 0.42800602316856384 
vt 0.162136971950531 0.466159850358963 
vt 0.162136971950531 0.43918484449386597 
vt 0.03418588265776634 0.15169456601142883 
vt 0.015594699420034885 0.15169456601142883 
vt 0.03418588265776634 0.13334670662879944 
vt 0.015594699420034885 0.13334670662879944 
vt 0.03418588265776634 0.02386709302663803 
vt 0.015594699420034885 0.02386709302663803 
vt 0.015594699420034885 0.006612814962863922 
vt 0.03418588265776634 0.006612814962863922 
vt 0.05532879754900932 0.15169456601142883 
vt 0.05532879754900932 0.13334670662879944 
vt 0.03418588265776634 0.15169456601142883 
vt 0.03418588265776634 0.13334670662879944 
vt 0.05532879754900932 0.02386709302663803 
vt 0.03418588265776634 0.02386709302663803 
vt 0.03418588265776634 0.006612814962863922 
vt 0.05532879754900932 0.006612814962863922 
vt 0.37879106402397156 0.9489151239395142 
vt 0.3786695599555969 0.9586358070373535 
vt 0.38122129440307617 0.9489151239395142 
vt 0.38122129440307617 0.9586358070373535 
vt 0.3792771100997925 0.9679920077323914 
vt 0.3817073404788971 0.9679920077323914 
vt 0.37964165210723877 0.9773482084274292 
vt 0.382193386554718 0.9774697422981262 
vt 0.4124496281147003 0.9120978713035583 
vt 0.41487985849380493 0.9120978713035583 
vt 0.4119635820388794 0.9215756058692932 
vt 0.41451531648635864 0.9215756058692932 
vt 0.41147753596305847 0.9406524896621704 
vt 0.4140292704105377 0.9405310153961182 
vt 0.4115990400314331 0.9500086903572083 
vt 0.4140292704105377 0.9498871564865112 
vt 0.38122129440307617 0.9489151239395142 
vt 0.37879106402397156 0.9489151239395142 
vt 0.3813427984714508 0.9395589232444763 
vt 0.37879106402397156 0.9395589232444763 
vt 0.3813427984714508 0.9302027225494385 
vt 0.3789125978946686 0.9302027225494385 
vt 0.20393675565719604 0.8814775943756104 
vt 0.20393675565719604 0.7719979882240295 
vt 0.21317158639431 0.8814775943756104 
vt 0.21317158639431 0.7719979882240295 
vt 0.162136971950531 0.8814775943756104 
vt 0.162136971950531 0.7719979882240295 
vt 0.17562468349933624 0.8814775943756104 
vt 0.17562468349933624 0.7719979882240295 
vt 0.18498103320598602 0.8814775943756104 
vt 0.18498103320598602 0.7719979882240295 
vt 0.1943373829126358 0.8814775943756104 
vt 0.1943373829126358 0.7719979882240295 
vt 0.20393675565719604 0.8814775943756104 
vt 0.20393675565719604 0.7719979882240295 
vt 0.21317158639431 0.8814775943756104 
vt 0.21317158639431 0.7719979882240295 
vt 0.2226494401693344 0.8814775943756104 
vt 0.2226494401693344 0.7719979882240295 
vt 0.4140292704105377 0.9405310153961182 
vt 0.41147753596305847 0.9406524896621704 
vt 0.4140292704105377 0.930931806564331 
vt 0.41147753596305847 0.930931806564331 
vt 0.41451531648635864 0.9215756058692932 
vt 0.4119635820388794 0.9215756058692932 
vt 0.14852772653102875 0.7719979882240295 
vt 0.162136971950531 0.7719979882240295 
vt 0.14852772653102875 0.8814775943756104 
vt 0.162136971950531 0.8814775943756104 
vt 0.2316412627696991 0.8814775943756104 
vt 0.2226494401693344 0.8814775943756104 
vt 0.2316412627696991 0.7719979882240295 
vt 0.2226494401693344 0.7719979882240295 
vt 0.3331029415130615 0.9056578874588013 
vt 0.3369912803173065 0.9074805378913879 
vt 0.3310372531414032 0.919145405292511 
vt 0.33516862988471985 0.9187808632850647 
vt 0.958763062953949 0.4467184245586395 
vt 0.9546316862106323 0.4467184245586395 
vt 0.958763062953949 0.43529656529426575 
vt 0.9546316862106323 0.43529656529426575 
vt 0.26760852336883545 0.9285016059875488 
vt 0.2716183662414551 0.9287446141242981 
vt 0.2696742117404938 0.9419891238212585 
vt 0.27344104647636414 0.9401664733886719 
vt 0.14852772653102875 0.7719979882240295 
vt 0.14852772653102875 0.7418637871742249 
vt 0.162136971950531 0.7719979882240295 
vt 0.162136971950531 0.7536501288414001 
vt 0.46166157722473145 0.9259499311447144 
vt 0.4657929539680481 0.9261929392814636 
vt 0.4638487696647644 0.9394373893737793 
vt 0.46761560440063477 0.9376147985458374 
vt 0.9633805155754089 0.5467203259468079 
vt 0.9675118923187256 0.5467203259468079 
vt 0.9633805155754089 0.5580206513404846 
vt 0.9675118923187256 0.5580206513404846 
vt 0.14852772653102875 0.6399177312850952 
vt 0.14852772653102875 0.5769760608673096 
vt 0.162136971950531 0.6283743977546692 
vt 0.162136971950531 0.5888839364051819 
vt 0.34379589557647705 0.9056578874588013 
vt 0.3475627601146698 0.9074805378913879 
vt 0.3416087031364441 0.919145405292511 
vt 0.34574007987976074 0.9187808632850647 
vt 0.9633805155754089 0.4470829367637634 
vt 0.9675118923187256 0.4470829367637634 
vt 0.9633805155754089 0.5467203259468079 
vt 0.9675118923187256 0.5467203259468079 
vt 0.958763062953949 0.5605723261833191 
vt 0.9546316862106323 0.5605723261833191 
vt 0.958763062953949 0.5487859845161438 
vt 0.9546316862106323 0.5487859845161438 
vt 0.6932615637779236 0.5758824944496155 
vt 0.6935045719146729 0.5797707438468933 
vt 0.6920464634895325 0.5752749443054199 
vt 0.6930184960365295 0.579527735710144 
vt 0.6205979585647583 0.7797746062278748 
vt 0.6205979585647583 0.9024986624717712 
vt 0.6071102619171143 0.7797746062278748 
vt 0.6071102619171143 0.9024986624717712 
vt 0.5977538824081421 0.7797746062278748 
vt 0.5977538824081421 0.9024986624717712 
vt 0.5899772047996521 0.7916824817657471 
vt 0.5899772047996521 0.8913198709487915 
vt 0.6320199966430664 0.7916824817657471 
vt 0.6320199966430664 0.8913198709487915 
vt 0.6205979585647583 0.7797746062278748 
vt 0.6205979585647583 0.9024986624717712 
vt 0.8320271372795105 0.11584940552711487 
vt 0.8320271372795105 0.013781845569610596 
vt 0.8434491157531738 0.12763577699661255 
vt 0.8434491157531738 0.002360000042244792 
vt 0.8434491157531738 0.12763577699661255 
vt 0.8434491157531738 0.002360000042244792 
vt 0.8569368720054626 0.12763577699661255 
vt 0.8569368720054626 0.002360000042244792 
vt 0.86629319190979 0.12763577699661255 
vt 0.86629319190979 0.002360000042244792 
vt 0.8740699291229248 0.11584940552711487 
vt 0.8740699291229248 0.013781845569610596 
vt 0.9633805155754089 0.43529656529426575 
vt 0.9675118923187256 0.43529656529426575 
vt 0.9633805155754089 0.4470829367637634 
vt 0.9675118923187256 0.4470829367637634 
vt 0.3416087031364441 0.919145405292511 
vt 0.34574007987976074 0.9187808632850647 
vt 0.34270229935646057 0.9325113892555237 
vt 0.3468336760997772 0.9322683811187744 
vt 0.34343138337135315 0.9419891238212585 
vt 0.3475627601146698 0.9416245818138123 
vt 0.7741878628730774 0.871635377407074 
vt 0.7778332233428955 0.871635377407074 
vt 0.7741878628730774 0.9737029671669006 
vt 0.7778332233428955 0.9737029671669006 
vt 0.2693096697330475 0.9056578874588013 
vt 0.27344104647636414 0.9059008955955505 
vt 0.2685806155204773 0.9150140881538391 
vt 0.27271196246147156 0.9153786301612854 
vt 0.26760852336883545 0.9285016059875488 
vt 0.2716183662414551 0.9287446141242981 
vt 0.4657929539680481 0.9261929392814636 
vt 0.46166157722473145 0.9259499311447144 
vt 0.4668865501880646 0.9127054214477539 
vt 0.4627551734447479 0.9124624133110046 
vt 0.46761560440063477 0.9033492207527161 
vt 0.4634842574596405 0.9029846787452698 
vt 0.958763062953949 0.5487859845161438 
vt 0.9546316862106323 0.5487859845161438 
vt 0.958763062953949 0.4467184245586395 
vt 0.9546316862106323 0.4467184245586395 
vt 0.3369912803173065 0.9416245818138123 
vt 0.33285993337631226 0.9419891238212585 
vt 0.33626222610473633 0.9322683811187744 
vt 0.3321308493614197 0.9325113892555237 
vt 0.33516862988471985 0.9187808632850647 
vt 0.3310372531414032 0.919145405292511 
vt 0.790834903717041 0.871635377407074 
vt 0.7943586707115173 0.871635377407074 
vt 0.790834903717041 0.9713943004608154 
vt 0.7943586707115173 0.9713943004608154 
vt 0.21317158639431 0.8814775943756104 
vt 0.21317158639431 0.8987318873405457 
vt 0.20393675565719604 0.8814775943756104 
vt 0.20393675565719604 0.8987318873405457 
vt 0.162136971950531 0.8814775943756104 
vt 0.162136971950531 0.8987318873405457 
vt 0.14852772653102875 0.8814775943756104 
vt 0.14852772653102875 0.8987318873405457 
vt 0.2226494401693344 0.8814775943756104 
vt 0.2226494401693344 0.8987318873405457 
vt 0.21317158639431 0.8814775943756104 
vt 0.21317158639431 0.8987318873405457 
vt 0.1389283686876297 0.8987318873405457 
vt 0.13904987275600433 0.9029846787452698 
vt 0.13747023046016693 0.8987318873405457 
vt 0.13783475756645203 0.9029846787452698 
vt 0.20393675565719604 0.8814775943756104 
vt 0.20393675565719604 0.8987318873405457 
vt 0.1943373829126358 0.8814775943756104 
vt 0.1943373829126358 0.8987318873405457 
vt 0.18498103320598602 0.8814775943756104 
vt 0.18498103320598602 0.8987318873405457 
vt 0.17562468349933624 0.8814775943756104 
vt 0.17562468349933624 0.8987318873405457 
vt 0.162136971950531 0.8814775943756104 
vt 0.162136971950531 0.8987318873405457 
vt 0.2316412627696991 0.8814775943756104 
vt 0.2316412627696991 0.8987318873405457 
vt 0.2226494401693344 0.8814775943756104 
vt 0.2226494401693344 0.8987318873405457 
vt 0.01802491955459118 0.15679794549942017 
vt 0.032970771193504333 0.15679794549942017 
vt 0.01802491955459118 0.27186694741249084 
vt 0.032970771193504333 0.27186694741249084 
vt 0.032970771193504333 0.15679794549942017 
vt 0.050346843898296356 0.15679794549942017 
vt 0.032970771193504333 0.27186694741249084 
vt 0.050346843898296356 0.27186694741249084 
vt 0.05532879754900932 0.15169456601142883 
vt 0.050346843898296356 0.15679794549942017 
vt 0.03418588265776634 0.15169456601142883 
vt 0.032970771193504333 0.15679794549942017 
vt 0.03418588265776634 0.15169456601142883 
vt 0.032970771193504333 0.15679794549942017 
vt 0.015594699420034885 0.15169456601142883 
vt 0.01802491955459118 0.15679794549942017 
vt 0.05532879754900932 0.2769703269004822 
vt 0.050346843898296356 0.27186694741249084 
vt 0.05532879754900932 0.15169456601142883 
vt 0.050346843898296356 0.15679794549942017 
vt 0.4930114150047302 0.7785595059394836 
vt 0.4987224340438843 0.7734560966491699 
vt 0.4930114150047302 0.8936285376548767 
vt 0.4987224340438843 0.8987318873405457 
vt 0.032970771193504333 0.27186694741249084 
vt 0.03418588265776634 0.2769703269004822 
vt 0.01802491955459118 0.27186694741249084 
vt 0.015594699420034885 0.2769703269004822 
vt 0.050346843898296356 0.27186694741249084 
vt 0.05532879754900932 0.2769703269004822 
vt 0.032970771193504333 0.27186694741249084 
vt 0.03418588265776634 0.2769703269004822 
vt 0.2316412627696991 0.8987318873405457 
vt 0.23139823973178864 0.9029846787452698 
vt 0.2226494401693344 0.8987318873405457 
vt 0.2226494401693344 0.9029846787452698 
vt 0.7856099009513855 0.5665262937545776 
vt 0.7848808169364929 0.5698070526123047 
vt 0.7767395973205566 0.5664047598838806 
vt 0.7767395973205566 0.5696855187416077 
vt 0.14852772653102875 0.8987318873405457 
vt 0.1491352915763855 0.9029846787452698 
vt 0.1389283686876297 0.8987318873405457 
vt 0.13904987275600433 0.9029846787452698 
vt 0.7033469676971436 0.5683489441871643 
vt 0.7048050761222839 0.5713866353034973 
vt 0.6932615637779236 0.5758824944496155 
vt 0.6935045719146729 0.5797707438468933 
vt 0.6733337640762329 0.6276453137397766 
vt 0.6700529456138611 0.6274023056030273 
vt 0.6769790649414062 0.6072317957878113 
vt 0.6738197803497314 0.6062597036361694 
vt 0.055450305342674255 0.002360000042244792 
vt 0.05532879754900932 0.006612814962863922 
vt 0.034550413489341736 0.002360000042244792 
vt 0.03418588265776634 0.006612814962863922 
vt 0.6769790649414062 0.6072317957878113 
vt 0.6738197803497314 0.6062597036361694 
vt 0.6840267181396484 0.5894914865493774 
vt 0.6811104416847229 0.58791184425354 
vt 0.034550413489341736 0.002360000042244792 
vt 0.03418588265776634 0.006612814962863922 
vt 0.016202254220843315 0.002360000042244792 
vt 0.015594699420034885 0.006612814962863922 
vt 0.796302855014801 0.5745458602905273 
vt 0.7980040311813354 0.5717511773109436 
vt 0.8018923997879028 0.5791631937026978 
vt 0.8050516843795776 0.5775836110115051 
vt 0.2437923550605774 0.9029846787452698 
vt 0.24452142417430878 0.8987318873405457 
vt 0.2509615123271942 0.9029846787452698 
vt 0.25229811668395996 0.8987318873405457 
vt 0.24452142417430878 0.8987318873405457 
vt 0.2437923550605774 0.9029846787452698 
vt 0.2316412627696991 0.8987318873405457 
vt 0.23139823973178864 0.9029846787452698 
vt 0.7980040311813354 0.5717511773109436 
vt 0.796302855014801 0.5745458602905273 
vt 0.7856099009513855 0.5665262937545776 
vt 0.7848808169364929 0.5698070526123047 
vt 0.016202254220843315 0.002360000042244792 
vt 0.015594699420034885 0.006612814962863922 
vt 0.004051154013723135 0.002360000042244792 
vt 0.0023499999660998583 0.006612814962863922 
vt 0.6840267181396484 0.5894914865493774 
vt 0.6811104416847229 0.58791184425354 
vt 0.6907098293304443 0.5800138115882874 
vt 0.6897377371788025 0.5757609605789185 
vt 0.20393675565719604 0.8987318873405457 
vt 0.20381523668766022 0.9029846787452698 
vt 0.1943373829126358 0.8987318873405457 
vt 0.1943373829126358 0.9029846787452698 
vt 0.7580268979072571 0.5653111934661865 
vt 0.7580268979072571 0.5685919523239136 
vt 0.7484275102615356 0.5653111934661865 
vt 0.7485490441322327 0.5685919523239136 
vt 0.7391927242279053 0.5653111934661865 
vt 0.7391927242279053 0.5685919523239136 
vt 0.162136971950531 0.8987318873405457 
vt 0.16225847601890564 0.9029846787452698 
vt 0.14852772653102875 0.8987318873405457 
vt 0.1491352915763855 0.9029846787452698 
vt 0.7164701223373413 0.5653111934661865 
vt 0.7169561982154846 0.5685919523239136 
vt 0.7033469676971436 0.5683489441871643 
vt 0.7048050761222839 0.5713866353034973 
vt 0.17562468349933624 0.8987318873405457 
vt 0.17562468349933624 0.9029846787452698 
vt 0.162136971950531 0.8987318873405457 
vt 0.16225847601890564 0.9029846787452698 
vt 0.7298363447189331 0.5653111934661865 
vt 0.7298363447189331 0.5685919523239136 
vt 0.7164701223373413 0.5653111934661865 
vt 0.7169561982154846 0.5685919523239136 
vt 0.2226494401693344 0.8987318873405457 
vt 0.2226494401693344 0.9029846787452698 
vt 0.21317158639431 0.8987318873405457 
vt 0.21317158639431 0.9029846787452698 
vt 0.7767395973205566 0.5664047598838806 
vt 0.7767395973205566 0.5696855187416077 
vt 0.7672617435455322 0.5659187436103821 
vt 0.7671402096748352 0.5691995024681091 
vt 0.1943373829126358 0.8987318873405457 
vt 0.1943373829126358 0.9029846787452698 
vt 0.18498103320598602 0.8987318873405457 
vt 0.18498103320598602 0.9029846787452698 
vt 0.18498103320598602 0.8987318873405457 
vt 0.18498103320598602 0.9029846787452698 
vt 0.17562468349933624 0.8987318873405457 
vt 0.17562468349933624 0.9029846787452698 
vt 0.7391927242279053 0.5653111934661865 
vt 0.7391927242279053 0.5685919523239136 
vt 0.7298363447189331 0.5653111934661865 
vt 0.7298363447189331 0.5685919523239136 
vt 0.21317158639431 0.8987318873405457 
vt 0.21317158639431 0.9029846787452698 
vt 0.20393675565719604 0.8987318873405457 
vt 0.20381523668766022 0.9029846787452698 
vt 0.7672617435455322 0.5659187436103821 
vt 0.7671402096748352 0.5691995024681091 
vt 0.7580268979072571 0.5653111934661865 
vt 0.7580268979072571 0.5685919523239136 
vt 0.6930184960365295 0.579527735710144 
vt 0.6907098293304443 0.5800138115882874 
vt 0.6920464634895325 0.5752749443054199 
vt 0.6897377371788025 0.5757609605789185 
vt 0.13783475756645203 0.9029846787452698 
vt 0.13564756512641907 0.9029846787452698 
vt 0.13747023046016693 0.8987318873405457 
vt 0.13516151905059814 0.8987318873405457 
vt 0.6733337640762329 0.635421872138977 
vt 0.6700529456138611 0.6353003978729248 
vt 0.6733337640762329 0.6276453137397766 
vt 0.6700529456138611 0.6274023056030273 
vt 0.9244970083236694 0.44404521584510803 
vt 0.9291144013404846 0.44404521584510803 
vt 0.9244970083236694 0.5264283418655396 
vt 0.9291144013404846 0.5264283418655396 
vt 0.7180497646331787 0.44866254925727844 
vt 0.7133108377456665 0.44866254925727844 
vt 0.7182928323745728 0.440885990858078 
vt 0.7135539054870605 0.440885990858078 
vt 0.9244970083236694 0.4373622238636017 
vt 0.9291144013404846 0.4373622238636017 
vt 0.9244970083236694 0.44404521584510803 
vt 0.9291144013404846 0.44404521584510803 
vt 0.7699350118637085 0.4485410451889038 
vt 0.7651960849761963 0.4485410451889038 
vt 0.7699350118637085 0.44076448678970337 
vt 0.7651960849761963 0.44076448678970337 
vt 0.9291144013404846 0.5332328081130981 
vt 0.9244970083236694 0.5332328081130981 
vt 0.9291144013404846 0.5264283418655396 
vt 0.9244970083236694 0.5264283418655396 
vt 0.7651960849761963 0.4485410451889038 
vt 0.7699350118637085 0.4485410451889038 
vt 0.7651960849761963 0.5259422659873962 
vt 0.7699350118637085 0.5259422659873962 
vt 0.712824821472168 0.5259422659873962 
vt 0.7174422144889832 0.5259422659873962 
vt 0.712824821472168 0.5366351008415222 
vt 0.7175637483596802 0.5366351008415222 
vt 0.712824821472168 0.5366351008415222 
vt 0.7175637483596802 0.5366351008415222 
vt 0.7130678296089172 0.5462343096733093 
vt 0.7178067564964294 0.5463557839393616 
vt 0.7130678296089172 0.5462343096733093 
vt 0.7178067564964294 0.5463557839393616 
vt 0.7135539054870605 0.5540108680725098 
vt 0.7182928323745728 0.5540108680725098 
vt 0.9462474584579468 0.00406112615019083 
vt 0.950986385345459 0.00406112615019083 
vt 0.9462474584579468 0.012202229350805283 
vt 0.950986385345459 0.012202229350805283 
vt 0.9462474584579468 0.012202229350805283 
vt 0.950986385345459 0.012202229350805283 
vt 0.9462474584579468 0.021315403282642365 
vt 0.950986385345459 0.021315403282642365 
vt 0.7651960849761963 0.5259422659873962 
vt 0.7699350118637085 0.5259422659873962 
vt 0.7651960849761963 0.5366351008415222 
vt 0.7699350118637085 0.5366351008415222 
vt 0.7651960849761963 0.5366351008415222 
vt 0.7699350118637085 0.5366351008415222 
vt 0.7651960849761963 0.5461127758026123 
vt 0.7699350118637085 0.5461127758026123 
vt 0.7651960849761963 0.5461127758026123 
vt 0.7699350118637085 0.5461127758026123 
vt 0.7651960849761963 0.5537678599357605 
vt 0.7699350118637085 0.5537678599357605 
vt 0.950986385345459 0.08109783381223679 
vt 0.9462474584579468 0.08109783381223679 
vt 0.950986385345459 0.07283522188663483 
vt 0.9462474584579468 0.07283522188663483 
vt 0.950986385345459 0.07283522188663483 
vt 0.9462474584579468 0.07283522188663483 
vt 0.950986385345459 0.06372204422950745 
vt 0.9462474584579468 0.06372204422950745 
vt 0.7133108377456665 0.44866254925727844 
vt 0.7180497646331787 0.44866254925727844 
vt 0.712824821472168 0.5259422659873962 
vt 0.7174422144889832 0.5259422659873962 
vt 0.9462474584579468 0.021315403282642365 
vt 0.950986385345459 0.021315403282642365 
vt 0.9462474584579468 0.06372204422950745 
vt 0.950986385345459 0.06372204422950745 
vt 0.9462474584579468 0.06372204422950745 
vt 0.9462474584579468 0.07283522188663483 
vt 0.9424806237220764 0.06457260996103287 
vt 0.9424806237220764 0.07417181879281998 
vt 0.9313015937805176 0.907602071762085 
vt 0.9313015937805176 0.866410493850708 
vt 0.9370126128196716 0.907602071762085 
vt 0.9370126128196716 0.866410493850708 
vt 0.6978789567947388 0.4026106595993042 
vt 0.6922894716262817 0.4026106595993042 
vt 0.6984865069389343 0.32739657163619995 
vt 0.6927754878997803 0.32739657163619995 
vt 0.9209731817245483 0.9368857145309448 
vt 0.9209731817245483 0.8566897511482239 
vt 0.9266842007637024 0.9368857145309448 
vt 0.9266842007637024 0.8566897511482239 
vt 0.9778403043746948 0.907602071762085 
vt 0.9778403043746948 0.9164721965789795 
vt 0.9717647433280945 0.907602071762085 
vt 0.9717647433280945 0.9164721965789795 
vt 0.9778403043746948 0.9164721965789795 
vt 0.9778403043746948 0.924491822719574 
vt 0.9717647433280945 0.9164721965789795 
vt 0.9717647433280945 0.924491822719574 
vt 0.790713369846344 0.31779736280441284 
vt 0.790713369846344 0.32508790493011475 
vt 0.7846378087997437 0.31779736280441284 
vt 0.7846378087997437 0.32508790493011475 
vt 0.790713369846344 0.32508790493011475 
vt 0.790713369846344 0.3344441056251526 
vt 0.7846378087997437 0.32508790493011475 
vt 0.7846378087997437 0.3344441056251526 
vt 0.790713369846344 0.3344441056251526 
vt 0.790713369846344 0.3447723686695099 
vt 0.7846378087997437 0.3344441056251526 
vt 0.7846378087997437 0.3447723686695099 
vt 0.9313015937805176 0.866410493850708 
vt 0.9313015937805176 0.8575403690338135 
vt 0.9370126128196716 0.866410493850708 
vt 0.9370126128196716 0.8575403690338135 
vt 0.9313015937805176 0.8575403690338135 
vt 0.9313015937805176 0.849520742893219 
vt 0.9370126128196716 0.8575403690338135 
vt 0.9370126128196716 0.849520742893219 
vt 0.6930184960365295 0.42995017766952515 
vt 0.692532479763031 0.422416627407074 
vt 0.6987295150756836 0.42995017766952515 
vt 0.6982434988021851 0.422416627407074 
vt 0.692532479763031 0.422416627407074 
vt 0.6922894716262817 0.41306042671203613 
vt 0.6982434988021851 0.422416627407074 
vt 0.6980004906654358 0.41306042671203613 
vt 0.6922894716262817 0.41306042671203613 
vt 0.6922894716262817 0.4026106595993042 
vt 0.6980004906654358 0.41306042671203613 
vt 0.6978789567947388 0.4026106595993042 
vt 0.7846378087997437 0.3447723686695099 
vt 0.790713369846344 0.3447723686695099 
vt 0.7846378087997437 0.4201079308986664 
vt 0.790713369846344 0.4201079308986664 
vt 0.9266842007637024 0.9368857145309448 
vt 0.9266842007637024 0.9434472322463989 
vt 0.9209731817245483 0.9368857145309448 
vt 0.9209731817245483 0.9434472322463989 
vt 0.7441746592521667 0.4277630150318146 
vt 0.7441746592521667 0.4201079308986664 
vt 0.7498856782913208 0.4277630150318146 
vt 0.7498856782913208 0.4201079308986664 
vt 0.8800239562988281 0.8566897511482239 
vt 0.8800239562988281 0.8501282930374146 
vt 0.8860995173454285 0.8566897511482239 
vt 0.8860995173454285 0.8501282930374146 
vt 0.7394357323646545 0.3199845254421234 
vt 0.7391927242279053 0.3276395797729492 
vt 0.7333601713180542 0.3199845254421234 
vt 0.7331171631813049 0.3276395797729492 
vt 0.8800239562988281 0.9368857145309448 
vt 0.8800239562988281 0.8566897511482239 
vt 0.8860995173454285 0.9368857145309448 
vt 0.8860995173454285 0.8566897511482239 
vt 0.7498856782913208 0.4277630150318146 
vt 0.7498856782913208 0.4201079308986664 
vt 0.7559612393379211 0.4327448904514313 
vt 0.7559612393379211 0.4244822561740875 
vt 0.8898663520812988 0.1323746293783188 
vt 0.8898663520812988 0.1396651715040207 
vt 0.8841553330421448 0.13286066055297852 
vt 0.8841553330421448 0.14063724875450134 
vt 0.7610647082328796 0.4327448904514313 
vt 0.7610647082328796 0.4244822561740875 
vt 0.76483154296875 0.42958563566207886 
vt 0.76483154296875 0.4218090772628784 
vt 0.8974000215530396 0.9398019313812256 
vt 0.8974000215530396 0.8537735342979431 
vt 0.9011668562889099 0.9379792809486389 
vt 0.9011668562889099 0.8555961847305298 
vt 0.6987295150756836 0.31974151730537415 
vt 0.6984865069389343 0.32739657163619995 
vt 0.6930184960365295 0.31974151730537415 
vt 0.6927754878997803 0.32739657163619995 
vt 0.7045620679855347 0.31475964188575745 
vt 0.7043190598487854 0.3229007422924042 
vt 0.6987295150756836 0.31974151730537415 
vt 0.6984865069389343 0.32739657163619995 
vt 0.7135539054870605 0.3179188668727875 
vt 0.7133108377456665 0.32581695914268494 
vt 0.7096655368804932 0.3148811459541321 
vt 0.7094225287437439 0.3230222463607788 
vt 0.9209731817245483 0.8566897511482239 
vt 0.9209731817245483 0.8501282930374146 
vt 0.9266842007637024 0.8566897511482239 
vt 0.9266842007637024 0.8501282930374146 
vt 0.7219381332397461 0.3148811459541321 
vt 0.7216951251029968 0.3230222463607788 
vt 0.7182928323745728 0.3180403709411621 
vt 0.7180497646331787 0.32581695914268494 
vt 0.36275163292884827 0.9136775135993958 
vt 0.36275163292884827 0.9061439633369446 
vt 0.366396963596344 0.9134345054626465 
vt 0.366396963596344 0.9056578874588013 
vt 0.8320271372795105 0.14063724875450134 
vt 0.8320271372795105 0.13334670662879944 
vt 0.8377380967140198 0.14015120267868042 
vt 0.8377380967140198 0.1323746293783188 
vt 0.7333601713180542 0.3199845254421234 
vt 0.7331171631813049 0.3276395797729492 
vt 0.7270416021347046 0.3150026500225067 
vt 0.7266770601272583 0.32314375042915344 
vt 0.7846378087997437 0.4277630150318146 
vt 0.7846378087997437 0.4201079308986664 
vt 0.790713369846344 0.4277630150318146 
vt 0.790713369846344 0.4201079308986664 
vt 0.8057807087898254 0.4293426275253296 
vt 0.8057807087898254 0.42156603932380676 
vt 0.8114917278289795 0.4297071397304535 
vt 0.8114917278289795 0.4225381314754486 
vt 0.7784407734870911 0.4327448904514313 
vt 0.7784407734870911 0.4244822561740875 
vt 0.7846378087997437 0.4277630150318146 
vt 0.7846378087997437 0.4201079308986664 
vt 0.9063918590545654 0.13261765241622925 
vt 0.9063918590545654 0.14039422571659088 
vt 0.9028680324554443 0.1323746293783188 
vt 0.9028680324554443 0.13990819454193115 
vt 0.7695704698562622 0.42958563566207886 
vt 0.7695704698562622 0.4218090772628784 
vt 0.7733373045921326 0.4327448904514313 
vt 0.7733373045921326 0.4244822561740875 
vt 0.8860995173454285 0.9368857145309448 
vt 0.8860995173454285 0.9434472322463989 
vt 0.8800239562988281 0.9368857145309448 
vt 0.8800239562988281 0.9434472322463989 
vt 0.8860995173454285 0.9368857145309448 
vt 0.8860995173454285 0.8566897511482239 
vt 0.892296552658081 0.9398019313812256 
vt 0.892296552658081 0.8537735342979431 
vt 0.5713860392570496 0.9074805378913879 
vt 0.5713860392570496 0.9152570962905884 
vt 0.5678622126579285 0.9072375297546387 
vt 0.5678622126579285 0.9147710800170898 
vt 0.5467192530632019 0.9072375297546387 
vt 0.5467192530632019 0.9147710800170898 
vt 0.5431954860687256 0.9074805378913879 
vt 0.5431954860687256 0.9152570962905884 
vt 0.914776086807251 0.9398019313812256 
vt 0.914776086807251 0.8537735342979431 
vt 0.9209731817245483 0.9368857145309448 
vt 0.9209731817245483 0.8566897511482239 
vt 0.7441746592521667 0.3447723686695099 
vt 0.7498856782913208 0.3447723686695099 
vt 0.7441746592521667 0.4201079308986664 
vt 0.7498856782913208 0.4201079308986664 
vt 0.9656891822814941 0.8649523854255676 
vt 0.9656891822814941 0.8553531765937805 
vt 0.9717647433280945 0.866410493850708 
vt 0.9717647433280945 0.8575403690338135 
vt 0.7498856782913208 0.3447723686695099 
vt 0.7559612393379211 0.34380027651786804 
vt 0.7498856782913208 0.4201079308986664 
vt 0.7559612393379211 0.4244822561740875 
vt 0.9483131170272827 0.8649523854255676 
vt 0.9483131170272827 0.8553531765937805 
vt 0.9520799517631531 0.8658029437065125 
vt 0.9520799517631531 0.8566897511482239 
vt 0.7610647082328796 0.34380027651786804 
vt 0.76483154296875 0.3444078266620636 
vt 0.7610647082328796 0.4244822561740875 
vt 0.76483154296875 0.4218090772628784 
vt 0.7326310873031616 0.41318193078041077 
vt 0.7326310873031616 0.40285366773605347 
vt 0.738706648349762 0.4133034348487854 
vt 0.7385851740837097 0.40285366773605347 
vt 0.7037115097045898 0.40358272194862366 
vt 0.6978789567947388 0.4026106595993042 
vt 0.7043190598487854 0.3229007422924042 
vt 0.6984865069389343 0.32739657163619995 
vt 0.7261910438537598 0.4148830473423004 
vt 0.7261910438537598 0.4037042260169983 
vt 0.7326310873031616 0.41318193078041077 
vt 0.7326310873031616 0.40285366773605347 
vt 0.712824821472168 0.40309667587280273 
vt 0.7088149785995483 0.4037042260169983 
vt 0.7133108377456665 0.32581695914268494 
vt 0.7094225287437439 0.3230222463607788 
vt 0.7175637483596802 0.4137894809246063 
vt 0.7174422144889832 0.40309667587280273 
vt 0.7210875749588013 0.4148830473423004 
vt 0.7210875749588013 0.4037042260169983 
vt 0.7328741550445557 0.42265963554382324 
vt 0.7326310873031616 0.41318193078041077 
vt 0.7389496564865112 0.42265963554382324 
vt 0.738706648349762 0.4133034348487854 
vt 0.6980004906654358 0.41306042671203613 
vt 0.6978789567947388 0.4026106595993042 
vt 0.7038329839706421 0.4147615432739258 
vt 0.7037115097045898 0.40358272194862366 
vt 0.726434051990509 0.42496830224990845 
vt 0.7261910438537598 0.4148830473423004 
vt 0.7328741550445557 0.42265963554382324 
vt 0.7326310873031616 0.41318193078041077 
vt 0.7088149785995483 0.4147615432739258 
vt 0.7088149785995483 0.4037042260169983 
vt 0.712824821472168 0.4137894809246063 
vt 0.712824821472168 0.40309667587280273 
vt 0.7178067564964294 0.42338868975639343 
vt 0.7175637483596802 0.4137894809246063 
vt 0.7214521169662476 0.42496830224990845 
vt 0.7210875749588013 0.4148830473423004 
vt 0.7333601713180542 0.4300716817378998 
vt 0.7328741550445557 0.42265963554382324 
vt 0.7394357323646545 0.4301931858062744 
vt 0.7389496564865112 0.42265963554382324 
vt 0.6982434988021851 0.422416627407074 
vt 0.6980004906654358 0.41306042671203613 
vt 0.7040760517120361 0.4248467981815338 
vt 0.7038329839706421 0.4147615432739258 
vt 0.7270416021347046 0.43298789858818054 
vt 0.726434051990509 0.42496830224990845 
vt 0.7333601713180542 0.4300716817378998 
vt 0.7328741550445557 0.42265963554382324 
vt 0.7091794610023499 0.4248467981815338 
vt 0.7088149785995483 0.4147615432739258 
vt 0.7130678296089172 0.42338868975639343 
vt 0.712824821472168 0.4137894809246063 
vt 0.7182928323745728 0.43116524815559387 
vt 0.7178067564964294 0.42338868975639343 
vt 0.7219381332397461 0.43298789858818054 
vt 0.7214521169662476 0.42496830224990845 
vt 0.9717647433280945 0.8575403690338135 
vt 0.9717647433280945 0.849520742893219 
vt 0.9778403043746948 0.8575403690338135 
vt 0.9778403043746948 0.849520742893219 
vt 0.6987295150756836 0.42995017766952515 
vt 0.6982434988021851 0.422416627407074 
vt 0.7045620679855347 0.4328663945198059 
vt 0.7040760517120361 0.4248467981815338 
vt 0.9656891822814941 0.8553531765937805 
vt 0.9656891822814941 0.8468475341796875 
vt 0.9717647433280945 0.8575403690338135 
vt 0.9717647433280945 0.849520742893219 
vt 0.7096655368804932 0.4328663945198059 
vt 0.7091794610023499 0.4248467981815338 
vt 0.7135539054870605 0.43116524815559387 
vt 0.7130678296089172 0.42338868975639343 
vt 0.9568188786506653 0.8566897511482239 
vt 0.9568188786506653 0.8484271764755249 
vt 0.9605857729911804 0.8553531765937805 
vt 0.9605857729911804 0.8468475341796875 
vt 0.9717647433280945 0.866410493850708 
vt 0.9717647433280945 0.8575403690338135 
vt 0.9778403043746948 0.866410493850708 
vt 0.9778403043746948 0.8575403690338135 
vt 0.9483131170272827 0.8553531765937805 
vt 0.9483131170272827 0.8468475341796875 
vt 0.9520799517631531 0.8566897511482239 
vt 0.9520799517631531 0.8484271764755249 
vt 0.9568188786506653 0.8658029437065125 
vt 0.9568188786506653 0.8566897511482239 
vt 0.9605857729911804 0.8649523854255676 
vt 0.9605857729911804 0.8553531765937805 
vt 0.9370126128196716 0.866410493850708 
vt 0.9370126128196716 0.8575403690338135 
vt 0.9432096481323242 0.8649523854255676 
vt 0.9432096481323242 0.8553531765937805 
vt 0.9370126128196716 0.8575403690338135 
vt 0.9370126128196716 0.849520742893219 
vt 0.9432096481323242 0.8553531765937805 
vt 0.9432096481323242 0.8468475341796875 
vt 0.7498856782913208 0.3344441056251526 
vt 0.7498856782913208 0.3447723686695099 
vt 0.7441746592521667 0.3344441056251526 
vt 0.7441746592521667 0.3447723686695099 
vt 0.7784407734870911 0.34380027651786804 
vt 0.7846378087997437 0.3447723686695099 
vt 0.7784407734870911 0.4244822561740875 
vt 0.7846378087997437 0.4201079308986664 
vt 0.7559612393379211 0.33274295926094055 
vt 0.7559612393379211 0.34380027651786804 
vt 0.7498856782913208 0.3344441056251526 
vt 0.7498856782913208 0.3447723686695099 
vt 0.7695704698562622 0.3444078266620636 
vt 0.7733373045921326 0.34380027651786804 
vt 0.7695704698562622 0.4218090772628784 
vt 0.7733373045921326 0.4244822561740875 
vt 0.76483154296875 0.33383655548095703 
vt 0.76483154296875 0.3444078266620636 
vt 0.7610647082328796 0.33274295926094055 
vt 0.7610647082328796 0.34380027651786804 
vt 0.7498856782913208 0.32508790493011475 
vt 0.7498856782913208 0.3344441056251526 
vt 0.7441746592521667 0.32508790493011475 
vt 0.7441746592521667 0.3344441056251526 
vt 0.7846378087997437 0.3344441056251526 
vt 0.7846378087997437 0.3447723686695099 
vt 0.7784407734870911 0.33274295926094055 
vt 0.7784407734870911 0.34380027651786804 
vt 0.7559612393379211 0.32277923822402954 
vt 0.7559612393379211 0.33274295926094055 
vt 0.7498856782913208 0.32508790493011475 
vt 0.7498856782913208 0.3344441056251526 
vt 0.7733373045921326 0.33274295926094055 
vt 0.7733373045921326 0.34380027651786804 
vt 0.7695704698562622 0.33383655548095703 
vt 0.7695704698562622 0.3444078266620636 
vt 0.76483154296875 0.3242373466491699 
vt 0.76483154296875 0.33383655548095703 
vt 0.7610647082328796 0.32277923822402954 
vt 0.7610647082328796 0.33274295926094055 
vt 0.7498856782913208 0.31779736280441284 
vt 0.7498856782913208 0.32508790493011475 
vt 0.7441746592521667 0.31779736280441284 
vt 0.7441746592521667 0.32508790493011475 
vt 0.7846378087997437 0.32508790493011475 
vt 0.7846378087997437 0.3344441056251526 
vt 0.7784407734870911 0.32277923822402954 
vt 0.7784407734870911 0.33274295926094055 
vt 0.7559612393379211 0.31475964188575745 
vt 0.7559612393379211 0.32277923822402954 
vt 0.7498856782913208 0.31779736280441284 
vt 0.7498856782913208 0.32508790493011475 
vt 0.7733373045921326 0.32277923822402954 
vt 0.7733373045921326 0.33274295926094055 
vt 0.7695704698562622 0.3242373466491699 
vt 0.7695704698562622 0.33383655548095703 
vt 0.76483154296875 0.31658226251602173 
vt 0.76483154296875 0.3242373466491699 
vt 0.7610647082328796 0.31475964188575745 
vt 0.7610647082328796 0.32277923822402954 
vt 0.9370126128196716 0.9164721965789795 
vt 0.9370126128196716 0.924491822719574 
vt 0.9313015937805176 0.9164721965789795 
vt 0.9313015937805176 0.924491822719574 
vt 0.7846378087997437 0.31779736280441284 
vt 0.7846378087997437 0.32508790493011475 
vt 0.7784407734870911 0.31475964188575745 
vt 0.7784407734870911 0.32277923822402954 
vt 0.9432096481323242 0.9185378551483154 
vt 0.9432096481323242 0.9271649718284607 
vt 0.9370126128196716 0.9164721965789795 
vt 0.9370126128196716 0.924491822719574 
vt 0.9717647433280945 0.9164721965789795 
vt 0.9717647433280945 0.924491822719574 
vt 0.9656891822814941 0.9185378551483154 
vt 0.9656891822814941 0.9271649718284607 
vt 0.7733373045921326 0.31475964188575745 
vt 0.7733373045921326 0.32277923822402954 
vt 0.7695704698562622 0.31658226251602173 
vt 0.7695704698562622 0.3242373466491699 
vt 0.9370126128196716 0.907602071762085 
vt 0.9370126128196716 0.9164721965789795 
vt 0.9313015937805176 0.907602071762085 
vt 0.9313015937805176 0.9164721965789795 
vt 0.9520799517631531 0.9173227548599243 
vt 0.9520799517631531 0.925463855266571 
vt 0.9483131170272827 0.9185378551483154 
vt 0.9483131170272827 0.9271649718284607 
vt 0.9370126128196716 0.907602071762085 
vt 0.9370126128196716 0.866410493850708 
vt 0.9432096481323242 0.9090601801872253 
vt 0.9432096481323242 0.8649523854255676 
vt 0.9605857729911804 0.9185378551483154 
vt 0.9605857729911804 0.9271649718284607 
vt 0.9568188786506653 0.9173227548599243 
vt 0.9568188786506653 0.925463855266571 
vt 0.9605857729911804 0.9090601801872253 
vt 0.9605857729911804 0.9185378551483154 
vt 0.9568188786506653 0.9082096219062805 
vt 0.9568188786506653 0.9173227548599243 
vt 0.7385851740837097 0.40285366773605347 
vt 0.7326310873031616 0.40285366773605347 
vt 0.7391927242279053 0.3276395797729492 
vt 0.7331171631813049 0.3276395797729492 
vt 0.8632554411888123 0.14015120267868042 
vt 0.8632554411888123 0.1323746293783188 
vt 0.8690879344940186 0.14063724875450134 
vt 0.8690879344940186 0.13334670662879944 
vt 0.7326310873031616 0.40285366773605347 
vt 0.7261910438537598 0.4037042260169983 
vt 0.7331171631813049 0.3276395797729492 
vt 0.7266770601272583 0.32314375042915344 
vt 0.9059057831764221 0.9379792809486389 
vt 0.9059057831764221 0.8555961847305298 
vt 0.9096726179122925 0.9398019313812256 
vt 0.9096726179122925 0.8537735342979431 
vt 0.7210875749588013 0.4037042260169983 
vt 0.7174422144889832 0.40309667587280273 
vt 0.7216951251029968 0.3230222463607788 
vt 0.7180497646331787 0.32581695914268494 
vt 0.9717647433280945 0.907602071762085 
vt 0.9717647433280945 0.866410493850708 
vt 0.9778403043746948 0.907602071762085 
vt 0.9778403043746948 0.866410493850708 
vt 0.9717647433280945 0.907602071762085 
vt 0.9717647433280945 0.9164721965789795 
vt 0.9656891822814941 0.9090601801872253 
vt 0.9656891822814941 0.9185378551483154 
vt 0.9483131170272827 0.9090601801872253 
vt 0.9483131170272827 0.8649523854255676 
vt 0.9520799517631531 0.9082096219062805 
vt 0.9520799517631531 0.8658029437065125 
vt 0.9568188786506653 0.9082096219062805 
vt 0.9568188786506653 0.8658029437065125 
vt 0.9605857729911804 0.9090601801872253 
vt 0.9605857729911804 0.8649523854255676 
vt 0.9432096481323242 0.9090601801872253 
vt 0.9432096481323242 0.9185378551483154 
vt 0.9370126128196716 0.907602071762085 
vt 0.9370126128196716 0.9164721965789795 
vt 0.9096726179122925 0.8537735342979431 
vt 0.914776086807251 0.8537735342979431 
vt 0.9096726179122925 0.9398019313812256 
vt 0.914776086807251 0.9398019313812256 
vt 0.892296552658081 0.8537735342979431 
vt 0.8974000215530396 0.8537735342979431 
vt 0.892296552658081 0.9398019313812256 
vt 0.8974000215530396 0.9398019313812256 
vt 0.7094225287437439 0.3230222463607788 
vt 0.7043190598487854 0.3229007422924042 
vt 0.7096655368804932 0.3148811459541321 
vt 0.7045620679855347 0.31475964188575745 
vt 0.7266770601272583 0.32314375042915344 
vt 0.7216951251029968 0.3230222463607788 
vt 0.7270416021347046 0.3150026500225067 
vt 0.7219381332397461 0.3148811459541321 
vt 0.9096726179122925 0.8468475341796875 
vt 0.914776086807251 0.8468475341796875 
vt 0.9096726179122925 0.8537735342979431 
vt 0.914776086807251 0.8537735342979431 
vt 0.892296552658081 0.8468475341796875 
vt 0.8974000215530396 0.8468475341796875 
vt 0.892296552658081 0.8537735342979431 
vt 0.8974000215530396 0.8537735342979431 
vt 0.7733373045921326 0.4244822561740875 
vt 0.7784407734870911 0.4244822561740875 
vt 0.7733373045921326 0.4327448904514313 
vt 0.7784407734870911 0.4327448904514313 
vt 0.7559612393379211 0.4244822561740875 
vt 0.7610647082328796 0.4244822561740875 
vt 0.7559612393379211 0.4327448904514313 
vt 0.7610647082328796 0.4327448904514313 
vt 0.8974000215530396 0.9467279314994812 
vt 0.892296552658081 0.9467279314994812 
vt 0.8974000215530396 0.9398019313812256 
vt 0.892296552658081 0.9398019313812256 
vt 0.914776086807251 0.9467279314994812 
vt 0.9096726179122925 0.9467279314994812 
vt 0.914776086807251 0.9398019313812256 
vt 0.9096726179122925 0.9398019313812256 
vt 0.7610647082328796 0.4244822561740875 
vt 0.7559612393379211 0.4244822561740875 
vt 0.7610647082328796 0.34380027651786804 
vt 0.7559612393379211 0.34380027651786804 
vt 0.7784407734870911 0.4244822561740875 
vt 0.7733373045921326 0.4244822561740875 
vt 0.7784407734870911 0.34380027651786804 
vt 0.7733373045921326 0.34380027651786804 
vt 0.7210875749588013 0.4037042260169983 
vt 0.7261910438537598 0.4037042260169983 
vt 0.7210875749588013 0.4148830473423004 
vt 0.7261910438537598 0.4148830473423004 
vt 0.7037115097045898 0.40358272194862366 
vt 0.7088149785995483 0.4037042260169983 
vt 0.7038329839706421 0.4147615432739258 
vt 0.7088149785995483 0.4147615432739258 
vt 0.7210875749588013 0.4148830473423004 
vt 0.7261910438537598 0.4148830473423004 
vt 0.7214521169662476 0.42496830224990845 
vt 0.726434051990509 0.42496830224990845 
vt 0.7038329839706421 0.4147615432739258 
vt 0.7088149785995483 0.4147615432739258 
vt 0.7040760517120361 0.4248467981815338 
vt 0.7091794610023499 0.4248467981815338 
vt 0.7214521169662476 0.42496830224990845 
vt 0.726434051990509 0.42496830224990845 
vt 0.7219381332397461 0.43298789858818054 
vt 0.7270416021347046 0.43298789858818054 
vt 0.7040760517120361 0.4248467981815338 
vt 0.7091794610023499 0.4248467981815338 
vt 0.7045620679855347 0.4328663945198059 
vt 0.7096655368804932 0.4328663945198059 
vt 0.9605857729911804 0.8468475341796875 
vt 0.9656891822814941 0.8468475341796875 
vt 0.9605857729911804 0.8553531765937805 
vt 0.9656891822814941 0.8553531765937805 
vt 0.9432096481323242 0.8468475341796875 
vt 0.9483131170272827 0.8468475341796875 
vt 0.9432096481323242 0.8553531765937805 
vt 0.9483131170272827 0.8553531765937805 
vt 0.9605857729911804 0.8553531765937805 
vt 0.9656891822814941 0.8553531765937805 
vt 0.9605857729911804 0.8649523854255676 
vt 0.9656891822814941 0.8649523854255676 
vt 0.9432096481323242 0.8553531765937805 
vt 0.9483131170272827 0.8553531765937805 
vt 0.9432096481323242 0.8649523854255676 
vt 0.9483131170272827 0.8649523854255676 
vt 0.7610647082328796 0.34380027651786804 
vt 0.7559612393379211 0.34380027651786804 
vt 0.7610647082328796 0.33274295926094055 
vt 0.7559612393379211 0.33274295926094055 
vt 0.7784407734870911 0.34380027651786804 
vt 0.7733373045921326 0.34380027651786804 
vt 0.7784407734870911 0.33274295926094055 
vt 0.7733373045921326 0.33274295926094055 
vt 0.7610647082328796 0.33274295926094055 
vt 0.7559612393379211 0.33274295926094055 
vt 0.7610647082328796 0.32277923822402954 
vt 0.7559612393379211 0.32277923822402954 
vt 0.7784407734870911 0.33274295926094055 
vt 0.7733373045921326 0.33274295926094055 
vt 0.7784407734870911 0.32277923822402954 
vt 0.7733373045921326 0.32277923822402954 
vt 0.7610647082328796 0.32277923822402954 
vt 0.7559612393379211 0.32277923822402954 
vt 0.7610647082328796 0.31475964188575745 
vt 0.7559612393379211 0.31475964188575745 
vt 0.7784407734870911 0.32277923822402954 
vt 0.7733373045921326 0.32277923822402954 
vt 0.7784407734870911 0.31475964188575745 
vt 0.7733373045921326 0.31475964188575745 
vt 0.9483131170272827 0.9271649718284607 
vt 0.9432096481323242 0.9271649718284607 
vt 0.9483131170272827 0.9185378551483154 
vt 0.9432096481323242 0.9185378551483154 
vt 0.9656891822814941 0.9271649718284607 
vt 0.9605857729911804 0.9271649718284607 
vt 0.9656891822814941 0.9185378551483154 
vt 0.9605857729911804 0.9185378551483154 
vt 0.9483131170272827 0.9185378551483154 
vt 0.9432096481323242 0.9185378551483154 
vt 0.9483131170272827 0.9090601801872253 
vt 0.9432096481323242 0.9090601801872253 
vt 0.9656891822814941 0.9185378551483154 
vt 0.9605857729911804 0.9185378551483154 
vt 0.9656891822814941 0.9090601801872253 
vt 0.9605857729911804 0.9090601801872253 
vt 0.7216951251029968 0.3230222463607788 
vt 0.7266770601272583 0.32314375042915344 
vt 0.7210875749588013 0.4037042260169983 
vt 0.7261910438537598 0.4037042260169983 
vt 0.7043190598487854 0.3229007422924042 
vt 0.7094225287437439 0.3230222463607788 
vt 0.7037115097045898 0.40358272194862366 
vt 0.7088149785995483 0.4037042260169983 
vt 0.9605857729911804 0.8649523854255676 
vt 0.9656891822814941 0.8649523854255676 
vt 0.9605857729911804 0.9090601801872253 
vt 0.9656891822814941 0.9090601801872253 
vt 0.9432096481323242 0.8649523854255676 
vt 0.9483131170272827 0.8649523854255676 
vt 0.9432096481323242 0.9090601801872253 
vt 0.9483131170272827 0.9090601801872253 
vt 0.9656891822814941 0.9090601801872253 
vt 0.9656891822814941 0.8649523854255676 
vt 0.9717647433280945 0.907602071762085 
vt 0.9717647433280945 0.866410493850708 
vt 0.9011668562889099 0.8555961847305298 
vt 0.9059057831764221 0.8555961847305298 
vt 0.9011668562889099 0.9379792809486389 
vt 0.9059057831764221 0.9379792809486389 
vt 0.7180497646331787 0.32581695914268494 
vt 0.7133108377456665 0.32581695914268494 
vt 0.7182928323745728 0.3180403709411621 
vt 0.7135539054870605 0.3179188668727875 
vt 0.9011668562889099 0.8487917184829712 
vt 0.9059057831764221 0.8487917184829712 
vt 0.9011668562889099 0.8555961847305298 
vt 0.9059057831764221 0.8555961847305298 
vt 0.76483154296875 0.4218090772628784 
vt 0.7695704698562622 0.4218090772628784 
vt 0.76483154296875 0.42958563566207886 
vt 0.7695704698562622 0.42958563566207886 
vt 0.9059057831764221 0.9446622729301453 
vt 0.9011668562889099 0.9446622729301453 
vt 0.9059057831764221 0.9379792809486389 
vt 0.9011668562889099 0.9379792809486389 
vt 0.7695704698562622 0.4218090772628784 
vt 0.76483154296875 0.4218090772628784 
vt 0.7695704698562622 0.3444078266620636 
vt 0.76483154296875 0.3444078266620636 
vt 0.712824821472168 0.40309667587280273 
vt 0.7174422144889832 0.40309667587280273 
vt 0.712824821472168 0.4137894809246063 
vt 0.7175637483596802 0.4137894809246063 
vt 0.712824821472168 0.4137894809246063 
vt 0.7175637483596802 0.4137894809246063 
vt 0.7130678296089172 0.42338868975639343 
vt 0.7178067564964294 0.42338868975639343 
vt 0.7130678296089172 0.42338868975639343 
vt 0.7178067564964294 0.42338868975639343 
vt 0.7135539054870605 0.43116524815559387 
vt 0.7182928323745728 0.43116524815559387 
vt 0.9520799517631531 0.8484271764755249 
vt 0.9568188786506653 0.8484271764755249 
vt 0.9520799517631531 0.8566897511482239 
vt 0.9568188786506653 0.8566897511482239 
vt 0.9520799517631531 0.8566897511482239 
vt 0.9568188786506653 0.8566897511482239 
vt 0.9520799517631531 0.8658029437065125 
vt 0.9568188786506653 0.8658029437065125 
vt 0.7695704698562622 0.3444078266620636 
vt 0.76483154296875 0.3444078266620636 
vt 0.7695704698562622 0.33383655548095703 
vt 0.76483154296875 0.33383655548095703 
vt 0.7695704698562622 0.33383655548095703 
vt 0.76483154296875 0.33383655548095703 
vt 0.7695704698562622 0.3242373466491699 
vt 0.76483154296875 0.3242373466491699 
vt 0.7695704698562622 0.3242373466491699 
vt 0.76483154296875 0.3242373466491699 
vt 0.7695704698562622 0.31658226251602173 
vt 0.76483154296875 0.31658226251602173 
vt 0.9568188786506653 0.925463855266571 
vt 0.9520799517631531 0.925463855266571 
vt 0.9568188786506653 0.9173227548599243 
vt 0.9520799517631531 0.9173227548599243 
vt 0.9568188786506653 0.9173227548599243 
vt 0.9520799517631531 0.9173227548599243 
vt 0.9568188786506653 0.9082096219062805 
vt 0.9520799517631531 0.9082096219062805 
vt 0.7133108377456665 0.32581695914268494 
vt 0.7180497646331787 0.32581695914268494 
vt 0.712824821472168 0.40309667587280273 
vt 0.7174422144889832 0.40309667587280273 
vt 0.9520799517631531 0.8658029437065125 
vt 0.9568188786506653 0.8658029437065125 
vt 0.9520799517631531 0.9082096219062805 
vt 0.9568188786506653 0.9082096219062805 
vt 0.9520799517631531 0.9082096219062805 
vt 0.9520799517631531 0.9173227548599243 
vt 0.9483131170272827 0.9090601801872253 
vt 0.9483131170272827 0.9185378551483154 
s on 
f 1/1/1 2/2/2 3/3/3 
f 2/2/2 2/2/2 3/3/3 
f 3/3/3 2/2/2 4/4/4 
f 2/2/2 2/2/2 4/4/4 
f 4/4/4 2/2/2 5/5/5 
f 2/2/2 6/6/6 5/5/5 
f 5/5/5 6/6/6 6/6/6 
f 6/6/6 7/7/7 6/6/6 
f 6/6/6 7/7/7 7/7/7 
f 7/7/7 8/8/8 7/7/7 
f 7/7/7 8/8/8 9/9/9 
f 8/8/8 9/9/9 9/9/9 
f 9/9/9 9/9/9 10/10/10 
f 9/9/9 10/10/10 10/10/10 
f 10/10/10 10/10/10 11/11/11 
f 10/10/10 12/12/12 11/11/11 
f 11/11/11 12/12/12 11/11/11 
f 12/12/12 13/13/13 11/11/11 
f 11/11/11 13/13/13 14/14/14 
f 13/13/13 14/14/14 14/14/14 
f 14/14/14 14/14/14 15/15/15 
f 14/14/14 15/15/15 15/15/15 
f 15/15/15 15/15/15 16/16/16 
f 15/15/15 17/17/17 16/16/16 
f 16/16/16 17/17/17 17/17/17 
f 17/17/17 18/18/18 17/17/17 
f 17/17/17 18/18/18 18/18/18 
f 18/18/18 19/19/19 18/18/18 
f 18/18/18 19/19/19 20/20/20 
f 19/19/19 21/21/21 20/20/20 
f 20/20/20 21/21/21 22/22/22 
f 21/21/21 23/23/23 22/22/22 
f 22/22/22 23/23/23 23/23/23 
f 23/23/23 24/24/24 23/23/23 
f 23/23/23 24/24/24 24/24/24 
f 24/24/24 25/25/25 24/24/24 
f 24/24/24 25/25/25 26/26/26 
f 25/25/25 27/27/27 26/26/26 
f 26/26/26 27/27/27 28/28/28 
f 27/27/27 27/27/27 28/28/28 
f 28/28/28 27/27/27 29/29/29 
f 27/27/27 30/30/30 29/29/29 
f 29/29/29 30/30/30 31/31/31 
f 30/30/30 30/30/30 31/31/31 
f 31/31/31 30/30/30 32/32/32 
f 30/30/30 33/33/33 32/32/32 
f 32/32/32 33/33/33 33/33/33 
f 33/33/33 34/34/34 33/33/33 
f 33/33/33 34/34/34 34/34/34 
f 34/34/34 35/35/35 34/34/34 
f 34/34/34 35/35/35 36/36/36 
f 35/35/35 36/36/36 36/36/36 
f 36/36/36 36/36/36 37/37/37 
f 36/36/36 37/37/37 37/37/37 
f 37/37/37 37/37/37 38/38/38 
f 37/37/37 39/39/39 38/38/38 
f 38/38/38 39/39/39 39/39/39 
f 39/39/39 40/40/40 39/39/39 
f 39/39/39 40/40/40 40/40/40 
f 40/40/40 41/41/41 40/40/40 
f 40/40/40 41/41/41 42/42/42 
f 41/41/41 41/41/41 42/42/42 
f 42/42/42 41/41/41 43/43/43 
f 41/41/41 44/44/44 43/43/43 
f 43/43/43 44/44/44 44/44/44 
f 44/44/44 45/45/45 44/44/44 
f 44/44/44 45/45/45 45/45/45 
f 45/45/45 46/46/46 45/45/45 
f 45/45/45 46/46/46 47/47/47 
f 46/46/46 47/47/47 47/47/47 
f 47/47/47 47/47/47 48/48/48 
f 47/47/47 48/48/48 48/48/48 
f 48/48/48 48/48/48 49/49/49 
f 48/48/48 50/50/50 49/49/49 
f 49/49/49 50/50/50 51/51/51 
f 50/50/50 52/52/52 51/51/51 
f 51/51/51 52/52/52 51/51/51 
f 52/52/52 53/53/53 51/51/51 
f 51/51/51 53/53/53 54/54/54 
f 53/53/53 55/55/55 54/54/54 
f 54/54/54 55/55/55 54/54/54 
f 55/55/55 56/56/56 54/54/54 
f 54/54/54 56/56/56 57/57/57 
f 56/56/56 57/57/57 57/57/57 
f 57/57/57 57/57/57 58/58/58 
f 57/57/57 58/58/58 58/58/58 
f 58/58/58 58/58/58 59/59/59 
f 58/58/58 60/60/60 59/59/59 
f 59/59/59 60/60/60 60/60/60 
f 60/60/60 61/61/61 60/60/60 
f 60/60/60 61/61/61 61/61/61 
f 61/61/61 62/62/62 61/61/61 
f 61/61/61 62/62/62 63/63/63 
f 62/62/62 62/62/62 63/63/63 
f 63/63/63 62/62/62 64/64/64 
f 62/62/62 62/62/62 64/64/64 
f 64/64/64 62/62/62 65/65/65 
f 62/62/62 66/66/66 65/65/65 
f 65/65/65 66/66/66 66/66/66 
f 66/66/66 67/67/67 66/66/66 
f 66/66/66 67/67/67 67/67/67 
f 67/67/67 68/68/68 67/67/67 
f 67/67/67 68/68/68 69/69/69 
f 68/68/68 69/69/69 69/69/69 
f 69/69/69 69/69/69 70/70/70 
f 69/69/69 70/70/70 70/70/70 
f 70/70/70 70/70/70 71/71/71 
f 70/70/70 72/72/72 71/71/71 
f 71/71/71 72/72/72 71/71/71 
f 72/72/72 73/73/73 71/71/71 
f 71/71/71 73/73/73 74/74/74 
f 73/73/73 74/74/74 74/74/74 
f 74/74/74 74/74/74 75/75/75 
f 74/74/74 75/75/75 75/75/75 
f 75/75/75 75/75/75 76/76/76 
f 75/75/75 77/77/77 76/76/76 
f 76/76/76 77/77/77 77/77/77 
f 77/77/77 78/78/78 77/77/77 
f 77/77/77 78/78/78 78/78/78 
f 78/78/78 79/79/79 78/78/78 
f 78/78/78 79/79/79 80/80/80 
f 79/79/79 81/81/81 80/80/80 
f 80/80/80 81/81/81 82/82/82 
f 81/81/81 83/83/83 82/82/82 
f 82/82/82 83/83/83 83/83/83 
f 83/83/83 84/84/84 83/83/83 
f 83/83/83 84/84/84 84/84/84 
f 84/84/84 85/85/85 84/84/84 
f 84/84/84 85/85/85 86/86/86 
f 85/85/85 87/87/87 86/86/86 
f 86/86/86 87/87/87 88/88/88 
f 87/87/87 87/87/87 88/88/88 
f 88/88/88 87/87/87 89/89/89 
f 87/87/87 90/90/90 89/89/89 
f 89/89/89 90/90/90 91/91/91 
f 90/90/90 90/90/90 91/91/91 
f 91/91/91 90/90/90 92/92/92 
f 90/90/90 93/93/93 92/92/92 
f 92/92/92 93/93/93 93/93/93 
f 93/93/93 94/94/94 93/93/93 
f 93/93/93 94/94/94 94/94/94 
f 94/94/94 95/95/95 94/94/94 
f 94/94/94 95/95/95 96/96/96 
f 95/95/95 96/96/96 96/96/96 
f 96/96/96 96/96/96 97/97/97 
f 96/96/96 97/97/97 97/97/97 
f 97/97/97 97/97/97 98/98/98 
f 97/97/97 99/99/99 98/98/98 
f 98/98/98 99/99/99 99/99/99 
f 99/99/99 100/100/100 99/99/99 
f 99/99/99 100/100/100 100/100/100 
f 100/100/100 101/101/101 100/100/100 
f 100/100/100 101/101/101 102/102/102 
f 101/101/101 101/101/101 102/102/102 
f 102/102/102 101/101/101 103/103/103 
f 101/101/101 104/104/104 103/103/103 
f 103/103/103 104/104/104 104/104/104 
f 104/104/104 105/105/105 104/104/104 
f 104/104/104 105/105/105 105/105/105 
f 105/105/105 106/106/106 105/105/105 
f 105/105/105 106/106/106 107/107/107 
f 106/106/106 107/107/107 107/107/107 
f 107/107/107 107/107/107 108/108/108 
f 107/107/107 108/108/108 108/108/108 
f 108/108/108 108/108/108 109/109/109 
f 108/108/108 110/110/110 109/109/109 
f 109/109/109 110/110/110 111/111/111 
f 110/110/110 112/112/112 111/111/111 
f 111/111/111 112/112/112 111/111/111 
f 112/112/112 113/113/113 111/111/111 
f 111/111/111 113/113/113 114/114/114 
f 113/113/113 115/115/115 114/114/114 
f 114/114/114 115/115/115 114/114/114 
f 115/115/115 116/116/116 114/114/114 
f 114/114/114 116/116/116 117/117/117 
f 116/116/116 117/117/117 117/117/117 
f 117/117/117 117/117/117 118/118/118 
f 117/117/117 118/118/118 118/118/118 
f 118/118/118 118/118/118 119/119/119 
f 118/118/118 120/120/120 119/119/119 
f 119/119/119 120/120/120 120/120/120 
f 120/120/120 121/121/121 120/120/120 
f 120/120/120 121/121/121 121/121/121 
f 121/121/121 122/122/122 121/121/121 
f 121/121/121 122/122/122 123/123/123 
f 122/122/122 122/122/122 123/123/123 
f 123/123/123 122/122/122 124/124/124 
f 122/122/122 125/125/125 124/124/124 
f 124/124/124 125/125/125 126/126/126 
f 125/125/125 127/127/127 126/126/126 
f 126/126/126 127/127/127 127/127/127 
f 127/127/127 128/128/128 127/127/127 
f 127/127/127 128/128/128 128/128/128 
f 128/128/128 129/129/129 128/128/128 
f 128/128/128 129/129/129 130/130/130 
f 129/129/129 129/129/129 130/130/130 
f 130/130/130 129/129/129 131/131/131 
f 129/129/129 132/132/132 131/131/131 
f 131/131/131 132/132/132 132/132/132 
f 132/132/132 133/133/133 132/132/132 
f 132/132/132 133/133/133 133/133/133 
f 133/133/133 134/134/134 133/133/133 
f 133/133/133 134/134/134 135/135/135 
f 134/134/134 135/135/135 135/135/135 
f 135/135/135 135/135/135 136/136/136 
f 135/135/135 136/136/136 136/136/136 
f 136/136/136 136/136/136 137/137/137 
f 136/136/136 138/138/138 137/137/137 
f 137/137/137 138/138/138 138/138/138 
f 138/138/138 139/139/139 138/138/138 
f 138/138/138 139/139/139 139/139/139 
f 139/139/139 140/140/140 139/139/139 
f 139/139/139 140/140/140 141/141/141 
f 140/140/140 140/140/140 141/141/141 
f 141/141/141 140/140/140 142/142/142 
f 140/140/140 143/143/143 142/142/142 
f 142/142/142 143/143/143 144/144/144 
f 143/143/143 143/143/143 144/144/144 
f 144/144/144 143/143/143 145/145/145 
f 143/143/143 146/146/146 145/145/145 
f 145/145/145 146/146/146 147/147/147 
f 146/146/146 146/146/146 147/147/147 
f 147/147/147 146/146/146 148/148/148 
f 146/146/146 149/149/149 148/148/148 
f 148/148/148 149/149/149 150/150/150 
f 149/149/149 150/150/150 150/150/150 
f 150/150/150 150/150/150 151/151/151 
f 150/150/150 151/151/151 151/151/151 
f 151/151/151 151/151/151 152/152/152 
f 151/151/151 149/149/149 152/152/152 
f 152/152/152 149/149/149 152/152/152 
f 149/149/149 153/153/153 152/152/152 
f 152/152/152 153/153/153 154/154/154 
f 153/153/153 153/153/153 154/154/154 
f 154/154/154 153/153/153 155/155/155 
f 153/153/153 156/156/156 155/155/155 
f 155/155/155 156/156/156 157/157/157 
f 156/156/156 158/158/158 157/157/157 
f 157/157/157 158/158/158 159/159/159 
f 158/158/158 160/160/160 159/159/159 
f 159/159/159 160/160/160 161/161/161 
f 160/160/160 162/162/162 161/161/161 
f 161/161/161 162/162/162 162/162/162 
f 162/162/162 163/163/163 162/162/162 
f 162/162/162 163/163/163 163/163/163 
f 163/163/163 164/164/164 163/163/163 
f 163/163/163 164/164/164 165/165/165 
f 164/164/164 166/166/166 165/165/165 
f 165/165/165 166/166/166 166/166/166 
f 166/166/166 164/164/164 166/166/166 
f 166/166/166 164/164/164 164/164/164 
f 164/164/164 163/163/163 164/164/164 
f 164/164/164 163/163/163 167/167/167 
f 163/163/163 168/168/168 167/167/167 
f 167/167/167 168/168/168 167/167/167 
f 168/168/168 169/169/169 167/167/167 
f 167/167/167 169/169/169 170/170/170 
f 169/169/169 169/169/169 170/170/170 
f 170/170/170 169/169/169 171/171/171 
f 169/169/169 172/172/172 171/171/171 
f 171/171/171 172/172/172 173/173/173 
f 172/172/172 174/174/174 173/173/173 
f 173/173/173 174/174/174 175/175/175 
f 174/174/174 176/176/176 175/175/175 
f 175/175/175 176/176/176 177/177/177 
f 176/176/176 177/177/177 177/177/177 
f 177/177/177 177/177/177 163/163/163 
f 177/177/177 163/163/163 163/163/163 
f 163/163/163 163/163/163 168/168/168 
f 163/163/163 178/178/178 168/168/168 
f 168/168/168 178/178/178 179/179/179 
f 178/178/178 180/180/180 179/179/179 
f 179/179/179 180/180/180 181/181/181 
f 180/180/180 182/182/182 181/181/181 
f 181/181/181 182/182/182 183/183/183 
f 182/182/182 183/183/183 183/183/183 
f 183/183/183 183/183/183 171/171/171 
f 183/183/183 171/171/171 171/171/171 
f 171/171/171 171/171/171 170/170/170 
f 171/171/171 184/184/184 170/170/170 
f 170/170/170 184/184/184 185/185/185 
f 184/184/184 184/184/184 185/185/185 
f 185/185/185 184/184/184 186/186/186 
f 184/184/184 187/187/187 186/186/186 
f 186/186/186 187/187/187 188/188/188 
f 187/187/187 189/189/189 188/188/188 
f 188/188/188 189/189/189 190/190/190 
f 189/189/189 191/191/191 190/190/190 
f 190/190/190 191/191/191 192/192/192 
f 191/191/191 192/192/192 192/192/192 
f 192/192/192 192/192/192 193/193/193 
f 192/192/192 193/193/193 193/193/193 
f 193/193/193 193/193/193 166/166/166 
f 193/193/193 194/194/194 166/166/166 
f 166/166/166 194/194/194 195/195/195 
f 194/194/194 195/195/195 195/195/195 
f 195/195/195 195/195/195 193/193/193 
f 195/195/195 193/193/193 193/193/193 
f 193/193/193 193/193/193 194/194/194 
f 193/193/193 196/196/196 194/194/194 
f 194/194/194 196/196/196 197/197/197 
f 196/196/196 198/198/198 197/197/197 
f 197/197/197 198/198/198 199/199/199 
f 198/198/198 200/200/200 199/199/199 
f 199/199/199 200/200/200 201/201/201 
f 200/200/200 202/202/202 201/201/201 
f 201/201/201 202/202/202 202/202/202 
f 202/202/202 166/166/166 202/202/202 
f 202/202/202 166/166/166 166/166/166 
f 166/166/166 195/195/195 166/166/166 
f 166/166/166 195/195/195 165/165/165 
f 195/195/195 195/195/195 165/165/165 
f 165/165/165 195/195/195 203/203/203 
f 195/195/195 204/204/204 203/203/203 
f 203/203/203 204/204/204 205/205/205 
f 204/204/204 206/206/206 205/205/205 
f 205/205/205 206/206/206 207/207/207 
f 206/206/206 208/208/208 207/207/207 
f 207/207/207 208/208/208 208/208/208 
f 208/208/208 209/209/209 208/208/208 
f 208/208/208 209/209/209 209/209/209 
f 209/209/209 210/210/210 209/209/209 
f 209/209/209 210/210/210 211/211/211 
f 210/210/210 211/211/211 211/211/211 
f 211/211/211 211/211/211 212/212/212 
f 211/211/211 212/212/212 212/212/212 
f 212/212/212 212/212/212 213/213/213 
f 212/212/212 214/214/214 213/213/213 
f 213/213/213 214/214/214 214/214/214 
f 214/214/214 215/215/215 214/214/214 
f 214/214/214 215/215/215 215/215/215 
f 215/215/215 216/216/216 215/215/215 
f 215/215/215 216/216/216 217/217/217 
f 216/216/216 217/217/217 217/217/217 
f 217/217/217 217/217/217 218/218/218 
f 217/217/217 218/218/218 218/218/218 
f 218/218/218 218/218/218 219/219/219 
f 218/218/218 215/215/215 219/219/219 
f 219/219/219 215/215/215 215/215/215 
f 215/215/215 220/220/220 215/215/215 
f 215/215/215 220/220/220 220/220/220 
f 220/220/220 221/221/221 220/220/220 
f 220/220/220 221/221/221 222/222/222 
f 221/221/221 222/222/222 222/222/222 
f 222/222/222 222/222/222 223/223/223 
f 222/222/222 223/223/223 223/223/223 
f 223/223/223 223/223/223 224/224/224 
f 223/223/223 225/225/225 224/224/224 
f 224/224/224 225/225/225 226/226/226 
f 225/225/225 227/227/227 226/226/226 
f 226/226/226 227/227/227 227/227/227 
f 227/227/227 226/226/226 227/227/227 
f 227/227/227 226/226/226 226/226/226 
f 226/226/226 228/228/228 226/226/226 
f 226/226/226 228/228/228 229/229/229 
f 228/228/228 229/229/229 229/229/229 
f 229/229/229 229/229/229 230/230/230 
f 229/229/229 230/230/230 230/230/230 
f 230/230/230 230/230/230 231/231/231 
f 230/230/230 232/232/232 231/231/231 
f 231/231/231 232/232/232 232/232/232 
f 232/232/232 233/233/233 232/232/232 
f 232/232/232 233/233/233 233/233/233 
f 233/233/233 234/234/234 233/233/233 
f 233/233/233 234/234/234 235/235/235 
f 234/234/234 235/235/235 235/235/235 
f 235/235/235 235/235/235 236/236/236 
f 235/235/235 236/236/236 236/236/236 
f 236/236/236 236/236/236 237/237/237 
f 236/236/236 238/238/238 237/237/237 
f 237/237/237 238/238/238 237/237/237 
f 238/238/238 239/239/239 237/237/237 
f 237/237/237 239/239/239 240/240/240 
f 239/239/239 240/240/240 240/240/240 
f 240/240/240 240/240/240 241/241/241 
f 240/240/240 241/241/241 241/241/241 
f 241/241/241 241/241/241 242/242/242 
f 241/241/241 243/243/243 242/242/242 
f 242/242/242 243/243/243 243/243/243 
f 243/243/243 244/244/244 243/243/243 
f 243/243/243 244/244/244 244/244/244 
f 244/244/244 245/245/245 244/244/244 
f 244/244/244 245/245/245 246/246/246 
f 245/245/245 246/246/246 246/246/246 
f 246/246/246 246/246/246 247/247/247 
f 246/246/246 247/247/247 247/247/247 
f 247/247/247 247/247/247 248/248/248 
f 247/247/247 249/249/249 248/248/248 
f 248/248/248 249/249/249 249/249/249 
f 249/249/249 250/250/250 249/249/249 
f 249/249/249 250/250/250 250/250/250 
f 250/250/250 251/251/251 250/250/250 
f 250/250/250 251/251/251 252/252/252 
f 251/251/251 252/252/252 252/252/252 
f 252/252/252 252/252/252 253/253/253 
f 252/252/252 253/253/253 253/253/253 
f 253/253/253 253/253/253 254/254/254 
f 253/253/253 255/255/255 254/254/254 
f 254/254/254 255/255/255 255/255/255 
f 255/255/255 256/256/256 255/255/255 
f 255/255/255 256/256/256 256/256/256 
f 256/256/256 257/257/257 256/256/256 
f 256/256/256 257/257/257 258/258/258 
f 257/257/257 258/258/258 258/258/258 
f 258/258/258 258/258/258 259/259/259 
f 258/258/258 259/259/259 259/259/259 
f 259/259/259 259/259/259 260/260/260 
f 259/259/259 261/261/261 260/260/260 
f 260/260/260 261/261/261 260/260/260 
f 261/261/261 262/262/262 260/260/260 
f 260/260/260 262/262/262 263/263/263 
f 262/262/262 264/264/264 263/263/263 
f 263/263/263 264/264/264 265/265/265 
f 264/264/264 265/265/265 265/265/265 
f 265/265/265 265/265/265 266/266/266 
f 265/265/265 266/266/266 266/266/266 
f 266/266/266 266/266/266 267/267/267 
f 266/266/266 268/268/268 267/267/267 
f 267/267/267 268/268/268 267/267/267 
f 268/268/268 269/269/269 267/267/267 
f 267/267/267 269/269/269 270/270/270 
f 269/269/269 270/270/270 270/270/270 
f 270/270/270 270/270/270 271/271/271 
f 270/270/270 271/271/271 271/271/271 
f 271/271/271 271/271/271 272/272/272 
f 271/271/271 273/273/273 272/272/272 
f 272/272/272 273/273/273 273/273/273 
f 273/273/273 274/274/274 273/273/273 
f 273/273/273 274/274/274 274/274/274 
f 274/274/274 275/275/275 274/274/274 
f 274/274/274 275/275/275 276/276/276 
f 275/275/275 276/276/276 276/276/276 
f 276/276/276 276/276/276 277/277/277 
f 276/276/276 277/277/277 277/277/277 
f 277/277/277 277/277/277 278/278/278 
f 277/277/277 279/279/279 278/278/278 
f 278/278/278 279/279/279 278/278/278 
f 279/279/279 280/280/280 278/278/278 
f 278/278/278 280/280/280 281/281/281 
f 280/280/280 282/282/282 281/281/281 
f 281/281/281 282/282/282 283/283/283 
f 282/282/282 284/284/284 283/283/283 
f 283/283/283 284/284/284 285/285/285 
f 284/284/284 286/286/286 285/285/285 
f 285/285/285 286/286/286 287/287/287 
f 286/286/286 286/286/286 287/287/287 
f 287/287/287 286/286/286 288/288/288 
f 286/286/286 289/289/289 288/288/288 
f 288/288/288 289/289/289 290/290/290 
f 289/289/289 291/291/291 290/290/290 
f 290/290/290 291/291/291 292/292/292 
f 291/291/291 293/293/293 292/292/292 
f 292/292/292 293/293/293 292/292/292 
f 293/293/293 294/294/294 292/292/292 
f 292/292/292 294/294/294 295/295/295 
f 294/294/294 295/295/295 295/295/295 
f 295/295/295 295/295/295 296/296/296 
f 295/295/295 296/296/296 296/296/296 
f 296/296/296 296/296/296 297/297/297 
f 296/296/296 298/298/298 297/297/297 
f 297/297/297 298/298/298 298/298/298 
f 298/298/298 299/299/299 298/298/298 
f 298/298/298 299/299/299 299/299/299 
f 299/299/299 300/300/300 299/299/299 
f 299/299/299 300/300/300 301/301/301 
f 300/300/300 301/301/301 301/301/301 
f 301/301/301 301/301/301 302/302/302 
f 301/301/301 302/302/302 302/302/302 
f 302/302/302 302/302/302 303/303/303 
f 302/302/302 304/304/304 303/303/303 
f 303/303/303 304/304/304 304/304/304 
f 304/304/304 305/305/305 304/304/304 
f 304/304/304 305/305/305 305/305/305 
f 305/305/305 306/306/306 305/305/305 
f 305/305/305 306/306/306 307/307/307 
f 306/306/306 308/308/308 307/307/307 
f 307/307/307 308/308/308 309/309/309 
f 308/308/308 309/309/309 309/309/309 
f 309/309/309 309/309/309 310/310/310 
f 309/309/309 310/310/310 310/310/310 
f 310/310/310 310/310/310 307/307/307 
f 310/310/310 311/311/311 307/307/307 
f 307/307/307 311/311/311 311/311/311 
f 311/311/311 312/312/312 311/311/311 
f 311/311/311 312/312/312 312/312/312 
f 312/312/312 313/313/313 312/312/312 
f 312/312/312 313/313/313 314/314/314 
f 313/313/313 314/314/314 314/314/314 
f 314/314/314 314/314/314 315/315/315 
f 314/314/314 315/315/315 315/315/315 
f 315/315/315 315/315/315 316/316/316 
f 315/315/315 317/317/317 316/316/316 
f 316/316/316 317/317/317 317/317/317 
f 317/317/317 318/318/318 317/317/317 
f 317/317/317 318/318/318 318/318/318 
f 318/318/318 319/319/319 318/318/318 
f 318/318/318 319/319/319 320/320/320 
f 319/319/319 320/320/320 320/320/320 
f 320/320/320 320/320/320 321/321/321 
f 320/320/320 321/321/321 321/321/321 
f 321/321/321 321/321/321 322/322/322 
f 321/321/321 323/323/323 322/322/322 
f 322/322/322 323/323/323 323/323/323 
f 323/323/323 324/324/324 323/323/323 
f 323/323/323 324/324/324 324/324/324 
f 324/324/324 325/325/325 324/324/324 
f 324/324/324 325/325/325 326/326/326 
f 325/325/325 326/326/326 326/326/326 
f 326/326/326 326/326/326 327/327/327 
f 326/326/326 327/327/327 327/327/327 
f 327/327/327 327/327/327 328/328/328 
f 327/327/327 329/329/329 328/328/328 
f 328/328/328 329/329/329 330/330/330 
f 329/329/329 330/330/330 330/330/330 
f 330/330/330 330/330/330 331/331/331 
f 330/330/330 331/331/331 331/331/331 
f 331/331/331 331/331/331 332/332/332 
f 331/331/331 333/333/333 332/332/332 
f 332/332/332 333/333/333 333/333/333 
f 333/333/333 334/334/334 333/333/333 
f 333/333/333 334/334/334 334/334/334 
f 334/334/334 335/335/335 334/334/334 
f 334/334/334 335/335/335 336/336/336 
f 335/335/335 336/336/336 336/336/336 
f 336/336/336 336/336/336 337/337/337 
f 336/336/336 337/337/337 337/337/337 
f 337/337/337 337/337/337 338/338/338 
f 337/337/337 339/339/339 338/338/338 
f 338/338/338 339/339/339 339/339/339 
f 339/339/339 340/340/340 339/339/339 
f 339/339/339 340/340/340 340/340/340 
f 340/340/340 341/341/341 340/340/340 
f 340/340/340 341/341/341 342/342/342 
f 341/341/341 342/342/342 342/342/342 
f 342/342/342 342/342/342 343/343/343 
f 342/342/342 343/343/343 343/343/343 
f 343/343/343 343/343/343 344/344/344 
f 343/343/343 345/345/345 344/344/344 
f 344/344/344 345/345/345 344/344/344 
f 345/345/345 346/346/346 344/344/344 
f 344/344/344 346/346/346 347/347/347 
f 346/346/346 348/348/348 347/347/347 
f 347/347/347 348/348/348 349/349/349 
f 348/348/348 349/349/349 349/349/349 
f 349/349/349 349/349/349 350/350/350 
f 349/349/349 350/350/350 350/350/350 
f 350/350/350 350/350/350 351/351/351 
f 350/350/350 352/352/352 351/351/351 
f 351/351/351 352/352/352 351/351/351 
f 352/352/352 353/353/353 351/351/351 
f 351/351/351 353/353/353 354/354/354 
f 353/353/353 354/354/354 354/354/354 
f 354/354/354 354/354/354 355/355/355 
f 354/354/354 355/355/355 355/355/355 
f 355/355/355 355/355/355 356/356/356 
f 355/355/355 357/357/357 356/356/356 
f 356/356/356 357/357/357 357/357/357 
f 357/357/357 358/358/358 357/357/357 
f 357/357/357 358/358/358 358/358/358 
f 358/358/358 359/359/359 358/358/358 
f 358/358/358 359/359/359 360/360/360 
f 359/359/359 360/360/360 360/360/360 
f 360/360/360 360/360/360 361/361/361 
f 360/360/360 361/361/361 361/361/361 
f 361/361/361 361/361/361 362/362/362 
f 361/361/361 363/363/363 362/362/362 
f 362/362/362 363/363/363 362/362/362 
f 363/363/363 364/364/364 362/362/362 
f 362/362/362 364/364/364 365/365/365 
f 364/364/364 366/366/366 365/365/365 
f 365/365/365 366/366/366 365/365/365 
f 366/366/366 367/367/367 365/365/365 
f 365/365/365 367/367/367 368/368/368 
f 367/367/367 369/369/369 368/368/368 
f 368/368/368 369/369/369 368/368/368 
f 369/369/369 370/370/370 368/368/368 
f 368/368/368 370/370/370 371/371/371 
f 370/370/370 372/372/372 371/371/371 
f 371/371/371 372/372/372 371/371/371 
f 372/372/372 373/373/373 371/371/371 
f 371/371/371 373/373/373 371/371/371 
f 373/373/373 374/374/374 371/371/371 
f 371/371/371 374/374/374 375/375/375 
f 374/374/374 376/376/376 375/375/375 
f 375/375/375 376/376/376 375/375/375 
f 376/376/376 377/377/377 375/375/375 
f 375/375/375 377/377/377 378/378/378 
f 377/377/377 379/379/379 378/378/378 
f 378/378/378 379/379/379 380/380/380 
f 379/379/379 381/381/381 380/380/380 
f 380/380/380 381/381/381 382/382/382 
f 381/381/381 383/383/383 382/382/382 
f 382/382/382 383/383/383 384/384/384 
f 383/383/383 384/384/384 384/384/384 
f 384/384/384 384/384/384 385/385/385 
f 384/384/384 385/385/385 385/385/385 
f 385/385/385 385/385/385 386/386/386 
f 385/385/385 387/387/387 386/386/386 
f 386/386/386 387/387/387 388/388/388 
f 387/387/387 388/388/388 388/388/388 
f 388/388/388 388/388/388 387/387/387 
f 388/388/388 387/387/387 387/387/387 
f 387/387/387 387/387/387 389/389/389 
f 387/387/387 385/385/385 389/389/389 
f 389/389/389 385/385/385 390/390/390 
f 385/385/385 391/391/391 390/390/390 
f 390/390/390 391/391/391 392/392/392 
f 391/391/391 393/393/393 392/392/392 
f 392/392/392 393/393/393 394/394/394 
f 393/393/393 395/395/395 394/394/394 
f 394/394/394 395/395/395 396/396/396 
f 395/395/395 396/396/396 396/396/396 
f 396/396/396 396/396/396 390/390/390 
f 396/396/396 390/390/390 390/390/390 
f 390/390/390 390/390/390 389/389/389 
f 390/390/390 397/397/397 389/389/389 
f 389/389/389 397/397/397 398/398/398 
f 397/397/397 397/397/397 398/398/398 
f 398/398/398 397/397/397 399/399/399 
f 397/397/397 400/400/400 399/399/399 
f 399/399/399 400/400/400 401/401/401 
f 400/400/400 402/402/402 401/401/401 
f 401/401/401 402/402/402 403/403/403 
f 402/402/402 404/404/404 403/403/403 
f 403/403/403 404/404/404 405/405/405 
f 404/404/404 405/405/405 405/405/405 
f 405/405/405 405/405/405 406/406/406 
f 405/405/405 406/406/406 406/406/406 
f 406/406/406 406/406/406 407/407/407 
f 406/406/406 408/408/408 407/407/407 
f 407/407/407 408/408/408 408/408/408 
f 408/408/408 409/409/409 408/408/408 
f 408/408/408 409/409/409 409/409/409 
f 409/409/409 410/410/410 409/409/409 
f 409/409/409 410/410/410 411/411/411 
f 410/410/410 411/411/411 411/411/411 
f 411/411/411 411/411/411 412/412/412 
f 411/411/411 412/412/412 412/412/412 
f 412/412/412 412/412/412 413/413/413 
f 412/412/412 414/414/414 413/413/413 
f 413/413/413 414/414/414 415/415/415 
f 414/414/414 415/415/415 415/415/415 
f 415/415/415 415/415/415 416/416/416 
f 415/415/415 416/416/416 416/416/416 
f 416/416/416 416/416/416 415/415/415 
f 416/416/416 417/417/417 415/415/415 
f 415/415/415 417/417/417 418/418/418 
f 417/417/417 418/418/418 418/418/418 
f 418/418/418 418/418/418 418/418/418 
f 418/418/418 418/418/418 418/418/418 
f 418/418/418 418/418/418 419/419/419 
f 418/418/418 420/420/420 419/419/419 
f 419/419/419 420/420/420 420/420/420 
f 420/420/420 421/421/421 420/420/420 
f 420/420/420 421/421/421 421/421/421 
f 421/421/421 422/422/422 421/421/421 
f 421/421/421 422/422/422 423/423/423 
f 422/422/422 423/423/423 423/423/423 
f 423/423/423 423/423/423 424/424/424 
f 423/423/423 424/424/424 424/424/424 
f 424/424/424 424/424/424 425/425/425 
f 424/424/424 426/426/426 425/425/425 
f 425/425/425 426/426/426 426/426/426 
f 426/426/426 427/427/427 426/426/426 
f 426/426/426 427/427/427 427/427/427 
f 427/427/427 428/428/428 427/427/427 
f 427/427/427 428/428/428 429/429/429 
f 428/428/428 429/429/429 429/429/429 
f 429/429/429 429/429/429 430/430/430 
f 429/429/429 430/430/430 430/430/430 
f 430/430/430 430/430/430 431/431/431 
f 430/430/430 432/432/432 431/431/431 
f 431/431/431 432/432/432 432/432/432 
f 432/432/432 433/433/433 432/432/432 
f 432/432/432 433/433/433 433/433/433 
f 433/433/433 434/434/434 433/433/433 
f 433/433/433 434/434/434 435/435/435 
f 434/434/434 435/435/435 435/435/435 
f 435/435/435 435/435/435 436/436/436 
f 435/435/435 436/436/436 436/436/436 
f 436/436/436 436/436/436 437/437/437 
f 436/436/436 438/438/438 437/437/437 
f 437/437/437 438/438/438 438/438/438 
f 438/438/438 439/439/439 438/438/438 
f 438/438/438 439/439/439 439/439/439 
f 439/439/439 440/440/440 439/439/439 
f 439/439/439 440/440/440 436/436/436 
f 440/440/440 436/436/436 436/436/436 
f 436/436/436 436/436/436 441/441/441 
f 436/436/436 441/441/441 441/441/441 
f 441/441/441 441/441/441 442/442/442 
f 441/441/441 443/443/443 442/442/442 
f 442/442/442 443/443/443 443/443/443 
f 443/443/443 444/444/444 443/443/443 
f 443/443/443 444/444/444 444/444/444 
f 444/444/444 445/445/445 444/444/444 
f 444/444/444 445/445/445 446/446/446 
f 445/445/445 445/445/445 446/446/446 
f 446/446/446 445/445/445 447/447/447 
f 445/445/445 448/448/448 447/447/447 
f 447/447/447 448/448/448 449/449/449 
f 448/448/448 450/450/450 449/449/449 
f 449/449/449 450/450/450 450/450/450 
f 450/450/450 451/451/451 450/450/450 
f 450/450/450 451/451/451 451/451/451 
f 451/451/451 452/452/452 451/451/451 
f 451/451/451 452/452/452 453/453/453 
f 452/452/452 452/452/452 453/453/453 
f 453/453/453 452/452/452 454/454/454 
f 452/452/452 455/455/455 454/454/454 
f 454/454/454 455/455/455 455/455/455 
f 455/455/455 456/456/456 455/455/455 
f 455/455/455 456/456/456 456/456/456 
f 456/456/456 457/457/457 456/456/456 
f 456/456/456 457/457/457 458/458/458 
f 457/457/457 458/458/458 458/458/458 
f 458/458/458 458/458/458 459/459/459 
f 458/458/458 459/459/459 459/459/459 
f 459/459/459 459/459/459 460/460/460 
f 459/459/459 461/461/461 460/460/460 
f 460/460/460 461/461/461 461/461/461 
f 461/461/461 462/462/462 461/461/461 
f 461/461/461 462/462/462 462/462/462 
f 462/462/462 463/463/463 462/462/462 
f 462/462/462 463/463/463 464/464/464 
f 463/463/463 463/463/463 464/464/464 
f 464/464/464 463/463/463 465/465/465 
f 463/463/463 466/466/466 465/465/465 
f 465/465/465 466/466/466 467/467/467 
f 466/466/466 468/468/468 467/467/467 
f 467/467/467 468/468/468 469/469/469 
f 468/468/468 470/470/470 469/469/469 
f 469/469/469 470/470/470 471/471/471 
f 470/470/470 472/472/472 471/471/471 
f 471/471/471 472/472/472 471/471/471 
f 472/472/472 473/473/473 471/471/471 
f 471/471/471 473/473/473 474/474/474 
f 473/473/473 475/475/475 474/474/474 
f 474/474/474 475/475/475 476/476/476 
f 475/475/475 477/477/477 476/476/476 
f 476/476/476 477/477/477 478/478/478 
f 477/477/477 477/477/477 478/478/478 
f 478/478/478 477/477/477 479/479/479 
f 477/477/477 480/480/480 479/479/479 
f 479/479/479 480/480/480 480/480/480 
f 480/480/480 481/481/481 480/480/480 
f 480/480/480 481/481/481 481/481/481 
f 481/481/481 482/482/482 481/481/481 
f 481/481/481 482/482/482 483/483/483 
f 482/482/482 484/484/484 483/483/483 
f 483/483/483 484/484/484 485/485/485 
f 484/484/484 486/486/486 485/485/485 
f 485/485/485 486/486/486 487/487/487 
f 486/486/486 386/386/386 487/487/487 
f 487/487/487 386/386/386 487/487/487 
f 386/386/386 388/388/388 487/487/487 
f 487/487/487 388/388/388 488/488/488 
f 388/388/388 489/489/489 488/488/488 
f 488/488/488 489/489/489 490/490/490 
f 489/489/489 489/489/489 490/490/490 
f 490/490/490 489/489/489 491/491/491 
f 489/489/489 492/492/492 491/491/491 
f 491/491/491 492/492/492 491/491/491 
f 492/492/492 493/493/493 491/491/491 
f 491/491/491 493/493/493 494/494/494 
f 493/493/493 495/495/495 494/494/494 
f 494/494/494 495/495/495 496/496/496 
f 495/495/495 497/497/497 496/496/496 
f 496/496/496 497/497/497 498/498/498 
f 497/497/497 499/499/499 498/498/498 
f 498/498/498 499/499/499 499/499/499 
f 499/499/499 488/488/488 499/499/499 
f 499/499/499 488/488/488 488/488/488 
f 488/488/488 490/490/490 488/488/488 
f 488/488/488 490/490/490 500/500/500 
f 490/490/490 501/501/501 500/500/500 
f 500/500/500 501/501/501 502/502/502 
f 501/501/501 503/503/503 502/502/502 
f 502/502/502 503/503/503 504/504/504 
f 503/503/503 505/505/505 504/504/504 
f 504/504/504 505/505/505 505/505/505 
f 505/505/505 506/506/506 505/505/505 
f 505/505/505 506/506/506 506/506/506 
f 506/506/506 507/507/507 506/506/506 
f 506/506/506 507/507/507 508/508/508 
f 507/507/507 508/508/508 508/508/508 
f 508/508/508 508/508/508 509/509/509 
f 508/508/508 509/509/509 509/509/509 
f 509/509/509 509/509/509 510/510/510 
f 509/509/509 511/511/511 510/510/510 
f 510/510/510 511/511/511 511/511/511 
f 511/511/511 509/509/509 511/511/511 
f 511/511/511 509/509/509 509/509/509 
f 509/509/509 512/512/512 509/509/509 
f 509/509/509 512/512/512 513/513/513 
f 512/512/512 513/513/513 513/513/513 
f 513/513/513 513/513/513 514/514/514 
f 513/513/513 514/514/514 514/514/514 
f 514/514/514 514/514/514 515/515/515 
f 514/514/514 516/516/516 515/515/515 
f 515/515/515 516/516/516 516/516/516 
f 516/516/516 517/517/517 516/516/516 
f 516/516/516 517/517/517 517/517/517 
f 517/517/517 518/518/518 517/517/517 
f 517/517/517 518/518/518 519/519/519 
f 518/518/518 518/518/518 519/519/519 
f 519/519/519 518/518/518 520/520/520 
f 518/518/518 521/521/521 520/520/520 
f 520/520/520 521/521/521 521/521/521 
f 521/521/521 520/520/520 521/521/521 
f 521/521/521 520/520/520 520/520/520 
f 520/520/520 522/522/522 520/520/520 
f 520/520/520 522/522/522 523/523/523 
f 522/522/522 523/523/523 523/523/523 
f 523/523/523 523/523/523 524/524/524 
f 523/523/523 524/524/524 524/524/524 
f 524/524/524 524/524/524 525/525/525 
f 524/524/524 526/526/526 525/525/525 
f 525/525/525 526/526/526 526/526/526 
f 526/526/526 527/527/527 526/526/526 
f 526/526/526 527/527/527 527/527/527 
f 527/527/527 528/528/528 527/527/527 
f 527/527/527 528/528/528 529/529/529 
f 528/528/528 529/529/529 529/529/529 
f 529/529/529 529/529/529 530/530/530 
f 529/529/529 530/530/530 530/530/530 
f 530/530/530 530/530/530 531/531/531 
f 530/530/530 532/532/532 531/531/531 
f 531/531/531 532/532/532 532/532/532 
f 532/532/532 533/533/533 532/532/532 
f 532/532/532 533/533/533 533/533/533 
f 533/533/533 534/534/534 533/533/533 
f 533/533/533 534/534/534 535/535/535 
f 534/534/534 535/535/535 535/535/535 
f 535/535/535 535/535/535 536/536/536 
f 535/535/535 536/536/536 536/536/536 
f 536/536/536 536/536/536 537/537/537 
f 536/536/536 538/538/538 537/537/537 
f 537/537/537 538/538/538 538/538/538 
f 538/538/538 539/539/539 538/538/538 
f 538/538/538 539/539/539 539/539/539 
f 539/539/539 540/540/540 539/539/539 
f 539/539/539 540/540/540 541/541/541 
f 540/540/540 541/541/541 541/541/541 
f 541/541/541 541/541/541 542/542/542 
f 541/541/541 542/542/542 542/542/542 
f 542/542/542 542/542/542 543/543/543 
f 542/542/542 544/544/544 543/543/543 
f 543/543/543 544/544/544 544/544/544 
f 544/544/544 545/545/545 544/544/544 
f 544/544/544 545/545/545 545/545/545 
f 545/545/545 546/546/546 545/545/545 
f 545/545/545 546/546/546 547/547/547 
f 546/546/546 547/547/547 547/547/547 
f 547/547/547 547/547/547 548/548/548 
f 547/547/547 548/548/548 548/548/548 
f 548/548/548 548/548/548 549/549/549 
f 548/548/548 550/550/550 549/549/549 
f 549/549/549 550/550/550 551/551/551 
f 550/550/550 551/551/551 551/551/551 
f 551/551/551 551/551/551 552/552/552 
f 551/551/551 552/552/552 552/552/552 
f 552/552/552 552/552/552 553/553/553 
f 552/552/552 554/554/554 553/553/553 
f 553/553/553 554/554/554 555/555/555 
f 554/554/554 555/555/555 555/555/555 
f 555/555/555 555/555/555 556/556/556 
f 555/555/555 556/556/556 556/556/556 
f 556/556/556 556/556/556 557/557/557 
f 556/556/556 558/558/558 557/557/557 
f 557/557/557 558/558/558 559/559/559 
f 558/558/558 559/559/559 559/559/559 
f 559/559/559 559/559/559 560/560/560 
f 559/559/559 560/560/560 560/560/560 
f 560/560/560 560/560/560 561/561/561 
f 560/560/560 562/562/562 561/561/561 
f 561/561/561 562/562/562 563/563/563 
f 562/562/562 563/563/563 563/563/563 
f 563/563/563 563/563/563 564/564/564 
f 563/563/563 564/564/564 564/564/564 
f 564/564/564 564/564/564 565/565/565 
f 564/564/564 566/566/566 565/565/565 
f 565/565/565 566/566/566 567/567/567 
f 566/566/566 567/567/567 567/567/567 
f 567/567/567 567/567/567 568/568/568 
f 567/567/567 568/568/568 568/568/568 
f 568/568/568 568/568/568 569/569/569 
f 568/568/568 570/570/570 569/569/569 
f 569/569/569 570/570/570 571/571/571 
f 570/570/570 571/571/571 571/571/571 
f 571/571/571 571/571/571 572/572/572 
f 571/571/571 572/572/572 572/572/572 
f 572/572/572 572/572/572 573/573/573 
f 572/572/572 574/574/574 573/573/573 
f 573/573/573 574/574/574 575/575/575 
f 574/574/574 575/575/575 575/575/575 
f 575/575/575 575/575/575 576/576/576 
f 575/575/575 576/576/576 576/576/576 
f 576/576/576 576/576/576 577/577/577 
f 576/576/576 578/578/578 577/577/577 
f 577/577/577 578/578/578 579/579/579 
f 578/578/578 579/579/579 579/579/579 
f 579/579/579 579/579/579 580/580/580 
f 579/579/579 580/580/580 580/580/580 
f 580/580/580 580/580/580 581/581/581 
f 580/580/580 582/582/582 581/581/581 
f 581/581/581 582/582/582 583/583/583 
f 582/582/582 583/583/583 583/583/583 
f 583/583/583 583/583/583 584/584/584 
f 583/583/583 584/584/584 584/584/584 
f 584/584/584 584/584/584 585/585/585 
f 584/584/584 586/586/586 585/585/585 
f 585/585/585 586/586/586 587/587/587 
f 586/586/586 587/587/587 587/587/587 
f 587/587/587 587/587/587 588/588/588 
f 587/587/587 588/588/588 588/588/588 
f 588/588/588 588/588/588 589/589/589 
f 588/588/588 590/590/590 589/589/589 
f 589/589/589 590/590/590 591/591/591 
f 590/590/590 591/591/591 591/591/591 
f 591/591/591 591/591/591 592/592/592 
f 591/591/591 592/592/592 592/592/592 
f 592/592/592 592/592/592 593/593/593 
f 592/592/592 594/594/594 593/593/593 
f 593/593/593 594/594/594 595/595/595 
f 594/594/594 595/595/595 595/595/595 
f 595/595/595 595/595/595 596/596/596 
f 595/595/595 596/596/596 596/596/596 
f 596/596/596 596/596/596 597/597/597 
f 596/596/596 598/598/598 597/597/597 
f 597/597/597 598/598/598 599/599/599 
f 598/598/598 599/599/599 599/599/599 
f 599/599/599 599/599/599 600/600/600 
f 599/599/599 600/600/600 600/600/600 
f 600/600/600 600/600/600 601/601/601 
f 600/600/600 602/602/602 601/601/601 
f 601/601/601 602/602/602 603/603/603 
f 602/602/602 603/603/603 603/603/603 
f 603/603/603 603/603/603 604/604/604 
f 603/603/603 604/604/604 604/604/604 
f 604/604/604 604/604/604 605/605/605 
f 604/604/604 606/606/606 605/605/605 
f 605/605/605 606/606/606 607/607/607 
f 606/606/606 607/607/607 607/607/607 
f 607/607/607 607/607/607 608/608/608 
f 607/607/607 608/608/608 608/608/608 
f 608/608/608 608/608/608 609/609/609 
f 608/608/608 610/610/610 609/609/609 
f 609/609/609 610/610/610 611/611/611 
f 610/610/610 611/611/611 611/611/611 
f 611/611/611 611/611/611 612/612/612 
f 611/611/611 612/612/612 612/612/612 
f 612/612/612 612/612/612 613/613/613 
f 612/612/612 614/614/614 613/613/613 
f 613/613/613 614/614/614 615/615/615 
f 614/614/614 615/615/615 615/615/615 
f 615/615/615 615/615/615 616/616/616 
f 615/615/615 616/616/616 616/616/616 
f 616/616/616 616/616/616 617/617/617 
f 616/616/616 618/618/618 617/617/617 
f 617/617/617 618/618/618 619/619/619 
f 618/618/618 619/619/619 619/619/619 
f 619/619/619 619/619/619 620/620/620 
f 619/619/619 620/620/620 620/620/620 
f 620/620/620 620/620/620 621/621/621 
f 620/620/620 622/622/622 621/621/621 
f 621/621/621 622/622/622 623/623/623 
f 622/622/622 623/623/623 623/623/623 
f 623/623/623 623/623/623 624/624/624 
f 623/623/623 624/624/624 624/624/624 
f 624/624/624 624/624/624 625/625/625 
f 624/624/624 626/626/626 625/625/625 
f 625/625/625 626/626/626 627/627/627 
f 626/626/626 627/627/627 627/627/627 
f 627/627/627 627/627/627 628/628/628 
f 627/627/627 628/628/628 628/628/628 
f 628/628/628 628/628/628 629/629/629 
f 628/628/628 630/630/630 629/629/629 
f 629/629/629 630/630/630 631/631/631 
f 630/630/630 631/631/631 631/631/631 
f 631/631/631 631/631/631 632/632/632 
f 631/631/631 632/632/632 632/632/632 
f 632/632/632 632/632/632 633/633/633 
f 632/632/632 634/634/634 633/633/633 
f 633/633/633 634/634/634 635/635/635 
f 634/634/634 635/635/635 635/635/635 
f 635/635/635 635/635/635 636/636/636 
f 635/635/635 636/636/636 636/636/636 
f 636/636/636 636/636/636 637/637/637 
f 636/636/636 638/638/638 637/637/637 
f 637/637/637 638/638/638 639/639/639 
f 638/638/638 639/639/639 639/639/639 
f 639/639/639 639/639/639 640/640/640 
f 639/639/639 640/640/640 640/640/640 
f 640/640/640 640/640/640 641/641/641 
f 640/640/640 642/642/642 641/641/641 
f 641/641/641 642/642/642 643/643/643 
f 642/642/642 643/643/643 643/643/643 
f 643/643/643 643/643/643 644/644/644 
f 643/643/643 644/644/644 644/644/644 
f 644/644/644 644/644/644 645/645/645 
f 644/644/644 646/646/646 645/645/645 
f 645/645/645 646/646/646 647/647/647 
f 646/646/646 647/647/647 647/647/647 
f 647/647/647 647/647/647 648/648/648 
f 647/647/647 648/648/648 648/648/648 
f 648/648/648 648/648/648 649/649/649 
f 648/648/648 650/650/650 649/649/649 
f 649/649/649 650/650/650 651/651/651 
f 650/650/650 651/651/651 651/651/651 
f 651/651/651 651/651/651 652/652/652 
f 651/651/651 652/652/652 652/652/652 
f 652/652/652 652/652/652 653/653/653 
f 652/652/652 654/654/654 653/653/653 
f 653/653/653 654/654/654 655/655/655 
f 654/654/654 655/655/655 655/655/655 
f 655/655/655 655/655/655 656/656/656 
f 655/655/655 656/656/656 656/656/656 
f 656/656/656 656/656/656 657/657/657 
f 656/656/656 658/658/658 657/657/657 
f 657/657/657 658/658/658 659/659/659 
f 658/658/658 659/659/659 659/659/659 
f 659/659/659 659/659/659 660/660/660 
f 659/659/659 660/660/660 660/660/660 
f 660/660/660 660/660/660 661/661/661 
f 660/660/660 662/662/662 661/661/661 
f 661/661/661 662/662/662 663/663/663 
f 662/662/662 663/663/663 663/663/663 
f 663/663/663 663/663/663 664/664/664 
f 663/663/663 664/664/664 664/664/664 
f 664/664/664 664/664/664 665/665/665 
f 664/664/664 666/666/666 665/665/665 
f 665/665/665 666/666/666 667/667/667 
f 666/666/666 667/667/667 667/667/667 
f 667/667/667 667/667/667 668/668/668 
f 667/667/667 668/668/668 668/668/668 
f 668/668/668 668/668/668 669/669/669 
f 668/668/668 670/670/670 669/669/669 
f 669/669/669 670/670/670 671/671/671 
f 670/670/670 671/671/671 671/671/671 
f 671/671/671 671/671/671 672/672/672 
f 671/671/671 672/672/672 672/672/672 
f 672/672/672 672/672/672 673/673/673 
f 672/672/672 674/674/674 673/673/673 
f 673/673/673 674/674/674 675/675/675 
f 674/674/674 675/675/675 675/675/675 
f 675/675/675 675/675/675 676/676/676 
f 675/675/675 676/676/676 676/676/676 
f 676/676/676 676/676/676 677/677/677 
f 676/676/676 678/678/678 677/677/677 
f 677/677/677 678/678/678 679/679/679 
f 678/678/678 679/679/679 679/679/679 
f 679/679/679 679/679/679 680/680/680 
f 679/679/679 680/680/680 680/680/680 
f 680/680/680 680/680/680 681/681/681 
f 680/680/680 682/682/682 681/681/681 
f 681/681/681 682/682/682 683/683/683 
f 682/682/682 683/683/683 683/683/683 
f 683/683/683 683/683/683 684/684/684 
f 683/683/683 684/684/684 684/684/684 
f 684/684/684 684/684/684 685/685/685 
f 684/684/684 686/686/686 685/685/685 
f 685/685/685 686/686/686 687/687/687 
f 686/686/686 687/687/687 687/687/687 
f 687/687/687 687/687/687 688/688/688 
f 687/687/687 688/688/688 688/688/688 
f 688/688/688 688/688/688 689/689/689 
f 688/688/688 690/690/690 689/689/689 
f 689/689/689 690/690/690 691/691/691 
f 690/690/690 691/691/691 691/691/691 
f 691/691/691 691/691/691 692/692/692 
f 691/691/691 692/692/692 692/692/692 
f 692/692/692 692/692/692 693/693/693 
f 692/692/692 694/694/694 693/693/693 
f 693/693/693 694/694/694 695/695/695 
f 694/694/694 695/695/695 695/695/695 
f 695/695/695 695/695/695 696/696/696 
f 695/695/695 696/696/696 696/696/696 
f 696/696/696 696/696/696 697/697/697 
f 696/696/696 698/698/698 697/697/697 
f 697/697/697 698/698/698 699/699/699 
f 698/698/698 699/699/699 699/699/699 
f 699/699/699 699/699/699 700/700/700 
f 699/699/699 700/700/700 700/700/700 
f 700/700/700 700/700/700 701/701/701 
f 700/700/700 702/702/702 701/701/701 
f 701/701/701 702/702/702 703/703/703 
f 702/702/702 703/703/703 703/703/703 
f 703/703/703 703/703/703 704/704/704 
f 703/703/703 704/704/704 704/704/704 
f 704/704/704 704/704/704 705/705/705 
f 704/704/704 706/706/706 705/705/705 
f 705/705/705 706/706/706 707/707/707 
f 706/706/706 707/707/707 707/707/707 
f 707/707/707 707/707/707 708/708/708 
f 707/707/707 708/708/708 708/708/708 
f 708/708/708 708/708/708 709/709/709 
f 708/708/708 710/710/710 709/709/709 
f 709/709/709 710/710/710 711/711/711 
f 710/710/710 711/711/711 711/711/711 
f 711/711/711 711/711/711 712/712/712 
f 711/711/711 712/712/712 712/712/712 
f 712/712/712 712/712/712 713/713/713 
f 712/712/712 714/714/714 713/713/713 
f 713/713/713 714/714/714 715/715/715 
f 714/714/714 715/715/715 715/715/715 
f 715/715/715 715/715/715 716/716/716 
f 715/715/715 716/716/716 716/716/716 
f 716/716/716 716/716/716 717/717/717 
f 716/716/716 718/718/718 717/717/717 
f 717/717/717 718/718/718 719/719/719 
f 718/718/718 719/719/719 719/719/719 
f 719/719/719 719/719/719 720/720/720 
f 719/719/719 720/720/720 720/720/720 
f 720/720/720 720/720/720 721/721/721 
f 720/720/720 722/722/722 721/721/721 
f 721/721/721 722/722/722 723/723/723 
f 722/722/722 723/723/723 723/723/723 
f 723/723/723 723/723/723 724/724/724 
f 723/723/723 724/724/724 724/724/724 
f 724/724/724 724/724/724 725/725/725 
f 724/724/724 726/726/726 725/725/725 
f 725/725/725 726/726/726 727/727/727 
f 726/726/726 727/727/727 727/727/727 
f 727/727/727 727/727/727 728/728/728 
f 727/727/727 728/728/728 728/728/728 
f 728/728/728 728/728/728 729/729/729 
f 728/728/728 730/730/730 729/729/729 
f 729/729/729 730/730/730 731/731/731 
f 730/730/730 731/731/731 731/731/731 
f 731/731/731 731/731/731 732/732/732 
f 731/731/731 732/732/732 732/732/732 
f 732/732/732 732/732/732 733/733/733 
f 732/732/732 734/734/734 733/733/733 
f 733/733/733 734/734/734 735/735/735 
f 734/734/734 735/735/735 735/735/735 
f 735/735/735 735/735/735 736/736/736 
f 735/735/735 736/736/736 736/736/736 
f 736/736/736 736/736/736 737/737/737 
f 736/736/736 738/738/738 737/737/737 
f 737/737/737 738/738/738 739/739/739 
f 738/738/738 739/739/739 739/739/739 
f 739/739/739 739/739/739 740/740/740 
f 739/739/739 740/740/740 740/740/740 
f 740/740/740 740/740/740 741/741/741 
f 740/740/740 742/742/742 741/741/741 
f 741/741/741 742/742/742 743/743/743 
f 742/742/742 743/743/743 743/743/743 
f 743/743/743 743/743/743 744/744/744 
f 743/743/743 744/744/744 744/744/744 
f 744/744/744 744/744/744 745/745/745 
f 744/744/744 746/746/746 745/745/745 
f 745/745/745 746/746/746 747/747/747 
f 746/746/746 747/747/747 747/747/747 
f 747/747/747 747/747/747 748/748/748 
f 747/747/747 748/748/748 748/748/748 
f 748/748/748 748/748/748 749/749/749 
f 748/748/748 750/750/750 749/749/749 
f 749/749/749 750/750/750 751/751/751 
f 750/750/750 751/751/751 751/751/751 
f 751/751/751 751/751/751 752/752/752 
f 751/751/751 752/752/752 752/752/752 
f 752/752/752 752/752/752 753/753/753 
f 752/752/752 754/754/754 753/753/753 
f 753/753/753 754/754/754 755/755/755 
f 754/754/754 755/755/755 755/755/755 
f 755/755/755 755/755/755 756/756/756 
f 755/755/755 756/756/756 756/756/756 
f 756/756/756 756/756/756 757/757/757 
f 756/756/756 758/758/758 757/757/757 
f 757/757/757 758/758/758 759/759/759 
f 758/758/758 759/759/759 759/759/759 
f 759/759/759 759/759/759 760/760/760 
f 759/759/759 760/760/760 760/760/760 
f 760/760/760 760/760/760 761/761/761 
f 760/760/760 762/762/762 761/761/761 
f 761/761/761 762/762/762 763/763/763 
f 762/762/762 763/763/763 763/763/763 
f 763/763/763 763/763/763 764/764/764 
f 763/763/763 764/764/764 764/764/764 
f 764/764/764 764/764/764 765/765/765 
f 764/764/764 766/766/766 765/765/765 
f 765/765/765 766/766/766 767/767/767 
f 766/766/766 767/767/767 767/767/767 
f 767/767/767 767/767/767 768/768/768 
f 767/767/767 768/768/768 768/768/768 
f 768/768/768 768/768/768 769/769/769 
f 768/768/768 770/770/770 769/769/769 
f 769/769/769 770/770/770 771/771/771 
f 770/770/770 771/771/771 771/771/771 
f 771/771/771 771/771/771 772/772/772 
f 771/771/771 772/772/772 772/772/772 
f 772/772/772 772/772/772 773/773/773 
f 772/772/772 774/774/774 773/773/773 
f 773/773/773 774/774/774 775/775/775 
f 774/774/774 775/775/775 775/775/775 
f 775/775/775 775/775/775 776/776/776 
f 775/775/775 776/776/776 776/776/776 
f 776/776/776 776/776/776 777/777/777 
f 776/776/776 778/778/778 777/777/777 
f 777/777/777 778/778/778 779/779/779 
f 778/778/778 779/779/779 779/779/779 
f 779/779/779 779/779/779 780/780/780 
f 779/779/779 780/780/780 780/780/780 
f 780/780/780 780/780/780 781/781/781 
f 780/780/780 782/782/782 781/781/781 
f 781/781/781 782/782/782 783/783/783 
f 782/782/782 783/783/783 783/783/783 
f 783/783/783 783/783/783 784/784/784 
f 783/783/783 784/784/784 784/784/784 
f 784/784/784 784/784/784 785/785/785 
f 784/784/784 786/786/786 785/785/785 
f 785/785/785 786/786/786 787/787/787 
f 786/786/786 787/787/787 787/787/787 
f 787/787/787 787/787/787 788/788/788 
f 787/787/787 788/788/788 788/788/788 
f 788/788/788 788/788/788 789/789/789 
f 788/788/788 790/790/790 789/789/789 
f 789/789/789 790/790/790 791/791/791 
f 790/790/790 791/791/791 791/791/791 
f 791/791/791 791/791/791 792/792/792 
f 791/791/791 792/792/792 792/792/792 
f 792/792/792 792/792/792 793/793/793 
f 792/792/792 794/794/794 793/793/793 
f 793/793/793 794/794/794 795/795/795 
f 794/794/794 795/795/795 795/795/795 
f 795/795/795 795/795/795 796/796/796 
f 795/795/795 796/796/796 796/796/796 
f 796/796/796 796/796/796 797/797/797 
f 796/796/796 798/798/798 797/797/797 
f 797/797/797 798/798/798 799/799/799 
f 798/798/798 799/799/799 799/799/799 
f 799/799/799 799/799/799 800/800/800 
f 799/799/799 800/800/800 800/800/800 
f 800/800/800 800/800/800 801/801/801 
f 800/800/800 802/802/802 801/801/801 
f 801/801/801 802/802/802 803/803/803 
f 802/802/802 803/803/803 803/803/803 
f 803/803/803 803/803/803 804/804/804 
f 803/803/803 804/804/804 804/804/804 
f 804/804/804 804/804/804 805/805/805 
f 804/804/804 806/806/806 805/805/805 
f 805/805/805 806/806/806 807/807/807 
f 806/806/806 807/807/807 807/807/807 
f 807/807/807 807/807/807 808/808/808 
f 807/807/807 808/808/808 808/808/808 
f 808/808/808 808/808/808 809/809/809 
f 808/808/808 810/810/810 809/809/809 
f 809/809/809 810/810/810 811/811/811 
f 810/810/810 811/811/811 811/811/811 
f 811/811/811 811/811/811 812/812/812 
f 811/811/811 812/812/812 812/812/812 
f 812/812/812 812/812/812 813/813/813 
f 812/812/812 814/814/814 813/813/813 
f 813/813/813 814/814/814 815/815/815 
f 814/814/814 815/815/815 815/815/815 
f 815/815/815 815/815/815 816/816/816 
f 815/815/815 816/816/816 816/816/816 
f 816/816/816 816/816/816 817/817/817 
f 816/816/816 818/818/818 817/817/817 
f 817/817/817 818/818/818 819/819/819 
f 818/818/818 819/819/819 819/819/819 
f 819/819/819 819/819/819 820/820/820 
f 819/819/819 820/820/820 820/820/820 
f 820/820/820 820/820/820 821/821/821 
f 820/820/820 822/822/822 821/821/821 
f 821/821/821 822/822/822 823/823/823 
f 822/822/822 823/823/823 823/823/823 
f 823/823/823 823/823/823 824/824/824 
f 823/823/823 824/824/824 824/824/824 
f 824/824/824 824/824/824 825/825/825 
f 824/824/824 826/826/826 825/825/825 
f 825/825/825 826/826/826 827/827/827 
f 826/826/826 827/827/827 827/827/827 
f 827/827/827 827/827/827 828/828/828 
f 827/827/827 828/828/828 828/828/828 
f 828/828/828 828/828/828 829/829/829 
f 828/828/828 830/830/830 829/829/829 
f 829/829/829 830/830/830 831/831/831 
f 830/830/830 831/831/831 831/831/831 
f 831/831/831 831/831/831 832/832/832 
f 831/831/831 832/832/832 832/832/832 
f 832/832/832 832/832/832 833/833/833 
f 832/832/832 834/834/834 833/833/833 
f 833/833/833 834/834/834 835/835/835 
f 834/834/834 835/835/835 835/835/835 
f 835/835/835 835/835/835 836/836/836 
f 835/835/835 836/836/836 836/836/836 
f 836/836/836 836/836/836 837/837/837 
f 836/836/836 838/838/838 837/837/837 
f 837/837/837 838/838/838 839/839/839 
f 838/838/838 839/839/839 839/839/839 
f 839/839/839 839/839/839 840/840/840 
f 839/839/839 840/840/840 840/840/840 
f 840/840/840 840/840/840 841/841/841 
f 840/840/840 842/842/842 841/841/841 
f 841/841/841 842/842/842 843/843/843 
f 842/842/842 843/843/843 843/843/843 
f 843/843/843 843/843/843 844/844/844 
f 843/843/843 844/844/844 844/844/844 
f 844/844/844 844/844/844 845/845/845 
f 844/844/844 846/846/846 845/845/845 
f 845/845/845 846/846/846 847/847/847 
f 846/846/846 847/847/847 847/847/847 
f 847/847/847 847/847/847 848/848/848 
f 847/847/847 848/848/848 848/848/848 
f 848/848/848 848/848/848 849/849/849 
f 848/848/848 850/850/850 849/849/849 
f 849/849/849 850/850/850 851/851/851 
f 850/850/850 851/851/851 851/851/851 
f 851/851/851 851/851/851 852/852/852 
f 851/851/851 852/852/852 852/852/852 
f 852/852/852 852/852/852 853/853/853 
f 852/852/852 854/854/854 853/853/853 
f 853/853/853 854/854/854 855/855/855 
f 854/854/854 855/855/855 855/855/855 
f 855/855/855 855/855/855 856/856/856 
f 855/855/855 856/856/856 856/856/856 
f 856/856/856 856/856/856 857/857/857 
f 856/856/856 858/858/858 857/857/857 
f 857/857/857 858/858/858 859/859/859 
f 858/858/858 859/859/859 859/859/859 
f 859/859/859 859/859/859 860/860/860 
f 859/859/859 860/860/860 860/860/860 
f 860/860/860 860/860/860 861/861/861 
f 860/860/860 862/862/862 861/861/861 
f 861/861/861 862/862/862 863/863/863 
f 862/862/862 863/863/863 863/863/863 
f 863/863/863 863/863/863 864/864/864 
f 863/863/863 864/864/864 864/864/864 
f 864/864/864 864/864/864 865/865/865 
f 864/864/864 866/866/866 865/865/865 
f 865/865/865 866/866/866 867/867/867 
f 866/866/866 867/867/867 867/867/867 
f 867/867/867 867/867/867 868/868/868 
f 867/867/867 868/868/868 868/868/868 
f 868/868/868 868/868/868 869/869/869 
f 868/868/868 870/870/870 869/869/869 
f 869/869/869 870/870/870 871/871/871 
f 870/870/870 871/871/871 871/871/871 
f 871/871/871 871/871/871 872/872/872 
f 871/871/871 872/872/872 872/872/872 
f 872/872/872 872/872/872 873/873/873 
f 872/872/872 874/874/874 873/873/873 
f 873/873/873 874/874/874 875/875/875 
f 874/874/874 875/875/875 875/875/875 
f 875/875/875 875/875/875 876/876/876 
f 875/875/875 876/876/876 876/876/876 
f 876/876/876 876/876/876 877/877/877 
f 876/876/876 878/878/878 877/877/877 
f 877/877/877 878/878/878 879/879/879 
f 878/878/878 879/879/879 879/879/879 
f 879/879/879 879/879/879 880/880/880 
f 879/879/879 880/880/880 880/880/880 
f 880/880/880 880/880/880 881/881/881 
f 880/880/880 882/882/882 881/881/881 
f 881/881/881 882/882/882 883/883/883 
f 882/882/882 883/883/883 883/883/883 
f 883/883/883 883/883/883 884/884/884 
f 883/883/883 884/884/884 884/884/884 
f 884/884/884 884/884/884 885/885/885 
f 884/884/884 886/886/886 885/885/885 
f 885/885/885 886/886/886 887/887/887 
f 886/886/886 887/887/887 887/887/887 
f 887/887/887 887/887/887 888/888/888 
f 887/887/887 888/888/888 888/888/888 
f 888/888/888 888/888/888 889/889/889 
f 888/888/888 890/890/890 889/889/889 
f 889/889/889 890/890/890 891/891/891 
f 890/890/890 891/891/891 891/891/891 
f 891/891/891 891/891/891 892/892/892 
f 891/891/891 892/892/892 892/892/892 
f 892/892/892 892/892/892 893/893/893 
f 892/892/892 894/894/894 893/893/893 
f 893/893/893 894/894/894 895/895/895 
f 894/894/894 895/895/895 895/895/895 
f 895/895/895 895/895/895 896/896/896 
f 895/895/895 896/896/896 896/896/896 
f 896/896/896 896/896/896 897/897/897 
f 896/896/896 898/898/898 897/897/897 
f 897/897/897 898/898/898 899/899/899 
f 898/898/898 899/899/899 899/899/899 
f 899/899/899 899/899/899 900/900/900 
f 899/899/899 900/900/900 900/900/900 
f 900/900/900 900/900/900 901/901/901 
f 900/900/900 902/902/902 901/901/901 
f 901/901/901 902/902/902 903/903/903 
f 902/902/902 903/903/903 903/903/903 
f 903/903/903 903/903/903 904/904/904 
f 903/903/903 904/904/904 904/904/904 
f 904/904/904 904/904/904 905/905/905 
f 904/904/904 906/906/906 905/905/905 
f 905/905/905 906/906/906 907/907/907 
f 906/906/906 907/907/907 907/907/907 
f 907/907/907 907/907/907 908/908/908 
f 907/907/907 908/908/908 908/908/908 
f 908/908/908 908/908/908 909/909/909 
f 908/908/908 910/910/910 909/909/909 
f 909/909/909 910/910/910 911/911/911 
f 910/910/910 911/911/911 911/911/911 
f 911/911/911 911/911/911 912/912/912 
f 911/911/911 912/912/912 912/912/912 
f 912/912/912 912/912/912 913/913/913 
f 912/912/912 914/914/914 913/913/913 
f 913/913/913 914/914/914 915/915/915 
f 914/914/914 915/915/915 915/915/915 
f 915/915/915 915/915/915 916/916/916 
f 915/915/915 916/916/916 916/916/916 
f 916/916/916 916/916/916 917/917/917 
f 916/916/916 918/918/918 917/917/917 
f 917/917/917 918/918/918 919/919/919 
f 918/918/918 919/919/919 919/919/919 
f 919/919/919 919/919/919 920/920/920 
f 919/919/919 920/920/920 920/920/920 
f 920/920/920 920/920/920 921/921/921 
f 920/920/920 922/922/922 921/921/921 
f 921/921/921 922/922/922 923/923/923 
f 922/922/922 923/923/923 923/923/923 
f 923/923/923 923/923/923 924/924/924 
f 923/923/923 924/924/924 924/924/924 
f 924/924/924 924/924/924 925/925/925 
f 924/924/924 926/926/926 925/925/925 
f 925/925/925 926/926/926 927/927/927 
f 926/926/926 927/927/927 927/927/927 
f 927/927/927 927/927/927 928/928/928 
f 927/927/927 928/928/928 928/928/928 
f 928/928/928 928/928/928 929/929/929 
f 928/928/928 930/930/930 929/929/929 
f 929/929/929 930/930/930 931/931/931 
f 930/930/930 931/931/931 931/931/931 
f 931/931/931 931/931/931 932/932/932 
f 931/931/931 932/932/932 932/932/932 
f 932/932/932 932/932/932 933/933/933 
f 932/932/932 934/934/934 933/933/933 
f 933/933/933 934/934/934 935/935/935 
f 934/934/934 935/935/935 935/935/935 
f 935/935/935 935/935/935 936/936/936 
f 935/935/935 936/936/936 936/936/936 
f 936/936/936 936/936/936 937/937/937 
f 936/936/936 938/938/938 937/937/937 
f 937/937/937 938/938/938 939/939/939 
f 938/938/938 939/939/939 939/939/939 
f 939/939/939 939/939/939 940/940/940 
f 939/939/939 940/940/940 940/940/940 
f 940/940/940 940/940/940 941/941/941 
f 940/940/940 942/942/942 941/941/941 
f 941/941/941 942/942/942 943/943/943 
f 942/942/942 943/943/943 943/943/943 
f 943/943/943 943/943/943 944/944/944 
f 943/943/943 944/944/944 944/944/944 
f 944/944/944 944/944/944 945/945/945 
f 944/944/944 946/946/946 945/945/945 
f 945/945/945 946/946/946 947/947/947 
f 946/946/946 947/947/947 947/947/947 
f 947/947/947 947/947/947 948/948/948 
f 947/947/947 948/948/948 948/948/948 
f 948/948/948 948/948/948 949/949/949 
f 948/948/948 950/950/950 949/949/949 
f 949/949/949 950/950/950 951/951/951 
f 950/950/950 951/951/951 951/951/951 
f 951/951/951 951/951/951 952/952/952 
f 951/951/951 952/952/952 952/952/952 
f 952/952/952 952/952/952 953/953/953 
f 952/952/952 954/954/954 953/953/953 
f 953/953/953 954/954/954 955/955/955 
f 954/954/954 955/955/955 955/955/955 
f 955/955/955 955/955/955 956/956/956 
f 955/955/955 956/956/956 956/956/956 
f 956/956/956 956/956/956 957/957/957 
f 956/956/956 958/958/958 957/957/957 
f 957/957/957 958/958/958 959/959/959 
f 958/958/958 959/959/959 959/959/959 
f 959/959/959 959/959/959 960/960/960 
f 959/959/959 960/960/960 960/960/960 
f 960/960/960 960/960/960 961/961/961 
f 960/960/960 962/962/962 961/961/961 
f 961/961/961 962/962/962 963/963/963 
f 962/962/962 963/963/963 963/963/963 
f 963/963/963 963/963/963 964/964/964 
f 963/963/963 964/964/964 964/964/964 
f 964/964/964 964/964/964 965/965/965 
f 964/964/964 966/966/966 965/965/965 
f 965/965/965 966/966/966 967/967/967 
f 966/966/966 967/967/967 967/967/967 
f 967/967/967 967/967/967 968/968/968 
f 967/967/967 968/968/968 968/968/968 
f 968/968/968 968/968/968 969/969/969 
f 968/968/968 970/970/970 969/969/969 
f 969/969/969 970/970/970 971/971/971 
f 970/970/970 971/971/971 971/971/971 
f 971/971/971 971/971/971 972/972/972 
f 971/971/971 972/972/972 972/972/972 
f 972/972/972 972/972/972 973/973/973 
f 972/972/972 974/974/974 973/973/973 
f 973/973/973 974/974/974 975/975/975 
f 974/974/974 975/975/975 975/975/975 
f 975/975/975 975/975/975 976/976/976 
f 975/975/975 976/976/976 976/976/976 
f 976/976/976 976/976/976 977/977/977 
f 976/976/976 978/978/978 977/977/977 
f 977/977/977 978/978/978 979/979/979 
f 978/978/978 979/979/979 979/979/979 
f 979/979/979 979/979/979 980/980/980 
f 979/979/979 980/980/980 980/980/980 
f 980/980/980 980/980/980 981/981/981 
f 980/980/980 982/982/982 981/981/981 
f 981/981/981 982/982/982 983/983/983 
f 982/982/982 983/983/983 983/983/983 
f 983/983/983 983/983/983 984/984/984 
f 983/983/983 984/984/984 984/984/984 
f 984/984/984 984/984/984 985/985/985 
f 984/984/984 986/986/986 985/985/985 
f 985/985/985 986/986/986 987/987/987 
f 986/986/986 987/987/987 987/987/987 
f 987/987/987 987/987/987 988/988/988 
f 987/987/987 988/988/988 988/988/988 
f 988/988/988 988/988/988 989/989/989 
f 988/988/988 990/990/990 989/989/989 
f 989/989/989 990/990/990 991/991/991 
f 990/990/990 991/991/991 991/991/991 
f 991/991/991 991/991/991 992/992/992 
f 991/991/991 992/992/992 992/992/992 
f 992/992/992 992/992/992 993/993/993 
f 992/992/992 994/994/994 993/993/993 
f 993/993/993 994/994/994 995/995/995 
f 994/994/994 995/995/995 995/995/995 
f 995/995/995 995/995/995 996/996/996 
f 995/995/995 996/996/996 996/996/996 
f 996/996/996 996/996/996 997/997/997 
f 996/996/996 998/998/998 997/997/997 
f 997/997/997 998/998/998 999/999/999 
f 998/998/998 999/999/999 999/999/999 
f 999/999/999 999/999/999 1000/1000/1000 
f 999/999/999 1000/1000/1000 1000/1000/1000 
f 1000/1000/1000 1000/1000/1000 1001/1001/1001 
f 1000/1000/1000 1002/1002/1002 1001/1001/1001 
f 1001/1001/1001 1002/1002/1002 1003/1003/1003 
f 1002/1002/1002 1003/1003/1003 1003/1003/1003 
f 1003/1003/1003 1003/1003/1003 1004/1004/1004 
f 1003/1003/1003 1004/1004/1004 1004/1004/1004 
f 1004/1004/1004 1004/1004/1004 1005/1005/1005 
f 1004/1004/1004 1006/1006/1006 1005/1005/1005 
f 1005/1005/1005 1006/1006/1006 1007/1007/1007 
f 1006/1006/1006 1007/1007/1007 1007/1007/1007 
f 1007/1007/1007 1007/1007/1007 1008/1008/1008 
f 1007/1007/1007 1008/1008/1008 1008/1008/1008 
f 1008/1008/1008 1008/1008/1008 1009/1009/1009 
f 1008/1008/1008 1010/1010/1010 1009/1009/1009 
f 1009/1009/1009 1010/1010/1010 1011/1011/1011 
f 1010/1010/1010 1011/1011/1011 1011/1011/1011 
f 1011/1011/1011 1011/1011/1011 1012/1012/1012 
f 1011/1011/1011 1012/1012/1012 1012/1012/1012 
f 1012/1012/1012 1012/1012/1012 1013/1013/1013 
f 1012/1012/1012 1014/1014/1014 1013/1013/1013 
f 1013/1013/1013 1014/1014/1014 1015/1015/1015 
f 1014/1014/1014 1015/1015/1015 1015/1015/1015 
f 1015/1015/1015 1015/1015/1015 1016/1016/1016 
f 1015/1015/1015 1016/1016/1016 1016/1016/1016 
f 1016/1016/1016 1016/1016/1016 1017/1017/1017 
f 1016/1016/1016 1018/1018/1018 1017/1017/1017 
f 1017/1017/1017 1018/1018/1018 1019/1019/1019 
f 1018/1018/1018 1019/1019/1019 1019/1019/1019 
f 1019/1019/1019 1019/1019/1019 1020/1020/1020 
f 1019/1019/1019 1020/1020/1020 1020/1020/1020 
f 1020/1020/1020 1020/1020/1020 1021/1021/1021 
f 1020/1020/1020 1022/1022/1022 1021/1021/1021 
f 1021/1021/1021 1022/1022/1022 1023/1023/1023 
f 1022/1022/1022 1023/1023/1023 1023/1023/1023 
f 1023/1023/1023 1023/1023/1023 1024/1024/1024 
f 1023/1023/1023 1024/1024/1024 1024/1024/1024 
f 1024/1024/1024 1024/1024/1024 1025/1025/1025 
f 1024/1024/1024 1026/1026/1026 1025/1025/1025 
f 1025/1025/1025 1026/1026/1026 1027/1027/1027 
f 1026/1026/1026 1027/1027/1027 1027/1027/1027 
f 1027/1027/1027 1027/1027/1027 1028/1028/1028 
f 1027/1027/1027 1028/1028/1028 1028/1028/1028 
f 1028/1028/1028 1028/1028/1028 1029/1029/1029 
f 1028/1028/1028 1030/1030/1030 1029/1029/1029 
f 1029/1029/1029 1030/1030/1030 1031/1031/1031 
f 1030/1030/1030 1031/1031/1031 1031/1031/1031 
f 1031/1031/1031 1031/1031/1031 1032/1032/1032 
f 1031/1031/1031 1032/1032/1032 1032/1032/1032 
f 1032/1032/1032 1032/1032/1032 1033/1033/1033 
f 1032/1032/1032 1034/1034/1034 1033/1033/1033 
f 1033/1033/1033 1034/1034/1034 1035/1035/1035 
f 1034/1034/1034 1035/1035/1035 1035/1035/1035 
f 1035/1035/1035 1035/1035/1035 1036/1036/1036 
f 1035/1035/1035 1036/1036/1036 1036/1036/1036 
f 1036/1036/1036 1036/1036/1036 1037/1037/1037 
f 1036/1036/1036 1038/1038/1038 1037/1037/1037 
f 1037/1037/1037 1038/1038/1038 1039/1039/1039 
f 1038/1038/1038 1039/1039/1039 1039/1039/1039 
f 1039/1039/1039 1039/1039/1039 1040/1040/1040 
f 1039/1039/1039 1040/1040/1040 1040/1040/1040 
f 1040/1040/1040 1040/1040/1040 1041/1041/1041 
f 1040/1040/1040 1042/1042/1042 1041/1041/1041 
f 1041/1041/1041 1042/1042/1042 1043/1043/1043 
f 1042/1042/1042 1043/1043/1043 1043/1043/1043 
f 1043/1043/1043 1043/1043/1043 1044/1044/1044 
f 1043/1043/1043 1044/1044/1044 1044/1044/1044 
f 1044/1044/1044 1044/1044/1044 1045/1045/1045 
f 1044/1044/1044 1046/1046/1046 1045/1045/1045 
f 1045/1045/1045 1046/1046/1046 1047/1047/1047 
f 1046/1046/1046 1047/1047/1047 1047/1047/1047 
f 1047/1047/1047 1047/1047/1047 1048/1048/1048 
f 1047/1047/1047 1048/1048/1048 1048/1048/1048 
f 1048/1048/1048 1048/1048/1048 1049/1049/1049 
f 1048/1048/1048 1050/1050/1050 1049/1049/1049 
f 1049/1049/1049 1050/1050/1050 1051/1051/1051 
f 1050/1050/1050 1051/1051/1051 1051/1051/1051 
f 1051/1051/1051 1051/1051/1051 1052/1052/1052 
f 1051/1051/1051 1052/1052/1052 1052/1052/1052 
f 1052/1052/1052 1052/1052/1052 1053/1053/1053 
f 1052/1052/1052 1054/1054/1054 1053/1053/1053 
f 1053/1053/1053 1054/1054/1054 1055/1055/1055 
f 1054/1054/1054 1055/1055/1055 1055/1055/1055 
f 1055/1055/1055 1055/1055/1055 1056/1056/1056 
f 1055/1055/1055 1056/1056/1056 1056/1056/1056 
f 1056/1056/1056 1056/1056/1056 1057/1057/1057 
f 1056/1056/1056 1058/1058/1058 1057/1057/1057 
f 1057/1057/1057 1058/1058/1058 1059/1059/1059 
f 1058/1058/1058 1059/1059/1059 1059/1059/1059 
f 1059/1059/1059 1059/1059/1059 1060/1060/1060 
f 1059/1059/1059 1060/1060/1060 1060/1060/1060 
f 1060/1060/1060 1060/1060/1060 1061/1061/1061 
f 1060/1060/1060 1062/1062/1062 1061/1061/1061 
f 1061/1061/1061 1062/1062/1062 1063/1063/1063 
f 1062/1062/1062 1063/1063/1063 1063/1063/1063 
f 1063/1063/1063 1063/1063/1063 1064/1064/1064 
f 1063/1063/1063 1064/1064/1064 1064/1064/1064 
f 1064/1064/1064 1064/1064/1064 1065/1065/1065 
f 1064/1064/1064 1066/1066/1066 1065/1065/1065 
f 1065/1065/1065 1066/1066/1066 1067/1067/1067 
f 1066/1066/1066 1067/1067/1067 1067/1067/1067 
f 1067/1067/1067 1067/1067/1067 1068/1068/1068 
f 1067/1067/1067 1068/1068/1068 1068/1068/1068 
f 1068/1068/1068 1068/1068/1068 1069/1069/1069 
f 1068/1068/1068 1070/1070/1070 1069/1069/1069 
f 1069/1069/1069 1070/1070/1070 1071/1071/1071 
f 1070/1070/1070 1071/1071/1071 1071/1071/1071 
f 1071/1071/1071 1071/1071/1071 1072/1072/1072 
f 1071/1071/1071 1072/1072/1072 1072/1072/1072 
f 1072/1072/1072 1072/1072/1072 1073/1073/1073 
f 1072/1072/1072 1074/1074/1074 1073/1073/1073 
f 1073/1073/1073 1074/1074/1074 1075/1075/1075 
f 1074/1074/1074 1075/1075/1075 1075/1075/1075 
f 1075/1075/1075 1075/1075/1075 1076/1076/1076 
f 1075/1075/1075 1076/1076/1076 1076/1076/1076 
f 1076/1076/1076 1076/1076/1076 1077/1077/1077 
f 1076/1076/1076 1078/1078/1078 1077/1077/1077 
f 1077/1077/1077 1078/1078/1078 1079/1079/1079 
f 1078/1078/1078 1079/1079/1079 1079/1079/1079 
f 1079/1079/1079 1079/1079/1079 1080/1080/1080 
f 1079/1079/1079 1080/1080/1080 1080/1080/1080 
f 1080/1080/1080 1080/1080/1080 1081/1081/1081 
f 1080/1080/1080 1082/1082/1082 1081/1081/1081 
f 1081/1081/1081 1082/1082/1082 1083/1083/1083 
f 1082/1082/1082 1083/1083/1083 1083/1083/1083 
f 1083/1083/1083 1083/1083/1083 1084/1084/1084 
f 1083/1083/1083 1084/1084/1084 1084/1084/1084 
f 1084/1084/1084 1084/1084/1084 1085/1085/1085 
f 1084/1084/1084 1086/1086/1086 1085/1085/1085 
f 1085/1085/1085 1086/1086/1086 1087/1087/1087 
f 1086/1086/1086 1087/1087/1087 1087/1087/1087 
f 1087/1087/1087 1087/1087/1087 1088/1088/1088 
f 1087/1087/1087 1088/1088/1088 1088/1088/1088 
f 1088/1088/1088 1088/1088/1088 1089/1089/1089 
f 1088/1088/1088 1090/1090/1090 1089/1089/1089 
f 1089/1089/1089 1090/1090/1090 1091/1091/1091 
f 1090/1090/1090 1091/1091/1091 1091/1091/1091 
f 1091/1091/1091 1091/1091/1091 1092/1092/1092 
f 1091/1091/1091 1092/1092/1092 1092/1092/1092 
f 1092/1092/1092 1092/1092/1092 1093/1093/1093 
f 1092/1092/1092 1094/1094/1094 1093/1093/1093 
f 1093/1093/1093 1094/1094/1094 1095/1095/1095 
f 1094/1094/1094 1095/1095/1095 1095/1095/1095 
f 1095/1095/1095 1095/1095/1095 1096/1096/1096 
f 1095/1095/1095 1096/1096/1096 1096/1096/1096 
f 1096/1096/1096 1096/1096/1096 1097/1097/1097 
f 1096/1096/1096 1098/1098/1098 1097/1097/1097 
f 1097/1097/1097 1098/1098/1098 1099/1099/1099 
f 1098/1098/1098 1099/1099/1099 1099/1099/1099 
f 1099/1099/1099 1099/1099/1099 1100/1100/1100 
f 1099/1099/1099 1100/1100/1100 1100/1100/1100 
f 1100/1100/1100 1100/1100/1100 1101/1101/1101 
f 1100/1100/1100 1102/1102/1102 1101/1101/1101 
f 1101/1101/1101 1102/1102/1102 1103/1103/1103 
f 1102/1102/1102 1103/1103/1103 1103/1103/1103 
f 1103/1103/1103 1103/1103/1103 1104/1104/1104 
f 1103/1103/1103 1104/1104/1104 1104/1104/1104 
f 1104/1104/1104 1104/1104/1104 1105/1105/1105 
f 1104/1104/1104 1106/1106/1106 1105/1105/1105 
f 1105/1105/1105 1106/1106/1106 1107/1107/1107 
f 1106/1106/1106 1107/1107/1107 1107/1107/1107 
f 1107/1107/1107 1107/1107/1107 1108/1108/1108 
f 1107/1107/1107 1108/1108/1108 1108/1108/1108 
f 1108/1108/1108 1108/1108/1108 1109/1109/1109 
f 1108/1108/1108 1110/1110/1110 1109/1109/1109 
f 1109/1109/1109 1110/1110/1110 1111/1111/1111 
f 1110/1110/1110 1111/1111/1111 1111/1111/1111 
f 1111/1111/1111 1111/1111/1111 1112/1112/1112 
f 1111/1111/1111 1112/1112/1112 1112/1112/1112 
f 1112/1112/1112 1112/1112/1112 1113/1113/1113 
f 1112/1112/1112 1114/1114/1114 1113/1113/1113 
f 1113/1113/1113 1114/1114/1114 1115/1115/1115 
f 1114/1114/1114 1115/1115/1115 1115/1115/1115 
f 1115/1115/1115 1115/1115/1115 1116/1116/1116 
f 1115/1115/1115 1116/1116/1116 1116/1116/1116 
f 1116/1116/1116 1116/1116/1116 1117/1117/1117 
f 1116/1116/1116 1118/1118/1118 1117/1117/1117 
f 1117/1117/1117 1118/1118/1118 1119/1119/1119 
f 1118/1118/1118 1119/1119/1119 1119/1119/1119 
f 1119/1119/1119 1119/1119/1119 1120/1120/1120 
f 1119/1119/1119 1120/1120/1120 1120/1120/1120 
f 1120/1120/1120 1120/1120/1120 1121/1121/1121 
f 1120/1120/1120 1122/1122/1122 1121/1121/1121 
f 1121/1121/1121 1122/1122/1122 1123/1123/1123 
f 1122/1122/1122 1123/1123/1123 1123/1123/1123 
f 1123/1123/1123 1123/1123/1123 1124/1124/1124 
f 1123/1123/1123 1124/1124/1124 1124/1124/1124 
f 1124/1124/1124 1124/1124/1124 1125/1125/1125 
f 1124/1124/1124 1126/1126/1126 1125/1125/1125 
f 1125/1125/1125 1126/1126/1126 1127/1127/1127 
f 1126/1126/1126 1127/1127/1127 1127/1127/1127 
f 1127/1127/1127 1127/1127/1127 1128/1128/1128 
f 1127/1127/1127 1128/1128/1128 1128/1128/1128 
f 1128/1128/1128 1128/1128/1128 1129/1129/1129 
f 1128/1128/1128 1130/1130/1130 1129/1129/1129 
f 1129/1129/1129 1130/1130/1130 1131/1131/1131 
f 1130/1130/1130 1131/1131/1131 1131/1131/1131 
f 1131/1131/1131 1131/1131/1131 1132/1132/1132 
f 1131/1131/1131 1132/1132/1132 1132/1132/1132 
f 1132/1132/1132 1132/1132/1132 1133/1133/1133 
f 1132/1132/1132 1134/1134/1134 1133/1133/1133 
f 1133/1133/1133 1134/1134/1134 1135/1135/1135 
f 1134/1134/1134 1135/1135/1135 1135/1135/1135 
f 1135/1135/1135 1135/1135/1135 1136/1136/1136 
f 1135/1135/1135 1136/1136/1136 1136/1136/1136 
f 1136/1136/1136 1136/1136/1136 1137/1137/1137 
f 1136/1136/1136 1138/1138/1138 1137/1137/1137 
f 1137/1137/1137 1138/1138/1138 1139/1139/1139 
f 1138/1138/1138 1139/1139/1139 1139/1139/1139 
f 1139/1139/1139 1139/1139/1139 1140/1140/1140 
f 1139/1139/1139 1140/1140/1140 1140/1140/1140 
f 1140/1140/1140 1140/1140/1140 1141/1141/1141 
f 1140/1140/1140 1142/1142/1142 1141/1141/1141 
f 1141/1141/1141 1142/1142/1142 1143/1143/1143 
f 1142/1142/1142 1143/1143/1143 1143/1143/1143 
f 1143/1143/1143 1143/1143/1143 1144/1144/1144 
f 1143/1143/1143 1144/1144/1144 1144/1144/1144 
f 1144/1144/1144 1144/1144/1144 1145/1145/1145 
f 1144/1144/1144 1146/1146/1146 1145/1145/1145 
f 1145/1145/1145 1146/1146/1146 1147/1147/1147 
f 1146/1146/1146 1147/1147/1147 1147/1147/1147 
f 1147/1147/1147 1147/1147/1147 1148/1148/1148 
f 1147/1147/1147 1148/1148/1148 1148/1148/1148 
f 1148/1148/1148 1148/1148/1148 1149/1149/1149 
f 1148/1148/1148 1150/1150/1150 1149/1149/1149 
f 1149/1149/1149 1150/1150/1150 1151/1151/1151 
f 1150/1150/1150 1151/1151/1151 1151/1151/1151 
f 1151/1151/1151 1151/1151/1151 1152/1152/1152 
f 1151/1151/1151 1152/1152/1152 1152/1152/1152 
f 1152/1152/1152 1152/1152/1152 1153/1153/1153 
f 1152/1152/1152 1154/1154/1154 1153/1153/1153 
f 1153/1153/1153 1154/1154/1154 1155/1155/1155 
f 1154/1154/1154 1155/1155/1155 1155/1155/1155 
f 1155/1155/1155 1155/1155/1155 1156/1156/1156 
f 1155/1155/1155 1156/1156/1156 1156/1156/1156 
f 1156/1156/1156 1156/1156/1156 1157/1157/1157 
f 1156/1156/1156 1158/1158/1158 1157/1157/1157 
f 1157/1157/1157 1158/1158/1158 1159/1159/1159 
f 1158/1158/1158 1159/1159/1159 1159/1159/1159 
f 1159/1159/1159 1159/1159/1159 1160/1160/1160 
f 1159/1159/1159 1160/1160/1160 1160/1160/1160 
f 1160/1160/1160 1160/1160/1160 1161/1161/1161 
f 1160/1160/1160 1162/1162/1162 1161/1161/1161 
f 1161/1161/1161 1162/1162/1162 1163/1163/1163 
f 1162/1162/1162 1163/1163/1163 1163/1163/1163 
f 1163/1163/1163 1163/1163/1163 1164/1164/1164 
f 1163/1163/1163 1164/1164/1164 1164/1164/1164 
f 1164/1164/1164 1164/1164/1164 1165/1165/1165 
f 1164/1164/1164 1166/1166/1166 1165/1165/1165 
f 1165/1165/1165 1166/1166/1166 1167/1167/1167 
f 1166/1166/1166 1167/1167/1167 1167/1167/1167 
f 1167/1167/1167 1167/1167/1167 1168/1168/1168 
f 1167/1167/1167 1168/1168/1168 1168/1168/1168 
f 1168/1168/1168 1168/1168/1168 1169/1169/1169 
f 1168/1168/1168 1170/1170/1170 1169/1169/1169 
f 1169/1169/1169 1170/1170/1170 1171/1171/1171 
f 1170/1170/1170 1171/1171/1171 1171/1171/1171 
f 1171/1171/1171 1171/1171/1171 1172/1172/1172 
f 1171/1171/1171 1172/1172/1172 1172/1172/1172 
f 1172/1172/1172 1172/1172/1172 1173/1173/1173 
f 1172/1172/1172 1174/1174/1174 1173/1173/1173 
f 1173/1173/1173 1174/1174/1174 1175/1175/1175 
f 1174/1174/1174 1175/1175/1175 1175/1175/1175 
f 1175/1175/1175 1175/1175/1175 1176/1176/1176 
f 1175/1175/1175 1176/1176/1176 1176/1176/1176 
f 1176/1176/1176 1176/1176/1176 1177/1177/1177 
f 1176/1176/1176 1178/1178/1178 1177/1177/1177 
f 1177/1177/1177 1178/1178/1178 1179/1179/1179 
f 1178/1178/1178 1179/1179/1179 1179/1179/1179 
f 1179/1179/1179 1179/1179/1179 1180/1180/1180 
f 1179/1179/1179 1180/1180/1180 1180/1180/1180 
f 1180/1180/1180 1180/1180/1180 1181/1181/1181 
f 1180/1180/1180 1182/1182/1182 1181/1181/1181 
f 1181/1181/1181 1182/1182/1182 1183/1183/1183 
f 1182/1182/1182 1183/1183/1183 1183/1183/1183 
f 1183/1183/1183 1183/1183/1183 1184/1184/1184 
f 1183/1183/1183 1184/1184/1184 1184/1184/1184 
f 1184/1184/1184 1184/1184/1184 1185/1185/1185 
f 1184/1184/1184 1186/1186/1186 1185/1185/1185 
f 1185/1185/1185 1186/1186/1186 1187/1187/1187 
f 1186/1186/1186 1187/1187/1187 1187/1187/1187 
f 1187/1187/1187 1187/1187/1187 1188/1188/1188 
f 1187/1187/1187 1188/1188/1188 1188/1188/1188 
f 1188/1188/1188 1188/1188/1188 1189/1189/1189 
f 1188/1188/1188 1190/1190/1190 1189/1189/1189 
f 1189/1189/1189 1190/1190/1190 1191/1191/1191 
f 1190/1190/1190 1191/1191/1191 1191/1191/1191 
f 1191/1191/1191 1191/1191/1191 1192/1192/1192 
f 1191/1191/1191 1192/1192/1192 1192/1192/1192 
f 1192/1192/1192 1192/1192/1192 1193/1193/1193 
f 1192/1192/1192 1194/1194/1194 1193/1193/1193 
f 1193/1193/1193 1194/1194/1194 1195/1195/1195 
f 1194/1194/1194 1195/1195/1195 1195/1195/1195 
f 1195/1195/1195 1195/1195/1195 1196/1196/1196 
f 1195/1195/1195 1196/1196/1196 1196/1196/1196 
f 1196/1196/1196 1196/1196/1196 1197/1197/1197 
f 1196/1196/1196 1198/1198/1198 1197/1197/1197 
f 1197/1197/1197 1198/1198/1198 1199/1199/1199 
f 1198/1198/1198 1199/1199/1199 1199/1199/1199 
f 1199/1199/1199 1199/1199/1199 1200/1200/1200 
f 1199/1199/1199 1200/1200/1200 1200/1200/1200 
f 1200/1200/1200 1200/1200/1200 1201/1201/1201 
f 1200/1200/1200 1202/1202/1202 1201/1201/1201 
f 1201/1201/1201 1202/1202/1202 1203/1203/1203 
f 1202/1202/1202 1203/1203/1203 1203/1203/1203 
f 1203/1203/1203 1203/1203/1203 1204/1204/1204 
f 1203/1203/1203 1204/1204/1204 1204/1204/1204 
f 1204/1204/1204 1204/1204/1204 1205/1205/1205 
f 1204/1204/1204 1206/1206/1206 1205/1205/1205 
f 1205/1205/1205 1206/1206/1206 1207/1207/1207 
f 1206/1206/1206 1207/1207/1207 1207/1207/1207 
f 1207/1207/1207 1207/1207/1207 1208/1208/1208 
f 1207/1207/1207 1208/1208/1208 1208/1208/1208 
f 1208/1208/1208 1208/1208/1208 1209/1209/1209 
f 1208/1208/1208 1210/1210/1210 1209/1209/1209 
f 1209/1209/1209 1210/1210/1210 1211/1211/1211 
f 1210/1210/1210 1211/1211/1211 1211/1211/1211 
f 1211/1211/1211 1211/1211/1211 1212/1212/1212 
f 1211/1211/1211 1212/1212/1212 1212/1212/1212 
f 1212/1212/1212 1212/1212/1212 1213/1213/1213 
f 1212/1212/1212 1214/1214/1214 1213/1213/1213 
f 1213/1213/1213 1214/1214/1214 1215/1215/1215 
f 1214/1214/1214 1215/1215/1215 1215/1215/1215 
f 1215/1215/1215 1215/1215/1215 1216/1216/1216 
f 1215/1215/1215 1216/1216/1216 1216/1216/1216 
f 1216/1216/1216 1216/1216/1216 1217/1217/1217 
f 1216/1216/1216 1218/1218/1218 1217/1217/1217 
f 1217/1217/1217 1218/1218/1218 1219/1219/1219 
f 1218/1218/1218 1219/1219/1219 1219/1219/1219 
f 1219/1219/1219 1219/1219/1219 1220/1220/1220 
f 1219/1219/1219 1220/1220/1220 1220/1220/1220 
f 1220/1220/1220 1220/1220/1220 1221/1221/1221 
f 1220/1220/1220 1222/1222/1222 1221/1221/1221 
f 1221/1221/1221 1222/1222/1222 1223/1223/1223 
f 1222/1222/1222 1223/1223/1223 1223/1223/1223 
f 1223/1223/1223 1223/1223/1223 1224/1224/1224 
f 1223/1223/1223 1224/1224/1224 1224/1224/1224 
f 1224/1224/1224 1224/1224/1224 1225/1225/1225 
f 1224/1224/1224 1226/1226/1226 1225/1225/1225 
f 1225/1225/1225 1226/1226/1226 1227/1227/1227 
f 1226/1226/1226 1227/1227/1227 1227/1227/1227 
f 1227/1227/1227 1227/1227/1227 1228/1228/1228 
f 1227/1227/1227 1228/1228/1228 1228/1228/1228 
f 1228/1228/1228 1228/1228/1228 1229/1229/1229 
f 1228/1228/1228 1230/1230/1230 1229/1229/1229 
f 1229/1229/1229 1230/1230/1230 1231/1231/1231 
f 1230/1230/1230 1231/1231/1231 1231/1231/1231 
f 1231/1231/1231 1231/1231/1231 1232/1232/1232 
f 1231/1231/1231 1232/1232/1232 1232/1232/1232 
f 1232/1232/1232 1232/1232/1232 1233/1233/1233 
f 1232/1232/1232 1234/1234/1234 1233/1233/1233 
f 1233/1233/1233 1234/1234/1234 1235/1235/1235 
f 1234/1234/1234 1235/1235/1235 1235/1235/1235 
f 1235/1235/1235 1235/1235/1235 1236/1236/1236 
f 1235/1235/1235 1236/1236/1236 1236/1236/1236 
f 1236/1236/1236 1236/1236/1236 1237/1237/1237 
f 1236/1236/1236 1238/1238/1238 1237/1237/1237 
f 1237/1237/1237 1238/1238/1238 1239/1239/1239 
f 1238/1238/1238 1239/1239/1239 1239/1239/1239 
f 1239/1239/1239 1239/1239/1239 1240/1240/1240 
f 1239/1239/1239 1240/1240/1240 1240/1240/1240 
f 1240/1240/1240 1240/1240/1240 1241/1241/1241 
f 1240/1240/1240 1242/1242/1242 1241/1241/1241 
f 1241/1241/1241 1242/1242/1242 1243/1243/1243 
f 1242/1242/1242 1243/1243/1243 1243/1243/1243 
f 1243/1243/1243 1243/1243/1243 1244/1244/1244 
f 1243/1243/1243 1244/1244/1244 1244/1244/1244 
f 1244/1244/1244 1244/1244/1244 1245/1245/1245 
f 1244/1244/1244 1246/1246/1246 1245/1245/1245 
f 1245/1245/1245 1246/1246/1246 1247/1247/1247 
f 1246/1246/1246 1247/1247/1247 1247/1247/1247 
f 1247/1247/1247 1247/1247/1247 1248/1248/1248 
f 1247/1247/1247 1248/1248/1248 1248/1248/1248 
f 1248/1248/1248 1248/1248/1248 1249/1249/1249 
f 1248/1248/1248 1250/1250/1250 1249/1249/1249 
f 1249/1249/1249 1250/1250/1250 1251/1251/1251 
f 1250/1250/1250 1251/1251/1251 1251/1251/1251 
f 1251/1251/1251 1251/1251/1251 1252/1252/1252 
f 1251/1251/1251 1252/1252/1252 1252/1252/1252 
f 1252/1252/1252 1252/1252/1252 1253/1253/1253 
f 1252/1252/1252 1254/1254/1254 1253/1253/1253 
f 1253/1253/1253 1254/1254/1254 1255/1255/1255 
f 1254/1254/1254 1255/1255/1255 1255/1255/1255 
f 1255/1255/1255 1255/1255/1255 1256/1256/1256 
f 1255/1255/1255 1256/1256/1256 1256/1256/1256 
f 1256/1256/1256 1256/1256/1256 1257/1257/1257 
f 1256/1256/1256 1258/1258/1258 1257/1257/1257 
f 1257/1257/1257 1258/1258/1258 1259/1259/1259 
f 1258/1258/1258 1259/1259/1259 1259/1259/1259 
f 1259/1259/1259 1259/1259/1259 1260/1260/1260 
f 1259/1259/1259 1260/1260/1260 1260/1260/1260 
f 1260/1260/1260 1260/1260/1260 1261/1261/1261 
f 1260/1260/1260 1262/1262/1262 1261/1261/1261 
f 1261/1261/1261 1262/1262/1262 1263/1263/1263 
f 1262/1262/1262 1263/1263/1263 1263/1263/1263 
f 1263/1263/1263 1263/1263/1263 1264/1264/1264 
f 1263/1263/1263 1264/1264/1264 1264/1264/1264 
f 1264/1264/1264 1264/1264/1264 1265/1265/1265 
f 1264/1264/1264 1266/1266/1266 1265/1265/1265 
f 1265/1265/1265 1266/1266/1266 1267/1267/1267 
f 1266/1266/1266 1267/1267/1267 1267/1267/1267 
f 1267/1267/1267 1267/1267/1267 1268/1268/1268 
f 1267/1267/1267 1268/1268/1268 1268/1268/1268 
f 1268/1268/1268 1268/1268/1268 1269/1269/1269 
f 1268/1268/1268 1270/1270/1270 1269/1269/1269 
f 1269/1269/1269 1270/1270/1270 1271/1271/1271 
f 1270/1270/1270 1271/1271/1271 1271/1271/1271 
f 1271/1271/1271 1271/1271/1271 1272/1272/1272 
f 1271/1271/1271 1272/1272/1272 1272/1272/1272 
f 1272/1272/1272 1272/1272/1272 1273/1273/1273 
f 1272/1272/1272 1274/1274/1274 1273/1273/1273 
f 1273/1273/1273 1274/1274/1274 1275/1275/1275 
f 1274/1274/1274 1275/1275/1275 1275/1275/1275 
f 1275/1275/1275 1275/1275/1275 1276/1276/1276 
f 1275/1275/1275 1276/1276/1276 1276/1276/1276 
f 1276/1276/1276 1276/1276/1276 1277/1277/1277 
f 1276/1276/1276 1278/1278/1278 1277/1277/1277 
f 1277/1277/1277 1278/1278/1278 1279/1279/1279 
f 1278/1278/1278 1279/1279/1279 1279/1279/1279 
f 1279/1279/1279 1279/1279/1279 1280/1280/1280 
f 1279/1279/1279 1280/1280/1280 1280/1280/1280 
f 1280/1280/1280 1280/1280/1280 1281/1281/1281 
f 1280/1280/1280 1282/1282/1282 1281/1281/1281 
f 1281/1281/1281 1282/1282/1282 1283/1283/1283 
f 1282/1282/1282 1283/1283/1283 1283/1283/1283 
f 1283/1283/1283 1283/1283/1283 1284/1284/1284 
f 1283/1283/1283 1284/1284/1284 1284/1284/1284 
f 1284/1284/1284 1284/1284/1284 1285/1285/1285 
f 1284/1284/1284 1286/1286/1286 1285/1285/1285 
f 1285/1285/1285 1286/1286/1286 1287/1287/1287 
f 1286/1286/1286 1287/1287/1287 1287/1287/1287 
f 1287/1287/1287 1287/1287/1287 1288/1288/1288 
f 1287/1287/1287 1288/1288/1288 1288/1288/1288 
f 1288/1288/1288 1288/1288/1288 1289/1289/1289 
f 1288/1288/1288 1290/1290/1290 1289/1289/1289 
f 1289/1289/1289 1290/1290/1290 1291/1291/1291 
f 1290/1290/1290 1291/1291/1291 1291/1291/1291 
f 1291/1291/1291 1291/1291/1291 1292/1292/1292 
f 1291/1291/1291 1292/1292/1292 1292/1292/1292 
f 1292/1292/1292 1292/1292/1292 1293/1293/1293 
f 1292/1292/1292 1294/1294/1294 1293/1293/1293 
f 1293/1293/1293 1294/1294/1294 1295/1295/1295 
f 1294/1294/1294 1295/1295/1295 1295/1295/1295 
f 1295/1295/1295 1295/1295/1295 1296/1296/1296 
f 1295/1295/1295 1296/1296/1296 1296/1296/1296 
f 1296/1296/1296 1296/1296/1296 1297/1297/1297 
f 1296/1296/1296 1298/1298/1298 1297/1297/1297 
f 1297/1297/1297 1298/1298/1298 1299/1299/1299 
f 1298/1298/1298 1299/1299/1299 1299/1299/1299 
f 1299/1299/1299 1299/1299/1299 1300/1300/1300 
f 1299/1299/1299 1300/1300/1300 1300/1300/1300 
f 1300/1300/1300 1300/1300/1300 1301/1301/1301 
f 1300/1300/1300 1302/1302/1302 1301/1301/1301 
f 1301/1301/1301 1302/1302/1302 1303/1303/1303 
f 1302/1302/1302 1303/1303/1303 1303/1303/1303 
f 1303/1303/1303 1303/1303/1303 1304/1304/1304 
f 1303/1303/1303 1304/1304/1304 1304/1304/1304 
f 1304/1304/1304 1304/1304/1304 1305/1305/1305 
f 1304/1304/1304 1306/1306/1306 1305/1305/1305 
f 1305/1305/1305 1306/1306/1306 1307/1307/1307 
f 1306/1306/1306 1307/1307/1307 1307/1307/1307 
f 1307/1307/1307 1307/1307/1307 1308/1308/1308 
f 1307/1307/1307 1308/1308/1308 1308/1308/1308 
f 1308/1308/1308 1308/1308/1308 1309/1309/1309 
f 1308/1308/1308 1310/1310/1310 1309/1309/1309 
f 1309/1309/1309 1310/1310/1310 1311/1311/1311 
f 1310/1310/1310 1311/1311/1311 1311/1311/1311 
f 1311/1311/1311 1311/1311/1311 1312/1312/1312 
f 1311/1311/1311 1312/1312/1312 1312/1312/1312 
f 1312/1312/1312 1312/1312/1312 1313/1313/1313 
f 1312/1312/1312 1314/1314/1314 1313/1313/1313 
f 1313/1313/1313 1314/1314/1314 1315/1315/1315 
f 1314/1314/1314 1315/1315/1315 1315/1315/1315 
f 1315/1315/1315 1315/1315/1315 1316/1316/1316 
f 1315/1315/1315 1316/1316/1316 1316/1316/1316 
f 1316/1316/1316 1316/1316/1316 1317/1317/1317 
f 1316/1316/1316 1318/1318/1318 1317/1317/1317 
f 1317/1317/1317 1318/1318/1318 1319/1319/1319 
f 1318/1318/1318 1319/1319/1319 1319/1319/1319 
f 1319/1319/1319 1319/1319/1319 1320/1320/1320 
f 1319/1319/1319 1320/1320/1320 1320/1320/1320 
f 1320/1320/1320 1320/1320/1320 1321/1321/1321 
f 1320/1320/1320 1322/1322/1322 1321/1321/1321 
f 1321/1321/1321 1322/1322/1322 1323/1323/1323 
f 1322/1322/1322 1323/1323/1323 1323/1323/1323 
f 1323/1323/1323 1323/1323/1323 1324/1324/1324 
f 1323/1323/1323 1324/1324/1324 1324/1324/1324 
f 1324/1324/1324 1324/1324/1324 1325/1325/1325 
f 1324/1324/1324 1326/1326/1326 1325/1325/1325 
f 1325/1325/1325 1326/1326/1326 1327/1327/1327 
f 1326/1326/1326 1327/1327/1327 1327/1327/1327 
f 1327/1327/1327 1327/1327/1327 1328/1328/1328 
f 1327/1327/1327 1328/1328/1328 1328/1328/1328 
f 1328/1328/1328 1328/1328/1328 1329/1329/1329 
f 1328/1328/1328 1330/1330/1330 1329/1329/1329 
f 1329/1329/1329 1330/1330/1330 1331/1331/1331 
f 1330/1330/1330 1331/1331/1331 1331/1331/1331 
f 1331/1331/1331 1331/1331/1331 1332/1332/1332 
f 1331/1331/1331 1332/1332/1332 1332/1332/1332 
f 1332/1332/1332 1332/1332/1332 1333/1333/1333 
f 1332/1332/1332 1334/1334/1334 1333/1333/1333 
f 1333/1333/1333 1334/1334/1334 1335/1335/1335 
f 1334/1334/1334 1335/1335/1335 1335/1335/1335 
f 1335/1335/1335 1335/1335/1335 1336/1336/1336 
f 1335/1335/1335 1336/1336/1336 1336/1336/1336 
f 1336/1336/1336 1336/1336/1336 1337/1337/1337 
f 1336/1336/1336 1338/1338/1338 1337/1337/1337 
f 1337/1337/1337 1338/1338/1338 1339/1339/1339 
f 1338/1338/1338 1339/1339/1339 1339/1339/1339 
f 1339/1339/1339 1339/1339/1339 1340/1340/1340 
f 1339/1339/1339 1340/1340/1340 1340/1340/1340 
f 1340/1340/1340 1340/1340/1340 1341/1341/1341 
f 1340/1340/1340 1342/1342/1342 1341/1341/1341 
f 1341/1341/1341 1342/1342/1342 1343/1343/1343 
f 1342/1342/1342 1343/1343/1343 1343/1343/1343 
f 1343/1343/1343 1343/1343/1343 1344/1344/1344 
f 1343/1343/1343 1344/1344/1344 1344/1344/1344 
f 1344/1344/1344 1344/1344/1344 1345/1345/1345 
f 1344/1344/1344 1346/1346/1346 1345/1345/1345 
f 1345/1345/1345 1346/1346/1346 1347/1347/1347 
f 1346/1346/1346 1347/1347/1347 1347/1347/1347 
f 1347/1347/1347 1347/1347/1347 1348/1348/1348 
f 1347/1347/1347 1348/1348/1348 1348/1348/1348 
f 1348/1348/1348 1348/1348/1348 1349/1349/1349 
f 1348/1348/1348 1350/1350/1350 1349/1349/1349 
f 1349/1349/1349 1350/1350/1350 1351/1351/1351 
f 1350/1350/1350 1351/1351/1351 1351/1351/1351 
f 1351/1351/1351 1351/1351/1351 1352/1352/1352 
f 1351/1351/1351 1352/1352/1352 1352/1352/1352 
f 1352/1352/1352 1352/1352/1352 1353/1353/1353 
f 1352/1352/1352 1354/1354/1354 1353/1353/1353 
f 1353/1353/1353 1354/1354/1354 1355/1355/1355 
f 1354/1354/1354 1355/1355/1355 1355/1355/1355 
f 1355/1355/1355 1355/1355/1355 1356/1356/1356 
f 1355/1355/1355 1356/1356/1356 1356/1356/1356 
f 1356/1356/1356 1356/1356/1356 1357/1357/1357 
f 1356/1356/1356 1358/1358/1358 1357/1357/1357 
f 1357/1357/1357 1358/1358/1358 1359/1359/1359 
f 1358/1358/1358 1359/1359/1359 1359/1359/1359 
f 1359/1359/1359 1359/1359/1359 1360/1360/1360 
f 1359/1359/1359 1360/1360/1360 1360/1360/1360 
f 1360/1360/1360 1360/1360/1360 1361/1361/1361 
f 1360/1360/1360 1362/1362/1362 1361/1361/1361 
f 1361/1361/1361 1362/1362/1362 1363/1363/1363 
f 1362/1362/1362 1363/1363/1363 1363/1363/1363 
f 1363/1363/1363 1363/1363/1363 1364/1364/1364 
f 1363/1363/1363 1364/1364/1364 1364/1364/1364 
f 1364/1364/1364 1364/1364/1364 1365/1365/1365 
f 1364/1364/1364 1366/1366/1366 1365/1365/1365 
f 1365/1365/1365 1366/1366/1366 1367/1367/1367 
f 1366/1366/1366 1367/1367/1367 1367/1367/1367 
f 1367/1367/1367 1367/1367/1367 1368/1368/1368 
f 1367/1367/1367 1368/1368/1368 1368/1368/1368 
f 1368/1368/1368 1368/1368/1368 1369/1369/1369 
f 1368/1368/1368 1370/1370/1370 1369/1369/1369 
f 1369/1369/1369 1370/1370/1370 1371/1371/1371 
f 1370/1370/1370 1371/1371/1371 1371/1371/1371 
f 1371/1371/1371 1371/1371/1371 1372/1372/1372 
f 1371/1371/1371 1372/1372/1372 1372/1372/1372 
f 1372/1372/1372 1372/1372/1372 1373/1373/1373 
f 1372/1372/1372 1374/1374/1374 1373/1373/1373 
f 1373/1373/1373 1374/1374/1374 1375/1375/1375 
f 1374/1374/1374 1375/1375/1375 1375/1375/1375 
f 1375/1375/1375 1375/1375/1375 1376/1376/1376 
f 1375/1375/1375 1376/1376/1376 1376/1376/1376 
f 1376/1376/1376 1376/1376/1376 1377/1377/1377 
f 1376/1376/1376 1378/1378/1378 1377/1377/1377 
f 1377/1377/1377 1378/1378/1378 1379/1379/1379 
f 1378/1378/1378 1379/1379/1379 1379/1379/1379 
f 1379/1379/1379 1379/1379/1379 1380/1380/1380 
f 1379/1379/1379 1380/1380/1380 1380/1380/1380 
f 1380/1380/1380 1380/1380/1380 1381/1381/1381 
f 1380/1380/1380 1382/1382/1382 1381/1381/1381 
f 1381/1381/1381 1382/1382/1382 1383/1383/1383 
f 1382/1382/1382 1383/1383/1383 1383/1383/1383 
f 1383/1383/1383 1383/1383/1383 1384/1384/1384 
f 1383/1383/1383 1384/1384/1384 1384/1384/1384 
f 1384/1384/1384 1384/1384/1384 1385/1385/1385 
f 1384/1384/1384 1386/1386/1386 1385/1385/1385 
f 1385/1385/1385 1386/1386/1386 1387/1387/1387 
f 1386/1386/1386 1387/1387/1387 1387/1387/1387 
f 1387/1387/1387 1387/1387/1387 1388/1388/1388 
f 1387/1387/1387 1388/1388/1388 1388/1388/1388 
f 1388/1388/1388 1388/1388/1388 1389/1389/1389 
f 1388/1388/1388 1390/1390/1390 1389/1389/1389 
f 1389/1389/1389 1390/1390/1390 1391/1391/1391 
f 1390/1390/1390 1391/1391/1391 1391/1391/1391 
f 1391/1391/1391 1391/1391/1391 1392/1392/1392 
f 1391/1391/1391 1392/1392/1392 1392/1392/1392 
f 1392/1392/1392 1392/1392/1392 1393/1393/1393 
f 1392/1392/1392 1394/1394/1394 1393/1393/1393 
f 1393/1393/1393 1394/1394/1394 1395/1395/1395 
f 1394/1394/1394 1395/1395/1395 1395/1395/1395 
f 1395/1395/1395 1395/1395/1395 1396/1396/1396 
f 1395/1395/1395 1396/1396/1396 1396/1396/1396 
f 1396/1396/1396 1396/1396/1396 1397/1397/1397 
f 1396/1396/1396 1398/1398/1398 1397/1397/1397 
f 1397/1397/1397 1398/1398/1398 1399/1399/1399 
f 1398/1398/1398 1399/1399/1399 1399/1399/1399 
f 1399/1399/1399 1399/1399/1399 1400/1400/1400 
f 1399/1399/1399 1400/1400/1400 1400/1400/1400 
f 1400/1400/1400 1400/1400/1400 1401/1401/1401 
f 1400/1400/1400 1402/1402/1402 1401/1401/1401 
f 1401/1401/1401 1402/1402/1402 1403/1403/1403 
f 1402/1402/1402 1403/1403/1403 1403/1403/1403 
f 1403/1403/1403 1403/1403/1403 1404/1404/1404 
f 1403/1403/1403 1404/1404/1404 1404/1404/1404 
f 1404/1404/1404 1404/1404/1404 1405/1405/1405 
f 1404/1404/1404 1406/1406/1406 1405/1405/1405 
f 1405/1405/1405 1406/1406/1406 1407/1407/1407 
f 1406/1406/1406 1407/1407/1407 1407/1407/1407 
f 1407/1407/1407 1407/1407/1407 1408/1408/1408 
f 1407/1407/1407 1408/1408/1408 1408/1408/1408 
f 1408/1408/1408 1408/1408/1408 1409/1409/1409 
f 1408/1408/1408 1410/1410/1410 1409/1409/1409 
f 1409/1409/1409 1410/1410/1410 1411/1411/1411 
f 1410/1410/1410 1411/1411/1411 1411/1411/1411 
f 1411/1411/1411 1411/1411/1411 1412/1412/1412 
f 1411/1411/1411 1412/1412/1412 1412/1412/1412 
f 1412/1412/1412 1412/1412/1412 1413/1413/1413 
f 1412/1412/1412 1414/1414/1414 1413/1413/1413 
f 1413/1413/1413 1414/1414/1414 1415/1415/1415 
f 1414/1414/1414 1415/1415/1415 1415/1415/1415 
f 1415/1415/1415 1415/1415/1415 1416/1416/1416 
f 1415/1415/1415 1416/1416/1416 1416/1416/1416 
f 1416/1416/1416 1416/1416/1416 1417/1417/1417 
f 1416/1416/1416 1418/1418/1418 1417/1417/1417 
f 1417/1417/1417 1418/1418/1418 1419/1419/1419 
f 1418/1418/1418 1419/1419/1419 1419/1419/1419 
f 1419/1419/1419 1419/1419/1419 1420/1420/1420 
f 1419/1419/1419 1420/1420/1420 1420/1420/1420 
f 1420/1420/1420 1420/1420/1420 1421/1421/1421 
f 1420/1420/1420 1422/1422/1422 1421/1421/1421 
f 1421/1421/1421 1422/1422/1422 1423/1423/1423 
f 1422/1422/1422 1423/1423/1423 1423/1423/1423 
f 1423/1423/1423 1423/1423/1423 1424/1424/1424 
f 1423/1423/1423 1424/1424/1424 1424/1424/1424 
f 1424/1424/1424 1424/1424/1424 1425/1425/1425 
f 1424/1424/1424 1426/1426/1426 1425/1425/1425 
f 1425/1425/1425 1426/1426/1426 1427/1427/1427 
f 1426/1426/1426 1427/1427/1427 1427/1427/1427 
f 1427/1427/1427 1427/1427/1427 1428/1428/1428 
f 1427/1427/1427 1428/1428/1428 1428/1428/1428 
f 1428/1428/1428 1428/1428/1428 1429/1429/1429 
f 1428/1428/1428 1430/1430/1430 1429/1429/1429 
f 1429/1429/1429 1430/1430/1430 1431/1431/1431 
f 1430/1430/1430 1431/1431/1431 1431/1431/1431 
f 1431/1431/1431 1431/1431/1431 1432/1432/1432 
f 1431/1431/1431 1432/1432/1432 1432/1432/1432 
f 1432/1432/1432 1432/1432/1432 1433/1433/1433 
f 1432/1432/1432 1434/1434/1434 1433/1433/1433 
f 1433/1433/1433 1434/1434/1434 1435/1435/1435 
f 1434/1434/1434 1435/1435/1435 1435/1435/1435 
f 1435/1435/1435 1435/1435/1435 1436/1436/1436 
f 1435/1435/1435 1436/1436/1436 1436/1436/1436 
f 1436/1436/1436 1436/1436/1436 1437/1437/1437 
f 1436/1436/1436 1438/1438/1438 1437/1437/1437 
f 1437/1437/1437 1438/1438/1438 1439/1439/1439 
f 1438/1438/1438 1439/1439/1439 1439/1439/1439 
f 1439/1439/1439 1439/1439/1439 1440/1440/1440 
f 1439/1439/1439 1440/1440/1440 1440/1440/1440 
f 1440/1440/1440 1440/1440/1440 1441/1441/1441 
f 1440/1440/1440 1442/1442/1442 1441/1441/1441 
f 1441/1441/1441 1442/1442/1442 1441/1441/1441 
f 1442/1442/1442 1443/1443/1443 1441/1441/1441 
f 1441/1441/1441 1443/1443/1443 1444/1444/1444 
f 1443/1443/1443 1445/1445/1445 1444/1444/1444 
f 1444/1444/1444 1445/1445/1445 1446/1446/1446 
f 1445/1445/1445 1446/1446/1446 1446/1446/1446 
f 1446/1446/1446 1446/1446/1446 1440/1440/1440 
f 1446/1446/1446 1440/1440/1440 1440/1440/1440 
f 1440/1440/1440 1440/1440/1440 1442/1442/1442 
f 1440/1440/1440 1447/1447/1447 1442/1442/1442 
f 1442/1442/1442 1447/1447/1447 1448/1448/1448 
f 1447/1447/1447 1449/1449/1449 1448/1448/1448 
f 1448/1448/1448 1449/1449/1449 1450/1450/1450 
f 1449/1449/1449 1451/1451/1451 1450/1450/1450 
f 1450/1450/1450 1451/1451/1451 1452/1452/1452 
f 1451/1451/1451 1453/1453/1453 1452/1452/1452 
f 1452/1452/1452 1453/1453/1453 1454/1454/1454 
f 1453/1453/1453 1453/1453/1453 1454/1454/1454 
f 1454/1454/1454 1453/1453/1453 1455/1455/1455 
f 1453/1453/1453 1456/1456/1456 1455/1455/1455 
f 1455/1455/1455 1456/1456/1456 1456/1456/1456 
f 1456/1456/1456 1445/1445/1445 1456/1456/1456 
f 1456/1456/1456 1445/1445/1445 1445/1445/1445 
f 1445/1445/1445 1457/1457/1457 1445/1445/1445 
f 1445/1445/1445 1457/1457/1457 1446/1446/1446 
f 1457/1457/1457 1458/1458/1458 1446/1446/1446 
f 1446/1446/1446 1458/1458/1458 1459/1459/1459 
f 1458/1458/1458 1459/1459/1459 1459/1459/1459 
f 1459/1459/1459 1459/1459/1459 1460/1460/1460 
f 1459/1459/1459 1460/1460/1460 1460/1460/1460 
f 1460/1460/1460 1460/1460/1460 1461/1461/1461 
f 1460/1460/1460 1462/1462/1462 1461/1461/1461 
f 1461/1461/1461 1462/1462/1462 1461/1461/1461 
f 1462/1462/1462 1463/1463/1463 1461/1461/1461 
f 1461/1461/1461 1463/1463/1463 1464/1464/1464 
f 1463/1463/1463 1465/1465/1465 1464/1464/1464 
f 1464/1464/1464 1465/1465/1465 1464/1464/1464 
f 1465/1465/1465 1466/1466/1466 1464/1464/1464 
f 1464/1464/1464 1466/1466/1466 1467/1467/1467 
f 1466/1466/1466 1467/1467/1467 1467/1467/1467 
f 1467/1467/1467 1467/1467/1467 1468/1468/1468 
f 1467/1467/1467 1468/1468/1468 1468/1468/1468 
f 1468/1468/1468 1468/1468/1468 1469/1469/1469 
f 1468/1468/1468 1470/1470/1470 1469/1469/1469 
f 1469/1469/1469 1470/1470/1470 1469/1469/1469 
f 1470/1470/1470 1471/1471/1471 1469/1469/1469 
f 1469/1469/1469 1471/1471/1471 1472/1472/1472 
f 1471/1471/1471 1473/1473/1473 1472/1472/1472 
f 1472/1472/1472 1473/1473/1473 1474/1474/1474 
f 1473/1473/1473 1474/1474/1474 1474/1474/1474 
f 1474/1474/1474 1474/1474/1474 1468/1468/1468 
f 1474/1474/1474 1468/1468/1468 1468/1468/1468 
f 1468/1468/1468 1468/1468/1468 1470/1470/1470 
f 1468/1468/1468 1475/1475/1475 1470/1470/1470 
f 1470/1470/1470 1475/1475/1475 1476/1476/1476 
f 1475/1475/1475 1477/1477/1477 1476/1476/1476 
f 1476/1476/1476 1477/1477/1477 1478/1478/1478 
f 1477/1477/1477 1479/1479/1479 1478/1478/1478 
f 1478/1478/1478 1479/1479/1479 1480/1480/1480 
f 1479/1479/1479 1481/1481/1481 1480/1480/1480 
f 1480/1480/1480 1481/1481/1481 1482/1482/1482 
f 1481/1481/1481 1481/1481/1481 1482/1482/1482 
f 1482/1482/1482 1481/1481/1481 1483/1483/1483 
f 1481/1481/1481 1484/1484/1484 1483/1483/1483 
f 1483/1483/1483 1484/1484/1484 1484/1484/1484 
f 1484/1484/1484 1473/1473/1473 1484/1484/1484 
f 1484/1484/1484 1473/1473/1473 1473/1473/1473 
f 1473/1473/1473 1485/1485/1485 1473/1473/1473 
f 1473/1473/1473 1485/1485/1485 1474/1474/1474 
f 1485/1485/1485 1486/1486/1486 1474/1474/1474 
f 1474/1474/1474 1486/1486/1486 1487/1487/1487 
f 1486/1486/1486 1487/1487/1487 1487/1487/1487 
f 1487/1487/1487 1487/1487/1487 1488/1488/1488 
f 1487/1487/1487 1488/1488/1488 1488/1488/1488 
f 1488/1488/1488 1488/1488/1488 1489/1489/1489 
f 1488/1488/1488 1490/1490/1490 1489/1489/1489 
f 1489/1489/1489 1490/1490/1490 1489/1489/1489 
f 1490/1490/1490 1491/1491/1491 1489/1489/1489 
f 1489/1489/1489 1491/1491/1491 1492/1492/1492 
f 1491/1491/1491 1493/1493/1493 1492/1492/1492 
f 1492/1492/1492 1493/1493/1493 1494/1494/1494 
f 1493/1493/1493 1495/1495/1495 1494/1494/1494 
f 1494/1494/1494 1495/1495/1495 1496/1496/1496 
f 1495/1495/1495 1497/1497/1497 1496/1496/1496 
f 1496/1496/1496 1497/1497/1497 1497/1497/1497 
f 1497/1497/1497 1498/1498/1498 1497/1497/1497 
f 1497/1497/1497 1498/1498/1498 1498/1498/1498 
f 1498/1498/1498 1499/1499/1499 1498/1498/1498 
f 1498/1498/1498 1499/1499/1499 1500/1500/1500 
f 1499/1499/1499 1501/1501/1501 1500/1500/1500 
f 1500/1500/1500 1501/1501/1501 1501/1501/1501 
f 1501/1501/1501 1502/1502/1502 1501/1501/1501 
f 1501/1501/1501 1502/1502/1502 1502/1502/1502 
f 1502/1502/1502 1503/1503/1503 1502/1502/1502 
f 1502/1502/1502 1503/1503/1503 1504/1504/1504 
f 1503/1503/1503 1505/1505/1505 1504/1504/1504 
f 1504/1504/1504 1505/1505/1505 1505/1505/1505 
f 1505/1505/1505 1506/1506/1506 1505/1505/1505 
f 1505/1505/1505 1506/1506/1506 1506/1506/1506 
f 1506/1506/1506 1507/1507/1507 1506/1506/1506 
f 1506/1506/1506 1507/1507/1507 1508/1508/1508 
f 1507/1507/1507 1509/1509/1509 1508/1508/1508 
f 1508/1508/1508 1509/1509/1509 1509/1509/1509 
f 1509/1509/1509 1510/1510/1510 1509/1509/1509 
f 1509/1509/1509 1510/1510/1510 1510/1510/1510 
f 1510/1510/1510 1511/1511/1511 1510/1510/1510 
f 1510/1510/1510 1511/1511/1511 1512/1512/1512 
f 1511/1511/1511 1513/1513/1513 1512/1512/1512 
f 1512/1512/1512 1513/1513/1513 1514/1514/1514 
f 1513/1513/1513 1515/1515/1515 1514/1514/1514 
f 1514/1514/1514 1515/1515/1515 1516/1516/1516 
f 1515/1515/1515 1517/1517/1517 1516/1516/1516 
f 1516/1516/1516 1517/1517/1517 1518/1518/1518 
f 1517/1517/1517 1519/1519/1519 1518/1518/1518 
f 1518/1518/1518 1519/1519/1519 1519/1519/1519 
f 1519/1519/1519 1520/1520/1520 1519/1519/1519 
f 1519/1519/1519 1520/1520/1520 1520/1520/1520 
f 1520/1520/1520 1521/1521/1521 1520/1520/1520 
f 1520/1520/1520 1521/1521/1521 1522/1522/1522 
f 1521/1521/1521 1523/1523/1523 1522/1522/1522 
f 1522/1522/1522 1523/1523/1523 1523/1523/1523 
f 1523/1523/1523 1524/1524/1524 1523/1523/1523 
f 1523/1523/1523 1524/1524/1524 1524/1524/1524 
f 1524/1524/1524 1525/1525/1525 1524/1524/1524 
f 1524/1524/1524 1525/1525/1525 1526/1526/1526 
f 1525/1525/1525 1527/1527/1527 1526/1526/1526 
f 1526/1526/1526 1527/1527/1527 1528/1528/1528 
f 1527/1527/1527 1529/1529/1529 1528/1528/1528 
f 1528/1528/1528 1529/1529/1529 1529/1529/1529 
f 1529/1529/1529 1530/1530/1530 1529/1529/1529 
f 1529/1529/1529 1530/1530/1530 1530/1530/1530 
f 1530/1530/1530 1531/1531/1531 1530/1530/1530 
f 1530/1530/1530 1531/1531/1531 1532/1532/1532 
f 1531/1531/1531 1533/1533/1533 1532/1532/1532 
f 1532/1532/1532 1533/1533/1533 1533/1533/1533 
f 1533/1533/1533 1534/1534/1534 1533/1533/1533 
f 1533/1533/1533 1534/1534/1534 1534/1534/1534 
f 1534/1534/1534 1535/1535/1535 1534/1534/1534 
f 1534/1534/1534 1535/1535/1535 1536/1536/1536 
f 1535/1535/1535 1537/1537/1537 1536/1536/1536 
f 1536/1536/1536 1537/1537/1537 1537/1537/1537 
f 1537/1537/1537 1538/1538/1538 1537/1537/1537 
f 1537/1537/1537 1538/1538/1538 1538/1538/1538 
f 1538/1538/1538 1539/1539/1539 1538/1538/1538 
f 1538/1538/1538 1539/1539/1539 1540/1540/1540 
f 1539/1539/1539 1541/1541/1541 1540/1540/1540 
f 1540/1540/1540 1541/1541/1541 1541/1541/1541 
f 1541/1541/1541 1542/1542/1542 1541/1541/1541 
f 1541/1541/1541 1542/1542/1542 1542/1542/1542 
f 1542/1542/1542 1543/1543/1543 1542/1542/1542 
f 1542/1542/1542 1543/1543/1543 1544/1544/1544 
f 1543/1543/1543 1545/1545/1545 1544/1544/1544 
f 1544/1544/1544 1545/1545/1545 1544/1544/1544 
f 1545/1545/1545 1546/1546/1546 1544/1544/1544 
f 1544/1544/1544 1546/1546/1546 1547/1547/1547 
f 1546/1546/1546 1547/1547/1547 1547/1547/1547 
f 1547/1547/1547 1547/1547/1547 1548/1548/1548 
f 1547/1547/1547 1548/1548/1548 1548/1548/1548 
f 1548/1548/1548 1548/1548/1548 1549/1549/1549 
f 1548/1548/1548 1550/1550/1550 1549/1549/1549 
f 1549/1549/1549 1550/1550/1550 1549/1549/1549 
f 1550/1550/1550 1551/1551/1551 1549/1549/1549 
f 1549/1549/1549 1551/1551/1551 1549/1549/1549 
f 1551/1551/1551 1552/1552/1552 1549/1549/1549 
f 1549/1549/1549 1552/1552/1552 1553/1553/1553 
f 1552/1552/1552 1553/1553/1553 1553/1553/1553 
f 1553/1553/1553 1553/1553/1553 1554/1554/1554 
f 1553/1553/1553 1554/1554/1554 1554/1554/1554 
f 1554/1554/1554 1554/1554/1554 1555/1555/1555 
f 1554/1554/1554 1556/1556/1556 1555/1555/1555 
f 1555/1555/1555 1556/1556/1556 1557/1557/1557 
f 1556/1556/1556 1556/1556/1556 1557/1557/1557 
f 1557/1557/1557 1556/1556/1556 1558/1558/1558 
f 1556/1556/1556 1559/1559/1559 1558/1558/1558 
f 1558/1558/1558 1559/1559/1559 1558/1558/1558 
f 1559/1559/1559 1560/1560/1560 1558/1558/1558 
f 1558/1558/1558 1560/1560/1560 1558/1558/1558 
f 1560/1560/1560 1561/1561/1561 1558/1558/1558 
f 1558/1558/1558 1561/1561/1561 1558/1558/1558 
f 1561/1561/1561 1562/1562/1562 1558/1558/1558 
f 1558/1558/1558 1562/1562/1562 1558/1558/1558 
f 1562/1562/1562 1563/1563/1563 1558/1558/1558 
f 1558/1558/1558 1563/1563/1563 1564/1564/1564 
f 1563/1563/1563 1565/1565/1565 1564/1564/1564 
f 1564/1564/1564 1565/1565/1565 1566/1566/1566 
f 1565/1565/1565 1567/1567/1567 1566/1566/1566 
f 1566/1566/1566 1567/1567/1567 1567/1567/1567 
f 1567/1567/1567 1554/1554/1554 1567/1567/1567 
f 1567/1567/1567 1554/1554/1554 1554/1554/1554 
f 1554/1554/1554 1568/1568/1568 1554/1554/1554 
f 1554/1554/1554 1568/1568/1568 1556/1556/1556 
f 1568/1568/1568 1559/1559/1559 1556/1556/1556 
f 1556/1556/1556 1559/1559/1559 1559/1559/1559 
f 1559/1559/1559 1558/1558/1558 1559/1559/1559 
f 1559/1559/1559 1558/1558/1558 1558/1558/1558 
f 1558/1558/1558 1564/1564/1564 1558/1558/1558 
f 1558/1558/1558 1564/1564/1564 1557/1557/1557 
f 1564/1564/1564 1569/1569/1569 1557/1557/1557 
f 1557/1557/1557 1569/1569/1569 1570/1570/1570 
f 1569/1569/1569 1569/1569/1569 1570/1570/1570 
f 1570/1570/1570 1569/1569/1569 1571/1571/1571 
f 1569/1569/1569 1569/1569/1569 1571/1571/1571 
f 1571/1571/1571 1569/1569/1569 1572/1572/1572 
f 1569/1569/1569 1566/1566/1566 1572/1572/1572 
f 1572/1572/1572 1566/1566/1566 1573/1573/1573 
f 1566/1566/1566 1567/1567/1567 1573/1573/1573 
f 1573/1573/1573 1567/1567/1567 1574/1574/1574 
f 1567/1567/1567 1575/1575/1575 1574/1574/1574 
f 1574/1574/1574 1575/1575/1575 1576/1576/1576 
f 1575/1575/1575 1577/1577/1577 1576/1576/1576 
f 1576/1576/1576 1577/1577/1577 1578/1578/1578 
f 1577/1577/1577 1579/1579/1579 1578/1578/1578 
f 1578/1578/1578 1579/1579/1579 1580/1580/1580 
f 1579/1579/1579 1581/1581/1581 1580/1580/1580 
f 1580/1580/1580 1581/1581/1581 1580/1580/1580 
f 1581/1581/1581 1582/1582/1582 1580/1580/1580 
f 1580/1580/1580 1582/1582/1582 1580/1580/1580 
f 1582/1582/1582 1583/1583/1583 1580/1580/1580 
f 1580/1580/1580 1583/1583/1583 1580/1580/1580 
f 1583/1583/1583 1584/1584/1584 1580/1580/1580 
f 1580/1580/1580 1584/1584/1584 1585/1585/1585 
f 1584/1584/1584 1586/1586/1586 1585/1585/1585 
f 1585/1585/1585 1586/1586/1586 1585/1585/1585 
f 1586/1586/1586 1587/1587/1587 1585/1585/1585 
f 1585/1585/1585 1587/1587/1587 1585/1585/1585 
f 1587/1587/1587 1588/1588/1588 1585/1585/1585 
f 1585/1585/1585 1588/1588/1588 1585/1585/1585 
f 1588/1588/1588 1589/1589/1589 1585/1585/1585 
f 1585/1585/1585 1589/1589/1589 1580/1580/1580 
f 1589/1589/1589 1589/1589/1589 1580/1580/1580 
f 1580/1580/1580 1589/1589/1589 1578/1578/1578 
f 1589/1589/1589 1590/1590/1590 1578/1578/1578 
f 1578/1578/1578 1590/1590/1590 1576/1576/1576 
f 1590/1590/1590 1576/1576/1576 1576/1576/1576 
f 1576/1576/1576 1576/1576/1576 1569/1569/1569 
f 1576/1576/1576 1569/1569/1569 1569/1569/1569 
f 1569/1569/1569 1569/1569/1569 1566/1566/1566 
f 1569/1569/1569 1564/1564/1564 1566/1566/1566 
f 1566/1566/1566 1564/1564/1564 1564/1564/1564 
f 1564/1564/1564 1570/1570/1570 1564/1564/1564 
f 1564/1564/1564 1570/1570/1570 1570/1570/1570 
f 1570/1570/1570 1555/1555/1555 1570/1570/1570 
f 1570/1570/1570 1555/1555/1555 1557/1557/1557 
f 1555/1555/1555 1557/1557/1557 1557/1557/1557 
f 1557/1557/1557 1557/1557/1557 1573/1573/1573 
f 1557/1557/1557 1573/1573/1573 1573/1573/1573 
f 1573/1573/1573 1573/1573/1573 1572/1572/1572 
f 1573/1573/1573 1574/1574/1574 1572/1572/1572 
f 1572/1572/1572 1574/1574/1574 1591/1591/1591 
f 1574/1574/1574 1576/1576/1576 1591/1591/1591 
f 1591/1591/1591 1576/1576/1576 1591/1591/1591 
f 1576/1576/1576 1590/1590/1590 1591/1591/1591 
f 1591/1591/1591 1590/1590/1590 1592/1592/1592 
f 1590/1590/1590 1590/1590/1590 1592/1592/1592 
f 1592/1592/1592 1590/1590/1590 1593/1593/1593 
f 1590/1590/1590 1589/1589/1589 1593/1593/1593 
f 1593/1593/1593 1589/1589/1589 1588/1588/1588 
f 1589/1589/1589 1588/1588/1588 1588/1588/1588 
f 1588/1588/1588 1588/1588/1588 1572/1572/1572 
f 1588/1588/1588 1572/1572/1572 1572/1572/1572 
f 1572/1572/1572 1572/1572/1572 1571/1571/1571 
f 1572/1572/1572 1591/1591/1591 1571/1571/1571 
f 1571/1571/1571 1591/1591/1591 1592/1592/1592 
f 1591/1591/1591 1592/1592/1592 1592/1592/1592 
f 1592/1592/1592 1592/1592/1592 1594/1594/1594 
f 1592/1592/1592 1594/1594/1594 1594/1594/1594 
f 1594/1594/1594 1594/1594/1594 1595/1595/1595 
f 1594/1594/1594 1596/1596/1596 1595/1595/1595 
f 1595/1595/1595 1596/1596/1596 1597/1597/1597 
f 1596/1596/1596 1598/1598/1598 1597/1597/1597 
f 1597/1597/1597 1598/1598/1598 1599/1599/1599 
f 1598/1598/1598 1600/1600/1600 1599/1599/1599 
f 1599/1599/1599 1600/1600/1600 1600/1600/1600 
f 1600/1600/1600 1594/1594/1594 1600/1600/1600 
f 1600/1600/1600 1594/1594/1594 1594/1594/1594 
f 1594/1594/1594 1595/1595/1595 1594/1594/1594 
f 1594/1594/1594 1595/1595/1595 1601/1601/1601 
f 1595/1595/1595 1602/1602/1602 1601/1601/1601 
f 1601/1601/1601 1602/1602/1602 1603/1603/1603 
f 1602/1602/1602 1604/1604/1604 1603/1603/1603 
f 1603/1603/1603 1604/1604/1604 1605/1605/1605 
f 1604/1604/1604 1606/1606/1606 1605/1605/1605 
f 1605/1605/1605 1606/1606/1606 1607/1607/1607 
f 1606/1606/1606 1608/1608/1608 1607/1607/1607 
f 1607/1607/1607 1608/1608/1608 1609/1609/1609 
f 1608/1608/1608 1610/1610/1610 1609/1609/1609 
f 1609/1609/1609 1610/1610/1610 1610/1610/1610 
f 1610/1610/1610 1599/1599/1599 1610/1610/1610 
f 1610/1610/1610 1599/1599/1599 1599/1599/1599 
f 1599/1599/1599 1600/1600/1600 1599/1599/1599 
f 1599/1599/1599 1600/1600/1600 1611/1611/1611 
f 1600/1600/1600 1612/1612/1612 1611/1611/1611 
f 1611/1611/1611 1612/1612/1612 1613/1613/1613 
f 1612/1612/1612 1613/1613/1613 1613/1613/1613 
f 1613/1613/1613 1613/1613/1613 1614/1614/1614 
f 1613/1613/1613 1614/1614/1614 1614/1614/1614 
f 1614/1614/1614 1614/1614/1614 1615/1615/1615 
f 1614/1614/1614 1616/1616/1616 1615/1615/1615 
f 1615/1615/1615 1616/1616/1616 1617/1617/1617 
f 1616/1616/1616 1618/1618/1618 1617/1617/1617 
f 1617/1617/1617 1618/1618/1618 1619/1619/1619 
f 1618/1618/1618 1618/1618/1618 1619/1619/1619 
f 1619/1619/1619 1618/1618/1618 1620/1620/1620 
f 1618/1618/1618 1621/1621/1621 1620/1620/1620 
f 1620/1620/1620 1621/1621/1621 1622/1622/1622 
f 1621/1621/1621 1623/1623/1623 1622/1622/1622 
f 1622/1622/1622 1623/1623/1623 1624/1624/1624 
f 1623/1623/1623 1625/1625/1625 1624/1624/1624 
f 1624/1624/1624 1625/1625/1625 1625/1625/1625 
f 1625/1625/1625 1626/1626/1626 1625/1625/1625 
f 1625/1625/1625 1626/1626/1626 1626/1626/1626 
f 1626/1626/1626 1627/1627/1627 1626/1626/1626 
f 1626/1626/1626 1627/1627/1627 1628/1628/1628 
f 1627/1627/1627 1629/1629/1629 1628/1628/1628 
f 1628/1628/1628 1629/1629/1629 1629/1629/1629 
f 1629/1629/1629 1630/1630/1630 1629/1629/1629 
f 1629/1629/1629 1630/1630/1630 1630/1630/1630 
f 1630/1630/1630 1631/1631/1631 1630/1630/1630 
f 1630/1630/1630 1631/1631/1631 1632/1632/1632 
f 1631/1631/1631 1633/1633/1633 1632/1632/1632 
f 1632/1632/1632 1633/1633/1633 1633/1633/1633 
f 1633/1633/1633 1634/1634/1634 1633/1633/1633 
f 1633/1633/1633 1634/1634/1634 1634/1634/1634 
f 1634/1634/1634 1635/1635/1635 1634/1634/1634 
f 1634/1634/1634 1635/1635/1635 1636/1636/1636 
f 1635/1635/1635 1635/1635/1635 1636/1636/1636 
f 1636/1636/1636 1635/1635/1635 1637/1637/1637 
f 1635/1635/1635 1638/1638/1638 1637/1637/1637 
f 1637/1637/1637 1638/1638/1638 1639/1639/1639 
f 1638/1638/1638 1638/1638/1638 1639/1639/1639 
f 1639/1639/1639 1638/1638/1638 1640/1640/1640 
f 1638/1638/1638 1641/1641/1641 1640/1640/1640 
f 1640/1640/1640 1641/1641/1641 1642/1642/1642 
f 1641/1641/1641 1643/1643/1643 1642/1642/1642 
f 1642/1642/1642 1643/1643/1643 1644/1644/1644 
f 1643/1643/1643 1645/1645/1645 1644/1644/1644 
f 1644/1644/1644 1645/1645/1645 1645/1645/1645 
f 1645/1645/1645 1646/1646/1646 1645/1645/1645 
f 1645/1645/1645 1646/1646/1646 1646/1646/1646 
f 1646/1646/1646 1647/1647/1647 1646/1646/1646 
f 1646/1646/1646 1647/1647/1647 1648/1648/1648 
f 1647/1647/1647 1649/1649/1649 1648/1648/1648 
f 1648/1648/1648 1649/1649/1649 1649/1649/1649 
f 1649/1649/1649 1650/1650/1650 1649/1649/1649 
f 1649/1649/1649 1650/1650/1650 1650/1650/1650 
f 1650/1650/1650 1651/1651/1651 1650/1650/1650 
f 1650/1650/1650 1651/1651/1651 1652/1652/1652 
f 1651/1651/1651 1653/1653/1653 1652/1652/1652 
f 1652/1652/1652 1653/1653/1653 1653/1653/1653 
f 1653/1653/1653 1654/1654/1654 1653/1653/1653 
f 1653/1653/1653 1654/1654/1654 1654/1654/1654 
f 1654/1654/1654 1655/1655/1655 1654/1654/1654 
f 1654/1654/1654 1655/1655/1655 1656/1656/1656 
f 1655/1655/1655 1657/1657/1657 1656/1656/1656 
f 1656/1656/1656 1657/1657/1657 1657/1657/1657 
f 1657/1657/1657 1658/1658/1658 1657/1657/1657 
f 1657/1657/1657 1658/1658/1658 1658/1658/1658 
f 1658/1658/1658 1659/1659/1659 1658/1658/1658 
f 1658/1658/1658 1659/1659/1659 1660/1660/1660 
f 1659/1659/1659 1659/1659/1659 1660/1660/1660 
f 1660/1660/1660 1659/1659/1659 1661/1661/1661 
f 1659/1659/1659 1662/1662/1662 1661/1661/1661 
f 1661/1661/1661 1662/1662/1662 1663/1663/1663 
f 1662/1662/1662 1662/1662/1662 1663/1663/1663 
f 1663/1663/1663 1662/1662/1662 1664/1664/1664 
f 1662/1662/1662 1665/1665/1665 1664/1664/1664 
f 1664/1664/1664 1665/1665/1665 1666/1666/1666 
f 1665/1665/1665 1667/1667/1667 1666/1666/1666 
f 1666/1666/1666 1667/1667/1667 1668/1668/1668 
f 1667/1667/1667 1669/1669/1669 1668/1668/1668 
f 1668/1668/1668 1669/1669/1669 1669/1669/1669 
f 1669/1669/1669 1670/1670/1670 1669/1669/1669 
f 1669/1669/1669 1670/1670/1670 1670/1670/1670 
f 1670/1670/1670 1671/1671/1671 1670/1670/1670 
f 1670/1670/1670 1671/1671/1671 1672/1672/1672 
f 1671/1671/1671 1673/1673/1673 1672/1672/1672 
f 1672/1672/1672 1673/1673/1673 1673/1673/1673 
f 1673/1673/1673 1674/1674/1674 1673/1673/1673 
f 1673/1673/1673 1674/1674/1674 1674/1674/1674 
f 1674/1674/1674 1675/1675/1675 1674/1674/1674 
f 1674/1674/1674 1675/1675/1675 1676/1676/1676 
f 1675/1675/1675 1677/1677/1677 1676/1676/1676 
f 1676/1676/1676 1677/1677/1677 1677/1677/1677 
f 1677/1677/1677 1678/1678/1678 1677/1677/1677 
f 1677/1677/1677 1678/1678/1678 1678/1678/1678 
f 1678/1678/1678 1679/1679/1679 1678/1678/1678 
f 1678/1678/1678 1679/1679/1679 1680/1680/1680 
f 1679/1679/1679 1681/1681/1681 1680/1680/1680 
f 1680/1680/1680 1681/1681/1681 1681/1681/1681 
f 1681/1681/1681 1682/1682/1682 1681/1681/1681 
f 1681/1681/1681 1682/1682/1682 1682/1682/1682 
f 1682/1682/1682 1683/1683/1683 1682/1682/1682 
f 1682/1682/1682 1683/1683/1683 1684/1684/1684 
f 1683/1683/1683 1685/1685/1685 1684/1684/1684 
f 1684/1684/1684 1685/1685/1685 1685/1685/1685 
f 1685/1685/1685 1686/1686/1686 1685/1685/1685 
f 1685/1685/1685 1686/1686/1686 1686/1686/1686 
f 1686/1686/1686 1687/1687/1687 1686/1686/1686 
f 1686/1686/1686 1687/1687/1687 1688/1688/1688 
f 1687/1687/1687 1689/1689/1689 1688/1688/1688 
f 1688/1688/1688 1689/1689/1689 1689/1689/1689 
f 1689/1689/1689 1690/1690/1690 1689/1689/1689 
f 1689/1689/1689 1690/1690/1690 1690/1690/1690 
f 1690/1690/1690 1691/1691/1691 1690/1690/1690 
f 1690/1690/1690 1691/1691/1691 1692/1692/1692 
f 1691/1691/1691 1693/1693/1693 1692/1692/1692 
f 1692/1692/1692 1693/1693/1693 1693/1693/1693 
f 1693/1693/1693 1694/1694/1694 1693/1693/1693 
f 1693/1693/1693 1694/1694/1694 1694/1694/1694 
f 1694/1694/1694 1695/1695/1695 1694/1694/1694 
f 1694/1694/1694 1695/1695/1695 1696/1696/1696 
f 1695/1695/1695 1697/1697/1697 1696/1696/1696 
f 1696/1696/1696 1697/1697/1697 1696/1696/1696 
f 1697/1697/1697 1698/1698/1698 1696/1696/1696 
f 1696/1696/1696 1698/1698/1698 1699/1699/1699 
f 1698/1698/1698 1699/1699/1699 1699/1699/1699 
f 1699/1699/1699 1699/1699/1699 1700/1700/1700 
f 1699/1699/1699 1700/1700/1700 1700/1700/1700 
f 1700/1700/1700 1700/1700/1700 1701/1701/1701 
f 1700/1700/1700 1702/1702/1702 1701/1701/1701 
f 1701/1701/1701 1702/1702/1702 1701/1701/1701 
f 1702/1702/1702 1703/1703/1703 1701/1701/1701 
f 1701/1701/1701 1703/1703/1703 1701/1701/1701 
f 1703/1703/1703 1704/1704/1704 1701/1701/1701 
f 1701/1701/1701 1704/1704/1704 1705/1705/1705 
f 1704/1704/1704 1705/1705/1705 1705/1705/1705 
f 1705/1705/1705 1705/1705/1705 1706/1706/1706 
f 1705/1705/1705 1706/1706/1706 1706/1706/1706 
f 1706/1706/1706 1706/1706/1706 1707/1707/1707 
f 1706/1706/1706 1708/1708/1708 1707/1707/1707 
f 1707/1707/1707 1708/1708/1708 1707/1707/1707 
f 1708/1708/1708 1709/1709/1709 1707/1707/1707 
f 1707/1707/1707 1709/1709/1709 1710/1710/1710 
f 1709/1709/1709 1711/1711/1711 1710/1710/1710 
f 1710/1710/1710 1711/1711/1711 1712/1712/1712 
f 1711/1711/1711 1713/1713/1713 1712/1712/1712 
f 1712/1712/1712 1713/1713/1713 1713/1713/1713 
f 1713/1713/1713 1714/1714/1714 1713/1713/1713 
f 1713/1713/1713 1714/1714/1714 1714/1714/1714 
f 1714/1714/1714 1715/1715/1715 1714/1714/1714 
f 1714/1714/1714 1715/1715/1715 1716/1716/1716 
f 1715/1715/1715 1717/1717/1717 1716/1716/1716 
f 1716/1716/1716 1717/1717/1717 1717/1717/1717 
f 1717/1717/1717 1718/1718/1718 1717/1717/1717 
f 1717/1717/1717 1718/1718/1718 1718/1718/1718 
f 1718/1718/1718 1719/1719/1719 1718/1718/1718 
f 1718/1718/1718 1719/1719/1719 1720/1720/1720 
f 1719/1719/1719 1721/1721/1721 1720/1720/1720 
f 1720/1720/1720 1721/1721/1721 1721/1721/1721 
f 1721/1721/1721 1722/1722/1722 1721/1721/1721 
f 1721/1721/1721 1722/1722/1722 1722/1722/1722 
f 1722/1722/1722 1723/1723/1723 1722/1722/1722 
f 1722/1722/1722 1723/1723/1723 1724/1724/1724 
f 1723/1723/1723 1725/1725/1725 1724/1724/1724 
f 1724/1724/1724 1725/1725/1725 1726/1726/1726 
f 1725/1725/1725 1727/1727/1727 1726/1726/1726 
f 1726/1726/1726 1727/1727/1727 1728/1728/1728 
f 1727/1727/1727 1729/1729/1729 1728/1728/1728 
f 1728/1728/1728 1729/1729/1729 1729/1729/1729 
f 1729/1729/1729 1730/1730/1730 1729/1729/1729 
f 1729/1729/1729 1730/1730/1730 1730/1730/1730 
f 1730/1730/1730 1731/1731/1731 1730/1730/1730 
f 1730/1730/1730 1731/1731/1731 1732/1732/1732 
f 1731/1731/1731 1733/1733/1733 1732/1732/1732 
f 1732/1732/1732 1733/1733/1733 1733/1733/1733 
f 1733/1733/1733 1734/1734/1734 1733/1733/1733 
f 1733/1733/1733 1734/1734/1734 1734/1734/1734 
f 1734/1734/1734 1735/1735/1735 1734/1734/1734 
f 1734/1734/1734 1735/1735/1735 1736/1736/1736 
f 1735/1735/1735 1737/1737/1737 1736/1736/1736 
f 1736/1736/1736 1737/1737/1737 1738/1738/1738 
f 1737/1737/1737 1739/1739/1739 1738/1738/1738 
f 1738/1738/1738 1739/1739/1739 1739/1739/1739 
f 1739/1739/1739 1740/1740/1740 1739/1739/1739 
f 1739/1739/1739 1740/1740/1740 1740/1740/1740 
f 1740/1740/1740 1741/1741/1741 1740/1740/1740 
f 1740/1740/1740 1741/1741/1741 1742/1742/1742 
f 1741/1741/1741 1743/1743/1743 1742/1742/1742 
f 1742/1742/1742 1743/1743/1743 1743/1743/1743 
f 1743/1743/1743 1744/1744/1744 1743/1743/1743 
f 1743/1743/1743 1744/1744/1744 1744/1744/1744 
f 1744/1744/1744 1745/1745/1745 1744/1744/1744 
f 1744/1744/1744 1745/1745/1745 1746/1746/1746 
f 1745/1745/1745 1747/1747/1747 1746/1746/1746 
f 1746/1746/1746 1747/1747/1747 1748/1748/1748 
f 1747/1747/1747 1749/1749/1749 1748/1748/1748 
f 1748/1748/1748 1749/1749/1749 1749/1749/1749 
f 1749/1749/1749 1750/1750/1750 1749/1749/1749 
f 1749/1749/1749 1750/1750/1750 1750/1750/1750 
f 1750/1750/1750 1751/1751/1751 1750/1750/1750 
f 1750/1750/1750 1751/1751/1751 1752/1752/1752 
f 1751/1751/1751 1753/1753/1753 1752/1752/1752 
f 1752/1752/1752 1753/1753/1753 1754/1754/1754 
f 1753/1753/1753 1755/1755/1755 1754/1754/1754 
f 1754/1754/1754 1755/1755/1755 1755/1755/1755 
f 1755/1755/1755 1756/1756/1756 1755/1755/1755 
f 1755/1755/1755 1756/1756/1756 1756/1756/1756 
f 1756/1756/1756 1757/1757/1757 1756/1756/1756 
f 1756/1756/1756 1757/1757/1757 1758/1758/1758 
f 1757/1757/1757 1759/1759/1759 1758/1758/1758 
f 1758/1758/1758 1759/1759/1759 1759/1759/1759 
f 1759/1759/1759 1760/1760/1760 1759/1759/1759 
f 1759/1759/1759 1760/1760/1760 1760/1760/1760 
f 1760/1760/1760 1761/1761/1761 1760/1760/1760 
f 1760/1760/1760 1761/1761/1761 1762/1762/1762 
f 1761/1761/1761 1763/1763/1763 1762/1762/1762 
f 1762/1762/1762 1763/1763/1763 1764/1764/1764 
f 1763/1763/1763 1765/1765/1765 1764/1764/1764 
f 1764/1764/1764 1765/1765/1765 1765/1765/1765 
f 1765/1765/1765 1766/1766/1766 1765/1765/1765 
f 1765/1765/1765 1766/1766/1766 1766/1766/1766 
f 1766/1766/1766 1767/1767/1767 1766/1766/1766 
f 1766/1766/1766 1767/1767/1767 1768/1768/1768 
f 1767/1767/1767 1769/1769/1769 1768/1768/1768 
f 1768/1768/1768 1769/1769/1769 1769/1769/1769 
f 1769/1769/1769 1770/1770/1770 1769/1769/1769 
f 1769/1769/1769 1770/1770/1770 1770/1770/1770 
f 1770/1770/1770 1771/1771/1771 1770/1770/1770 
f 1770/1770/1770 1771/1771/1771 1772/1772/1772 
f 1771/1771/1771 1773/1773/1773 1772/1772/1772 
f 1772/1772/1772 1773/1773/1773 1773/1773/1773 
f 1773/1773/1773 1774/1774/1774 1773/1773/1773 
f 1773/1773/1773 1774/1774/1774 1774/1774/1774 
f 1774/1774/1774 1775/1775/1775 1774/1774/1774 
f 1774/1774/1774 1775/1775/1775 1776/1776/1776 
f 1775/1775/1775 1777/1777/1777 1776/1776/1776 
f 1776/1776/1776 1777/1777/1777 1777/1777/1777 
f 1777/1777/1777 1778/1778/1778 1777/1777/1777 
f 1777/1777/1777 1778/1778/1778 1778/1778/1778 
f 1778/1778/1778 1779/1779/1779 1778/1778/1778 
f 1778/1778/1778 1779/1779/1779 1780/1780/1780 
f 1779/1779/1779 1781/1781/1781 1780/1780/1780 
f 1780/1780/1780 1781/1781/1781 1781/1781/1781 
f 1781/1781/1781 1782/1782/1782 1781/1781/1781 
f 1781/1781/1781 1782/1782/1782 1782/1782/1782 
f 1782/1782/1782 1783/1783/1783 1782/1782/1782 
f 1782/1782/1782 1783/1783/1783 1784/1784/1784 
f 1783/1783/1783 1785/1785/1785 1784/1784/1784 
f 1784/1784/1784 1785/1785/1785 1785/1785/1785 
f 1785/1785/1785 1786/1786/1786 1785/1785/1785 
f 1785/1785/1785 1786/1786/1786 1786/1786/1786 
f 1786/1786/1786 1787/1787/1787 1786/1786/1786 
f 1786/1786/1786 1787/1787/1787 1788/1788/1788 
f 1787/1787/1787 1789/1789/1789 1788/1788/1788 
f 1788/1788/1788 1789/1789/1789 1790/1790/1790 
f 1789/1789/1789 1791/1791/1791 1790/1790/1790 
f 1790/1790/1790 1791/1791/1791 1792/1792/1792 
f 1791/1791/1791 1793/1793/1793 1792/1792/1792 
f 1792/1792/1792 1793/1793/1793 1794/1794/1794 
f 1793/1793/1793 1795/1795/1795 1794/1794/1794 
f 1794/1794/1794 1795/1795/1795 1795/1795/1795 
f 1795/1795/1795 1796/1796/1796 1795/1795/1795 
f 1795/1795/1795 1796/1796/1796 1796/1796/1796 
f 1796/1796/1796 1797/1797/1797 1796/1796/1796 
f 1796/1796/1796 1797/1797/1797 1798/1798/1798 
f 1797/1797/1797 1799/1799/1799 1798/1798/1798 
f 1798/1798/1798 1799/1799/1799 1799/1799/1799 
f 1799/1799/1799 1800/1800/1800 1799/1799/1799 
f 1799/1799/1799 1800/1800/1800 1800/1800/1800 
f 1800/1800/1800 1801/1801/1801 1800/1800/1800 
f 1800/1800/1800 1801/1801/1801 1802/1802/1802 
f 1801/1801/1801 1803/1803/1803 1802/1802/1802 
f 1802/1802/1802 1803/1803/1803 1803/1803/1803 
f 1803/1803/1803 1804/1804/1804 1803/1803/1803 
f 1803/1803/1803 1804/1804/1804 1804/1804/1804 
f 1804/1804/1804 1805/1805/1805 1804/1804/1804 
f 1804/1804/1804 1805/1805/1805 1806/1806/1806 
f 1805/1805/1805 1807/1807/1807 1806/1806/1806 
f 1806/1806/1806 1807/1807/1807 1807/1807/1807 
f 1807/1807/1807 1808/1808/1808 1807/1807/1807 
f 1807/1807/1807 1808/1808/1808 1808/1808/1808 
f 1808/1808/1808 1809/1809/1809 1808/1808/1808 
f 1808/1808/1808 1809/1809/1809 1810/1810/1810 
f 1809/1809/1809 1811/1811/1811 1810/1810/1810 
f 1810/1810/1810 1811/1811/1811 1811/1811/1811 
f 1811/1811/1811 1812/1812/1812 1811/1811/1811 
f 1811/1811/1811 1812/1812/1812 1812/1812/1812 
f 1812/1812/1812 1813/1813/1813 1812/1812/1812 
f 1812/1812/1812 1813/1813/1813 1814/1814/1814 
f 1813/1813/1813 1815/1815/1815 1814/1814/1814 
f 1814/1814/1814 1815/1815/1815 1815/1815/1815 
f 1815/1815/1815 1816/1816/1816 1815/1815/1815 
f 1815/1815/1815 1816/1816/1816 1816/1816/1816 
f 1816/1816/1816 1817/1817/1817 1816/1816/1816 
f 1816/1816/1816 1817/1817/1817 1818/1818/1818 
f 1817/1817/1817 1819/1819/1819 1818/1818/1818 
f 1818/1818/1818 1819/1819/1819 1819/1819/1819 
f 1819/1819/1819 1820/1820/1820 1819/1819/1819 
f 1819/1819/1819 1820/1820/1820 1820/1820/1820 
f 1820/1820/1820 1821/1821/1821 1820/1820/1820 
f 1820/1820/1820 1821/1821/1821 1822/1822/1822 
f 1821/1821/1821 1823/1823/1823 1822/1822/1822 
f 1822/1822/1822 1823/1823/1823 1823/1823/1823 
f 1823/1823/1823 1824/1824/1824 1823/1823/1823 
f 1823/1823/1823 1824/1824/1824 1824/1824/1824 
f 1824/1824/1824 1825/1825/1825 1824/1824/1824 
f 1824/1824/1824 1825/1825/1825 1826/1826/1826 
f 1825/1825/1825 1827/1827/1827 1826/1826/1826 
f 1826/1826/1826 1827/1827/1827 1827/1827/1827 
f 1827/1827/1827 1828/1828/1828 1827/1827/1827 
f 1827/1827/1827 1828/1828/1828 1828/1828/1828 
f 1828/1828/1828 1829/1829/1829 1828/1828/1828 
f 1828/1828/1828 1829/1829/1829 1830/1830/1830 
f 1829/1829/1829 1831/1831/1831 1830/1830/1830 
f 1830/1830/1830 1831/1831/1831 1831/1831/1831 
f 1831/1831/1831 1832/1832/1832 1831/1831/1831 
f 1831/1831/1831 1832/1832/1832 1832/1832/1832 
f 1832/1832/1832 1833/1833/1833 1832/1832/1832 
f 1832/1832/1832 1833/1833/1833 1834/1834/1834 
f 1833/1833/1833 1835/1835/1835 1834/1834/1834 
f 1834/1834/1834 1835/1835/1835 1835/1835/1835 
f 1835/1835/1835 1836/1836/1836 1835/1835/1835 
f 1835/1835/1835 1836/1836/1836 1836/1836/1836 
f 1836/1836/1836 1837/1837/1837 1836/1836/1836 
f 1836/1836/1836 1837/1837/1837 1838/1838/1838 
f 1837/1837/1837 1839/1839/1839 1838/1838/1838 
f 1838/1838/1838 1839/1839/1839 1839/1839/1839 
f 1839/1839/1839 1840/1840/1840 1839/1839/1839 
f 1839/1839/1839 1840/1840/1840 1840/1840/1840 
f 1840/1840/1840 1841/1841/1841 1840/1840/1840 
f 1840/1840/1840 1841/1841/1841 1842/1842/1842 
f 1841/1841/1841 1843/1843/1843 1842/1842/1842 
f 1842/1842/1842 1843/1843/1843 1843/1843/1843 
f 1843/1843/1843 1844/1844/1844 1843/1843/1843 
f 1843/1843/1843 1844/1844/1844 1844/1844/1844 
f 1844/1844/1844 1845/1845/1845 1844/1844/1844 
f 1844/1844/1844 1845/1845/1845 1846/1846/1846 
f 1845/1845/1845 1847/1847/1847 1846/1846/1846 
f 1846/1846/1846 1847/1847/1847 1847/1847/1847 
f 1847/1847/1847 1848/1848/1848 1847/1847/1847 
f 1847/1847/1847 1848/1848/1848 1848/1848/1848 
f 1848/1848/1848 1849/1849/1849 1848/1848/1848 
f 1848/1848/1848 1849/1849/1849 1850/1850/1850 
f 1849/1849/1849 1851/1851/1851 1850/1850/1850 
f 1850/1850/1850 1851/1851/1851 1851/1851/1851 
f 1851/1851/1851 1852/1852/1852 1851/1851/1851 
f 1851/1851/1851 1852/1852/1852 1852/1852/1852 
f 1852/1852/1852 1853/1853/1853 1852/1852/1852 
f 1852/1852/1852 1853/1853/1853 1854/1854/1854 
f 1853/1853/1853 1855/1855/1855 1854/1854/1854 
f 1854/1854/1854 1855/1855/1855 1855/1855/1855 
f 1855/1855/1855 1856/1856/1856 1855/1855/1855 
f 1855/1855/1855 1856/1856/1856 1856/1856/1856 
f 1856/1856/1856 1857/1857/1857 1856/1856/1856 
f 1856/1856/1856 1857/1857/1857 1858/1858/1858 
f 1857/1857/1857 1859/1859/1859 1858/1858/1858 
f 1858/1858/1858 1859/1859/1859 1859/1859/1859 
f 1859/1859/1859 1860/1860/1860 1859/1859/1859 
f 1859/1859/1859 1860/1860/1860 1860/1860/1860 
f 1860/1860/1860 1861/1861/1861 1860/1860/1860 
f 1860/1860/1860 1861/1861/1861 1862/1862/1862 
f 1861/1861/1861 1863/1863/1863 1862/1862/1862 
f 1862/1862/1862 1863/1863/1863 1863/1863/1863 
f 1863/1863/1863 1864/1864/1864 1863/1863/1863 
f 1863/1863/1863 1864/1864/1864 1864/1864/1864 
f 1864/1864/1864 1865/1865/1865 1864/1864/1864 
f 1864/1864/1864 1865/1865/1865 1866/1866/1866 
f 1865/1865/1865 1867/1867/1867 1866/1866/1866 
f 1866/1866/1866 1867/1867/1867 1867/1867/1867 
f 1867/1867/1867 1868/1868/1868 1867/1867/1867 
f 1867/1867/1867 1868/1868/1868 1868/1868/1868 
f 1868/1868/1868 1869/1869/1869 1868/1868/1868 
f 1868/1868/1868 1869/1869/1869 1870/1870/1870 
f 1869/1869/1869 1869/1869/1869 1870/1870/1870 
f 1870/1870/1870 1869/1869/1869 1871/1871/1871 
f 1869/1869/1869 1869/1869/1869 1871/1871/1871 
f 1871/1871/1871 1869/1869/1869 1872/1872/1872 
f 1869/1869/1869 1873/1873/1873 1872/1872/1872 
f 1872/1872/1872 1873/1873/1873 1874/1874/1874 
f 1873/1873/1873 1875/1875/1875 1874/1874/1874 
f 1874/1874/1874 1875/1875/1875 1875/1875/1875 
f 1875/1875/1875 1876/1876/1876 1875/1875/1875 
f 1875/1875/1875 1876/1876/1876 1876/1876/1876 
f 1876/1876/1876 1877/1877/1877 1876/1876/1876 
f 1876/1876/1876 1877/1877/1877 1878/1878/1878 
f 1877/1877/1877 1879/1879/1879 1878/1878/1878 
f 1878/1878/1878 1879/1879/1879 1879/1879/1879 
f 1879/1879/1879 1880/1880/1880 1879/1879/1879 
f 1879/1879/1879 1880/1880/1880 1880/1880/1880 
f 1880/1880/1880 1881/1881/1881 1880/1880/1880 
f 1880/1880/1880 1881/1881/1881 1882/1882/1882 
f 1881/1881/1881 1883/1883/1883 1882/1882/1882 
f 1882/1882/1882 1883/1883/1883 1883/1883/1883 
f 1883/1883/1883 1884/1884/1884 1883/1883/1883 
f 1883/1883/1883 1884/1884/1884 1884/1884/1884 
f 1884/1884/1884 1885/1885/1885 1884/1884/1884 
f 1884/1884/1884 1885/1885/1885 1886/1886/1886 
f 1885/1885/1885 1887/1887/1887 1886/1886/1886 
f 1886/1886/1886 1887/1887/1887 1887/1887/1887 
f 1887/1887/1887 1888/1888/1888 1887/1887/1887 
f 1887/1887/1887 1888/1888/1888 1888/1888/1888 
f 1888/1888/1888 1889/1889/1889 1888/1888/1888 
f 1888/1888/1888 1889/1889/1889 1890/1890/1890 
f 1889/1889/1889 1891/1891/1891 1890/1890/1890 
f 1890/1890/1890 1891/1891/1891 1891/1891/1891 
f 1891/1891/1891 1892/1892/1892 1891/1891/1891 
f 1891/1891/1891 1892/1892/1892 1892/1892/1892 
f 1892/1892/1892 1893/1893/1893 1892/1892/1892 
f 1892/1892/1892 1893/1893/1893 1894/1894/1894 
f 1893/1893/1893 1895/1895/1895 1894/1894/1894 
f 1894/1894/1894 1895/1895/1895 1895/1895/1895 
f 1895/1895/1895 1896/1896/1896 1895/1895/1895 
f 1895/1895/1895 1896/1896/1896 1896/1896/1896 
f 1896/1896/1896 1897/1897/1897 1896/1896/1896 
f 1896/1896/1896 1897/1897/1897 1898/1898/1898 
f 1897/1897/1897 1899/1899/1899 1898/1898/1898 
f 1898/1898/1898 1899/1899/1899 1899/1899/1899 
f 1899/1899/1899 1900/1900/1900 1899/1899/1899 
f 1899/1899/1899 1900/1900/1900 1900/1900/1900 
f 1900/1900/1900 1901/1901/1901 1900/1900/1900 
f 1900/1900/1900 1901/1901/1901 1902/1902/1902 
f 1901/1901/1901 1903/1903/1903 1902/1902/1902 
f 1902/1902/1902 1903/1903/1903 1903/1903/1903 
f 1903/1903/1903 1904/1904/1904 1903/1903/1903 
f 1903/1903/1903 1904/1904/1904 1904/1904/1904 
f 1904/1904/1904 1905/1905/1905 1904/1904/1904 
f 1904/1904/1904 1905/1905/1905 1906/1906/1906 
f 1905/1905/1905 1907/1907/1907 1906/1906/1906 
f 1906/1906/1906 1907/1907/1907 1907/1907/1907 
f 1907/1907/1907 1908/1908/1908 1907/1907/1907 
f 1907/1907/1907 1908/1908/1908 1908/1908/1908 
f 1908/1908/1908 1909/1909/1909 1908/1908/1908 
f 1908/1908/1908 1909/1909/1909 1910/1910/1910 
f 1909/1909/1909 1911/1911/1911 1910/1910/1910 
f 1910/1910/1910 1911/1911/1911 1912/1912/1912 
f 1911/1911/1911 1913/1913/1913 1912/1912/1912 
f 1912/1912/1912 1913/1913/1913 1913/1913/1913 
f 1913/1913/1913 1914/1914/1914 1913/1913/1913 
f 1913/1913/1913 1914/1914/1914 1914/1914/1914 
f 1914/1914/1914 1915/1915/1915 1914/1914/1914 
f 1914/1914/1914 1915/1915/1915 1916/1916/1916 
f 1915/1915/1915 1917/1917/1917 1916/1916/1916 
f 1916/1916/1916 1917/1917/1917 1918/1918/1918 
f 1917/1917/1917 1919/1919/1919 1918/1918/1918 
f 1918/1918/1918 1919/1919/1919 1919/1919/1919 
f 1919/1919/1919 1920/1920/1920 1919/1919/1919 
f 1919/1919/1919 1920/1920/1920 1920/1920/1920 
f 1920/1920/1920 1921/1921/1921 1920/1920/1920 
f 1920/1920/1920 1921/1921/1921 1922/1922/1922 
f 1921/1921/1921 1923/1923/1923 1922/1922/1922 
f 1922/1922/1922 1923/1923/1923 1923/1923/1923 
f 1923/1923/1923 1924/1924/1924 1923/1923/1923 
f 1923/1923/1923 1924/1924/1924 1924/1924/1924 
f 1924/1924/1924 1925/1925/1925 1924/1924/1924 
f 1924/1924/1924 1925/1925/1925 1926/1926/1926 
f 1925/1925/1925 1927/1927/1927 1926/1926/1926 
f 1926/1926/1926 1927/1927/1927 1927/1927/1927 
f 1927/1927/1927 1928/1928/1928 1927/1927/1927 
f 1927/1927/1927 1928/1928/1928 1928/1928/1928 
f 1928/1928/1928 1929/1929/1929 1928/1928/1928 
f 1928/1928/1928 1929/1929/1929 1930/1930/1930 
f 1929/1929/1929 1931/1931/1931 1930/1930/1930 
f 1930/1930/1930 1931/1931/1931 1931/1931/1931 
f 1931/1931/1931 1932/1932/1932 1931/1931/1931 
f 1931/1931/1931 1932/1932/1932 1932/1932/1932 
f 1932/1932/1932 1933/1933/1933 1932/1932/1932 
f 1932/1932/1932 1933/1933/1933 1934/1934/1934 
f 1933/1933/1933 1935/1935/1935 1934/1934/1934 
f 1934/1934/1934 1935/1935/1935 1935/1935/1935 
f 1935/1935/1935 1936/1936/1936 1935/1935/1935 
f 1935/1935/1935 1936/1936/1936 1936/1936/1936 
f 1936/1936/1936 1937/1937/1937 1936/1936/1936 
f 1936/1936/1936 1937/1937/1937 1938/1938/1938 
f 1937/1937/1937 1939/1939/1939 1938/1938/1938 
f 1938/1938/1938 1939/1939/1939 1939/1939/1939 
f 1939/1939/1939 1940/1940/1940 1939/1939/1939 
f 1939/1939/1939 1940/1940/1940 1940/1940/1940 
f 1940/1940/1940 1941/1941/1941 1940/1940/1940 
f 1940/1940/1940 1941/1941/1941 1942/1942/1942 
f 1941/1941/1941 1943/1943/1943 1942/1942/1942 
f 1942/1942/1942 1943/1943/1943 1943/1943/1943 
f 1943/1943/1943 1944/1944/1944 1943/1943/1943 
f 1943/1943/1943 1944/1944/1944 1944/1944/1944 
f 1944/1944/1944 1945/1945/1945 1944/1944/1944 
f 1944/1944/1944 1945/1945/1945 1946/1946/1946 
f 1945/1945/1945 1947/1947/1947 1946/1946/1946 
f 1946/1946/1946 1947/1947/1947 1947/1947/1947 
f 1947/1947/1947 1948/1948/1948 1947/1947/1947 
f 1947/1947/1947 1948/1948/1948 1948/1948/1948 
f 1948/1948/1948 1949/1949/1949 1948/1948/1948 
f 1948/1948/1948 1949/1949/1949 1950/1950/1950 
f 1949/1949/1949 1951/1951/1951 1950/1950/1950 
f 1950/1950/1950 1951/1951/1951 1951/1951/1951 
f 1951/1951/1951 1952/1952/1952 1951/1951/1951 
f 1951/1951/1951 1952/1952/1952 1952/1952/1952 
f 1952/1952/1952 1953/1953/1953 1952/1952/1952 
f 1952/1952/1952 1953/1953/1953 1954/1954/1954 
f 1953/1953/1953 1955/1955/1955 1954/1954/1954 
f 1954/1954/1954 1955/1955/1955 1955/1955/1955 
f 1955/1955/1955 1956/1956/1956 1955/1955/1955 
f 1955/1955/1955 1956/1956/1956 1956/1956/1956 
f 1956/1956/1956 1957/1957/1957 1956/1956/1956 
f 1956/1956/1956 1957/1957/1957 1958/1958/1958 
f 1957/1957/1957 1959/1959/1959 1958/1958/1958 
f 1958/1958/1958 1959/1959/1959 1959/1959/1959 
f 1959/1959/1959 1960/1960/1960 1959/1959/1959 
f 1959/1959/1959 1960/1960/1960 1960/1960/1960 
f 1960/1960/1960 1961/1961/1961 1960/1960/1960 
f 1960/1960/1960 1961/1961/1961 1962/1962/1962 
f 1961/1961/1961 1963/1963/1963 1962/1962/1962 
f 1962/1962/1962 1963/1963/1963 1964/1964/1964 
f 1963/1963/1963 1965/1965/1965 1964/1964/1964 
f 1964/1964/1964 1965/1965/1965 1966/1966/1966 
f 1965/1965/1965 1966/1966/1966 1966/1966/1966 
f 1966/1966/1966 1966/1966/1966 1960/1960/1960 
f 1966/1966/1966 1960/1960/1960 1960/1960/1960 
f 1960/1960/1960 1960/1960/1960 1961/1961/1961 
f 1960/1960/1960 1967/1967/1967 1961/1961/1961 
f 1961/1961/1961 1967/1967/1967 1968/1968/1968 
f 1967/1967/1967 1969/1969/1969 1968/1968/1968 
f 1968/1968/1968 1969/1969/1969 1970/1970/1970 
f 1969/1969/1969 1971/1971/1971 1970/1970/1970 
f 1970/1970/1970 1971/1971/1971 1972/1972/1972 
f 1971/1971/1971 1973/1973/1973 1972/1972/1972 
f 1972/1972/1972 1973/1973/1973 1974/1974/1974 
f 1973/1973/1973 1975/1975/1975 1974/1974/1974 
f 1974/1974/1974 1975/1975/1975 1976/1976/1976 
f 1975/1975/1975 1976/1976/1976 1976/1976/1976 
f 1976/1976/1976 1976/1976/1976 1965/1965/1965 
f 1976/1976/1976 1965/1965/1965 1965/1965/1965 
f 1965/1965/1965 1965/1965/1965 1966/1966/1966 
f 1965/1965/1965 1977/1977/1977 1966/1966/1966 
f 1966/1966/1966 1977/1977/1977 1978/1978/1978 
f 1977/1977/1977 1979/1979/1979 1978/1978/1978 
f 1978/1978/1978 1979/1979/1979 1979/1979/1979 
f 1979/1979/1979 1980/1980/1980 1979/1979/1979 
f 1979/1979/1979 1980/1980/1980 1980/1980/1980 
f 1980/1980/1980 1981/1981/1981 1980/1980/1980 
f 1980/1980/1980 1981/1981/1981 1982/1982/1982 
f 1981/1981/1981 1983/1983/1983 1982/1982/1982 
f 1982/1982/1982 1983/1983/1983 1983/1983/1983 
f 1983/1983/1983 1984/1984/1984 1983/1983/1983 
f 1983/1983/1983 1984/1984/1984 1984/1984/1984 
f 1984/1984/1984 1985/1985/1985 1984/1984/1984 
f 1984/1984/1984 1985/1985/1985 1986/1986/1986 
f 1985/1985/1985 1987/1987/1987 1986/1986/1986 
f 1986/1986/1986 1987/1987/1987 1987/1987/1987 
f 1987/1987/1987 1988/1988/1988 1987/1987/1987 
f 1987/1987/1987 1988/1988/1988 1988/1988/1988 
f 1988/1988/1988 1989/1989/1989 1988/1988/1988 
f 1988/1988/1988 1989/1989/1989 1990/1990/1990 
f 1989/1989/1989 1991/1991/1991 1990/1990/1990 
f 1990/1990/1990 1991/1991/1991 1991/1991/1991 
f 1991/1991/1991 1992/1992/1992 1991/1991/1991 
f 1991/1991/1991 1992/1992/1992 1992/1992/1992 
f 1992/1992/1992 1993/1993/1993 1992/1992/1992 
f 1992/1992/1992 1993/1993/1993 1994/1994/1994 
f 1993/1993/1993 1995/1995/1995 1994/1994/1994 
f 1994/1994/1994 1995/1995/1995 1995/1995/1995 
f 1995/1995/1995 1996/1996/1996 1995/1995/1995 
f 1995/1995/1995 1996/1996/1996 1996/1996/1996 
f 1996/1996/1996 1997/1997/1997 1996/1996/1996 
f 1996/1996/1996 1997/1997/1997 1998/1998/1998 
f 1997/1997/1997 1999/1999/1999 1998/1998/1998 
f 1998/1998/1998 1999/1999/1999 1999/1999/1999 
f 1999/1999/1999 2000/2000/2000 1999/1999/1999 
f 1999/1999/1999 2000/2000/2000 2000/2000/2000 
f 2000/2000/2000 2001/2001/2001 2000/2000/2000 
f 2000/2000/2000 2001/2001/2001 2002/2002/2002 
f 2001/2001/2001 2001/2001/2001 2002/2002/2002 
f 2002/2002/2002 2001/2001/2001 2003/2003/2003 
f 2001/2001/2001 2004/2004/2004 2003/2003/2003 
f 2003/2003/2003 2004/2004/2004 2005/2005/2005 
f 2004/2004/2004 2004/2004/2004 2005/2005/2005 
f 2005/2005/2005 2004/2004/2004 2006/2006/2006 
f 2004/2004/2004 2007/2007/2007 2006/2006/2006 
f 2006/2006/2006 2007/2007/2007 2007/2007/2007 
f 2007/2007/2007 2008/2008/2008 2007/2007/2007 
f 2007/2007/2007 2008/2008/2008 2008/2008/2008 
f 2008/2008/2008 2009/2009/2009 2008/2008/2008 
f 2008/2008/2008 2009/2009/2009 2010/2010/2010 
f 2009/2009/2009 2009/2009/2009 2010/2010/2010 
f 2010/2010/2010 2009/2009/2009 2011/2011/2011 
f 2009/2009/2009 2012/2012/2012 2011/2011/2011 
f 2011/2011/2011 2012/2012/2012 2013/2013/2013 
f 2012/2012/2012 2012/2012/2012 2013/2013/2013 
f 2013/2013/2013 2012/2012/2012 2014/2014/2014 
f 2012/2012/2012 2015/2015/2015 2014/2014/2014 
f 2014/2014/2014 2015/2015/2015 2015/2015/2015 
f 2015/2015/2015 2016/2016/2016 2015/2015/2015 
f 2015/2015/2015 2016/2016/2016 2016/2016/2016 
f 2016/2016/2016 2017/2017/2017 2016/2016/2016 
f 2016/2016/2016 2017/2017/2017 2018/2018/2018 
f 2017/2017/2017 2017/2017/2017 2018/2018/2018 
f 2018/2018/2018 2017/2017/2017 2019/2019/2019 
f 2017/2017/2017 2020/2020/2020 2019/2019/2019 
f 2019/2019/2019 2020/2020/2020 2021/2021/2021 
f 2020/2020/2020 2022/2022/2022 2021/2021/2021 
f 2021/2021/2021 2022/2022/2022 2023/2023/2023 
f 2022/2022/2022 2023/2023/2023 2023/2023/2023 
f 2023/2023/2023 2023/2023/2023 2024/2024/2024 
f 2023/2023/2023 2024/2024/2024 2024/2024/2024 
f 2024/2024/2024 2024/2024/2024 2025/2025/2025 
f 2024/2024/2024 2026/2026/2026 2025/2025/2025 
f 2025/2025/2025 2026/2026/2026 2027/2027/2027 
f 2026/2026/2026 2027/2027/2027 2027/2027/2027 
f 2027/2027/2027 2027/2027/2027 2028/2028/2028 
f 2027/2027/2027 2028/2028/2028 2028/2028/2028 
f 2028/2028/2028 2028/2028/2028 2029/2029/2029 
f 2028/2028/2028 2030/2030/2030 2029/2029/2029 
f 2029/2029/2029 2030/2030/2030 2031/2031/2031 
f 2030/2030/2030 2031/2031/2031 2031/2031/2031 
f 2031/2031/2031 2031/2031/2031 2032/2032/2032 
f 2031/2031/2031 2032/2032/2032 2032/2032/2032 
f 2032/2032/2032 2032/2032/2032 2033/2033/2033 
f 2032/2032/2032 2034/2034/2034 2033/2033/2033 
f 2033/2033/2033 2034/2034/2034 2035/2035/2035 
f 2034/2034/2034 2036/2036/2036 2035/2035/2035 
f 2035/2035/2035 2036/2036/2036 2037/2037/2037 
f 2036/2036/2036 2037/2037/2037 2037/2037/2037 
f 2037/2037/2037 2037/2037/2037 2038/2038/2038 
f 2037/2037/2037 2038/2038/2038 2038/2038/2038 
f 2038/2038/2038 2038/2038/2038 2039/2039/2039 
f 2038/2038/2038 2040/2040/2040 2039/2039/2039 
f 2039/2039/2039 2040/2040/2040 2041/2041/2041 
f 2040/2040/2040 2041/2041/2041 2041/2041/2041 
f 2041/2041/2041 2041/2041/2041 2042/2042/2042 
f 2041/2041/2041 2042/2042/2042 2042/2042/2042 
f 2042/2042/2042 2042/2042/2042 2043/2043/2043 
f 2042/2042/2042 2044/2044/2044 2043/2043/2043 
f 2043/2043/2043 2044/2044/2044 2045/2045/2045 
f 2044/2044/2044 2046/2046/2046 2045/2045/2045 
f 2045/2045/2045 2046/2046/2046 2047/2047/2047 
f 2046/2046/2046 2048/2048/2048 2047/2047/2047 
f 2047/2047/2047 2048/2048/2048 2049/2049/2049 
f 2048/2048/2048 2050/2050/2050 2049/2049/2049 
f 2049/2049/2049 2050/2050/2050 2051/2051/2051 
f 2050/2050/2050 2051/2051/2051 2051/2051/2051 
f 2051/2051/2051 2051/2051/2051 2052/2052/2052 
f 2051/2051/2051 2052/2052/2052 2052/2052/2052 
f 2052/2052/2052 2052/2052/2052 2053/2053/2053 
f 2052/2052/2052 2054/2054/2054 2053/2053/2053 
f 2053/2053/2053 2054/2054/2054 2055/2055/2055 
f 2054/2054/2054 2055/2055/2055 2055/2055/2055 
f 2055/2055/2055 2055/2055/2055 2056/2056/2056 
f 2055/2055/2055 2056/2056/2056 2056/2056/2056 
f 2056/2056/2056 2056/2056/2056 2057/2057/2057 
f 2056/2056/2056 2058/2058/2058 2057/2057/2057 
f 2057/2057/2057 2058/2058/2058 2059/2059/2059 
f 2058/2058/2058 2060/2060/2060 2059/2059/2059 
f 2059/2059/2059 2060/2060/2060 2061/2061/2061 
f 2060/2060/2060 2061/2061/2061 2061/2061/2061 
f 2061/2061/2061 2061/2061/2061 2062/2062/2062 
f 2061/2061/2061 2062/2062/2062 2062/2062/2062 
f 2062/2062/2062 2062/2062/2062 2063/2063/2063 
f 2062/2062/2062 2064/2064/2064 2063/2063/2063 
f 2063/2063/2063 2064/2064/2064 2065/2065/2065 
f 2064/2064/2064 2065/2065/2065 2065/2065/2065 
f 2065/2065/2065 2065/2065/2065 2066/2066/2066 
f 2065/2065/2065 2066/2066/2066 2066/2066/2066 
f 2066/2066/2066 2066/2066/2066 2067/2067/2067 
f 2066/2066/2066 2068/2068/2068 2067/2067/2067 
f 2067/2067/2067 2068/2068/2068 2069/2069/2069 
f 2068/2068/2068 2069/2069/2069 2069/2069/2069 
f 2069/2069/2069 2069/2069/2069 2070/2070/2070 
f 2069/2069/2069 2070/2070/2070 2070/2070/2070 
f 2070/2070/2070 2070/2070/2070 2071/2071/2071 
f 2070/2070/2070 2072/2072/2072 2071/2071/2071 
f 2071/2071/2071 2072/2072/2072 2073/2073/2073 
f 2072/2072/2072 2072/2072/2072 2073/2073/2073 
f 2073/2073/2073 2072/2072/2072 2074/2074/2074 
f 2072/2072/2072 2075/2075/2075 2074/2074/2074 
f 2074/2074/2074 2075/2075/2075 2075/2075/2075 
f 2075/2075/2075 2076/2076/2076 2075/2075/2075 
f 2075/2075/2075 2076/2076/2076 2076/2076/2076 
f 2076/2076/2076 2077/2077/2077 2076/2076/2076 
f 2076/2076/2076 2077/2077/2077 2078/2078/2078 
f 2077/2077/2077 2079/2079/2079 2078/2078/2078 
f 2078/2078/2078 2079/2079/2079 2079/2079/2079 
f 2079/2079/2079 2080/2080/2080 2079/2079/2079 
f 2079/2079/2079 2080/2080/2080 2080/2080/2080 
f 2080/2080/2080 2081/2081/2081 2080/2080/2080 
f 2080/2080/2080 2081/2081/2081 2082/2082/2082 
f 2081/2081/2081 2083/2083/2083 2082/2082/2082 
f 2082/2082/2082 2083/2083/2083 2083/2083/2083 
f 2083/2083/2083 2084/2084/2084 2083/2083/2083 
f 2083/2083/2083 2084/2084/2084 2084/2084/2084 
f 2084/2084/2084 2085/2085/2085 2084/2084/2084 
f 2084/2084/2084 2085/2085/2085 2086/2086/2086 
f 2085/2085/2085 2087/2087/2087 2086/2086/2086 
f 2086/2086/2086 2087/2087/2087 2087/2087/2087 
f 2087/2087/2087 2088/2088/2088 2087/2087/2087 
f 2087/2087/2087 2088/2088/2088 2088/2088/2088 
f 2088/2088/2088 2089/2089/2089 2088/2088/2088 
f 2088/2088/2088 2089/2089/2089 2090/2090/2090 
f 2089/2089/2089 2091/2091/2091 2090/2090/2090 
f 2090/2090/2090 2091/2091/2091 2091/2091/2091 
f 2091/2091/2091 2092/2092/2092 2091/2091/2091 
f 2091/2091/2091 2092/2092/2092 2092/2092/2092 
f 2092/2092/2092 2093/2093/2093 2092/2092/2092 
f 2092/2092/2092 2093/2093/2093 2094/2094/2094 
f 2093/2093/2093 2095/2095/2095 2094/2094/2094 
f 2094/2094/2094 2095/2095/2095 2095/2095/2095 
f 2095/2095/2095 2096/2096/2096 2095/2095/2095 
f 2095/2095/2095 2096/2096/2096 2096/2096/2096 
f 2096/2096/2096 2097/2097/2097 2096/2096/2096 
f 2096/2096/2096 2097/2097/2097 2098/2098/2098 
f 2097/2097/2097 2099/2099/2099 2098/2098/2098 
f 2098/2098/2098 2099/2099/2099 2099/2099/2099 
f 2099/2099/2099 2100/2100/2100 2099/2099/2099 
f 2099/2099/2099 2100/2100/2100 2100/2100/2100 
f 2100/2100/2100 2101/2101/2101 2100/2100/2100 
f 2100/2100/2100 2101/2101/2101 2102/2102/2102 
f 2101/2101/2101 2103/2103/2103 2102/2102/2102 
f 2102/2102/2102 2103/2103/2103 2103/2103/2103 
f 2103/2103/2103 2104/2104/2104 2103/2103/2103 
f 2103/2103/2103 2104/2104/2104 2104/2104/2104 
f 2104/2104/2104 2105/2105/2105 2104/2104/2104 
f 2104/2104/2104 2105/2105/2105 2106/2106/2106 
f 2105/2105/2105 2107/2107/2107 2106/2106/2106 
f 2106/2106/2106 2107/2107/2107 2107/2107/2107 
f 2107/2107/2107 2108/2108/2108 2107/2107/2107 
f 2107/2107/2107 2108/2108/2108 2108/2108/2108 
f 2108/2108/2108 2109/2109/2109 2108/2108/2108 
f 2108/2108/2108 2109/2109/2109 2110/2110/2110 
f 2109/2109/2109 2111/2111/2111 2110/2110/2110 
f 2110/2110/2110 2111/2111/2111 2111/2111/2111 
f 2111/2111/2111 2112/2112/2112 2111/2111/2111 
f 2111/2111/2111 2112/2112/2112 2112/2112/2112 
f 2112/2112/2112 2113/2113/2113 2112/2112/2112 
f 2112/2112/2112 2113/2113/2113 2114/2114/2114 
f 2113/2113/2113 2115/2115/2115 2114/2114/2114 
f 2114/2114/2114 2115/2115/2115 2115/2115/2115 
f 2115/2115/2115 2116/2116/2116 2115/2115/2115 
f 2115/2115/2115 2116/2116/2116 2116/2116/2116 
f 2116/2116/2116 2117/2117/2117 2116/2116/2116 
f 2116/2116/2116 2117/2117/2117 2118/2118/2118 
f 2117/2117/2117 2119/2119/2119 2118/2118/2118 
f 2118/2118/2118 2119/2119/2119 2119/2119/2119 
f 2119/2119/2119 2120/2120/2120 2119/2119/2119 
f 2119/2119/2119 2120/2120/2120 2120/2120/2120 
f 2120/2120/2120 2121/2121/2121 2120/2120/2120 
f 2120/2120/2120 2121/2121/2121 2122/2122/2122 
f 2121/2121/2121 2121/2121/2121 2122/2122/2122 
f 2122/2122/2122 2121/2121/2121 2123/2123/2123 
f 2121/2121/2121 2124/2124/2124 2123/2123/2123 
f 2123/2123/2123 2124/2124/2124 2125/2125/2125 
f 2124/2124/2124 2126/2126/2126 2125/2125/2125 
f 2125/2125/2125 2126/2126/2126 2127/2127/2127 
f 2126/2126/2126 2127/2127/2127 2127/2127/2127 
f 2127/2127/2127 2127/2127/2127 2128/2128/2128 
f 2127/2127/2127 2128/2128/2128 2128/2128/2128 
f 2128/2128/2128 2128/2128/2128 2129/2129/2129 
f 2128/2128/2128 2130/2130/2130 2129/2129/2129 
f 2129/2129/2129 2130/2130/2130 2131/2131/2131 
f 2130/2130/2130 2131/2131/2131 2131/2131/2131 
f 2131/2131/2131 2131/2131/2131 2132/2132/2132 
f 2131/2131/2131 2132/2132/2132 2132/2132/2132 
f 2132/2132/2132 2132/2132/2132 2133/2133/2133 
f 2132/2132/2132 2134/2134/2134 2133/2133/2133 
f 2133/2133/2133 2134/2134/2134 2135/2135/2135 
f 2134/2134/2134 2135/2135/2135 2135/2135/2135 
f 2135/2135/2135 2135/2135/2135 2136/2136/2136 
f 2135/2135/2135 2136/2136/2136 2136/2136/2136 
f 2136/2136/2136 2136/2136/2136 2137/2137/2137 
f 2136/2136/2136 2138/2138/2138 2137/2137/2137 
f 2137/2137/2137 2138/2138/2138 2139/2139/2139 
f 2138/2138/2138 2140/2140/2140 2139/2139/2139 
f 2139/2139/2139 2140/2140/2140 2141/2141/2141 
f 2140/2140/2140 2142/2142/2142 2141/2141/2141 
f 2141/2141/2141 2142/2142/2142 2143/2143/2143 
f 2142/2142/2142 2143/2143/2143 2143/2143/2143 
f 2143/2143/2143 2143/2143/2143 2144/2144/2144 
f 2143/2143/2143 2144/2144/2144 2144/2144/2144 
f 2144/2144/2144 2144/2144/2144 2145/2145/2145 
f 2144/2144/2144 2146/2146/2146 2145/2145/2145 
f 2145/2145/2145 2146/2146/2146 2147/2147/2147 
f 2146/2146/2146 2147/2147/2147 2147/2147/2147 
f 2147/2147/2147 2147/2147/2147 2148/2148/2148 
f 2147/2147/2147 2148/2148/2148 2148/2148/2148 
f 2148/2148/2148 2148/2148/2148 2149/2149/2149 
f 2148/2148/2148 2150/2150/2150 2149/2149/2149 
f 2149/2149/2149 2150/2150/2150 2151/2151/2151 
f 2150/2150/2150 2152/2152/2152 2151/2151/2151 
f 2151/2151/2151 2152/2152/2152 2153/2153/2153 
f 2152/2152/2152 2153/2153/2153 2153/2153/2153 
f 2153/2153/2153 2153/2153/2153 2154/2154/2154 
f 2153/2153/2153 2154/2154/2154 2154/2154/2154 
f 2154/2154/2154 2154/2154/2154 2155/2155/2155 
f 2154/2154/2154 2156/2156/2156 2155/2155/2155 
f 2155/2155/2155 2156/2156/2156 2157/2157/2157 
f 2156/2156/2156 2157/2157/2157 2157/2157/2157 
f 2157/2157/2157 2157/2157/2157 2158/2158/2158 
f 2157/2157/2157 2158/2158/2158 2158/2158/2158 
f 2158/2158/2158 2158/2158/2158 2159/2159/2159 
f 2158/2158/2158 2160/2160/2160 2159/2159/2159 
f 2159/2159/2159 2160/2160/2160 2161/2161/2161 
f 2160/2160/2160 2162/2162/2162 2161/2161/2161 
f 2161/2161/2161 2162/2162/2162 2163/2163/2163 
f 2162/2162/2162 2163/2163/2163 2163/2163/2163 
f 2163/2163/2163 2163/2163/2163 2164/2164/2164 
f 2163/2163/2163 2164/2164/2164 2164/2164/2164 
f 2164/2164/2164 2164/2164/2164 2165/2165/2165 
f 2164/2164/2164 2166/2166/2166 2165/2165/2165 
f 2165/2165/2165 2166/2166/2166 2167/2167/2167 
f 2166/2166/2166 2168/2168/2168 2167/2167/2167 
f 2167/2167/2167 2168/2168/2168 2169/2169/2169 
f 2168/2168/2168 2169/2169/2169 2169/2169/2169 
f 2169/2169/2169 2169/2169/2169 2170/2170/2170 
f 2169/2169/2169 2170/2170/2170 2170/2170/2170 
f 2170/2170/2170 2170/2170/2170 2171/2171/2171 
f 2170/2170/2170 2172/2172/2172 2171/2171/2171 
f 2171/2171/2171 2172/2172/2172 2173/2173/2173 
f 2172/2172/2172 2173/2173/2173 2173/2173/2173 
f 2173/2173/2173 2173/2173/2173 2174/2174/2174 
f 2173/2173/2173 2174/2174/2174 2174/2174/2174 
f 2174/2174/2174 2174/2174/2174 2175/2175/2175 
f 2174/2174/2174 2176/2176/2176 2175/2175/2175 
f 2175/2175/2175 2176/2176/2176 2177/2177/2177 
f 2176/2176/2176 2178/2178/2178 2177/2177/2177 
f 2177/2177/2177 2178/2178/2178 2179/2179/2179 
f 2178/2178/2178 2179/2179/2179 2179/2179/2179 
f 2179/2179/2179 2179/2179/2179 2180/2180/2180 
f 2179/2179/2179 2180/2180/2180 2180/2180/2180 
f 2180/2180/2180 2180/2180/2180 2181/2181/2181 
f 2180/2180/2180 2182/2182/2182 2181/2181/2181 
f 2181/2181/2181 2182/2182/2182 2183/2183/2183 
f 2182/2182/2182 2183/2183/2183 2183/2183/2183 
f 2183/2183/2183 2183/2183/2183 2184/2184/2184 
f 2183/2183/2183 2184/2184/2184 2184/2184/2184 
f 2184/2184/2184 2184/2184/2184 2185/2185/2185 
f 2184/2184/2184 2186/2186/2186 2185/2185/2185 
f 2185/2185/2185 2186/2186/2186 2187/2187/2187 
f 2186/2186/2186 2187/2187/2187 2187/2187/2187 
f 2187/2187/2187 2187/2187/2187 2188/2188/2188 
f 2187/2187/2187 2188/2188/2188 2188/2188/2188 
f 2188/2188/2188 2188/2188/2188 2189/2189/2189 
f 2188/2188/2188 2190/2190/2190 2189/2189/2189 
f 2189/2189/2189 2190/2190/2190 2191/2191/2191 
f 2190/2190/2190 2191/2191/2191 2191/2191/2191 
f 2191/2191/2191 2191/2191/2191 2192/2192/2192 
f 2191/2191/2191 2192/2192/2192 2192/2192/2192 
f 2192/2192/2192 2192/2192/2192 2193/2193/2193 
f 2192/2192/2192 2194/2194/2194 2193/2193/2193 
f 2193/2193/2193 2194/2194/2194 2195/2195/2195 
f 2194/2194/2194 2195/2195/2195 2195/2195/2195 
f 2195/2195/2195 2195/2195/2195 2196/2196/2196 
f 2195/2195/2195 2196/2196/2196 2196/2196/2196 
f 2196/2196/2196 2196/2196/2196 2197/2197/2197 
f 2196/2196/2196 2198/2198/2198 2197/2197/2197 
f 2197/2197/2197 2198/2198/2198 2199/2199/2199 
f 2198/2198/2198 2199/2199/2199 2199/2199/2199 
f 2199/2199/2199 2199/2199/2199 2200/2200/2200 
f 2199/2199/2199 2200/2200/2200 2200/2200/2200 
f 2200/2200/2200 2200/2200/2200 2201/2201/2201 
f 2200/2200/2200 2202/2202/2202 2201/2201/2201 
f 2201/2201/2201 2202/2202/2202 2203/2203/2203 
f 2202/2202/2202 2204/2204/2204 2203/2203/2203 
f 2203/2203/2203 2204/2204/2204 2205/2205/2205 
f 2204/2204/2204 2206/2206/2206 2205/2205/2205 
f 2205/2205/2205 2206/2206/2206 2207/2207/2207 
f 2206/2206/2206 2208/2208/2208 2207/2207/2207 
f 2207/2207/2207 2208/2208/2208 2209/2209/2209 
f 2208/2208/2208 2209/2209/2209 2209/2209/2209 
f 2209/2209/2209 2209/2209/2209 2210/2210/2210 
f 2209/2209/2209 2210/2210/2210 2210/2210/2210 
f 2210/2210/2210 2210/2210/2210 2211/2211/2211 
f 2210/2210/2210 2212/2212/2212 2211/2211/2211 
f 2211/2211/2211 2212/2212/2212 2213/2213/2213 
f 2212/2212/2212 2213/2213/2213 2213/2213/2213 
f 2213/2213/2213 2213/2213/2213 2214/2214/2214 
f 2213/2213/2213 2214/2214/2214 2214/2214/2214 
f 2214/2214/2214 2214/2214/2214 2215/2215/2215 
f 2214/2214/2214 2216/2216/2216 2215/2215/2215 
f 2215/2215/2215 2216/2216/2216 2217/2217/2217 
f 2216/2216/2216 2217/2217/2217 2217/2217/2217 
f 2217/2217/2217 2217/2217/2217 2218/2218/2218 
f 2217/2217/2217 2218/2218/2218 2218/2218/2218 
f 2218/2218/2218 2218/2218/2218 2219/2219/2219 
f 2218/2218/2218 2220/2220/2220 2219/2219/2219 
f 2219/2219/2219 2220/2220/2220 2221/2221/2221 
f 2220/2220/2220 2221/2221/2221 2221/2221/2221 
f 2221/2221/2221 2221/2221/2221 2222/2222/2222 
f 2221/2221/2221 2222/2222/2222 2222/2222/2222 
f 2222/2222/2222 2222/2222/2222 2223/2223/2223 
f 2222/2222/2222 2224/2224/2224 2223/2223/2223 
f 2223/2223/2223 2224/2224/2224 2225/2225/2225 
f 2224/2224/2224 2225/2225/2225 2225/2225/2225 
f 2225/2225/2225 2225/2225/2225 2226/2226/2226 
f 2225/2225/2225 2226/2226/2226 2226/2226/2226 
f 2226/2226/2226 2226/2226/2226 2227/2227/2227 
f 2226/2226/2226 2228/2228/2228 2227/2227/2227 
f 2227/2227/2227 2228/2228/2228 2229/2229/2229 
f 2228/2228/2228 2229/2229/2229 2229/2229/2229 
f 2229/2229/2229 2229/2229/2229 2230/2230/2230 
f 2229/2229/2229 2230/2230/2230 2230/2230/2230 
f 2230/2230/2230 2230/2230/2230 2231/2231/2231 
f 2230/2230/2230 2232/2232/2232 2231/2231/2231 
f 2231/2231/2231 2232/2232/2232 2233/2233/2233 
f 2232/2232/2232 2233/2233/2233 2233/2233/2233 
f 2233/2233/2233 2233/2233/2233 2234/2234/2234 
f 2233/2233/2233 2234/2234/2234 2234/2234/2234 
f 2234/2234/2234 2234/2234/2234 2235/2235/2235 
f 2234/2234/2234 2236/2236/2236 2235/2235/2235 
f 2235/2235/2235 2236/2236/2236 2237/2237/2237 
f 2236/2236/2236 2237/2237/2237 2237/2237/2237 
f 2237/2237/2237 2237/2237/2237 2238/2238/2238 
f 2237/2237/2237 2238/2238/2238 2238/2238/2238 
f 2238/2238/2238 2238/2238/2238 2239/2239/2239 
f 2238/2238/2238 2240/2240/2240 2239/2239/2239 
f 2239/2239/2239 2240/2240/2240 2241/2241/2241 
f 2240/2240/2240 2241/2241/2241 2241/2241/2241 
f 2241/2241/2241 2241/2241/2241 2242/2242/2242 
f 2241/2241/2241 2242/2242/2242 2242/2242/2242 
f 2242/2242/2242 2242/2242/2242 2243/2243/2243 
f 2242/2242/2242 2244/2244/2244 2243/2243/2243 
f 2243/2243/2243 2244/2244/2244 2245/2245/2245 
f 2244/2244/2244 2245/2245/2245 2245/2245/2245 
f 2245/2245/2245 2245/2245/2245 2246/2246/2246 
f 2245/2245/2245 2246/2246/2246 2246/2246/2246 
f 2246/2246/2246 2246/2246/2246 2247/2247/2247 
f 2246/2246/2246 2248/2248/2248 2247/2247/2247 
f 2247/2247/2247 2248/2248/2248 2249/2249/2249 
f 2248/2248/2248 2249/2249/2249 2249/2249/2249 
f 2249/2249/2249 2249/2249/2249 2250/2250/2250 
f 2249/2249/2249 2250/2250/2250 2250/2250/2250 
f 2250/2250/2250 2250/2250/2250 2251/2251/2251 
f 2250/2250/2250 2252/2252/2252 2251/2251/2251 
f 2251/2251/2251 2252/2252/2252 2253/2253/2253 
f 2252/2252/2252 2253/2253/2253 2253/2253/2253 
f 2253/2253/2253 2253/2253/2253 2254/2254/2254 
f 2253/2253/2253 2254/2254/2254 2254/2254/2254 
f 2254/2254/2254 2254/2254/2254 2255/2255/2255 
f 2254/2254/2254 2256/2256/2256 2255/2255/2255 
f 2255/2255/2255 2256/2256/2256 2257/2257/2257 
f 2256/2256/2256 2257/2257/2257 2257/2257/2257 
f 2257/2257/2257 2257/2257/2257 2258/2258/2258 
f 2257/2257/2257 2258/2258/2258 2258/2258/2258 
f 2258/2258/2258 2258/2258/2258 2259/2259/2259 
f 2258/2258/2258 2260/2260/2260 2259/2259/2259 
f 2259/2259/2259 2260/2260/2260 2261/2261/2261 
f 2260/2260/2260 2261/2261/2261 2261/2261/2261 
f 2261/2261/2261 2261/2261/2261 2262/2262/2262 
f 2261/2261/2261 2262/2262/2262 2262/2262/2262 
f 2262/2262/2262 2262/2262/2262 2263/2263/2263 
f 2262/2262/2262 2264/2264/2264 2263/2263/2263 
f 2263/2263/2263 2264/2264/2264 2265/2265/2265 
f 2264/2264/2264 2265/2265/2265 2265/2265/2265 
f 2265/2265/2265 2265/2265/2265 2266/2266/2266 
f 2265/2265/2265 2266/2266/2266 2266/2266/2266 
f 2266/2266/2266 2266/2266/2266 2267/2267/2267 
f 2266/2266/2266 2268/2268/2268 2267/2267/2267 
f 2267/2267/2267 2268/2268/2268 2269/2269/2269 
f 2268/2268/2268 2269/2269/2269 2269/2269/2269 
f 2269/2269/2269 2269/2269/2269 2270/2270/2270 
f 2269/2269/2269 2270/2270/2270 2270/2270/2270 
f 2270/2270/2270 2270/2270/2270 2271/2271/2271 
f 2270/2270/2270 2272/2272/2272 2271/2271/2271 
f 2271/2271/2271 2272/2272/2272 2273/2273/2273 
f 2272/2272/2272 2273/2273/2273 2273/2273/2273 
f 2273/2273/2273 2273/2273/2273 2274/2274/2274 
f 2273/2273/2273 2274/2274/2274 2274/2274/2274 
f 2274/2274/2274 2274/2274/2274 2275/2275/2275 
f 2274/2274/2274 2276/2276/2276 2275/2275/2275 
f 2275/2275/2275 2276/2276/2276 2277/2277/2277 
f 2276/2276/2276 2277/2277/2277 2277/2277/2277 
f 2277/2277/2277 2277/2277/2277 2278/2278/2278 
f 2277/2277/2277 2278/2278/2278 2278/2278/2278 
f 2278/2278/2278 2278/2278/2278 2279/2279/2279 
f 2278/2278/2278 2280/2280/2280 2279/2279/2279 
f 2279/2279/2279 2280/2280/2280 2281/2281/2281 
f 2280/2280/2280 2281/2281/2281 2281/2281/2281 
f 2281/2281/2281 2281/2281/2281 2282/2282/2282 
f 2281/2281/2281 2282/2282/2282 2282/2282/2282 
f 2282/2282/2282 2282/2282/2282 2283/2283/2283 
f 2282/2282/2282 2284/2284/2284 2283/2283/2283 
f 2283/2283/2283 2284/2284/2284 2285/2285/2285 
f 2284/2284/2284 2286/2286/2286 2285/2285/2285 
f 2285/2285/2285 2286/2286/2286 2287/2287/2287 
f 2286/2286/2286 2286/2286/2286 2287/2287/2287 
f 2287/2287/2287 2286/2286/2286 2288/2288/2288 
f 2286/2286/2286 2289/2289/2289 2288/2288/2288 
f 2288/2288/2288 2289/2289/2289 2289/2289/2289 
f 2289/2289/2289 2290/2290/2290 2289/2289/2289 
f 2289/2289/2289 2290/2290/2290 2290/2290/2290 
f 2290/2290/2290 2291/2291/2291 2290/2290/2290 
f 2290/2290/2290 2291/2291/2291 2292/2292/2292 
f 2291/2291/2291 2293/2293/2293 2292/2292/2292 
f 2292/2292/2292 2293/2293/2293 2293/2293/2293 
f 2293/2293/2293 2294/2294/2294 2293/2293/2293 
f 2293/2293/2293 2294/2294/2294 2294/2294/2294 
f 2294/2294/2294 2295/2295/2295 2294/2294/2294 
f 2294/2294/2294 2295/2295/2295 2296/2296/2296 
f 2295/2295/2295 2297/2297/2297 2296/2296/2296 
f 2296/2296/2296 2297/2297/2297 2297/2297/2297 
f 2297/2297/2297 2298/2298/2298 2297/2297/2297 
f 2297/2297/2297 2298/2298/2298 2298/2298/2298 
f 2298/2298/2298 2299/2299/2299 2298/2298/2298 
f 2298/2298/2298 2299/2299/2299 2300/2300/2300 
f 2299/2299/2299 2301/2301/2301 2300/2300/2300 
f 2300/2300/2300 2301/2301/2301 2301/2301/2301 
f 2301/2301/2301 2302/2302/2302 2301/2301/2301 
f 2301/2301/2301 2302/2302/2302 2302/2302/2302 
f 2302/2302/2302 2303/2303/2303 2302/2302/2302 
f 2302/2302/2302 2303/2303/2303 2304/2304/2304 
f 2303/2303/2303 2305/2305/2305 2304/2304/2304 
f 2304/2304/2304 2305/2305/2305 2305/2305/2305 
f 2305/2305/2305 2306/2306/2306 2305/2305/2305 
f 2305/2305/2305 2306/2306/2306 2306/2306/2306 
f 2306/2306/2306 2307/2307/2307 2306/2306/2306 
f 2306/2306/2306 2307/2307/2307 2308/2308/2308 
f 2307/2307/2307 2309/2309/2309 2308/2308/2308 
f 2308/2308/2308 2309/2309/2309 2309/2309/2309 
f 2309/2309/2309 2310/2310/2310 2309/2309/2309 
f 2309/2309/2309 2310/2310/2310 2310/2310/2310 
f 2310/2310/2310 2311/2311/2311 2310/2310/2310 
f 2310/2310/2310 2311/2311/2311 2312/2312/2312 
f 2311/2311/2311 2313/2313/2313 2312/2312/2312 
f 2312/2312/2312 2313/2313/2313 2313/2313/2313 
f 2313/2313/2313 2314/2314/2314 2313/2313/2313 
f 2313/2313/2313 2314/2314/2314 2314/2314/2314 
f 2314/2314/2314 2315/2315/2315 2314/2314/2314 
f 2314/2314/2314 2315/2315/2315 2316/2316/2316 
f 2315/2315/2315 2317/2317/2317 2316/2316/2316 
f 2316/2316/2316 2317/2317/2317 2317/2317/2317 
f 2317/2317/2317 2318/2318/2318 2317/2317/2317 
f 2317/2317/2317 2318/2318/2318 2318/2318/2318 
f 2318/2318/2318 2319/2319/2319 2318/2318/2318 
f 2318/2318/2318 2319/2319/2319 2320/2320/2320 
f 2319/2319/2319 2321/2321/2321 2320/2320/2320 
f 2320/2320/2320 2321/2321/2321 2321/2321/2321 
f 2321/2321/2321 2322/2322/2322 2321/2321/2321 
f 2321/2321/2321 2322/2322/2322 2322/2322/2322 
f 2322/2322/2322 2323/2323/2323 2322/2322/2322 
f 2322/2322/2322 2323/2323/2323 2324/2324/2324 
f 2323/2323/2323 2325/2325/2325 2324/2324/2324 
f 2324/2324/2324 2325/2325/2325 2325/2325/2325 
f 2325/2325/2325 2326/2326/2326 2325/2325/2325 
f 2325/2325/2325 2326/2326/2326 2326/2326/2326 
f 2326/2326/2326 2327/2327/2327 2326/2326/2326 
f 2326/2326/2326 2327/2327/2327 2328/2328/2328 
f 2327/2327/2327 2327/2327/2327 2328/2328/2328 
f 2328/2328/2328 2327/2327/2327 2329/2329/2329 
f 2327/2327/2327 2330/2330/2330 2329/2329/2329 
f 2329/2329/2329 2330/2330/2330 2331/2331/2331 
f 2330/2330/2330 2331/2331/2331 2331/2331/2331 
f 2331/2331/2331 2331/2331/2331 2332/2332/2332 
f 2331/2331/2331 2332/2332/2332 2332/2332/2332 
f 2332/2332/2332 2332/2332/2332 2333/2333/2333 
f 2332/2332/2332 2334/2334/2334 2333/2333/2333 
f 2333/2333/2333 2334/2334/2334 2335/2335/2335 
f 2334/2334/2334 2335/2335/2335 2335/2335/2335 
f 2335/2335/2335 2335/2335/2335 2336/2336/2336 
f 2335/2335/2335 2336/2336/2336 2336/2336/2336 
f 2336/2336/2336 2336/2336/2336 2337/2337/2337 
f 2336/2336/2336 2338/2338/2338 2337/2337/2337 
f 2337/2337/2337 2338/2338/2338 2339/2339/2339 
f 2338/2338/2338 2339/2339/2339 2339/2339/2339 
f 2339/2339/2339 2339/2339/2339 2340/2340/2340 
f 2339/2339/2339 2340/2340/2340 2340/2340/2340 
f 2340/2340/2340 2340/2340/2340 2341/2341/2341 
f 2340/2340/2340 2342/2342/2342 2341/2341/2341 
f 2341/2341/2341 2342/2342/2342 2343/2343/2343 
f 2342/2342/2342 2343/2343/2343 2343/2343/2343 
f 2343/2343/2343 2343/2343/2343 2344/2344/2344 
f 2343/2343/2343 2344/2344/2344 2344/2344/2344 
f 2344/2344/2344 2344/2344/2344 2345/2345/2345 
f 2344/2344/2344 2346/2346/2346 2345/2345/2345 
f 2345/2345/2345 2346/2346/2346 2347/2347/2347 
f 2346/2346/2346 2347/2347/2347 2347/2347/2347 
f 2347/2347/2347 2347/2347/2347 2348/2348/2348 
f 2347/2347/2347 2348/2348/2348 2348/2348/2348 
f 2348/2348/2348 2348/2348/2348 2349/2349/2349 
f 2348/2348/2348 2350/2350/2350 2349/2349/2349 
f 2349/2349/2349 2350/2350/2350 2351/2351/2351 
f 2350/2350/2350 2351/2351/2351 2351/2351/2351 
f 2351/2351/2351 2351/2351/2351 2352/2352/2352 
f 2351/2351/2351 2352/2352/2352 2352/2352/2352 
f 2352/2352/2352 2352/2352/2352 2353/2353/2353 
f 2352/2352/2352 2354/2354/2354 2353/2353/2353 
f 2353/2353/2353 2354/2354/2354 2355/2355/2355 
f 2354/2354/2354 2355/2355/2355 2355/2355/2355 
f 2355/2355/2355 2355/2355/2355 2356/2356/2356 
f 2355/2355/2355 2356/2356/2356 2356/2356/2356 
f 2356/2356/2356 2356/2356/2356 2357/2357/2357 
f 2356/2356/2356 2358/2358/2358 2357/2357/2357 
f 2357/2357/2357 2358/2358/2358 2359/2359/2359 
f 2358/2358/2358 2359/2359/2359 2359/2359/2359 
f 2359/2359/2359 2359/2359/2359 2360/2360/2360 
f 2359/2359/2359 2360/2360/2360 2360/2360/2360 
f 2360/2360/2360 2360/2360/2360 2361/2361/2361 
f 2360/2360/2360 2362/2362/2362 2361/2361/2361 
f 2361/2361/2361 2362/2362/2362 2363/2363/2363 
f 2362/2362/2362 2363/2363/2363 2363/2363/2363 
f 2363/2363/2363 2363/2363/2363 2364/2364/2364 
f 2363/2363/2363 2364/2364/2364 2364/2364/2364 
f 2364/2364/2364 2364/2364/2364 2365/2365/2365 
f 2364/2364/2364 2366/2366/2366 2365/2365/2365 
f 2365/2365/2365 2366/2366/2366 2367/2367/2367 
f 2366/2366/2366 2367/2367/2367 2367/2367/2367 
f 2367/2367/2367 2367/2367/2367 2368/2368/2368 
f 2367/2367/2367 2368/2368/2368 2368/2368/2368 
f 2368/2368/2368 2368/2368/2368 2369/2369/2369 
f 2368/2368/2368 2370/2370/2370 2369/2369/2369 
f 2369/2369/2369 2370/2370/2370 2371/2371/2371 
f 2370/2370/2370 2371/2371/2371 2371/2371/2371 
f 2371/2371/2371 2371/2371/2371 2372/2372/2372 
f 2371/2371/2371 2372/2372/2372 2372/2372/2372 
f 2372/2372/2372 2372/2372/2372 2373/2373/2373 
f 2372/2372/2372 2374/2374/2374 2373/2373/2373 
f 2373/2373/2373 2374/2374/2374 2375/2375/2375 
f 2374/2374/2374 2375/2375/2375 2375/2375/2375 
f 2375/2375/2375 2375/2375/2375 2376/2376/2376 
f 2375/2375/2375 2376/2376/2376 2376/2376/2376 
f 2376/2376/2376 2376/2376/2376 2377/2377/2377 
f 2376/2376/2376 2378/2378/2378 2377/2377/2377 
f 2377/2377/2377 2378/2378/2378 2379/2379/2379 
f 2378/2378/2378 2379/2379/2379 2379/2379/2379 
f 2379/2379/2379 2379/2379/2379 2380/2380/2380 
f 2379/2379/2379 2380/2380/2380 2380/2380/2380 
f 2380/2380/2380 2380/2380/2380 2381/2381/2381 
f 2380/2380/2380 2382/2382/2382 2381/2381/2381 
f 2381/2381/2381 2382/2382/2382 2383/2383/2383 
f 2382/2382/2382 2383/2383/2383 2383/2383/2383 
f 2383/2383/2383 2383/2383/2383 2384/2384/2384 
f 2383/2383/2383 2384/2384/2384 2384/2384/2384 
f 2384/2384/2384 2384/2384/2384 2385/2385/2385 
f 2384/2384/2384 2386/2386/2386 2385/2385/2385 
f 2385/2385/2385 2386/2386/2386 2387/2387/2387 
f 2386/2386/2386 2387/2387/2387 2387/2387/2387 
f 2387/2387/2387 2387/2387/2387 2388/2388/2388 
f 2387/2387/2387 2388/2388/2388 2388/2388/2388 
f 2388/2388/2388 2388/2388/2388 2389/2389/2389 
f 2388/2388/2388 2390/2390/2390 2389/2389/2389 
f 2389/2389/2389 2390/2390/2390 2389/2389/2389 
f 2390/2390/2390 2391/2391/2391 2389/2389/2389 
f 2389/2389/2389 2391/2391/2391 2389/2389/2389 
f 2391/2391/2391 2392/2392/2392 2389/2389/2389 
f 2389/2389/2389 2392/2392/2392 2393/2393/2393 
f 2392/2392/2392 2394/2394/2394 2393/2393/2393 
f 2393/2393/2393 2394/2394/2394 2395/2395/2395 
f 2394/2394/2394 2396/2396/2396 2395/2395/2395 
f 2395/2395/2395 2396/2396/2396 2397/2397/2397 
f 2396/2396/2396 2396/2396/2396 2397/2397/2397 
f 2397/2397/2397 2396/2396/2396 2398/2398/2398 
f 2396/2396/2396 2399/2399/2399 2398/2398/2398 
f 2398/2398/2398 2399/2399/2399 2400/2400/2400 
f 2399/2399/2399 2401/2401/2401 2400/2400/2400 
f 2400/2400/2400 2401/2401/2401 2402/2402/2402 
f 2401/2401/2401 2403/2403/2403 2402/2402/2402 
f 2402/2402/2402 2403/2403/2403 2404/2404/2404 
f 2403/2403/2403 2405/2405/2405 2404/2404/2404 
f 2404/2404/2404 2405/2405/2405 2404/2404/2404 
f 2405/2405/2405 2406/2406/2406 2404/2404/2404 
f 2404/2404/2404 2406/2406/2406 2407/2407/2407 
f 2406/2406/2406 2407/2407/2407 2407/2407/2407 
f 2407/2407/2407 2407/2407/2407 2408/2408/2408 
f 2407/2407/2407 2408/2408/2408 2408/2408/2408 
f 2408/2408/2408 2408/2408/2408 2409/2409/2409 
f 2408/2408/2408 2410/2410/2410 2409/2409/2409 
f 2409/2409/2409 2410/2410/2410 2409/2409/2409 
f 2410/2410/2410 2411/2411/2411 2409/2409/2409 
f 2409/2409/2409 2411/2411/2411 2409/2409/2409 
f 2411/2411/2411 2412/2412/2412 2409/2409/2409 
f 2409/2409/2409 2412/2412/2412 2413/2413/2413 
f 2412/2412/2412 2414/2414/2414 2413/2413/2413 
f 2413/2413/2413 2414/2414/2414 2415/2415/2415 
f 2414/2414/2414 2416/2416/2416 2415/2415/2415 
f 2415/2415/2415 2416/2416/2416 2417/2417/2417 
f 2416/2416/2416 2416/2416/2416 2417/2417/2417 
f 2417/2417/2417 2416/2416/2416 2418/2418/2418 
f 2416/2416/2416 2419/2419/2419 2418/2418/2418 
f 2418/2418/2418 2419/2419/2419 2420/2420/2420 
f 2419/2419/2419 2421/2421/2421 2420/2420/2420 
f 2420/2420/2420 2421/2421/2421 2422/2422/2422 
f 2421/2421/2421 2423/2423/2423 2422/2422/2422 
f 2422/2422/2422 2423/2423/2423 2424/2424/2424 
f 2423/2423/2423 2425/2425/2425 2424/2424/2424 
f 2424/2424/2424 2425/2425/2425 2424/2424/2424 
f 2425/2425/2425 2426/2426/2426 2424/2424/2424 
f 2424/2424/2424 2426/2426/2426 2427/2427/2427 
f 2426/2426/2426 2427/2427/2427 2427/2427/2427 
f 2427/2427/2427 2427/2427/2427 2428/2428/2428 
f 2427/2427/2427 2428/2428/2428 2428/2428/2428 
f 2428/2428/2428 2428/2428/2428 2429/2429/2429 
f 2428/2428/2428 2430/2430/2430 2429/2429/2429 
f 2429/2429/2429 2430/2430/2430 2431/2431/2431 
f 2430/2430/2430 2432/2432/2432 2431/2431/2431 
f 2431/2431/2431 2432/2432/2432 2433/2433/2433 
f 2432/2432/2432 2434/2434/2434 2433/2433/2433 
f 2433/2433/2433 2434/2434/2434 2435/2435/2435 
f 2434/2434/2434 2436/2436/2436 2435/2435/2435 
f 2435/2435/2435 2436/2436/2436 2437/2437/2437 
f 2436/2436/2436 2437/2437/2437 2437/2437/2437 
f 2437/2437/2437 2437/2437/2437 2438/2438/2438 
f 2437/2437/2437 2438/2438/2438 2438/2438/2438 
f 2438/2438/2438 2438/2438/2438 2439/2439/2439 
f 2438/2438/2438 2440/2440/2440 2439/2439/2439 
f 2439/2439/2439 2440/2440/2440 2441/2441/2441 
f 2440/2440/2440 2441/2441/2441 2441/2441/2441 
f 2441/2441/2441 2441/2441/2441 2442/2442/2442 
f 2441/2441/2441 2442/2442/2442 2442/2442/2442 
f 2442/2442/2442 2442/2442/2442 2443/2443/2443 
f 2442/2442/2442 2444/2444/2444 2443/2443/2443 
f 2443/2443/2443 2444/2444/2444 2445/2445/2445 
f 2444/2444/2444 2445/2445/2445 2445/2445/2445 
f 2445/2445/2445 2445/2445/2445 2446/2446/2446 
f 2445/2445/2445 2446/2446/2446 2446/2446/2446 
f 2446/2446/2446 2446/2446/2446 2447/2447/2447 
f 2446/2446/2446 2448/2448/2448 2447/2447/2447 
f 2447/2447/2447 2448/2448/2448 2449/2449/2449 
f 2448/2448/2448 2449/2449/2449 2449/2449/2449 
f 2449/2449/2449 2449/2449/2449 2450/2450/2450 
f 2449/2449/2449 2450/2450/2450 2450/2450/2450 
f 2450/2450/2450 2450/2450/2450 2451/2451/2451 
f 2450/2450/2450 2452/2452/2452 2451/2451/2451 
f 2451/2451/2451 2452/2452/2452 2453/2453/2453 
f 2452/2452/2452 2454/2454/2454 2453/2453/2453 
f 2453/2453/2453 2454/2454/2454 2455/2455/2455 
f 2454/2454/2454 2456/2456/2456 2455/2455/2455 
f 2455/2455/2455 2456/2456/2456 2457/2457/2457 
f 2456/2456/2456 2458/2458/2458 2457/2457/2457 
f 2457/2457/2457 2458/2458/2458 2459/2459/2459 
f 2458/2458/2458 2459/2459/2459 2459/2459/2459 
f 2459/2459/2459 2459/2459/2459 2460/2460/2460 
f 2459/2459/2459 2460/2460/2460 2460/2460/2460 
f 2460/2460/2460 2460/2460/2460 2461/2461/2461 
f 2460/2460/2460 2462/2462/2462 2461/2461/2461 
f 2461/2461/2461 2462/2462/2462 2463/2463/2463 
f 2462/2462/2462 2463/2463/2463 2463/2463/2463 
f 2463/2463/2463 2463/2463/2463 2464/2464/2464 
f 2463/2463/2463 2464/2464/2464 2464/2464/2464 
f 2464/2464/2464 2464/2464/2464 2465/2465/2465 
f 2464/2464/2464 2466/2466/2466 2465/2465/2465 
f 2465/2465/2465 2466/2466/2466 2467/2467/2467 
f 2466/2466/2466 2468/2468/2468 2467/2467/2467 
f 2467/2467/2467 2468/2468/2468 2469/2469/2469 
f 2468/2468/2468 2469/2469/2469 2469/2469/2469 
f 2469/2469/2469 2469/2469/2469 2470/2470/2470 
f 2469/2469/2469 2470/2470/2470 2470/2470/2470 
f 2470/2470/2470 2470/2470/2470 2471/2471/2471 
f 2470/2470/2470 2472/2472/2472 2471/2471/2471 
f 2471/2471/2471 2472/2472/2472 2473/2473/2473 
f 2472/2472/2472 2473/2473/2473 2473/2473/2473 
f 2473/2473/2473 2473/2473/2473 2474/2474/2474 
f 2473/2473/2473 2474/2474/2474 2474/2474/2474 
f 2474/2474/2474 2474/2474/2474 2475/2475/2475 
f 2474/2474/2474 2476/2476/2476 2475/2475/2475 
f 2475/2475/2475 2476/2476/2476 2477/2477/2477 
f 2476/2476/2476 2477/2477/2477 2477/2477/2477 
f 2477/2477/2477 2477/2477/2477 2478/2478/2478 
f 2477/2477/2477 2478/2478/2478 2478/2478/2478 
f 2478/2478/2478 2478/2478/2478 2479/2479/2479 
f 2478/2478/2478 2480/2480/2480 2479/2479/2479 
f 2479/2479/2479 2480/2480/2480 2481/2481/2481 
f 2480/2480/2480 2481/2481/2481 2481/2481/2481 
f 2481/2481/2481 2481/2481/2481 2482/2482/2482 
f 2481/2481/2481 2482/2482/2482 2482/2482/2482 
f 2482/2482/2482 2482/2482/2482 2483/2483/2483 
f 2482/2482/2482 2484/2484/2484 2483/2483/2483 
f 2483/2483/2483 2484/2484/2484 2485/2485/2485 
f 2484/2484/2484 2484/2484/2484 2485/2485/2485 
f 2485/2485/2485 2484/2484/2484 2486/2486/2486 
f 2484/2484/2484 2487/2487/2487 2486/2486/2486 
f 2486/2486/2486 2487/2487/2487 2487/2487/2487 
f 2487/2487/2487 2488/2488/2488 2487/2487/2487 
f 2487/2487/2487 2488/2488/2488 2488/2488/2488 
f 2488/2488/2488 2489/2489/2489 2488/2488/2488 
f 2488/2488/2488 2489/2489/2489 2490/2490/2490 
f 2489/2489/2489 2489/2489/2489 2490/2490/2490 
f 2490/2490/2490 2489/2489/2489 2491/2491/2491 
f 2489/2489/2489 2489/2489/2489 2491/2491/2491 
f 2491/2491/2491 2489/2489/2489 2492/2492/2492 
f 2489/2489/2489 2493/2493/2493 2492/2492/2492 
f 2492/2492/2492 2493/2493/2493 2493/2493/2493 
f 2493/2493/2493 2494/2494/2494 2493/2493/2493 
f 2493/2493/2493 2494/2494/2494 2494/2494/2494 
f 2494/2494/2494 2495/2495/2495 2494/2494/2494 
f 2494/2494/2494 2495/2495/2495 2496/2496/2496 
f 2495/2495/2495 2497/2497/2497 2496/2496/2496 
f 2496/2496/2496 2497/2497/2497 2498/2498/2498 
f 2497/2497/2497 2499/2499/2499 2498/2498/2498 
f 2498/2498/2498 2499/2499/2499 2500/2500/2500 
f 2499/2499/2499 2501/2501/2501 2500/2500/2500 
f 2500/2500/2500 2501/2501/2501 2502/2502/2502 
f 2501/2501/2501 2503/2503/2503 2502/2502/2502 
f 2502/2502/2502 2503/2503/2503 2502/2502/2502 
f 2503/2503/2503 2504/2504/2504 2502/2502/2502 
f 2502/2502/2502 2504/2504/2504 2505/2505/2505 
f 2504/2504/2504 2506/2506/2506 2505/2505/2505 
f 2505/2505/2505 2506/2506/2506 2507/2507/2507 
f 2506/2506/2506 2508/2508/2508 2507/2507/2507 
f 2507/2507/2507 2508/2508/2508 2509/2509/2509 
f 2508/2508/2508 2510/2510/2510 2509/2509/2509 
f 2509/2509/2509 2510/2510/2510 2511/2511/2511 
f 2510/2510/2510 2512/2512/2512 2511/2511/2511 
f 2511/2511/2511 2512/2512/2512 2513/2513/2513 
f 2512/2512/2512 2513/2513/2513 2513/2513/2513 
f 2513/2513/2513 2513/2513/2513 2514/2514/2514 
f 2513/2513/2513 2514/2514/2514 2514/2514/2514 
f 2514/2514/2514 2514/2514/2514 2515/2515/2515 
f 2514/2514/2514 2516/2516/2516 2515/2515/2515 
f 2515/2515/2515 2516/2516/2516 2515/2515/2515 
f 2516/2516/2516 2517/2517/2517 2515/2515/2515 
f 2515/2515/2515 2517/2517/2517 2518/2518/2518 
f 2517/2517/2517 2519/2519/2519 2518/2518/2518 
f 2518/2518/2518 2519/2519/2519 2518/2518/2518 
f 2519/2519/2519 2520/2520/2520 2518/2518/2518 
f 2518/2518/2518 2520/2520/2520 2521/2521/2521 
f 2520/2520/2520 2522/2522/2522 2521/2521/2521 
f 2521/2521/2521 2522/2522/2522 2523/2523/2523 
f 2522/2522/2522 2524/2524/2524 2523/2523/2523 
f 2523/2523/2523 2524/2524/2524 2525/2525/2525 
f 2524/2524/2524 2525/2525/2525 2525/2525/2525 
f 2525/2525/2525 2525/2525/2525 2526/2526/2526 
f 2525/2525/2525 2526/2526/2526 2526/2526/2526 
f 2526/2526/2526 2526/2526/2526 2527/2527/2527 
f 2526/2526/2526 2528/2528/2528 2527/2527/2527 
f 2527/2527/2527 2528/2528/2528 2529/2529/2529 
f 2528/2528/2528 2529/2529/2529 2529/2529/2529 
f 2529/2529/2529 2529/2529/2529 2530/2530/2530 
f 2529/2529/2529 2530/2530/2530 2530/2530/2530 
f 2530/2530/2530 2530/2530/2530 2531/2531/2531 
f 2530/2530/2530 2532/2532/2532 2531/2531/2531 
f 2531/2531/2531 2532/2532/2532 2533/2533/2533 
f 2532/2532/2532 2533/2533/2533 2533/2533/2533 
f 2533/2533/2533 2533/2533/2533 2534/2534/2534 
f 2533/2533/2533 2534/2534/2534 2534/2534/2534 
f 2534/2534/2534 2534/2534/2534 2535/2535/2535 
f 2534/2534/2534 2536/2536/2536 2535/2535/2535 
f 2535/2535/2535 2536/2536/2536 2535/2535/2535 
f 2536/2536/2536 2537/2537/2537 2535/2535/2535 
f 2535/2535/2535 2537/2537/2537 2538/2538/2538 
f 2537/2537/2537 2539/2539/2539 2538/2538/2538 
f 2538/2538/2538 2539/2539/2539 2538/2538/2538 
f 2539/2539/2539 2540/2540/2540 2538/2538/2538 
f 2538/2538/2538 2540/2540/2540 2541/2541/2541 
f 2540/2540/2540 2542/2542/2542 2541/2541/2541 
f 2541/2541/2541 2542/2542/2542 2543/2543/2543 
f 2542/2542/2542 2544/2544/2544 2543/2543/2543 
f 2543/2543/2543 2544/2544/2544 2545/2545/2545 
f 2544/2544/2544 2545/2545/2545 2545/2545/2545 
f 2545/2545/2545 2545/2545/2545 2546/2546/2546 
f 2545/2545/2545 2546/2546/2546 2546/2546/2546 
f 2546/2546/2546 2546/2546/2546 2547/2547/2547 
f 2546/2546/2546 2548/2548/2548 2547/2547/2547 
f 2547/2547/2547 2548/2548/2548 2549/2549/2549 
f 2548/2548/2548 2549/2549/2549 2549/2549/2549 
f 2549/2549/2549 2549/2549/2549 2550/2550/2550 
f 2549/2549/2549 2550/2550/2550 2550/2550/2550 
f 2550/2550/2550 2550/2550/2550 2551/2551/2551 
f 2550/2550/2550 2552/2552/2552 2551/2551/2551 
f 2551/2551/2551 2552/2552/2552 2553/2553/2553 
f 2552/2552/2552 2553/2553/2553 2553/2553/2553 
f 2553/2553/2553 2553/2553/2553 2554/2554/2554 
f 2553/2553/2553 2554/2554/2554 2554/2554/2554 
f 2554/2554/2554 2554/2554/2554 2555/2555/2555 
f 2554/2554/2554 2556/2556/2556 2555/2555/2555 
f 2555/2555/2555 2556/2556/2556 2557/2557/2557 
f 2556/2556/2556 2557/2557/2557 2557/2557/2557 
f 2557/2557/2557 2557/2557/2557 2558/2558/2558 
f 2557/2557/2557 2558/2558/2558 2558/2558/2558 
f 2558/2558/2558 2558/2558/2558 2559/2559/2559 
f 2558/2558/2558 2560/2560/2560 2559/2559/2559 
f 2559/2559/2559 2560/2560/2560 2559/2559/2559 
f 2560/2560/2560 2561/2561/2561 2559/2559/2559 
f 2559/2559/2559 2561/2561/2561 2562/2562/2562 
f 2561/2561/2561 2563/2563/2563 2562/2562/2562 
f 2562/2562/2562 2563/2563/2563 2562/2562/2562 
f 2563/2563/2563 2564/2564/2564 2562/2562/2562 
f 2562/2562/2562 2564/2564/2564 2565/2565/2565 
f 2564/2564/2564 2566/2566/2566 2565/2565/2565 
f 2565/2565/2565 2566/2566/2566 2567/2567/2567 
f 2566/2566/2566 2568/2568/2568 2567/2567/2567 
f 2567/2567/2567 2568/2568/2568 2569/2569/2569 
f 2568/2568/2568 2569/2569/2569 2569/2569/2569 
f 2569/2569/2569 2569/2569/2569 2570/2570/2570 
f 2569/2569/2569 2570/2570/2570 2570/2570/2570 
f 2570/2570/2570 2570/2570/2570 2571/2571/2571 
f 2570/2570/2570 2572/2572/2572 2571/2571/2571 
f 2571/2571/2571 2572/2572/2572 2573/2573/2573 
f 2572/2572/2572 2573/2573/2573 2573/2573/2573 
f 2573/2573/2573 2573/2573/2573 2574/2574/2574 
f 2573/2573/2573 2574/2574/2574 2574/2574/2574 
f 2574/2574/2574 2574/2574/2574 2575/2575/2575 
f 2574/2574/2574 2576/2576/2576 2575/2575/2575 
f 2575/2575/2575 2576/2576/2576 2577/2577/2577 
f 2576/2576/2576 2577/2577/2577 2577/2577/2577 
f 2577/2577/2577 2577/2577/2577 2578/2578/2578 
f 2577/2577/2577 2578/2578/2578 2578/2578/2578 
f 2578/2578/2578 2578/2578/2578 2579/2579/2579 
f 2578/2578/2578 2580/2580/2580 2579/2579/2579 
f 2579/2579/2579 2580/2580/2580 2581/2581/2581 
f 2580/2580/2580 2581/2581/2581 2581/2581/2581 
f 2581/2581/2581 2581/2581/2581 2582/2582/2582 
f 2581/2581/2581 2582/2582/2582 2582/2582/2582 
f 2582/2582/2582 2582/2582/2582 2583/2583/2583 
f 2582/2582/2582 2584/2584/2584 2583/2583/2583 
f 2583/2583/2583 2584/2584/2584 2585/2585/2585 
f 2584/2584/2584 2585/2585/2585 2585/2585/2585 
f 2585/2585/2585 2585/2585/2585 2586/2586/2586 
f 2585/2585/2585 2586/2586/2586 2586/2586/2586 
f 2586/2586/2586 2586/2586/2586 2587/2587/2587 
f 2586/2586/2586 2588/2588/2588 2587/2587/2587 
f 2587/2587/2587 2588/2588/2588 2589/2589/2589 
f 2588/2588/2588 2589/2589/2589 2589/2589/2589 
f 2589/2589/2589 2589/2589/2589 2590/2590/2590 
f 2589/2589/2589 2590/2590/2590 2590/2590/2590 
f 2590/2590/2590 2590/2590/2590 2591/2591/2591 
f 2590/2590/2590 2592/2592/2592 2591/2591/2591 
f 2591/2591/2591 2592/2592/2592 2593/2593/2593 
f 2592/2592/2592 2593/2593/2593 2593/2593/2593 
f 2593/2593/2593 2593/2593/2593 2594/2594/2594 
f 2593/2593/2593 2594/2594/2594 2594/2594/2594 
f 2594/2594/2594 2594/2594/2594 2595/2595/2595 
f 2594/2594/2594 2596/2596/2596 2595/2595/2595 
f 2595/2595/2595 2596/2596/2596 2597/2597/2597 
f 2596/2596/2596 2596/2596/2596 2597/2597/2597 
f 2597/2597/2597 2596/2596/2596 2598/2598/2598 
f 2596/2596/2596 2599/2599/2599 2598/2598/2598 
f 2598/2598/2598 2599/2599/2599 2599/2599/2599 
f 2599/2599/2599 2600/2600/2600 2599/2599/2599 
f 2599/2599/2599 2600/2600/2600 2600/2600/2600 
f 2600/2600/2600 2601/2601/2601 2600/2600/2600 
f 2600/2600/2600 2601/2601/2601 2602/2602/2602 
f 2601/2601/2601 2601/2601/2601 2602/2602/2602 
f 2602/2602/2602 2601/2601/2601 2603/2603/2603 
f 2601/2601/2601 2601/2601/2601 2603/2603/2603 
f 2603/2603/2603 2601/2601/2601 2604/2604/2604 
f 2601/2601/2601 2605/2605/2605 2604/2604/2604 
f 2604/2604/2604 2605/2605/2605 2605/2605/2605 
f 2605/2605/2605 2606/2606/2606 2605/2605/2605 
f 2605/2605/2605 2606/2606/2606 2606/2606/2606 
f 2606/2606/2606 2607/2607/2607 2606/2606/2606 
f 2606/2606/2606 2607/2607/2607 2608/2608/2608 
f 2607/2607/2607 2607/2607/2607 2608/2608/2608 
f 2608/2608/2608 2607/2607/2607 2609/2609/2609 
f 2607/2607/2607 2610/2610/2610 2609/2609/2609 
f 2609/2609/2609 2610/2610/2610 2611/2611/2611 
f 2610/2610/2610 2612/2612/2612 2611/2611/2611 
f 2611/2611/2611 2612/2612/2612 2613/2613/2613 
f 2612/2612/2612 2613/2613/2613 2613/2613/2613 
f 2613/2613/2613 2613/2613/2613 2614/2614/2614 
f 2613/2613/2613 2614/2614/2614 2614/2614/2614 
f 2614/2614/2614 2614/2614/2614 2615/2615/2615 
f 2614/2614/2614 2616/2616/2616 2615/2615/2615 
f 2615/2615/2615 2616/2616/2616 2617/2617/2617 
f 2616/2616/2616 2617/2617/2617 2617/2617/2617 
f 2617/2617/2617 2617/2617/2617 2618/2618/2618 
f 2617/2617/2617 2618/2618/2618 2618/2618/2618 
f 2618/2618/2618 2618/2618/2618 2619/2619/2619 
f 2618/2618/2618 2620/2620/2620 2619/2619/2619 
f 2619/2619/2619 2620/2620/2620 2621/2621/2621 
f 2620/2620/2620 2621/2621/2621 2621/2621/2621 
f 2621/2621/2621 2621/2621/2621 2622/2622/2622 
f 2621/2621/2621 2622/2622/2622 2622/2622/2622 
f 2622/2622/2622 2622/2622/2622 2623/2623/2623 
f 2622/2622/2622 2624/2624/2624 2623/2623/2623 
f 2623/2623/2623 2624/2624/2624 2625/2625/2625 
f 2624/2624/2624 2626/2626/2626 2625/2625/2625 
f 2625/2625/2625 2626/2626/2626 2627/2627/2627 
f 2626/2626/2626 2628/2628/2628 2627/2627/2627 
f 2627/2627/2627 2628/2628/2628 2629/2629/2629 
f 2628/2628/2628 2629/2629/2629 2629/2629/2629 
f 2629/2629/2629 2629/2629/2629 2630/2630/2630 
f 2629/2629/2629 2630/2630/2630 2630/2630/2630 
f 2630/2630/2630 2630/2630/2630 2631/2631/2631 
f 2630/2630/2630 2632/2632/2632 2631/2631/2631 
f 2631/2631/2631 2632/2632/2632 2633/2633/2633 
f 2632/2632/2632 2633/2633/2633 2633/2633/2633 
f 2633/2633/2633 2633/2633/2633 2634/2634/2634 
f 2633/2633/2633 2634/2634/2634 2634/2634/2634 
f 2634/2634/2634 2634/2634/2634 2635/2635/2635 
f 2634/2634/2634 2636/2636/2636 2635/2635/2635 
f 2635/2635/2635 2636/2636/2636 2637/2637/2637 
f 2636/2636/2636 2638/2638/2638 2637/2637/2637 
f 2637/2637/2637 2638/2638/2638 2639/2639/2639 
f 2638/2638/2638 2639/2639/2639 2639/2639/2639 
f 2639/2639/2639 2639/2639/2639 2640/2640/2640 
f 2639/2639/2639 2640/2640/2640 2640/2640/2640 
f 2640/2640/2640 2640/2640/2640 2641/2641/2641 
f 2640/2640/2640 2642/2642/2642 2641/2641/2641 
f 2641/2641/2641 2642/2642/2642 2643/2643/2643 
f 2642/2642/2642 2643/2643/2643 2643/2643/2643 
f 2643/2643/2643 2643/2643/2643 2644/2644/2644 
f 2643/2643/2643 2644/2644/2644 2644/2644/2644 
f 2644/2644/2644 2644/2644/2644 2645/2645/2645 
f 2644/2644/2644 2646/2646/2646 2645/2645/2645 
f 2645/2645/2645 2646/2646/2646 2647/2647/2647 
f 2646/2646/2646 2648/2648/2648 2647/2647/2647 
f 2647/2647/2647 2648/2648/2648 2649/2649/2649 
f 2648/2648/2648 2649/2649/2649 2649/2649/2649 
f 2649/2649/2649 2649/2649/2649 2650/2650/2650 
f 2649/2649/2649 2650/2650/2650 2650/2650/2650 
f 2650/2650/2650 2650/2650/2650 2651/2651/2651 
f 2650/2650/2650 2652/2652/2652 2651/2651/2651 
f 2651/2651/2651 2652/2652/2652 2653/2653/2653 
f 2652/2652/2652 2654/2654/2654 2653/2653/2653 
f 2653/2653/2653 2654/2654/2654 2655/2655/2655 
f 2654/2654/2654 2655/2655/2655 2655/2655/2655 
f 2655/2655/2655 2655/2655/2655 2656/2656/2656 
f 2655/2655/2655 2656/2656/2656 2656/2656/2656 
f 2656/2656/2656 2656/2656/2656 2657/2657/2657 
f 2656/2656/2656 2658/2658/2658 2657/2657/2657 
f 2657/2657/2657 2658/2658/2658 2659/2659/2659 
f 2658/2658/2658 2659/2659/2659 2659/2659/2659 
f 2659/2659/2659 2659/2659/2659 2660/2660/2660 
f 2659/2659/2659 2660/2660/2660 2660/2660/2660 
f 2660/2660/2660 2660/2660/2660 2661/2661/2661 
f 2660/2660/2660 2662/2662/2662 2661/2661/2661 
f 2661/2661/2661 2662/2662/2662 2663/2663/2663 
f 2662/2662/2662 2664/2664/2664 2663/2663/2663 
f 2663/2663/2663 2664/2664/2664 2665/2665/2665 
f 2664/2664/2664 2665/2665/2665 2665/2665/2665 
f 2665/2665/2665 2665/2665/2665 2666/2666/2666 
f 2665/2665/2665 2666/2666/2666 2666/2666/2666 
f 2666/2666/2666 2666/2666/2666 2667/2667/2667 
f 2666/2666/2666 2668/2668/2668 2667/2667/2667 
f 2667/2667/2667 2668/2668/2668 2669/2669/2669 
f 2668/2668/2668 2669/2669/2669 2669/2669/2669 
f 2669/2669/2669 2669/2669/2669 2670/2670/2670 
f 2669/2669/2669 2670/2670/2670 2670/2670/2670 
f 2670/2670/2670 2670/2670/2670 2671/2671/2671 
f 2670/2670/2670 2672/2672/2672 2671/2671/2671 
f 2671/2671/2671 2672/2672/2672 2673/2673/2673 
f 2672/2672/2672 2673/2673/2673 2673/2673/2673 
f 2673/2673/2673 2673/2673/2673 2674/2674/2674 
f 2673/2673/2673 2674/2674/2674 2674/2674/2674 
f 2674/2674/2674 2674/2674/2674 2675/2675/2675 
f 2674/2674/2674 2676/2676/2676 2675/2675/2675 
f 2675/2675/2675 2676/2676/2676 2677/2677/2677 
f 2676/2676/2676 2677/2677/2677 2677/2677/2677 
f 2677/2677/2677 2677/2677/2677 2678/2678/2678 
f 2677/2677/2677 2678/2678/2678 2678/2678/2678 
f 2678/2678/2678 2678/2678/2678 2679/2679/2679 
f 2678/2678/2678 2680/2680/2680 2679/2679/2679 
f 2679/2679/2679 2680/2680/2680 2681/2681/2681 
f 2680/2680/2680 2681/2681/2681 2681/2681/2681 
f 2681/2681/2681 2681/2681/2681 2682/2682/2682 
f 2681/2681/2681 2682/2682/2682 2682/2682/2682 
f 2682/2682/2682 2682/2682/2682 2683/2683/2683 
f 2682/2682/2682 2684/2684/2684 2683/2683/2683 
f 2683/2683/2683 2684/2684/2684 2685/2685/2685 
f 2684/2684/2684 2685/2685/2685 2685/2685/2685 
f 2685/2685/2685 2685/2685/2685 2686/2686/2686 
f 2685/2685/2685 2686/2686/2686 2686/2686/2686 
f 2686/2686/2686 2686/2686/2686 2687/2687/2687 
f 2686/2686/2686 2688/2688/2688 2687/2687/2687 
f 2687/2687/2687 2688/2688/2688 2689/2689/2689 
f 2688/2688/2688 2690/2690/2690 2689/2689/2689 
f 2689/2689/2689 2690/2690/2690 2691/2691/2691 
f 2690/2690/2690 2692/2692/2692 2691/2691/2691 
f 2691/2691/2691 2692/2692/2692 2693/2693/2693 
f 2692/2692/2692 2694/2694/2694 2693/2693/2693 
f 2693/2693/2693 2694/2694/2694 2695/2695/2695 
f 2694/2694/2694 2695/2695/2695 2695/2695/2695 
f 2695/2695/2695 2695/2695/2695 2696/2696/2696 
f 2695/2695/2695 2696/2696/2696 2696/2696/2696 
f 2696/2696/2696 2696/2696/2696 2697/2697/2697 
f 2696/2696/2696 2698/2698/2698 2697/2697/2697 
f 2697/2697/2697 2698/2698/2698 2699/2699/2699 
f 2698/2698/2698 2699/2699/2699 2699/2699/2699 
f 2699/2699/2699 2699/2699/2699 2700/2700/2700 
f 2699/2699/2699 2700/2700/2700 2700/2700/2700 
f 2700/2700/2700 2700/2700/2700 2701/2701/2701 
f 2700/2700/2700 2702/2702/2702 2701/2701/2701 
f 2701/2701/2701 2702/2702/2702 2703/2703/2703 
f 2702/2702/2702 2703/2703/2703 2703/2703/2703 
f 2703/2703/2703 2703/2703/2703 2704/2704/2704 
f 2703/2703/2703 2704/2704/2704 2704/2704/2704 
f 2704/2704/2704 2704/2704/2704 2705/2705/2705 
f 2704/2704/2704 2706/2706/2706 2705/2705/2705 
f 2705/2705/2705 2706/2706/2706 2707/2707/2707 
f 2706/2706/2706 2707/2707/2707 2707/2707/2707 
f 2707/2707/2707 2707/2707/2707 2708/2708/2708 
f 2707/2707/2707 2708/2708/2708 2708/2708/2708 
f 2708/2708/2708 2708/2708/2708 2709/2709/2709 
f 2708/2708/2708 2710/2710/2710 2709/2709/2709 
f 2709/2709/2709 2710/2710/2710 2711/2711/2711 
f 2710/2710/2710 2711/2711/2711 2711/2711/2711 
f 2711/2711/2711 2711/2711/2711 2712/2712/2712 
f 2711/2711/2711 2712/2712/2712 2712/2712/2712 
f 2712/2712/2712 2712/2712/2712 2713/2713/2713 
f 2712/2712/2712 2714/2714/2714 2713/2713/2713 
f 2713/2713/2713 2714/2714/2714 2715/2715/2715 
f 2714/2714/2714 2715/2715/2715 2715/2715/2715 
f 2715/2715/2715 2715/2715/2715 2716/2716/2716 
f 2715/2715/2715 2716/2716/2716 2716/2716/2716 
f 2716/2716/2716 2716/2716/2716 2717/2717/2717 
f 2716/2716/2716 2718/2718/2718 2717/2717/2717 
f 2717/2717/2717 2718/2718/2718 2719/2719/2719 
f 2718/2718/2718 2719/2719/2719 2719/2719/2719 
f 2719/2719/2719 2719/2719/2719 2720/2720/2720 
f 2719/2719/2719 2720/2720/2720 2720/2720/2720 
f 2720/2720/2720 2720/2720/2720 2721/2721/2721 
f 2720/2720/2720 2722/2722/2722 2721/2721/2721 
f 2721/2721/2721 2722/2722/2722 2723/2723/2723 
f 2722/2722/2722 2723/2723/2723 2723/2723/2723 
f 2723/2723/2723 2723/2723/2723 2724/2724/2724 
f 2723/2723/2723 2724/2724/2724 2724/2724/2724 
f 2724/2724/2724 2724/2724/2724 2725/2725/2725 
f 2724/2724/2724 2726/2726/2726 2725/2725/2725 
f 2725/2725/2725 2726/2726/2726 2727/2727/2727 
f 2726/2726/2726 2727/2727/2727 2727/2727/2727 
f 2727/2727/2727 2727/2727/2727 2728/2728/2728 
f 2727/2727/2727 2728/2728/2728 2728/2728/2728 
f 2728/2728/2728 2728/2728/2728 2729/2729/2729 
f 2728/2728/2728 2730/2730/2730 2729/2729/2729 
f 2729/2729/2729 2730/2730/2730 2731/2731/2731 
f 2730/2730/2730 2731/2731/2731 2731/2731/2731 
f 2731/2731/2731 2731/2731/2731 2732/2732/2732 
f 2731/2731/2731 2732/2732/2732 2732/2732/2732 
f 2732/2732/2732 2732/2732/2732 2733/2733/2733 
f 2732/2732/2732 2734/2734/2734 2733/2733/2733 
f 2733/2733/2733 2734/2734/2734 2735/2735/2735 
f 2734/2734/2734 2735/2735/2735 2735/2735/2735 
f 2735/2735/2735 2735/2735/2735 2736/2736/2736 
f 2735/2735/2735 2736/2736/2736 2736/2736/2736 
f 2736/2736/2736 2736/2736/2736 2737/2737/2737 
f 2736/2736/2736 2738/2738/2738 2737/2737/2737 
f 2737/2737/2737 2738/2738/2738 2739/2739/2739 
f 2738/2738/2738 2739/2739/2739 2739/2739/2739 
f 2739/2739/2739 2739/2739/2739 2740/2740/2740 
f 2739/2739/2739 2740/2740/2740 2740/2740/2740 
f 2740/2740/2740 2740/2740/2740 2741/2741/2741 
f 2740/2740/2740 2742/2742/2742 2741/2741/2741 
f 2741/2741/2741 2742/2742/2742 2743/2743/2743 
f 2742/2742/2742 2743/2743/2743 2743/2743/2743 
f 2743/2743/2743 2743/2743/2743 2744/2744/2744 
f 2743/2743/2743 2744/2744/2744 2744/2744/2744 
f 2744/2744/2744 2744/2744/2744 2745/2745/2745 
f 2744/2744/2744 2746/2746/2746 2745/2745/2745 
f 2745/2745/2745 2746/2746/2746 2747/2747/2747 
f 2746/2746/2746 2747/2747/2747 2747/2747/2747 
f 2747/2747/2747 2747/2747/2747 2748/2748/2748 
f 2747/2747/2747 2748/2748/2748 2748/2748/2748 
f 2748/2748/2748 2748/2748/2748 2749/2749/2749 
f 2748/2748/2748 2750/2750/2750 2749/2749/2749 
f 2749/2749/2749 2750/2750/2750 2751/2751/2751 
f 2750/2750/2750 2751/2751/2751 2751/2751/2751 
f 2751/2751/2751 2751/2751/2751 2752/2752/2752 
f 2751/2751/2751 2752/2752/2752 2752/2752/2752 
f 2752/2752/2752 2752/2752/2752 2753/2753/2753 
f 2752/2752/2752 2754/2754/2754 2753/2753/2753 
f 2753/2753/2753 2754/2754/2754 2755/2755/2755 
f 2754/2754/2754 2755/2755/2755 2755/2755/2755 
f 2755/2755/2755 2755/2755/2755 2756/2756/2756 
f 2755/2755/2755 2756/2756/2756 2756/2756/2756 
f 2756/2756/2756 2756/2756/2756 2757/2757/2757 
f 2756/2756/2756 2758/2758/2758 2757/2757/2757 
f 2757/2757/2757 2758/2758/2758 2759/2759/2759 
f 2758/2758/2758 2759/2759/2759 2759/2759/2759 
f 2759/2759/2759 2759/2759/2759 2760/2760/2760 
f 2759/2759/2759 2760/2760/2760 2760/2760/2760 
f 2760/2760/2760 2760/2760/2760 2761/2761/2761 
f 2760/2760/2760 2762/2762/2762 2761/2761/2761 
f 2761/2761/2761 2762/2762/2762 2763/2763/2763 
f 2762/2762/2762 2763/2763/2763 2763/2763/2763 
f 2763/2763/2763 2763/2763/2763 2764/2764/2764 
f 2763/2763/2763 2764/2764/2764 2764/2764/2764 
f 2764/2764/2764 2764/2764/2764 2765/2765/2765 
f 2764/2764/2764 2766/2766/2766 2765/2765/2765 
f 2765/2765/2765 2766/2766/2766 2767/2767/2767 
f 2766/2766/2766 2767/2767/2767 2767/2767/2767 
f 2767/2767/2767 2767/2767/2767 2768/2768/2768 
f 2767/2767/2767 2768/2768/2768 2768/2768/2768 
f 2768/2768/2768 2768/2768/2768 2769/2769/2769 
f 2768/2768/2768 2770/2770/2770 2769/2769/2769 
f 2769/2769/2769 2770/2770/2770 2771/2771/2771 
f 2770/2770/2770 2771/2771/2771 2771/2771/2771 
f 2771/2771/2771 2771/2771/2771 2772/2772/2772 
f 2771/2771/2771 2772/2772/2772 2772/2772/2772 
f 2772/2772/2772 2772/2772/2772 2773/2773/2773 
f 2772/2772/2772 2774/2774/2774 2773/2773/2773 
f 2773/2773/2773 2774/2774/2774 2775/2775/2775 
f 2774/2774/2774 2775/2775/2775 2775/2775/2775 
f 2775/2775/2775 2775/2775/2775 2776/2776/2776 
f 2775/2775/2775 2776/2776/2776 2776/2776/2776 
f 2776/2776/2776 2776/2776/2776 2777/2777/2777 
f 2776/2776/2776 2778/2778/2778 2777/2777/2777 
f 2777/2777/2777 2778/2778/2778 2779/2779/2779 
f 2778/2778/2778 2779/2779/2779 2779/2779/2779 
f 2779/2779/2779 2779/2779/2779 2780/2780/2780 
f 2779/2779/2779 2780/2780/2780 2780/2780/2780 
f 2780/2780/2780 2780/2780/2780 2781/2781/2781 
f 2780/2780/2780 2782/2782/2782 2781/2781/2781 
f 2781/2781/2781 2782/2782/2782 2783/2783/2783 
f 2782/2782/2782 2783/2783/2783 2783/2783/2783 
f 2783/2783/2783 2783/2783/2783 2784/2784/2784 
f 2783/2783/2783 2784/2784/2784 2784/2784/2784 
f 2784/2784/2784 2784/2784/2784 2785/2785/2785 
f 2784/2784/2784 2786/2786/2786 2785/2785/2785 
f 2785/2785/2785 2786/2786/2786 2787/2787/2787 
f 2786/2786/2786 2787/2787/2787 2787/2787/2787 
f 2787/2787/2787 2787/2787/2787 2788/2788/2788 
f 2787/2787/2787 2788/2788/2788 2788/2788/2788 
f 2788/2788/2788 2788/2788/2788 2789/2789/2789 
f 2788/2788/2788 2790/2790/2790 2789/2789/2789 
f 2789/2789/2789 2790/2790/2790 2791/2791/2791 
f 2790/2790/2790 2792/2792/2792 2791/2791/2791 
f 2791/2791/2791 2792/2792/2792 2793/2793/2793 
f 2792/2792/2792 2793/2793/2793 2793/2793/2793 
f 2793/2793/2793 2793/2793/2793 2794/2794/2794 
f 2793/2793/2793 2794/2794/2794 2794/2794/2794 
f 2794/2794/2794 2794/2794/2794 2795/2795/2795 
f 2794/2794/2794 2796/2796/2796 2795/2795/2795 
f 2795/2795/2795 2796/2796/2796 2797/2797/2797 
f 2796/2796/2796 2798/2798/2798 2797/2797/2797 
f 2797/2797/2797 2798/2798/2798 2799/2799/2799 
f 2798/2798/2798 2799/2799/2799 2799/2799/2799 
f 2799/2799/2799 2799/2799/2799 2800/2800/2800 
f 2799/2799/2799 2800/2800/2800 2800/2800/2800 
f 2800/2800/2800 2800/2800/2800 2801/2801/2801 
f 2800/2800/2800 2802/2802/2802 2801/2801/2801 
f 2801/2801/2801 2802/2802/2802 2803/2803/2803 
f 2802/2802/2802 2803/2803/2803 2803/2803/2803 
f 2803/2803/2803 2803/2803/2803 2804/2804/2804 
f 2803/2803/2803 2804/2804/2804 2804/2804/2804 
f 2804/2804/2804 2804/2804/2804 2805/2805/2805 
f 2804/2804/2804 2806/2806/2806 2805/2805/2805 
f 2805/2805/2805 2806/2806/2806 2807/2807/2807 
f 2806/2806/2806 2807/2807/2807 2807/2807/2807 
f 2807/2807/2807 2807/2807/2807 2808/2808/2808 
f 2807/2807/2807 2808/2808/2808 2808/2808/2808 
f 2808/2808/2808 2808/2808/2808 2809/2809/2809 
f 2808/2808/2808 2810/2810/2810 2809/2809/2809 
f 2809/2809/2809 2810/2810/2810 2811/2811/2811 
f 2810/2810/2810 2811/2811/2811 2811/2811/2811 
f 2811/2811/2811 2811/2811/2811 2812/2812/2812 
f 2811/2811/2811 2812/2812/2812 2812/2812/2812 
f 2812/2812/2812 2812/2812/2812 2813/2813/2813 
f 2812/2812/2812 2814/2814/2814 2813/2813/2813 
f 2813/2813/2813 2814/2814/2814 2815/2815/2815 
f 2814/2814/2814 2815/2815/2815 2815/2815/2815 
f 2815/2815/2815 2815/2815/2815 2816/2816/2816 
f 2815/2815/2815 2816/2816/2816 2816/2816/2816 
f 2816/2816/2816 2816/2816/2816 2817/2817/2817 
f 2816/2816/2816 2818/2818/2818 2817/2817/2817 
f 2817/2817/2817 2818/2818/2818 2819/2819/2819 
f 2818/2818/2818 2819/2819/2819 2819/2819/2819 
f 2819/2819/2819 2819/2819/2819 2820/2820/2820 
f 2819/2819/2819 2820/2820/2820 2820/2820/2820 
f 2820/2820/2820 2820/2820/2820 2821/2821/2821 
f 2820/2820/2820 2822/2822/2822 2821/2821/2821 
f 2821/2821/2821 2822/2822/2822 2823/2823/2823 
f 2822/2822/2822 2823/2823/2823 2823/2823/2823 
f 2823/2823/2823 2823/2823/2823 2824/2824/2824 
f 2823/2823/2823 2824/2824/2824 2824/2824/2824 
f 2824/2824/2824 2824/2824/2824 2825/2825/2825 
f 2824/2824/2824 2826/2826/2826 2825/2825/2825 
f 2825/2825/2825 2826/2826/2826 2827/2827/2827 
f 2826/2826/2826 2827/2827/2827 2827/2827/2827 
f 2827/2827/2827 2827/2827/2827 2828/2828/2828 
f 2827/2827/2827 2828/2828/2828 2828/2828/2828 
f 2828/2828/2828 2828/2828/2828 2829/2829/2829 
f 2828/2828/2828 2830/2830/2830 2829/2829/2829 
f 2829/2829/2829 2830/2830/2830 2831/2831/2831 
f 2830/2830/2830 2831/2831/2831 2831/2831/2831 
f 2831/2831/2831 2831/2831/2831 2832/2832/2832 
f 2831/2831/2831 2832/2832/2832 2832/2832/2832 
f 2832/2832/2832 2832/2832/2832 2833/2833/2833 
f 2832/2832/2832 2834/2834/2834 2833/2833/2833 
f 2833/2833/2833 2834/2834/2834 2835/2835/2835 
f 2834/2834/2834 2835/2835/2835 2835/2835/2835 
f 2835/2835/2835 2835/2835/2835 2836/2836/2836 
f 2835/2835/2835 2836/2836/2836 2836/2836/2836 
f 2836/2836/2836 2836/2836/2836 2837/2837/2837 
f 2836/2836/2836 2838/2838/2838 2837/2837/2837 
f 2837/2837/2837 2838/2838/2838 2839/2839/2839 
f 2838/2838/2838 2839/2839/2839 2839/2839/2839 
f 2839/2839/2839 2839/2839/2839 2840/2840/2840 
f 2839/2839/2839 2840/2840/2840 2840/2840/2840 
f 2840/2840/2840 2840/2840/2840 2841/2841/2841 
f 2840/2840/2840 2842/2842/2842 2841/2841/2841 
f 2841/2841/2841 2842/2842/2842 2843/2843/2843 
f 2842/2842/2842 2844/2844/2844 2843/2843/2843 
f 2843/2843/2843 2844/2844/2844 2845/2845/2845 
f 2844/2844/2844 2846/2846/2846 2845/2845/2845 
f 2845/2845/2845 2846/2846/2846 2847/2847/2847 
f 2846/2846/2846 2848/2848/2848 2847/2847/2847 
f 2847/2847/2847 2848/2848/2848 2849/2849/2849 
f 2848/2848/2848 2848/2848/2848 2849/2849/2849 
f 2849/2849/2849 2848/2848/2848 2850/2850/2850 
f 2848/2848/2848 2851/2851/2851 2850/2850/2850 
f 2850/2850/2850 2851/2851/2851 2852/2852/2852 
f 2851/2851/2851 2853/2853/2853 2852/2852/2852 
f 2852/2852/2852 2853/2853/2853 2854/2854/2854 
f 2853/2853/2853 2855/2855/2855 2854/2854/2854 
f 2854/2854/2854 2855/2855/2855 2856/2856/2856 
f 2855/2855/2855 2857/2857/2857 2856/2856/2856 
f 2856/2856/2856 2857/2857/2857 2858/2858/2858 
f 2857/2857/2857 2859/2859/2859 2858/2858/2858 
f 2858/2858/2858 2859/2859/2859 2859/2859/2859 
f 2859/2859/2859 2860/2860/2860 2859/2859/2859 
f 2859/2859/2859 2860/2860/2860 2860/2860/2860 
f 2860/2860/2860 2861/2861/2861 2860/2860/2860 
f 2860/2860/2860 2861/2861/2861 2862/2862/2862 
f 2861/2861/2861 2863/2863/2863 2862/2862/2862 
f 2862/2862/2862 2863/2863/2863 2863/2863/2863 
f 2863/2863/2863 2864/2864/2864 2863/2863/2863 
f 2863/2863/2863 2864/2864/2864 2864/2864/2864 
f 2864/2864/2864 2865/2865/2865 2864/2864/2864 
f 2864/2864/2864 2865/2865/2865 2866/2866/2866 
f 2865/2865/2865 2867/2867/2867 2866/2866/2866 
f 2866/2866/2866 2867/2867/2867 2867/2867/2867 
f 2867/2867/2867 2868/2868/2868 2867/2867/2867 
f 2867/2867/2867 2868/2868/2868 2868/2868/2868 
f 2868/2868/2868 2869/2869/2869 2868/2868/2868 
f 2868/2868/2868 2869/2869/2869 2870/2870/2870 
f 2869/2869/2869 2871/2871/2871 2870/2870/2870 
f 2870/2870/2870 2871/2871/2871 2871/2871/2871 
f 2871/2871/2871 2872/2872/2872 2871/2871/2871 
f 2871/2871/2871 2872/2872/2872 2872/2872/2872 
f 2872/2872/2872 2873/2873/2873 2872/2872/2872 
f 2872/2872/2872 2873/2873/2873 2874/2874/2874 
f 2873/2873/2873 2875/2875/2875 2874/2874/2874 
f 2874/2874/2874 2875/2875/2875 2875/2875/2875 
f 2875/2875/2875 2876/2876/2876 2875/2875/2875 
f 2875/2875/2875 2876/2876/2876 2876/2876/2876 
f 2876/2876/2876 2877/2877/2877 2876/2876/2876 
f 2876/2876/2876 2877/2877/2877 2878/2878/2878 
f 2877/2877/2877 2879/2879/2879 2878/2878/2878 
f 2878/2878/2878 2879/2879/2879 2880/2880/2880 
f 2879/2879/2879 2881/2881/2881 2880/2880/2880 
f 2880/2880/2880 2881/2881/2881 2880/2880/2880 
f 2881/2881/2881 2882/2882/2882 2880/2880/2880 
f 2880/2880/2880 2882/2882/2882 2883/2883/2883 
f 2882/2882/2882 2883/2883/2883 2883/2883/2883 
f 2883/2883/2883 2883/2883/2883 2884/2884/2884 
f 2883/2883/2883 2884/2884/2884 2884/2884/2884 
f 2884/2884/2884 2884/2884/2884 2885/2885/2885 
f 2884/2884/2884 2886/2886/2886 2885/2885/2885 
f 2885/2885/2885 2886/2886/2886 2885/2885/2885 
f 2886/2886/2886 2887/2887/2887 2885/2885/2885 
f 2885/2885/2885 2887/2887/2887 2888/2888/2888 
f 2887/2887/2887 2889/2889/2889 2888/2888/2888 
f 2888/2888/2888 2889/2889/2889 2888/2888/2888 
f 2889/2889/2889 2890/2890/2890 2888/2888/2888 
f 2888/2888/2888 2890/2890/2890 2891/2891/2891 
f 2890/2890/2890 2891/2891/2891 2891/2891/2891 
f 2891/2891/2891 2891/2891/2891 2892/2892/2892 
f 2891/2891/2891 2892/2892/2892 2892/2892/2892 
f 2892/2892/2892 2892/2892/2892 2893/2893/2893 
f 2892/2892/2892 2894/2894/2894 2893/2893/2893 
f 2893/2893/2893 2894/2894/2894 2893/2893/2893 
f 2894/2894/2894 2895/2895/2895 2893/2893/2893 
f 2893/2893/2893 2895/2895/2895 2896/2896/2896 
f 2895/2895/2895 2897/2897/2897 2896/2896/2896 
f 2896/2896/2896 2897/2897/2897 2898/2898/2898 
f 2897/2897/2897 2899/2899/2899 2898/2898/2898 
f 2898/2898/2898 2899/2899/2899 2899/2899/2899 
f 2899/2899/2899 2900/2900/2900 2899/2899/2899 
f 2899/2899/2899 2900/2900/2900 2900/2900/2900 
f 2900/2900/2900 2901/2901/2901 2900/2900/2900 
f 2900/2900/2900 2901/2901/2901 2902/2902/2902 
f 2901/2901/2901 2903/2903/2903 2902/2902/2902 
f 2902/2902/2902 2903/2903/2903 2903/2903/2903 
f 2903/2903/2903 2904/2904/2904 2903/2903/2903 
f 2903/2903/2903 2904/2904/2904 2904/2904/2904 
f 2904/2904/2904 2905/2905/2905 2904/2904/2904 
f 2904/2904/2904 2905/2905/2905 2906/2906/2906 
f 2905/2905/2905 2907/2907/2907 2906/2906/2906 
f 2906/2906/2906 2907/2907/2907 2907/2907/2907 
f 2907/2907/2907 2908/2908/2908 2907/2907/2907 
f 2907/2907/2907 2908/2908/2908 2908/2908/2908 
f 2908/2908/2908 2909/2909/2909 2908/2908/2908 
f 2908/2908/2908 2909/2909/2909 2910/2910/2910 
f 2909/2909/2909 2911/2911/2911 2910/2910/2910 
f 2910/2910/2910 2911/2911/2911 2912/2912/2912 
f 2911/2911/2911 2913/2913/2913 2912/2912/2912 
f 2912/2912/2912 2913/2913/2913 2913/2913/2913 
f 2913/2913/2913 2914/2914/2914 2913/2913/2913 
f 2913/2913/2913 2914/2914/2914 2914/2914/2914 
f 2914/2914/2914 2915/2915/2915 2914/2914/2914 
f 2914/2914/2914 2915/2915/2915 2916/2916/2916 
f 2915/2915/2915 2917/2917/2917 2916/2916/2916 
f 2916/2916/2916 2917/2917/2917 2917/2917/2917 
f 2917/2917/2917 2918/2918/2918 2917/2917/2917 
f 2917/2917/2917 2918/2918/2918 2918/2918/2918 
f 2918/2918/2918 2919/2919/2919 2918/2918/2918 
f 2918/2918/2918 2919/2919/2919 2920/2920/2920 
f 2919/2919/2919 2921/2921/2921 2920/2920/2920 
f 2920/2920/2920 2921/2921/2921 2922/2922/2922 
f 2921/2921/2921 2923/2923/2923 2922/2922/2922 
f 2922/2922/2922 2923/2923/2923 2924/2924/2924 
f 2923/2923/2923 2925/2925/2925 2924/2924/2924 
f 2924/2924/2924 2925/2925/2925 2926/2926/2926 
f 2925/2925/2925 2927/2927/2927 2926/2926/2926 
f 2926/2926/2926 2927/2927/2927 2927/2927/2927 
f 2927/2927/2927 2928/2928/2928 2927/2927/2927 
f 2927/2927/2927 2928/2928/2928 2928/2928/2928 
f 2928/2928/2928 2929/2929/2929 2928/2928/2928 
f 2928/2928/2928 2929/2929/2929 2930/2930/2930 
f 2929/2929/2929 2931/2931/2931 2930/2930/2930 
f 2930/2930/2930 2931/2931/2931 2931/2931/2931 
f 2931/2931/2931 2932/2932/2932 2931/2931/2931 
f 2931/2931/2931 2932/2932/2932 2932/2932/2932 
f 2932/2932/2932 2933/2933/2933 2932/2932/2932 
f 2932/2932/2932 2933/2933/2933 2934/2934/2934 
f 2933/2933/2933 2935/2935/2935 2934/2934/2934 
f 2934/2934/2934 2935/2935/2935 2936/2936/2936 
f 2935/2935/2935 2937/2937/2937 2936/2936/2936 
f 2936/2936/2936 2937/2937/2937 2937/2937/2937 
f 2937/2937/2937 2938/2938/2938 2937/2937/2937 
f 2937/2937/2937 2938/2938/2938 2938/2938/2938 
f 2938/2938/2938 2939/2939/2939 2938/2938/2938 
f 2938/2938/2938 2939/2939/2939 2940/2940/2940 
f 2939/2939/2939 2941/2941/2941 2940/2940/2940 
f 2940/2940/2940 2941/2941/2941 2941/2941/2941 
f 2941/2941/2941 2942/2942/2942 2941/2941/2941 
f 2941/2941/2941 2942/2942/2942 2942/2942/2942 
f 2942/2942/2942 2943/2943/2943 2942/2942/2942 
f 2942/2942/2942 2943/2943/2943 2944/2944/2944 
f 2943/2943/2943 2945/2945/2945 2944/2944/2944 
f 2944/2944/2944 2945/2945/2945 2945/2945/2945 
f 2945/2945/2945 2946/2946/2946 2945/2945/2945 
f 2945/2945/2945 2946/2946/2946 2946/2946/2946 
f 2946/2946/2946 2947/2947/2947 2946/2946/2946 
f 2946/2946/2946 2947/2947/2947 2948/2948/2948 
f 2947/2947/2947 2949/2949/2949 2948/2948/2948 
f 2948/2948/2948 2949/2949/2949 2949/2949/2949 
f 2949/2949/2949 2950/2950/2950 2949/2949/2949 
f 2949/2949/2949 2950/2950/2950 2950/2950/2950 
f 2950/2950/2950 2951/2951/2951 2950/2950/2950 
f 2950/2950/2950 2951/2951/2951 2952/2952/2952 
f 2951/2951/2951 2953/2953/2953 2952/2952/2952 
f 2952/2952/2952 2953/2953/2953 2953/2953/2953 
f 2953/2953/2953 2954/2954/2954 2953/2953/2953 
f 2953/2953/2953 2954/2954/2954 2954/2954/2954 
f 2954/2954/2954 2955/2955/2955 2954/2954/2954 
f 2954/2954/2954 2955/2955/2955 2956/2956/2956 
f 2955/2955/2955 2957/2957/2957 2956/2956/2956 
f 2956/2956/2956 2957/2957/2957 2957/2957/2957 
f 2957/2957/2957 2958/2958/2958 2957/2957/2957 
f 2957/2957/2957 2958/2958/2958 2958/2958/2958 
f 2958/2958/2958 2959/2959/2959 2958/2958/2958 
f 2958/2958/2958 2959/2959/2959 2960/2960/2960 
f 2959/2959/2959 2961/2961/2961 2960/2960/2960 
f 2960/2960/2960 2961/2961/2961 2961/2961/2961 
f 2961/2961/2961 2962/2962/2962 2961/2961/2961 
f 2961/2961/2961 2962/2962/2962 2962/2962/2962 
f 2962/2962/2962 2963/2963/2963 2962/2962/2962 
f 2962/2962/2962 2963/2963/2963 2964/2964/2964 
f 2963/2963/2963 2965/2965/2965 2964/2964/2964 
f 2964/2964/2964 2965/2965/2965 2965/2965/2965 
f 2965/2965/2965 2966/2966/2966 2965/2965/2965 
f 2965/2965/2965 2966/2966/2966 2966/2966/2966 
f 2966/2966/2966 2967/2967/2967 2966/2966/2966 
f 2966/2966/2966 2967/2967/2967 2968/2968/2968 
f 2967/2967/2967 2969/2969/2969 2968/2968/2968 
f 2968/2968/2968 2969/2969/2969 2969/2969/2969 
f 2969/2969/2969 2970/2970/2970 2969/2969/2969 
f 2969/2969/2969 2970/2970/2970 2970/2970/2970 
f 2970/2970/2970 2971/2971/2971 2970/2970/2970 
f 2970/2970/2970 2971/2971/2971 2972/2972/2972 
f 2971/2971/2971 2973/2973/2973 2972/2972/2972 
f 2972/2972/2972 2973/2973/2973 2973/2973/2973 
f 2973/2973/2973 2974/2974/2974 2973/2973/2973 
f 2973/2973/2973 2974/2974/2974 2974/2974/2974 
f 2974/2974/2974 2975/2975/2975 2974/2974/2974 
f 2974/2974/2974 2975/2975/2975 2976/2976/2976 
f 2975/2975/2975 2977/2977/2977 2976/2976/2976 
f 2976/2976/2976 2977/2977/2977 2977/2977/2977 
f 2977/2977/2977 2978/2978/2978 2977/2977/2977 
f 2977/2977/2977 2978/2978/2978 2978/2978/2978 
f 2978/2978/2978 2979/2979/2979 2978/2978/2978 
f 2978/2978/2978 2979/2979/2979 2980/2980/2980 
f 2979/2979/2979 2981/2981/2981 2980/2980/2980 
f 2980/2980/2980 2981/2981/2981 2981/2981/2981 
f 2981/2981/2981 2982/2982/2982 2981/2981/2981 
f 2981/2981/2981 2982/2982/2982 2982/2982/2982 
f 2982/2982/2982 2983/2983/2983 2982/2982/2982 
f 2982/2982/2982 2983/2983/2983 2984/2984/2984 
f 2983/2983/2983 2985/2985/2985 2984/2984/2984 
f 2984/2984/2984 2985/2985/2985 2985/2985/2985 
f 2985/2985/2985 2986/2986/2986 2985/2985/2985 
f 2985/2985/2985 2986/2986/2986 2986/2986/2986 
f 2986/2986/2986 2987/2987/2987 2986/2986/2986 
f 2986/2986/2986 2987/2987/2987 2988/2988/2988 
f 2987/2987/2987 2989/2989/2989 2988/2988/2988 
f 2988/2988/2988 2989/2989/2989 2989/2989/2989 
f 2989/2989/2989 2990/2990/2990 2989/2989/2989 
f 2989/2989/2989 2990/2990/2990 2990/2990/2990 
f 2990/2990/2990 2991/2991/2991 2990/2990/2990 
f 2990/2990/2990 2991/2991/2991 2992/2992/2992 
f 2991/2991/2991 2993/2993/2993 2992/2992/2992 
f 2992/2992/2992 2993/2993/2993 2994/2994/2994 
f 2993/2993/2993 2995/2995/2995 2994/2994/2994 
f 2994/2994/2994 2995/2995/2995 2996/2996/2996 
f 2995/2995/2995 2997/2997/2997 2996/2996/2996 
f 2996/2996/2996 2997/2997/2997 2997/2997/2997 
f 2997/2997/2997 2998/2998/2998 2997/2997/2997 
f 2997/2997/2997 2998/2998/2998 2998/2998/2998 
f 2998/2998/2998 2999/2999/2999 2998/2998/2998 
f 2998/2998/2998 2999/2999/2999 3000/3000/3000 
f 2999/2999/2999 3001/3001/3001 3000/3000/3000 
f 3000/3000/3000 3001/3001/3001 3001/3001/3001 
f 3001/3001/3001 3002/3002/3002 3001/3001/3001 
f 3001/3001/3001 3002/3002/3002 3002/3002/3002 
f 3002/3002/3002 3003/3003/3003 3002/3002/3002 
f 3002/3002/3002 3003/3003/3003 3004/3004/3004 
f 3003/3003/3003 3005/3005/3005 3004/3004/3004 
f 3004/3004/3004 3005/3005/3005 3005/3005/3005 
f 3005/3005/3005 3006/3006/3006 3005/3005/3005 
f 3005/3005/3005 3006/3006/3006 3006/3006/3006 
f 3006/3006/3006 3007/3007/3007 3006/3006/3006 
f 3006/3006/3006 3007/3007/3007 3008/3008/3008 
f 3007/3007/3007 3009/3009/3009 3008/3008/3008 
f 3008/3008/3008 3009/3009/3009 3010/3010/3010 
f 3009/3009/3009 3011/3011/3011 3010/3010/3010 
f 3010/3010/3010 3011/3011/3011 3012/3012/3012 
f 3011/3011/3011 3013/3013/3013 3012/3012/3012 
f 3012/3012/3012 3013/3013/3013 3013/3013/3013 
f 3013/3013/3013 3014/3014/3014 3013/3013/3013 
f 3013/3013/3013 3014/3014/3014 3014/3014/3014 
f 3014/3014/3014 3015/3015/3015 3014/3014/3014 
f 3014/3014/3014 3015/3015/3015 3016/3016/3016 
f 3015/3015/3015 3017/3017/3017 3016/3016/3016 
f 3016/3016/3016 3017/3017/3017 3017/3017/3017 
f 3017/3017/3017 3018/3018/3018 3017/3017/3017 
f 3017/3017/3017 3018/3018/3018 3018/3018/3018 
f 3018/3018/3018 3019/3019/3019 3018/3018/3018 
f 3018/3018/3018 3019/3019/3019 3020/3020/3020 
f 3019/3019/3019 3021/3021/3021 3020/3020/3020 
f 3020/3020/3020 3021/3021/3021 3022/3022/3022 
f 3021/3021/3021 3023/3023/3023 3022/3022/3022 
f 3022/3022/3022 3023/3023/3023 3023/3023/3023 
f 3023/3023/3023 3024/3024/3024 3023/3023/3023 
f 3023/3023/3023 3024/3024/3024 3024/3024/3024 
f 3024/3024/3024 3025/3025/3025 3024/3024/3024 
f 3024/3024/3024 3025/3025/3025 3026/3026/3026 
f 3025/3025/3025 3027/3027/3027 3026/3026/3026 
f 3026/3026/3026 3027/3027/3027 3027/3027/3027 
f 3027/3027/3027 3028/3028/3028 3027/3027/3027 
f 3027/3027/3027 3028/3028/3028 3028/3028/3028 
f 3028/3028/3028 3029/3029/3029 3028/3028/3028 
f 3028/3028/3028 3029/3029/3029 3030/3030/3030 
f 3029/3029/3029 3031/3031/3031 3030/3030/3030 
f 3030/3030/3030 3031/3031/3031 3032/3032/3032 
f 3031/3031/3031 3033/3033/3033 3032/3032/3032 
f 3032/3032/3032 3033/3033/3033 3033/3033/3033 
f 3033/3033/3033 3034/3034/3034 3033/3033/3033 
f 3033/3033/3033 3034/3034/3034 3034/3034/3034 
f 3034/3034/3034 3035/3035/3035 3034/3034/3034 
f 3034/3034/3034 3035/3035/3035 3036/3036/3036 
f 3035/3035/3035 3037/3037/3037 3036/3036/3036 
f 3036/3036/3036 3037/3037/3037 3038/3038/3038 
f 3037/3037/3037 3039/3039/3039 3038/3038/3038 
f 3038/3038/3038 3039/3039/3039 3039/3039/3039 
f 3039/3039/3039 3040/3040/3040 3039/3039/3039 
f 3039/3039/3039 3040/3040/3040 3040/3040/3040 
f 3040/3040/3040 3041/3041/3041 3040/3040/3040 
f 3040/3040/3040 3041/3041/3041 3042/3042/3042 
f 3041/3041/3041 3043/3043/3043 3042/3042/3042 
f 3042/3042/3042 3043/3043/3043 3043/3043/3043 
f 3043/3043/3043 3044/3044/3044 3043/3043/3043 
f 3043/3043/3043 3044/3044/3044 3044/3044/3044 
f 3044/3044/3044 3045/3045/3045 3044/3044/3044 
f 3044/3044/3044 3045/3045/3045 3046/3046/3046 
f 3045/3045/3045 3047/3047/3047 3046/3046/3046 
f 3046/3046/3046 3047/3047/3047 3048/3048/3048 
f 3047/3047/3047 3049/3049/3049 3048/3048/3048 
f 3048/3048/3048 3049/3049/3049 3049/3049/3049 
f 3049/3049/3049 3050/3050/3050 3049/3049/3049 
f 3049/3049/3049 3050/3050/3050 3050/3050/3050 
f 3050/3050/3050 3051/3051/3051 3050/3050/3050 
f 3050/3050/3050 3051/3051/3051 3052/3052/3052 
f 3051/3051/3051 3053/3053/3053 3052/3052/3052 
f 3052/3052/3052 3053/3053/3053 3053/3053/3053 
f 3053/3053/3053 3054/3054/3054 3053/3053/3053 
f 3053/3053/3053 3054/3054/3054 3054/3054/3054 
f 3054/3054/3054 3055/3055/3055 3054/3054/3054 
f 3054/3054/3054 3055/3055/3055 3056/3056/3056 
f 3055/3055/3055 3057/3057/3057 3056/3056/3056 
f 3056/3056/3056 3057/3057/3057 3057/3057/3057 
f 3057/3057/3057 3058/3058/3058 3057/3057/3057 
f 3057/3057/3057 3058/3058/3058 3058/3058/3058 
f 3058/3058/3058 3059/3059/3059 3058/3058/3058 
f 3058/3058/3058 3059/3059/3059 3060/3060/3060 
f 3059/3059/3059 3061/3061/3061 3060/3060/3060 
f 3060/3060/3060 3061/3061/3061 3061/3061/3061 
f 3061/3061/3061 3062/3062/3062 3061/3061/3061 
f 3061/3061/3061 3062/3062/3062 3062/3062/3062 
f 3062/3062/3062 3063/3063/3063 3062/3062/3062 
f 3062/3062/3062 3063/3063/3063 3064/3064/3064 
f 3063/3063/3063 3065/3065/3065 3064/3064/3064 
f 3064/3064/3064 3065/3065/3065 3065/3065/3065 
f 3065/3065/3065 3066/3066/3066 3065/3065/3065 
f 3065/3065/3065 3066/3066/3066 3066/3066/3066 
f 3066/3066/3066 3067/3067/3067 3066/3066/3066 
f 3066/3066/3066 3067/3067/3067 3068/3068/3068 
f 3067/3067/3067 3069/3069/3069 3068/3068/3068 
f 3068/3068/3068 3069/3069/3069 3069/3069/3069 
f 3069/3069/3069 3070/3070/3070 3069/3069/3069 
f 3069/3069/3069 3070/3070/3070 3070/3070/3070 
f 3070/3070/3070 3071/3071/3071 3070/3070/3070 
f 3070/3070/3070 3071/3071/3071 3072/3072/3072 
f 3071/3071/3071 3073/3073/3073 3072/3072/3072 
f 3072/3072/3072 3073/3073/3073 3074/3074/3074 
f 3073/3073/3073 3075/3075/3075 3074/3074/3074 
f 3074/3074/3074 3075/3075/3075 3076/3076/3076 
f 3075/3075/3075 3077/3077/3077 3076/3076/3076 
f 3076/3076/3076 3077/3077/3077 3078/3078/3078 
f 3077/3077/3077 3079/3079/3079 3078/3078/3078 
f 3078/3078/3078 3079/3079/3079 3079/3079/3079 
f 3079/3079/3079 3080/3080/3080 3079/3079/3079 
f 3079/3079/3079 3080/3080/3080 3080/3080/3080 
f 3080/3080/3080 3081/3081/3081 3080/3080/3080 
f 3080/3080/3080 3081/3081/3081 3082/3082/3082 
f 3081/3081/3081 3083/3083/3083 3082/3082/3082 
f 3082/3082/3082 3083/3083/3083 3083/3083/3083 
f 3083/3083/3083 3084/3084/3084 3083/3083/3083 
f 3083/3083/3083 3084/3084/3084 3084/3084/3084 
f 3084/3084/3084 3085/3085/3085 3084/3084/3084 
f 3084/3084/3084 3085/3085/3085 3086/3086/3086 
f 3085/3085/3085 3087/3087/3087 3086/3086/3086 
f 3086/3086/3086 3087/3087/3087 3087/3087/3087 
f 3087/3087/3087 3088/3088/3088 3087/3087/3087 
f 3087/3087/3087 3088/3088/3088 3088/3088/3088 
f 3088/3088/3088 3089/3089/3089 3088/3088/3088 
f 3088/3088/3088 3089/3089/3089 3090/3090/3090 
f 3089/3089/3089 3091/3091/3091 3090/3090/3090 
f 3090/3090/3090 3091/3091/3091 3091/3091/3091 
f 3091/3091/3091 3092/3092/3092 3091/3091/3091 
f 3091/3091/3091 3092/3092/3092 3092/3092/3092 
f 3092/3092/3092 3093/3093/3093 3092/3092/3092 
f 3092/3092/3092 3093/3093/3093 3094/3094/3094 
f 3093/3093/3093 3095/3095/3095 3094/3094/3094 
f 3094/3094/3094 3095/3095/3095 3095/3095/3095 
f 3095/3095/3095 3096/3096/3096 3095/3095/3095 
f 3095/3095/3095 3096/3096/3096 3096/3096/3096 
f 3096/3096/3096 3097/3097/3097 3096/3096/3096 
f 3096/3096/3096 3097/3097/3097 3098/3098/3098 
f 3097/3097/3097 3099/3099/3099 3098/3098/3098 
f 3098/3098/3098 3099/3099/3099 3099/3099/3099 
f 3099/3099/3099 3100/3100/3100 3099/3099/3099 
f 3099/3099/3099 3100/3100/3100 3100/3100/3100 
f 3100/3100/3100 3101/3101/3101 3100/3100/3100 
f 3100/3100/3100 3101/3101/3101 3102/3102/3102 
f 3101/3101/3101 3103/3103/3103 3102/3102/3102 
f 3102/3102/3102 3103/3103/3103 3103/3103/3103 
f 3103/3103/3103 3104/3104/3104 3103/3103/3103 
f 3103/3103/3103 3104/3104/3104 3104/3104/3104 
f 3104/3104/3104 3105/3105/3105 3104/3104/3104 
f 3104/3104/3104 3105/3105/3105 3106/3106/3106 
f 3105/3105/3105 3107/3107/3107 3106/3106/3106 
f 3106/3106/3106 3107/3107/3107 3107/3107/3107 
f 3107/3107/3107 3108/3108/3108 3107/3107/3107 
f 3107/3107/3107 3108/3108/3108 3108/3108/3108 
f 3108/3108/3108 3109/3109/3109 3108/3108/3108 
f 3108/3108/3108 3109/3109/3109 3110/3110/3110 
f 3109/3109/3109 3111/3111/3111 3110/3110/3110 
f 3110/3110/3110 3111/3111/3111 3111/3111/3111 
f 3111/3111/3111 3112/3112/3112 3111/3111/3111 
f 3111/3111/3111 3112/3112/3112 3112/3112/3112 
f 3112/3112/3112 3113/3113/3113 3112/3112/3112 
f 3112/3112/3112 3113/3113/3113 3114/3114/3114 
f 3113/3113/3113 3115/3115/3115 3114/3114/3114 
f 3114/3114/3114 3115/3115/3115 3115/3115/3115 
f 3115/3115/3115 3116/3116/3116 3115/3115/3115 
f 3115/3115/3115 3116/3116/3116 3116/3116/3116 
f 3116/3116/3116 3117/3117/3117 3116/3116/3116 
f 3116/3116/3116 3117/3117/3117 3118/3118/3118 
f 3117/3117/3117 3119/3119/3119 3118/3118/3118 
f 3118/3118/3118 3119/3119/3119 3119/3119/3119 
f 3119/3119/3119 3120/3120/3120 3119/3119/3119 
f 3119/3119/3119 3120/3120/3120 3120/3120/3120 
f 3120/3120/3120 3121/3121/3121 3120/3120/3120 
f 3120/3120/3120 3121/3121/3121 3122/3122/3122 
f 3121/3121/3121 3123/3123/3123 3122/3122/3122 
f 3122/3122/3122 3123/3123/3123 3123/3123/3123 
f 3123/3123/3123 3124/3124/3124 3123/3123/3123 
f 3123/3123/3123 3124/3124/3124 3124/3124/3124 
f 3124/3124/3124 3125/3125/3125 3124/3124/3124 
f 3124/3124/3124 3125/3125/3125 3126/3126/3126 
f 3125/3125/3125 3127/3127/3127 3126/3126/3126 
f 3126/3126/3126 3127/3127/3127 3127/3127/3127 
f 3127/3127/3127 3128/3128/3128 3127/3127/3127 
f 3127/3127/3127 3128/3128/3128 3128/3128/3128 
f 3128/3128/3128 3129/3129/3129 3128/3128/3128 
f 3128/3128/3128 3129/3129/3129 3130/3130/3130 
f 3129/3129/3129 3131/3131/3131 3130/3130/3130 
f 3130/3130/3130 3131/3131/3131 3131/3131/3131 
f 3131/3131/3131 3132/3132/3132 3131/3131/3131 
f 3131/3131/3131 3132/3132/3132 3132/3132/3132 
f 3132/3132/3132 3133/3133/3133 3132/3132/3132 
f 3132/3132/3132 3133/3133/3133 3134/3134/3134 
f 3133/3133/3133 3135/3135/3135 3134/3134/3134 
f 3134/3134/3134 3135/3135/3135 3135/3135/3135 
f 3135/3135/3135 3136/3136/3136 3135/3135/3135 
f 3135/3135/3135 3136/3136/3136 3136/3136/3136 
f 3136/3136/3136 3137/3137/3137 3136/3136/3136 
f 3136/3136/3136 3137/3137/3137 3138/3138/3138 
f 3137/3137/3137 3139/3139/3139 3138/3138/3138 
f 3138/3138/3138 3139/3139/3139 3139/3139/3139 
f 3139/3139/3139 3140/3140/3140 3139/3139/3139 
f 3139/3139/3139 3140/3140/3140 3140/3140/3140 
f 3140/3140/3140 3141/3141/3141 3140/3140/3140 
f 3140/3140/3140 3141/3141/3141 3142/3142/3142 
f 3141/3141/3141 3143/3143/3143 3142/3142/3142 
f 3142/3142/3142 3143/3143/3143 3143/3143/3143 
f 3143/3143/3143 3144/3144/3144 3143/3143/3143 
f 3143/3143/3143 3144/3144/3144 3144/3144/3144 
f 3144/3144/3144 3145/3145/3145 3144/3144/3144 
f 3144/3144/3144 3145/3145/3145 3146/3146/3146 
f 3145/3145/3145 3147/3147/3147 3146/3146/3146 
f 3146/3146/3146 3147/3147/3147 3147/3147/3147 
f 3147/3147/3147 3148/3148/3148 3147/3147/3147 
f 3147/3147/3147 3148/3148/3148 3148/3148/3148 
f 3148/3148/3148 3149/3149/3149 3148/3148/3148 
f 3148/3148/3148 3149/3149/3149 3150/3150/3150 
f 3149/3149/3149 3151/3151/3151 3150/3150/3150 
f 3150/3150/3150 3151/3151/3151 3151/3151/3151 
f 3151/3151/3151 3152/3152/3152 3151/3151/3151 
f 3151/3151/3151 3152/3152/3152 3152/3152/3152 
f 3152/3152/3152 3153/3153/3153 3152/3152/3152 
f 3152/3152/3152 3153/3153/3153 3154/3154/3154 
f 3153/3153/3153 3155/3155/3155 3154/3154/3154 
f 3154/3154/3154 3155/3155/3155 3155/3155/3155 
f 3155/3155/3155 3156/3156/3156 3155/3155/3155 
f 3155/3155/3155 3156/3156/3156 3156/3156/3156 
f 3156/3156/3156 3157/3157/3157 3156/3156/3156 
f 3156/3156/3156 3157/3157/3157 3158/3158/3158 
f 3157/3157/3157 3159/3159/3159 3158/3158/3158 
f 3158/3158/3158 3159/3159/3159 3159/3159/3159 
f 3159/3159/3159 3160/3160/3160 3159/3159/3159 
f 3159/3159/3159 3160/3160/3160 3160/3160/3160 
f 3160/3160/3160 3161/3161/3161 3160/3160/3160 
f 3160/3160/3160 3161/3161/3161 3162/3162/3162 
f 3161/3161/3161 3163/3163/3163 3162/3162/3162 
f 3162/3162/3162 3163/3163/3163 3163/3163/3163 
f 3163/3163/3163 3164/3164/3164 3163/3163/3163 
f 3163/3163/3163 3164/3164/3164 3164/3164/3164 
f 3164/3164/3164 3165/3165/3165 3164/3164/3164 
f 3164/3164/3164 3165/3165/3165 3166/3166/3166 
f 3165/3165/3165 3167/3167/3167 3166/3166/3166 
f 3166/3166/3166 3167/3167/3167 3167/3167/3167 
f 3167/3167/3167 3168/3168/3168 3167/3167/3167 
f 3167/3167/3167 3168/3168/3168 3168/3168/3168 
f 3168/3168/3168 3169/3169/3169 3168/3168/3168 
f 3168/3168/3168 3169/3169/3169 3170/3170/3170 
f 3169/3169/3169 3171/3171/3171 3170/3170/3170 
f 3170/3170/3170 3171/3171/3171 3171/3171/3171 
f 3171/3171/3171 3172/3172/3172 3171/3171/3171 
f 3171/3171/3171 3172/3172/3172 3172/3172/3172 
f 3172/3172/3172 3173/3173/3173 3172/3172/3172 
f 3172/3172/3172 3173/3173/3173 3174/3174/3174 
f 3173/3173/3173 3175/3175/3175 3174/3174/3174 
f 3174/3174/3174 3175/3175/3175 3175/3175/3175 
f 3175/3175/3175 3176/3176/3176 3175/3175/3175 
f 3175/3175/3175 3176/3176/3176 3176/3176/3176 
f 3176/3176/3176 3177/3177/3177 3176/3176/3176 
f 3176/3176/3176 3177/3177/3177 3178/3178/3178 
f 3177/3177/3177 3179/3179/3179 3178/3178/3178 
f 3178/3178/3178 3179/3179/3179 3180/3180/3180 
f 3179/3179/3179 3181/3181/3181 3180/3180/3180 
f 3180/3180/3180 3181/3181/3181 3181/3181/3181 
f 3181/3181/3181 3182/3182/3182 3181/3181/3181 
f 3181/3181/3181 3182/3182/3182 3182/3182/3182 
f 3182/3182/3182 3183/3183/3183 3182/3182/3182 
f 3182/3182/3182 3183/3183/3183 3184/3184/3184 
f 3183/3183/3183 3185/3185/3185 3184/3184/3184 
f 3184/3184/3184 3185/3185/3185 3185/3185/3185 
f 3185/3185/3185 3186/3186/3186 3185/3185/3185 
f 3185/3185/3185 3186/3186/3186 3186/3186/3186 
f 3186/3186/3186 3187/3187/3187 3186/3186/3186 
f 3186/3186/3186 3187/3187/3187 3188/3188/3188 
f 3187/3187/3187 3189/3189/3189 3188/3188/3188 
f 3188/3188/3188 3189/3189/3189 3189/3189/3189 
f 3189/3189/3189 3190/3190/3190 3189/3189/3189 
f 3189/3189/3189 3190/3190/3190 3190/3190/3190 
f 3190/3190/3190 3191/3191/3191 3190/3190/3190 
f 3190/3190/3190 3191/3191/3191 3192/3192/3192 
f 3191/3191/3191 3193/3193/3193 3192/3192/3192 
f 3192/3192/3192 3193/3193/3193 3193/3193/3193 
f 3193/3193/3193 3194/3194/3194 3193/3193/3193 
f 3193/3193/3193 3194/3194/3194 3194/3194/3194 
f 3194/3194/3194 3195/3195/3195 3194/3194/3194 
f 3194/3194/3194 3195/3195/3195 3196/3196/3196 
f 3195/3195/3195 3197/3197/3197 3196/3196/3196 
f 3196/3196/3196 3197/3197/3197 3197/3197/3197 
f 3197/3197/3197 3198/3198/3198 3197/3197/3197 
f 3197/3197/3197 3198/3198/3198 3198/3198/3198 
f 3198/3198/3198 3199/3199/3199 3198/3198/3198 
f 3198/3198/3198 3199/3199/3199 3200/3200/3200 
f 3199/3199/3199 3201/3201/3201 3200/3200/3200 
f 3200/3200/3200 3201/3201/3201 3201/3201/3201 
f 3201/3201/3201 3202/3202/3202 3201/3201/3201 
f 3201/3201/3201 3202/3202/3202 3202/3202/3202 
f 3202/3202/3202 3203/3203/3203 3202/3202/3202 
f 3202/3202/3202 3203/3203/3203 3204/3204/3204 
f 3203/3203/3203 3205/3205/3205 3204/3204/3204 
f 3204/3204/3204 3205/3205/3205 3205/3205/3205 
f 3205/3205/3205 3206/3206/3206 3205/3205/3205 
f 3205/3205/3205 3206/3206/3206 3206/3206/3206 
f 3206/3206/3206 3207/3207/3207 3206/3206/3206 
f 3206/3206/3206 3207/3207/3207 3208/3208/3208 
f 3207/3207/3207 3209/3209/3209 3208/3208/3208 
f 3208/3208/3208 3209/3209/3209 3209/3209/3209 
f 3209/3209/3209 3210/3210/3210 3209/3209/3209 
f 3209/3209/3209 3210/3210/3210 3210/3210/3210 
f 3210/3210/3210 3211/3211/3211 3210/3210/3210 
f 3210/3210/3210 3211/3211/3211 3212/3212/3212 
f 3211/3211/3211 3213/3213/3213 3212/3212/3212 
f 3212/3212/3212 3213/3213/3213 3213/3213/3213 
f 3213/3213/3213 3214/3214/3214 3213/3213/3213 
f 3213/3213/3213 3214/3214/3214 3214/3214/3214 
f 3214/3214/3214 3215/3215/3215 3214/3214/3214 
f 3214/3214/3214 3215/3215/3215 3216/3216/3216 
f 3215/3215/3215 3217/3217/3217 3216/3216/3216 
f 3216/3216/3216 3217/3217/3217 3217/3217/3217 
f 3217/3217/3217 3218/3218/3218 3217/3217/3217 
f 3217/3217/3217 3218/3218/3218 3218/3218/3218 
f 3218/3218/3218 3219/3219/3219 3218/3218/3218 
f 3218/3218/3218 3219/3219/3219 3220/3220/3220 
f 3219/3219/3219 3221/3221/3221 3220/3220/3220 
f 3220/3220/3220 3221/3221/3221 3221/3221/3221 
f 3221/3221/3221 3222/3222/3222 3221/3221/3221 
f 3221/3221/3221 3222/3222/3222 3222/3222/3222 
f 3222/3222/3222 3223/3223/3223 3222/3222/3222 
f 3222/3222/3222 3223/3223/3223 3224/3224/3224 
f 3223/3223/3223 3225/3225/3225 3224/3224/3224 
f 3224/3224/3224 3225/3225/3225 3225/3225/3225 
f 3225/3225/3225 3226/3226/3226 3225/3225/3225 
f 3225/3225/3225 3226/3226/3226 3226/3226/3226 
f 3226/3226/3226 3227/3227/3227 3226/3226/3226 
f 3226/3226/3226 3227/3227/3227 3228/3228/3228 
f 3227/3227/3227 3229/3229/3229 3228/3228/3228 
f 3228/3228/3228 3229/3229/3229 3229/3229/3229 
f 3229/3229/3229 3230/3230/3230 3229/3229/3229 
f 3229/3229/3229 3230/3230/3230 3230/3230/3230 
f 3230/3230/3230 3231/3231/3231 3230/3230/3230 
f 3230/3230/3230 3231/3231/3231 3232/3232/3232 
f 3231/3231/3231 3233/3233/3233 3232/3232/3232 
f 3232/3232/3232 3233/3233/3233 3233/3233/3233 
f 3233/3233/3233 3234/3234/3234 3233/3233/3233 
f 3233/3233/3233 3234/3234/3234 3234/3234/3234 
f 3234/3234/3234 3235/3235/3235 3234/3234/3234 
f 3234/3234/3234 3235/3235/3235 3236/3236/3236 
f 3235/3235/3235 3237/3237/3237 3236/3236/3236 
f 3236/3236/3236 3237/3237/3237 3237/3237/3237 
f 3237/3237/3237 3238/3238/3238 3237/3237/3237 
f 3237/3237/3237 3238/3238/3238 3238/3238/3238 
f 3238/3238/3238 3239/3239/3239 3238/3238/3238 
f 3238/3238/3238 3239/3239/3239 3240/3240/3240 
f 3239/3239/3239 3241/3241/3241 3240/3240/3240 
f 3240/3240/3240 3241/3241/3241 3241/3241/3241 
f 3241/3241/3241 3242/3242/3242 3241/3241/3241 
f 3241/3241/3241 3242/3242/3242 3242/3242/3242 
f 3242/3242/3242 3243/3243/3243 3242/3242/3242 
f 3242/3242/3242 3243/3243/3243 3244/3244/3244 
f 3243/3243/3243 3245/3245/3245 3244/3244/3244 
f 3244/3244/3244 3245/3245/3245 3245/3245/3245 
f 3245/3245/3245 3246/3246/3246 3245/3245/3245 
f 3245/3245/3245 3246/3246/3246 3246/3246/3246 
f 3246/3246/3246 3247/3247/3247 3246/3246/3246 
f 3246/3246/3246 3247/3247/3247 3248/3248/3248 
f 3247/3247/3247 3249/3249/3249 3248/3248/3248 
f 3248/3248/3248 3249/3249/3249 3249/3249/3249 
f 3249/3249/3249 3250/3250/3250 3249/3249/3249 
f 3249/3249/3249 3250/3250/3250 3250/3250/3250 
f 3250/3250/3250 3251/3251/3251 3250/3250/3250 
f 3250/3250/3250 3251/3251/3251 3252/3252/3252 
f 3251/3251/3251 3253/3253/3253 3252/3252/3252 
f 3252/3252/3252 3253/3253/3253 3253/3253/3253 
f 3253/3253/3253 3254/3254/3254 3253/3253/3253 
f 3253/3253/3253 3254/3254/3254 3254/3254/3254 
f 3254/3254/3254 3255/3255/3255 3254/3254/3254 
f 3254/3254/3254 3255/3255/3255 3256/3256/3256 
f 3255/3255/3255 3257/3257/3257 3256/3256/3256 
f 3256/3256/3256 3257/3257/3257 3257/3257/3257 
f 3257/3257/3257 3258/3258/3258 3257/3257/3257 
f 3257/3257/3257 3258/3258/3258 3258/3258/3258 
f 3258/3258/3258 3259/3259/3259 3258/3258/3258 
f 3258/3258/3258 3259/3259/3259 3260/3260/3260 
f 3259/3259/3259 3261/3261/3261 3260/3260/3260 
f 3260/3260/3260 3261/3261/3261 3261/3261/3261 
f 3261/3261/3261 3262/3262/3262 3261/3261/3261 
f 3261/3261/3261 3262/3262/3262 3262/3262/3262 
f 3262/3262/3262 3263/3263/3263 3262/3262/3262 
f 3262/3262/3262 3263/3263/3263 3264/3264/3264 
f 3263/3263/3263 3265/3265/3265 3264/3264/3264 
f 3264/3264/3264 3265/3265/3265 3265/3265/3265 
f 3265/3265/3265 3266/3266/3266 3265/3265/3265 
f 3265/3265/3265 3266/3266/3266 3266/3266/3266 
f 3266/3266/3266 3267/3267/3267 3266/3266/3266 
f 3266/3266/3266 3267/3267/3267 3268/3268/3268 
f 3267/3267/3267 3269/3269/3269 3268/3268/3268 
f 3268/3268/3268 3269/3269/3269 3269/3269/3269 
f 3269/3269/3269 3270/3270/3270 3269/3269/3269 
f 3269/3269/3269 3270/3270/3270 3270/3270/3270 
f 3270/3270/3270 3271/3271/3271 3270/3270/3270 
f 3270/3270/3270 3271/3271/3271 3272/3272/3272 
f 3271/3271/3271 3273/3273/3273 3272/3272/3272 
f 3272/3272/3272 3273/3273/3273 3273/3273/3273 
f 3273/3273/3273 3274/3274/3274 3273/3273/3273 
f 3273/3273/3273 3274/3274/3274 3274/3274/3274 
f 3274/3274/3274 3275/3275/3275 3274/3274/3274 
f 3274/3274/3274 3275/3275/3275 3276/3276/3276 
f 3275/3275/3275 3277/3277/3277 3276/3276/3276 
f 3276/3276/3276 3277/3277/3277 3277/3277/3277 
f 3277/3277/3277 3278/3278/3278 3277/3277/3277 
f 3277/3277/3277 3278/3278/3278 3278/3278/3278 
f 3278/3278/3278 3279/3279/3279 3278/3278/3278 
f 3278/3278/3278 3279/3279/3279 3280/3280/3280 
f 3279/3279/3279 3281/3281/3281 3280/3280/3280 
f 3280/3280/3280 3281/3281/3281 3281/3281/3281 
f 3281/3281/3281 3282/3282/3282 3281/3281/3281 
f 3281/3281/3281 3282/3282/3282 3282/3282/3282 
f 3282/3282/3282 3283/3283/3283 3282/3282/3282 
f 3282/3282/3282 3283/3283/3283 3284/3284/3284 
f 3283/3283/3283 3285/3285/3285 3284/3284/3284 
f 3284/3284/3284 3285/3285/3285 3285/3285/3285 
f 3285/3285/3285 3286/3286/3286 3285/3285/3285 
f 3285/3285/3285 3286/3286/3286 3286/3286/3286 
f 3286/3286/3286 3287/3287/3287 3286/3286/3286 
f 3286/3286/3286 3287/3287/3287 3288/3288/3288 
f 3287/3287/3287 3289/3289/3289 3288/3288/3288 
f 3288/3288/3288 3289/3289/3289 3289/3289/3289 
f 3289/3289/3289 3290/3290/3290 3289/3289/3289 
f 3289/3289/3289 3290/3290/3290 3290/3290/3290 
f 3290/3290/3290 3291/3291/3291 3290/3290/3290 
f 3290/3290/3290 3291/3291/3291 3292/3292/3292 
f 3291/3291/3291 3293/3293/3293 3292/3292/3292 
f 3292/3292/3292 3293/3293/3293 3293/3293/3293 
f 3293/3293/3293 3294/3294/3294 3293/3293/3293 
f 3293/3293/3293 3294/3294/3294 3294/3294/3294 
f 3294/3294/3294 3295/3295/3295 3294/3294/3294 
f 3294/3294/3294 3295/3295/3295 3296/3296/3296 
f 3295/3295/3295 3297/3297/3297 3296/3296/3296 
f 3296/3296/3296 3297/3297/3297 3297/3297/3297 
f 3297/3297/3297 3298/3298/3298 3297/3297/3297 
f 3297/3297/3297 3298/3298/3298 3298/3298/3298 
f 3298/3298/3298 3299/3299/3299 3298/3298/3298 
f 3298/3298/3298 3299/3299/3299 3300/3300/3300 
f 3299/3299/3299 3301/3301/3301 3300/3300/3300 
f 3300/3300/3300 3301/3301/3301 3301/3301/3301 
f 3301/3301/3301 3302/3302/3302 3301/3301/3301 
f 3301/3301/3301 3302/3302/3302 3302/3302/3302 
f 3302/3302/3302 3303/3303/3303 3302/3302/3302 
f 3302/3302/3302 3303/3303/3303 3304/3304/3304 
f 3303/3303/3303 3305/3305/3305 3304/3304/3304 
f 3304/3304/3304 3305/3305/3305 3305/3305/3305 
f 3305/3305/3305 3306/3306/3306 3305/3305/3305 
f 3305/3305/3305 3306/3306/3306 3306/3306/3306 
f 3306/3306/3306 3307/3307/3307 3306/3306/3306 
f 3306/3306/3306 3307/3307/3307 3308/3308/3308 
f 3307/3307/3307 3309/3309/3309 3308/3308/3308 
f 3308/3308/3308 3309/3309/3309 3309/3309/3309 
f 3309/3309/3309 3310/3310/3310 3309/3309/3309 
f 3309/3309/3309 3310/3310/3310 3310/3310/3310 
f 3310/3310/3310 3311/3311/3311 3310/3310/3310 
f 3310/3310/3310 3311/3311/3311 3312/3312/3312 
f 3311/3311/3311 3313/3313/3313 3312/3312/3312 
f 3312/3312/3312 3313/3313/3313 3313/3313/3313 
f 3313/3313/3313 3314/3314/3314 3313/3313/3313 
f 3313/3313/3313 3314/3314/3314 3314/3314/3314 
f 3314/3314/3314 3315/3315/3315 3314/3314/3314 
f 3314/3314/3314 3315/3315/3315 3316/3316/3316 
f 3315/3315/3315 3317/3317/3317 3316/3316/3316 
f 3316/3316/3316 3317/3317/3317 3317/3317/3317 
f 3317/3317/3317 3318/3318/3318 3317/3317/3317 
f 3317/3317/3317 3318/3318/3318 3318/3318/3318 
f 3318/3318/3318 3319/3319/3319 3318/3318/3318 
f 3318/3318/3318 3319/3319/3319 3320/3320/3320 
f 3319/3319/3319 3321/3321/3321 3320/3320/3320 
f 3320/3320/3320 3321/3321/3321 3321/3321/3321 
f 3321/3321/3321 3322/3322/3322 3321/3321/3321 
f 3321/3321/3321 3322/3322/3322 3322/3322/3322 
f 3322/3322/3322 3323/3323/3323 3322/3322/3322 
f 3322/3322/3322 3323/3323/3323 3324/3324/3324 
f 3323/3323/3323 3325/3325/3325 3324/3324/3324 
f 3324/3324/3324 3325/3325/3325 3325/3325/3325 
f 3325/3325/3325 3326/3326/3326 3325/3325/3325 
f 3325/3325/3325 3326/3326/3326 3326/3326/3326 
f 3326/3326/3326 3327/3327/3327 3326/3326/3326 
f 3326/3326/3326 3327/3327/3327 3328/3328/3328 
f 3327/3327/3327 3329/3329/3329 3328/3328/3328 
f 3328/3328/3328 3329/3329/3329 3329/3329/3329 
f 3329/3329/3329 3330/3330/3330 3329/3329/3329 
f 3329/3329/3329 3330/3330/3330 3330/3330/3330 
f 3330/3330/3330 3331/3331/3331 3330/3330/3330 
f 3330/3330/3330 3331/3331/3331 3332/3332/3332 
f 3331/3331/3331 3333/3333/3333 3332/3332/3332 
f 3332/3332/3332 3333/3333/3333 3333/3333/3333 
f 3333/3333/3333 3334/3334/3334 3333/3333/3333 
f 3333/3333/3333 3334/3334/3334 3334/3334/3334 
f 3334/3334/3334 3335/3335/3335 3334/3334/3334 
f 3334/3334/3334 3335/3335/3335 3336/3336/3336 
f 3335/3335/3335 3337/3337/3337 3336/3336/3336 
f 3336/3336/3336 3337/3337/3337 3337/3337/3337 
f 3337/3337/3337 3338/3338/3338 3337/3337/3337 
f 3337/3337/3337 3338/3338/3338 3338/3338/3338 
f 3338/3338/3338 3339/3339/3339 3338/3338/3338 
f 3338/3338/3338 3339/3339/3339 3340/3340/3340 
f 3339/3339/3339 3341/3341/3341 3340/3340/3340 
f 3340/3340/3340 3341/3341/3341 3341/3341/3341 
f 3341/3341/3341 3342/3342/3342 3341/3341/3341 
f 3341/3341/3341 3342/3342/3342 3342/3342/3342 
f 3342/3342/3342 3343/3343/3343 3342/3342/3342 
f 3342/3342/3342 3343/3343/3343 3344/3344/3344 
f 3343/3343/3343 3345/3345/3345 3344/3344/3344 
f 3344/3344/3344 3345/3345/3345 3345/3345/3345 
f 3345/3345/3345 3346/3346/3346 3345/3345/3345 
f 3345/3345/3345 3346/3346/3346 3346/3346/3346 
f 3346/3346/3346 3347/3347/3347 3346/3346/3346 
f 3346/3346/3346 3347/3347/3347 3348/3348/3348 
f 3347/3347/3347 3349/3349/3349 3348/3348/3348 
f 3348/3348/3348 3349/3349/3349 3349/3349/3349 
f 3349/3349/3349 3350/3350/3350 3349/3349/3349 
f 3349/3349/3349 3350/3350/3350 3350/3350/3350 
f 3350/3350/3350 3351/3351/3351 3350/3350/3350 
f 3350/3350/3350 3351/3351/3351 3352/3352/3352 
f 3351/3351/3351 3353/3353/3353 3352/3352/3352 
f 3352/3352/3352 3353/3353/3353 3353/3353/3353 
f 3353/3353/3353 3354/3354/3354 3353/3353/3353 
f 3353/3353/3353 3354/3354/3354 3354/3354/3354 
f 3354/3354/3354 3355/3355/3355 3354/3354/3354 
f 3354/3354/3354 3355/3355/3355 3356/3356/3356 
f 3355/3355/3355 3357/3357/3357 3356/3356/3356 
f 3356/3356/3356 3357/3357/3357 3357/3357/3357 
f 3357/3357/3357 3358/3358/3358 3357/3357/3357 
f 3357/3357/3357 3358/3358/3358 3358/3358/3358 
f 3358/3358/3358 3359/3359/3359 3358/3358/3358 
f 3358/3358/3358 3359/3359/3359 3360/3360/3360 
f 3359/3359/3359 3361/3361/3361 3360/3360/3360 
f 3360/3360/3360 3361/3361/3361 3361/3361/3361 
f 3361/3361/3361 3362/3362/3362 3361/3361/3361 
f 3361/3361/3361 3362/3362/3362 3362/3362/3362 
f 3362/3362/3362 3363/3363/3363 3362/3362/3362 
f 3362/3362/3362 3363/3363/3363 3364/3364/3364 
f 3363/3363/3363 3365/3365/3365 3364/3364/3364 
f 3364/3364/3364 3365/3365/3365 3365/3365/3365 
f 3365/3365/3365 3366/3366/3366 3365/3365/3365 
f 3365/3365/3365 3366/3366/3366 3366/3366/3366 
f 3366/3366/3366 3367/3367/3367 3366/3366/3366 
f 3366/3366/3366 3367/3367/3367 3368/3368/3368 
f 3367/3367/3367 3369/3369/3369 3368/3368/3368 
f 3368/3368/3368 3369/3369/3369 3369/3369/3369 
f 3369/3369/3369 3370/3370/3370 3369/3369/3369 
f 3369/3369/3369 3370/3370/3370 3370/3370/3370 
f 3370/3370/3370 3371/3371/3371 3370/3370/3370 
f 3370/3370/3370 3371/3371/3371 3372/3372/3372 
f 3371/3371/3371 3373/3373/3373 3372/3372/3372 
f 3372/3372/3372 3373/3373/3373 3373/3373/3373 
f 3373/3373/3373 3374/3374/3374 3373/3373/3373 
f 3373/3373/3373 3374/3374/3374 3374/3374/3374 
f 3374/3374/3374 3375/3375/3375 3374/3374/3374 
f 3374/3374/3374 3375/3375/3375 3376/3376/3376 
f 3375/3375/3375 3377/3377/3377 3376/3376/3376 
f 3376/3376/3376 3377/3377/3377 3377/3377/3377 
f 3377/3377/3377 3378/3378/3378 3377/3377/3377 
f 3377/3377/3377 3378/3378/3378 3378/3378/3378 
f 3378/3378/3378 3379/3379/3379 3378/3378/3378 
f 3378/3378/3378 3379/3379/3379 3380/3380/3380 
f 3379/3379/3379 3381/3381/3381 3380/3380/3380 
f 3380/3380/3380 3381/3381/3381 3381/3381/3381 
f 3381/3381/3381 3382/3382/3382 3381/3381/3381 
f 3381/3381/3381 3382/3382/3382 3382/3382/3382 
f 3382/3382/3382 3383/3383/3383 3382/3382/3382 
f 3382/3382/3382 3383/3383/3383 3384/3384/3384 
f 3383/3383/3383 3385/3385/3385 3384/3384/3384 
f 3384/3384/3384 3385/3385/3385 3385/3385/3385 
f 3385/3385/3385 3386/3386/3386 3385/3385/3385 
f 3385/3385/3385 3386/3386/3386 3386/3386/3386 
f 3386/3386/3386 3387/3387/3387 3386/3386/3386 
f 3386/3386/3386 3387/3387/3387 3388/3388/3388 
f 3387/3387/3387 3389/3389/3389 3388/3388/3388 
f 3388/3388/3388 3389/3389/3389 3389/3389/3389 
f 3389/3389/3389 3390/3390/3390 3389/3389/3389 
f 3389/3389/3389 3390/3390/3390 3390/3390/3390 
f 3390/3390/3390 3391/3391/3391 3390/3390/3390 
f 3390/3390/3390 3391/3391/3391 3392/3392/3392 
f 3391/3391/3391 3393/3393/3393 3392/3392/3392 
f 3392/3392/3392 3393/3393/3393 3393/3393/3393 
f 3393/3393/3393 3394/3394/3394 3393/3393/3393 
f 3393/3393/3393 3394/3394/3394 3394/3394/3394 
f 3394/3394/3394 3395/3395/3395 3394/3394/3394 
f 3394/3394/3394 3395/3395/3395 3396/3396/3396 
f 3395/3395/3395 3397/3397/3397 3396/3396/3396 
f 3396/3396/3396 3397/3397/3397 3397/3397/3397 
f 3397/3397/3397 3398/3398/3398 3397/3397/3397 
f 3397/3397/3397 3398/3398/3398 3398/3398/3398 
f 3398/3398/3398 3399/3399/3399 3398/3398/3398 
f 3398/3398/3398 3399/3399/3399 3400/3400/3400 
f 3399/3399/3399 3401/3401/3401 3400/3400/3400 
f 3400/3400/3400 3401/3401/3401 3401/3401/3401 
f 3401/3401/3401 3402/3402/3402 3401/3401/3401 
f 3401/3401/3401 3402/3402/3402 3402/3402/3402 
f 3402/3402/3402 3403/3403/3403 3402/3402/3402 
f 3402/3402/3402 3403/3403/3403 3404/3404/3404 
f 3403/3403/3403 3405/3405/3405 3404/3404/3404 
f 3404/3404/3404 3405/3405/3405 3405/3405/3405 
f 3405/3405/3405 3406/3406/3406 3405/3405/3405 
f 3405/3405/3405 3406/3406/3406 3406/3406/3406 
f 3406/3406/3406 3407/3407/3407 3406/3406/3406 
f 3406/3406/3406 3407/3407/3407 3408/3408/3408 
f 3407/3407/3407 3409/3409/3409 3408/3408/3408 
f 3408/3408/3408 3409/3409/3409 3409/3409/3409 
f 3409/3409/3409 3410/3410/3410 3409/3409/3409 
f 3409/3409/3409 3410/3410/3410 3410/3410/3410 
f 3410/3410/3410 3411/3411/3411 3410/3410/3410 
f 3410/3410/3410 3411/3411/3411 3412/3412/3412 
f 3411/3411/3411 3413/3413/3413 3412/3412/3412 
f 3412/3412/3412 3413/3413/3413 3413/3413/3413 
f 3413/3413/3413 3414/3414/3414 3413/3413/3413 
f 3413/3413/3413 3414/3414/3414 3414/3414/3414 
f 3414/3414/3414 3415/3415/3415 3414/3414/3414 
f 3414/3414/3414 3415/3415/3415 3416/3416/3416 
f 3415/3415/3415 3417/3417/3417 3416/3416/3416 
f 3416/3416/3416 3417/3417/3417 3417/3417/3417 
f 3417/3417/3417 3418/3418/3418 3417/3417/3417 
f 3417/3417/3417 3418/3418/3418 3418/3418/3418 
f 3418/3418/3418 3419/3419/3419 3418/3418/3418 
f 3418/3418/3418 3419/3419/3419 3420/3420/3420 
f 3419/3419/3419 3421/3421/3421 3420/3420/3420 
f 3420/3420/3420 3421/3421/3421 3421/3421/3421 
f 3421/3421/3421 3422/3422/3422 3421/3421/3421 
f 3421/3421/3421 3422/3422/3422 3422/3422/3422 
f 3422/3422/3422 3423/3423/3423 3422/3422/3422 
f 3422/3422/3422 3423/3423/3423 3424/3424/3424 
f 3423/3423/3423 3425/3425/3425 3424/3424/3424 
f 3424/3424/3424 3425/3425/3425 3425/3425/3425 
f 3425/3425/3425 3426/3426/3426 3425/3425/3425 
f 3425/3425/3425 3426/3426/3426 3426/3426/3426 
f 3426/3426/3426 3427/3427/3427 3426/3426/3426 
f 3426/3426/3426 3427/3427/3427 3428/3428/3428 
f 3427/3427/3427 3429/3429/3429 3428/3428/3428 
f 3428/3428/3428 3429/3429/3429 3429/3429/3429 
f 3429/3429/3429 3430/3430/3430 3429/3429/3429 
f 3429/3429/3429 3430/3430/3430 3430/3430/3430 
f 3430/3430/3430 3431/3431/3431 3430/3430/3430 
f 3430/3430/3430 3431/3431/3431 3432/3432/3432 
f 3431/3431/3431 3433/3433/3433 3432/3432/3432 
f 3432/3432/3432 3433/3433/3433 3433/3433/3433 
f 3433/3433/3433 3434/3434/3434 3433/3433/3433 
f 3433/3433/3433 3434/3434/3434 3434/3434/3434 
f 3434/3434/3434 3435/3435/3435 3434/3434/3434 
f 3434/3434/3434 3435/3435/3435 3436/3436/3436 
f 3435/3435/3435 3437/3437/3437 3436/3436/3436 
f 3436/3436/3436 3437/3437/3437 3437/3437/3437 
f 3437/3437/3437 3438/3438/3438 3437/3437/3437 
f 3437/3437/3437 3438/3438/3438 3438/3438/3438 
f 3438/3438/3438 3439/3439/3439 3438/3438/3438 
f 3438/3438/3438 3439/3439/3439 3440/3440/3440 
f 3439/3439/3439 3441/3441/3441 3440/3440/3440 
f 3440/3440/3440 3441/3441/3441 3441/3441/3441 
f 3441/3441/3441 3442/3442/3442 3441/3441/3441 
f 3441/3441/3441 3442/3442/3442 3442/3442/3442 
f 3442/3442/3442 3443/3443/3443 3442/3442/3442 
f 3442/3442/3442 3443/3443/3443 3444/3444/3444 
f 3443/3443/3443 3445/3445/3445 3444/3444/3444 
f 3444/3444/3444 3445/3445/3445 3445/3445/3445 
f 3445/3445/3445 3446/3446/3446 3445/3445/3445 
f 3445/3445/3445 3446/3446/3446 3446/3446/3446 
f 3446/3446/3446 3447/3447/3447 3446/3446/3446 
f 3446/3446/3446 3447/3447/3447 3448/3448/3448 
f 3447/3447/3447 3449/3449/3449 3448/3448/3448 
f 3448/3448/3448 3449/3449/3449 3449/3449/3449 
f 3449/3449/3449 3450/3450/3450 3449/3449/3449 
f 3449/3449/3449 3450/3450/3450 3450/3450/3450 
f 3450/3450/3450 3451/3451/3451 3450/3450/3450 
f 3450/3450/3450 3451/3451/3451 3452/3452/3452 
f 3451/3451/3451 3453/3453/3453 3452/3452/3452 
f 3452/3452/3452 3453/3453/3453 3453/3453/3453 
f 3453/3453/3453 3454/3454/3454 3453/3453/3453 
f 3453/3453/3453 3454/3454/3454 3454/3454/3454 
f 3454/3454/3454 3455/3455/3455 3454/3454/3454 
f 3454/3454/3454 3455/3455/3455 3456/3456/3456 
f 3455/3455/3455 3457/3457/3457 3456/3456/3456 
f 3456/3456/3456 3457/3457/3457 3457/3457/3457 
f 3457/3457/3457 3458/3458/3458 3457/3457/3457 
f 3457/3457/3457 3458/3458/3458 3458/3458/3458 
f 3458/3458/3458 3459/3459/3459 3458/3458/3458 
f 3458/3458/3458 3459/3459/3459 3460/3460/3460 
f 3459/3459/3459 3461/3461/3461 3460/3460/3460 
f 3460/3460/3460 3461/3461/3461 3461/3461/3461 
f 3461/3461/3461 3462/3462/3462 3461/3461/3461 
f 3461/3461/3461 3462/3462/3462 3462/3462/3462 
f 3462/3462/3462 3463/3463/3463 3462/3462/3462 
f 3462/3462/3462 3463/3463/3463 3464/3464/3464 
f 3463/3463/3463 3465/3465/3465 3464/3464/3464 
f 3464/3464/3464 3465/3465/3465 3465/3465/3465 
f 3465/3465/3465 3466/3466/3466 3465/3465/3465 
f 3465/3465/3465 3466/3466/3466 3466/3466/3466 
f 3466/3466/3466 3467/3467/3467 3466/3466/3466 
f 3466/3466/3466 3467/3467/3467 3468/3468/3468 
f 3467/3467/3467 3469/3469/3469 3468/3468/3468 
f 3468/3468/3468 3469/3469/3469 3469/3469/3469 
f 3469/3469/3469 3470/3470/3470 3469/3469/3469 
f 3469/3469/3469 3470/3470/3470 3470/3470/3470 
f 3470/3470/3470 3471/3471/3471 3470/3470/3470 
f 3470/3470/3470 3471/3471/3471 3472/3472/3472 
f 3471/3471/3471 3473/3473/3473 3472/3472/3472 
f 3472/3472/3472 3473/3473/3473 3473/3473/3473 
f 3473/3473/3473 3474/3474/3474 3473/3473/3473 
f 3473/3473/3473 3474/3474/3474 3474/3474/3474 
f 3474/3474/3474 3475/3475/3475 3474/3474/3474 
f 3474/3474/3474 3475/3475/3475 3476/3476/3476 
f 3475/3475/3475 3477/3477/3477 3476/3476/3476 
f 3476/3476/3476 3477/3477/3477 3477/3477/3477 
f 3477/3477/3477 3478/3478/3478 3477/3477/3477 
f 3477/3477/3477 3478/3478/3478 3478/3478/3478 
f 3478/3478/3478 3479/3479/3479 3478/3478/3478 
f 3478/3478/3478 3479/3479/3479 3480/3480/3480 
f 3479/3479/3479 3481/3481/3481 3480/3480/3480 
f 3480/3480/3480 3481/3481/3481 3481/3481/3481 
f 3481/3481/3481 3482/3482/3482 3481/3481/3481 
f 3481/3481/3481 3482/3482/3482 3482/3482/3482 
f 3482/3482/3482 3483/3483/3483 3482/3482/3482 
f 3482/3482/3482 3483/3483/3483 3484/3484/3484 
f 3483/3483/3483 3485/3485/3485 3484/3484/3484 
f 3484/3484/3484 3485/3485/3485 3485/3485/3485 
f 3485/3485/3485 3486/3486/3486 3485/3485/3485 
f 3485/3485/3485 3486/3486/3486 3486/3486/3486 
f 3486/3486/3486 3487/3487/3487 3486/3486/3486 
f 3486/3486/3486 3487/3487/3487 3488/3488/3488 
f 3487/3487/3487 3489/3489/3489 3488/3488/3488 
f 3488/3488/3488 3489/3489/3489 3489/3489/3489 
f 3489/3489/3489 3490/3490/3490 3489/3489/3489 
f 3489/3489/3489 3490/3490/3490 3490/3490/3490 
f 3490/3490/3490 3491/3491/3491 3490/3490/3490 
f 3490/3490/3490 3491/3491/3491 3492/3492/3492 
f 3491/3491/3491 3493/3493/3493 3492/3492/3492 
f 3492/3492/3492 3493/3493/3493 3493/3493/3493 
f 3493/3493/3493 3494/3494/3494 3493/3493/3493 
f 3493/3493/3493 3494/3494/3494 3494/3494/3494 
f 3494/3494/3494 3495/3495/3495 3494/3494/3494 
f 3494/3494/3494 3495/3495/3495 3496/3496/3496 
f 3495/3495/3495 3497/3497/3497 3496/3496/3496 
f 3496/3496/3496 3497/3497/3497 3497/3497/3497 
f 3497/3497/3497 3498/3498/3498 3497/3497/3497 
f 3497/3497/3497 3498/3498/3498 3498/3498/3498 
f 3498/3498/3498 3499/3499/3499 3498/3498/3498 
f 3498/3498/3498 3499/3499/3499 3500/3500/3500 
f 3499/3499/3499 3501/3501/3501 3500/3500/3500 
f 3500/3500/3500 3501/3501/3501 3501/3501/3501 
f 3501/3501/3501 3502/3502/3502 3501/3501/3501 
f 3501/3501/3501 3502/3502/3502 3502/3502/3502 
f 3502/3502/3502 3503/3503/3503 3502/3502/3502 
f 3502/3502/3502 3503/3503/3503 3504/3504/3504 
f 3503/3503/3503 3505/3505/3505 3504/3504/3504 
f 3504/3504/3504 3505/3505/3505 3505/3505/3505 
f 3505/3505/3505 3506/3506/3506 3505/3505/3505 
f 3505/3505/3505 3506/3506/3506 3506/3506/3506 
f 3506/3506/3506 3507/3507/3507 3506/3506/3506 
f 3506/3506/3506 3507/3507/3507 3508/3508/3508 
f 3507/3507/3507 3509/3509/3509 3508/3508/3508 
f 3508/3508/3508 3509/3509/3509 3509/3509/3509 
f 3509/3509/3509 3510/3510/3510 3509/3509/3509 
f 3509/3509/3509 3510/3510/3510 3510/3510/3510 
f 3510/3510/3510 3511/3511/3511 3510/3510/3510 
f 3510/3510/3510 3511/3511/3511 3512/3512/3512 
f 3511/3511/3511 3513/3513/3513 3512/3512/3512 
f 3512/3512/3512 3513/3513/3513 3513/3513/3513 
f 3513/3513/3513 3514/3514/3514 3513/3513/3513 
f 3513/3513/3513 3514/3514/3514 3514/3514/3514 
f 3514/3514/3514 3515/3515/3515 3514/3514/3514 
f 3514/3514/3514 3515/3515/3515 3516/3516/3516 
f 3515/3515/3515 3517/3517/3517 3516/3516/3516 
f 3516/3516/3516 3517/3517/3517 3517/3517/3517 
f 3517/3517/3517 3518/3518/3518 3517/3517/3517 
f 3517/3517/3517 3518/3518/3518 3518/3518/3518 
f 3518/3518/3518 3519/3519/3519 3518/3518/3518 
f 3518/3518/3518 3519/3519/3519 3520/3520/3520 
f 3519/3519/3519 3521/3521/3521 3520/3520/3520 
f 3520/3520/3520 3521/3521/3521 3521/3521/3521 
f 3521/3521/3521 3522/3522/3522 3521/3521/3521 
f 3521/3521/3521 3522/3522/3522 3522/3522/3522 
f 3522/3522/3522 3523/3523/3523 3522/3522/3522 
f 3522/3522/3522 3523/3523/3523 3524/3524/3524 
f 3523/3523/3523 3525/3525/3525 3524/3524/3524 
f 3524/3524/3524 3525/3525/3525 3525/3525/3525 
f 3525/3525/3525 3526/3526/3526 3525/3525/3525 
f 3525/3525/3525 3526/3526/3526 3526/3526/3526 
f 3526/3526/3526 3527/3527/3527 3526/3526/3526 
f 3526/3526/3526 3527/3527/3527 3528/3528/3528 
f 3527/3527/3527 3529/3529/3529 3528/3528/3528 
f 3528/3528/3528 3529/3529/3529 3529/3529/3529 
f 3529/3529/3529 3530/3530/3530 3529/3529/3529 
f 3529/3529/3529 3530/3530/3530 3530/3530/3530 
f 3530/3530/3530 3531/3531/3531 3530/3530/3530 
f 3530/3530/3530 3531/3531/3531 3532/3532/3532 
f 3531/3531/3531 3533/3533/3533 3532/3532/3532 
f 3532/3532/3532 3533/3533/3533 3533/3533/3533 
f 3533/3533/3533 3534/3534/3534 3533/3533/3533 
f 3533/3533/3533 3534/3534/3534 3534/3534/3534 
f 3534/3534/3534 3535/3535/3535 3534/3534/3534 
f 3534/3534/3534 3535/3535/3535 3536/3536/3536 
f 3535/3535/3535 3537/3537/3537 3536/3536/3536 
f 3536/3536/3536 3537/3537/3537 3537/3537/3537 
f 3537/3537/3537 3538/3538/3538 3537/3537/3537 
f 3537/3537/3537 3538/3538/3538 3538/3538/3538 
f 3538/3538/3538 3539/3539/3539 3538/3538/3538 
f 3538/3538/3538 3539/3539/3539 3540/3540/3540 
f 3539/3539/3539 3541/3541/3541 3540/3540/3540 
f 3540/3540/3540 3541/3541/3541 3541/3541/3541 
f 3541/3541/3541 3542/3542/3542 3541/3541/3541 
f 3541/3541/3541 3542/3542/3542 3542/3542/3542 
f 3542/3542/3542 3543/3543/3543 3542/3542/3542 
f 3542/3542/3542 3543/3543/3543 3544/3544/3544 
f 3543/3543/3543 3545/3545/3545 3544/3544/3544 
f 3544/3544/3544 3545/3545/3545 3545/3545/3545 
f 3545/3545/3545 3546/3546/3546 3545/3545/3545 
f 3545/3545/3545 3546/3546/3546 3546/3546/3546 
f 3546/3546/3546 3547/3547/3547 3546/3546/3546 
f 3546/3546/3546 3547/3547/3547 3548/3548/3548 
f 3547/3547/3547 3549/3549/3549 3548/3548/3548 
f 3548/3548/3548 3549/3549/3549 3549/3549/3549 
f 3549/3549/3549 3550/3550/3550 3549/3549/3549 
f 3549/3549/3549 3550/3550/3550 3550/3550/3550 
f 3550/3550/3550 3551/3551/3551 3550/3550/3550 
f 3550/3550/3550 3551/3551/3551 3552/3552/3552 
f 3551/3551/3551 3553/3553/3553 3552/3552/3552 
f 3552/3552/3552 3553/3553/3553 3553/3553/3553 
f 3553/3553/3553 3554/3554/3554 3553/3553/3553 
f 3553/3553/3553 3554/3554/3554 3554/3554/3554 
f 3554/3554/3554 3555/3555/3555 3554/3554/3554 
f 3554/3554/3554 3555/3555/3555 3556/3556/3556 
f 3555/3555/3555 3557/3557/3557 3556/3556/3556 
f 3556/3556/3556 3557/3557/3557 3557/3557/3557 
f 3557/3557/3557 3558/3558/3558 3557/3557/3557 
f 3557/3557/3557 3558/3558/3558 3558/3558/3558 
f 3558/3558/3558 3559/3559/3559 3558/3558/3558 
f 3558/3558/3558 3559/3559/3559 3560/3560/3560 
f 3559/3559/3559 3561/3561/3561 3560/3560/3560 
f 3560/3560/3560 3561/3561/3561 3561/3561/3561 
f 3561/3561/3561 3562/3562/3562 3561/3561/3561 
f 3561/3561/3561 3562/3562/3562 3562/3562/3562 
f 3562/3562/3562 3563/3563/3563 3562/3562/3562 
f 3562/3562/3562 3563/3563/3563 3564/3564/3564 
f 3563/3563/3563 3565/3565/3565 3564/3564/3564 
f 3564/3564/3564 3565/3565/3565 3565/3565/3565 
f 3565/3565/3565 3566/3566/3566 3565/3565/3565 
f 3565/3565/3565 3566/3566/3566 3566/3566/3566 
f 3566/3566/3566 3567/3567/3567 3566/3566/3566 
f 3566/3566/3566 3567/3567/3567 3568/3568/3568 
f 3567/3567/3567 3569/3569/3569 3568/3568/3568 
f 3568/3568/3568 3569/3569/3569 3569/3569/3569 
f 3569/3569/3569 3570/3570/3570 3569/3569/3569 
f 3569/3569/3569 3570/3570/3570 3570/3570/3570 
f 3570/3570/3570 3571/3571/3571 3570/3570/3570 
f 3570/3570/3570 3571/3571/3571 3572/3572/3572 
f 3571/3571/3571 3573/3573/3573 3572/3572/3572 
f 3572/3572/3572 3573/3573/3573 3573/3573/3573 
f 3573/3573/3573 3574/3574/3574 3573/3573/3573 
f 3573/3573/3573 3574/3574/3574 3574/3574/3574 
f 3574/3574/3574 3575/3575/3575 3574/3574/3574 
f 3574/3574/3574 3575/3575/3575 3576/3576/3576 
f 3575/3575/3575 3577/3577/3577 3576/3576/3576 
f 3576/3576/3576 3577/3577/3577 3577/3577/3577 
f 3577/3577/3577 3578/3578/3578 3577/3577/3577 
f 3577/3577/3577 3578/3578/3578 3578/3578/3578 
f 3578/3578/3578 3579/3579/3579 3578/3578/3578 
f 3578/3578/3578 3579/3579/3579 3580/3580/3580 
f 3579/3579/3579 3581/3581/3581 3580/3580/3580 
f 3580/3580/3580 3581/3581/3581 3581/3581/3581 
f 3581/3581/3581 3582/3582/3582 3581/3581/3581 
f 3581/3581/3581 3582/3582/3582 3582/3582/3582 
f 3582/3582/3582 3583/3583/3583 3582/3582/3582 
f 3582/3582/3582 3583/3583/3583 3584/3584/3584 
f 3583/3583/3583 3585/3585/3585 3584/3584/3584 
f 3584/3584/3584 3585/3585/3585 3585/3585/3585 
f 3585/3585/3585 3586/3586/3586 3585/3585/3585 
f 3585/3585/3585 3586/3586/3586 3586/3586/3586 
f 3586/3586/3586 3587/3587/3587 3586/3586/3586 
f 3586/3586/3586 3587/3587/3587 3588/3588/3588 
f 3587/3587/3587 3589/3589/3589 3588/3588/3588 
f 3588/3588/3588 3589/3589/3589 3589/3589/3589 
f 3589/3589/3589 3590/3590/3590 3589/3589/3589 
f 3589/3589/3589 3590/3590/3590 3590/3590/3590 
f 3590/3590/3590 3591/3591/3591 3590/3590/3590 
f 3590/3590/3590 3591/3591/3591 3592/3592/3592 
f 3591/3591/3591 3593/3593/3593 3592/3592/3592 
f 3592/3592/3592 3593/3593/3593 3593/3593/3593 
f 3593/3593/3593 3594/3594/3594 3593/3593/3593 
f 3593/3593/3593 3594/3594/3594 3594/3594/3594 
f 3594/3594/3594 3595/3595/3595 3594/3594/3594 
f 3594/3594/3594 3595/3595/3595 3596/3596/3596 
f 3595/3595/3595 3597/3597/3597 3596/3596/3596 
f 3596/3596/3596 3597/3597/3597 3597/3597/3597 
f 3597/3597/3597 3598/3598/3598 3597/3597/3597 
f 3597/3597/3597 3598/3598/3598 3598/3598/3598 
f 3598/3598/3598 3599/3599/3599 3598/3598/3598 
f 3598/3598/3598 3599/3599/3599 3600/3600/3600 
f 3599/3599/3599 3601/3601/3601 3600/3600/3600 
f 3600/3600/3600 3601/3601/3601 3601/3601/3601 
f 3601/3601/3601 3602/3602/3602 3601/3601/3601 
f 3601/3601/3601 3602/3602/3602 3602/3602/3602 
f 3602/3602/3602 3603/3603/3603 3602/3602/3602 
f 3602/3602/3602 3603/3603/3603 3604/3604/3604 
f 3603/3603/3603 3605/3605/3605 3604/3604/3604 
f 3604/3604/3604 3605/3605/3605 3605/3605/3605 
f 3605/3605/3605 3606/3606/3606 3605/3605/3605 
f 3605/3605/3605 3606/3606/3606 3606/3606/3606 
f 3606/3606/3606 3607/3607/3607 3606/3606/3606 
f 3606/3606/3606 3607/3607/3607 3608/3608/3608 
f 3607/3607/3607 3609/3609/3609 3608/3608/3608 
f 3608/3608/3608 3609/3609/3609 3609/3609/3609 
f 3609/3609/3609 3610/3610/3610 3609/3609/3609 
f 3609/3609/3609 3610/3610/3610 3610/3610/3610 
f 3610/3610/3610 3611/3611/3611 3610/3610/3610 
f 3610/3610/3610 3611/3611/3611 3612/3612/3612 
f 3611/3611/3611 3613/3613/3613 3612/3612/3612 
f 3612/3612/3612 3613/3613/3613 3613/3613/3613 
f 3613/3613/3613 3614/3614/3614 3613/3613/3613 
f 3613/3613/3613 3614/3614/3614 3614/3614/3614 
f 3614/3614/3614 3615/3615/3615 3614/3614/3614 
f 3614/3614/3614 3615/3615/3615 3616/3616/3616 
f 3615/3615/3615 3617/3617/3617 3616/3616/3616 
f 3616/3616/3616 3617/3617/3617 3617/3617/3617 
f 3617/3617/3617 3618/3618/3618 3617/3617/3617 
f 3617/3617/3617 3618/3618/3618 3618/3618/3618 
f 3618/3618/3618 3619/3619/3619 3618/3618/3618 
f 3618/3618/3618 3619/3619/3619 3620/3620/3620 
f 3619/3619/3619 3621/3621/3621 3620/3620/3620 
f 3620/3620/3620 3621/3621/3621 3621/3621/3621 
f 3621/3621/3621 3622/3622/3622 3621/3621/3621 
f 3621/3621/3621 3622/3622/3622 3622/3622/3622 
f 3622/3622/3622 3623/3623/3623 3622/3622/3622 
f 3622/3622/3622 3623/3623/3623 3624/3624/3624 
f 3623/3623/3623 3625/3625/3625 3624/3624/3624 
f 3624/3624/3624 3625/3625/3625 3625/3625/3625 
f 3625/3625/3625 3626/3626/3626 3625/3625/3625 
f 3625/3625/3625 3626/3626/3626 3626/3626/3626 
f 3626/3626/3626 3627/3627/3627 3626/3626/3626 
f 3626/3626/3626 3627/3627/3627 3628/3628/3628 
f 3627/3627/3627 3629/3629/3629 3628/3628/3628 
f 3628/3628/3628 3629/3629/3629 3629/3629/3629 
f 3629/3629/3629 3630/3630/3630 3629/3629/3629 
f 3629/3629/3629 3630/3630/3630 3630/3630/3630 
f 3630/3630/3630 3631/3631/3631 3630/3630/3630 
f 3630/3630/3630 3631/3631/3631 3632/3632/3632 
f 3631/3631/3631 3633/3633/3633 3632/3632/3632 
f 3632/3632/3632 3633/3633/3633 3633/3633/3633 
f 3633/3633/3633 3634/3634/3634 3633/3633/3633 
f 3633/3633/3633 3634/3634/3634 3634/3634/3634 
f 3634/3634/3634 3635/3635/3635 3634/3634/3634 
f 3634/3634/3634 3635/3635/3635 3636/3636/3636 
f 3635/3635/3635 3637/3637/3637 3636/3636/3636 
f 3636/3636/3636 3637/3637/3637 3637/3637/3637 
f 3637/3637/3637 3638/3638/3638 3637/3637/3637 
f 3637/3637/3637 3638/3638/3638 3638/3638/3638 
f 3638/3638/3638 3639/3639/3639 3638/3638/3638 
f 3638/3638/3638 3639/3639/3639 3640/3640/3640 
f 3639/3639/3639 3641/3641/3641 3640/3640/3640 
f 3640/3640/3640 3641/3641/3641 3641/3641/3641 
f 3641/3641/3641 3642/3642/3642 3641/3641/3641 
f 3641/3641/3641 3642/3642/3642 3642/3642/3642 
f 3642/3642/3642 3643/3643/3643 3642/3642/3642 
f 3642/3642/3642 3643/3643/3643 3644/3644/3644 
f 3643/3643/3643 3645/3645/3645 3644/3644/3644 
f 3644/3644/3644 3645/3645/3645 3645/3645/3645 
f 3645/3645/3645 3646/3646/3646 3645/3645/3645 
f 3645/3645/3645 3646/3646/3646 3646/3646/3646 
f 3646/3646/3646 3647/3647/3647 3646/3646/3646 
f 3646/3646/3646 3647/3647/3647 3648/3648/3648 
f 3647/3647/3647 3649/3649/3649 3648/3648/3648 
f 3648/3648/3648 3649/3649/3649 3649/3649/3649 
f 3649/3649/3649 3650/3650/3650 3649/3649/3649 
f 3649/3649/3649 3650/3650/3650 3650/3650/3650 
f 3650/3650/3650 3651/3651/3651 3650/3650/3650 
f 3650/3650/3650 3651/3651/3651 3652/3652/3652 
f 3651/3651/3651 3653/3653/3653 3652/3652/3652 
f 3652/3652/3652 3653/3653/3653 3653/3653/3653 
f 3653/3653/3653 3654/3654/3654 3653/3653/3653 
f 3653/3653/3653 3654/3654/3654 3654/3654/3654 
f 3654/3654/3654 3655/3655/3655 3654/3654/3654 
f 3654/3654/3654 3655/3655/3655 3656/3656/3656 
f 3655/3655/3655 3657/3657/3657 3656/3656/3656 
f 3656/3656/3656 3657/3657/3657 3657/3657/3657 
f 3657/3657/3657 3658/3658/3658 3657/3657/3657 
f 3657/3657/3657 3658/3658/3658 3658/3658/3658 
f 3658/3658/3658 3659/3659/3659 3658/3658/3658 
f 3658/3658/3658 3659/3659/3659 3660/3660/3660 
f 3659/3659/3659 3661/3661/3661 3660/3660/3660 
f 3660/3660/3660 3661/3661/3661 3661/3661/3661 
f 3661/3661/3661 3662/3662/3662 3661/3661/3661 
f 3661/3661/3661 3662/3662/3662 3662/3662/3662 
f 3662/3662/3662 3663/3663/3663 3662/3662/3662 
f 3662/3662/3662 3663/3663/3663 3664/3664/3664 
f 3663/3663/3663 3665/3665/3665 3664/3664/3664 
f 3664/3664/3664 3665/3665/3665 3665/3665/3665 
f 3665/3665/3665 3666/3666/3666 3665/3665/3665 
f 3665/3665/3665 3666/3666/3666 3666/3666/3666 
f 3666/3666/3666 3667/3667/3667 3666/3666/3666 
f 3666/3666/3666 3667/3667/3667 3668/3668/3668 
f 3667/3667/3667 3669/3669/3669 3668/3668/3668 
f 3668/3668/3668 3669/3669/3669 3669/3669/3669 
f 3669/3669/3669 3670/3670/3670 3669/3669/3669 
f 3669/3669/3669 3670/3670/3670 3670/3670/3670 
f 3670/3670/3670 3671/3671/3671 3670/3670/3670 
f 3670/3670/3670 3671/3671/3671 3672/3672/3672 
f 3671/3671/3671 3673/3673/3673 3672/3672/3672 
f 3672/3672/3672 3673/3673/3673 3673/3673/3673 
f 3673/3673/3673 3674/3674/3674 3673/3673/3673 
f 3673/3673/3673 3674/3674/3674 3674/3674/3674 
f 3674/3674/3674 3675/3675/3675 3674/3674/3674 
f 3674/3674/3674 3675/3675/3675 3676/3676/3676 
f 3675/3675/3675 3677/3677/3677 3676/3676/3676 
f 3676/3676/3676 3677/3677/3677 3677/3677/3677 
f 3677/3677/3677 3678/3678/3678 3677/3677/3677 
f 3677/3677/3677 3678/3678/3678 3678/3678/3678 
f 3678/3678/3678 3679/3679/3679 3678/3678/3678 
f 3678/3678/3678 3679/3679/3679 3680/3680/3680 
f 3679/3679/3679 3681/3681/3681 3680/3680/3680 
f 3680/3680/3680 3681/3681/3681 3681/3681/3681 
f 3681/3681/3681 3682/3682/3682 3681/3681/3681 
f 3681/3681/3681 3682/3682/3682 3682/3682/3682 
f 3682/3682/3682 3683/3683/3683 3682/3682/3682 
f 3682/3682/3682 3683/3683/3683 3684/3684/3684 
f 3683/3683/3683 3685/3685/3685 3684/3684/3684 
f 3684/3684/3684 3685/3685/3685 3685/3685/3685 
f 3685/3685/3685 3686/3686/3686 3685/3685/3685 
f 3685/3685/3685 3686/3686/3686 3686/3686/3686 
f 3686/3686/3686 3687/3687/3687 3686/3686/3686 
f 3686/3686/3686 3687/3687/3687 3688/3688/3688 
f 3687/3687/3687 3689/3689/3689 3688/3688/3688 
f 3688/3688/3688 3689/3689/3689 3689/3689/3689 
f 3689/3689/3689 3690/3690/3690 3689/3689/3689 
f 3689/3689/3689 3690/3690/3690 3690/3690/3690 
f 3690/3690/3690 3691/3691/3691 3690/3690/3690 
f 3690/3690/3690 3691/3691/3691 3692/3692/3692 
f 3691/3691/3691 3693/3693/3693 3692/3692/3692 
f 3692/3692/3692 3693/3693/3693 3693/3693/3693 
f 3693/3693/3693 3694/3694/3694 3693/3693/3693 
f 3693/3693/3693 3694/3694/3694 3694/3694/3694 
f 3694/3694/3694 3695/3695/3695 3694/3694/3694 
f 3694/3694/3694 3695/3695/3695 3696/3696/3696 
f 3695/3695/3695 3697/3697/3697 3696/3696/3696 
f 3696/3696/3696 3697/3697/3697 3697/3697/3697 
f 3697/3697/3697 3698/3698/3698 3697/3697/3697 
f 3697/3697/3697 3698/3698/3698 3698/3698/3698 
f 3698/3698/3698 3699/3699/3699 3698/3698/3698 
f 3698/3698/3698 3699/3699/3699 3700/3700/3700 
f 3699/3699/3699 3701/3701/3701 3700/3700/3700 
f 3700/3700/3700 3701/3701/3701 3701/3701/3701 
f 3701/3701/3701 3702/3702/3702 3701/3701/3701 
f 3701/3701/3701 3702/3702/3702 3702/3702/3702 
f 3702/3702/3702 3703/3703/3703 3702/3702/3702 
f 3702/3702/3702 3703/3703/3703 3704/3704/3704 
f 3703/3703/3703 3705/3705/3705 3704/3704/3704 
f 3704/3704/3704 3705/3705/3705 3705/3705/3705 
f 3705/3705/3705 3706/3706/3706 3705/3705/3705 
f 3705/3705/3705 3706/3706/3706 3706/3706/3706 
f 3706/3706/3706 3707/3707/3707 3706/3706/3706 
f 3706/3706/3706 3707/3707/3707 3708/3708/3708 
f 3707/3707/3707 3709/3709/3709 3708/3708/3708 
f 3708/3708/3708 3709/3709/3709 3709/3709/3709 
f 3709/3709/3709 3710/3710/3710 3709/3709/3709 
f 3709/3709/3709 3710/3710/3710 3710/3710/3710 
f 3710/3710/3710 3711/3711/3711 3710/3710/3710 
f 3710/3710/3710 3711/3711/3711 3712/3712/3712 
f 3711/3711/3711 3713/3713/3713 3712/3712/3712 
f 3712/3712/3712 3713/3713/3713 3713/3713/3713 
f 3713/3713/3713 3714/3714/3714 3713/3713/3713 
f 3713/3713/3713 3714/3714/3714 3714/3714/3714 
f 3714/3714/3714 3715/3715/3715 3714/3714/3714 
f 3714/3714/3714 3715/3715/3715 3716/3716/3716 
f 3715/3715/3715 3717/3717/3717 3716/3716/3716 
f 3716/3716/3716 3717/3717/3717 3717/3717/3717 
f 3717/3717/3717 3718/3718/3718 3717/3717/3717 
f 3717/3717/3717 3718/3718/3718 3718/3718/3718 
f 3718/3718/3718 3719/3719/3719 3718/3718/3718 
f 3718/3718/3718 3719/3719/3719 3720/3720/3720 
f 3719/3719/3719 3721/3721/3721 3720/3720/3720 
f 3720/3720/3720 3721/3721/3721 3721/3721/3721 
f 3721/3721/3721 3722/3722/3722 3721/3721/3721 
f 3721/3721/3721 3722/3722/3722 3722/3722/3722 
f 3722/3722/3722 3723/3723/3723 3722/3722/3722 
f 3722/3722/3722 3723/3723/3723 3724/3724/3724 
f 3723/3723/3723 3725/3725/3725 3724/3724/3724 
f 3724/3724/3724 3725/3725/3725 3725/3725/3725 
f 3725/3725/3725 3726/3726/3726 3725/3725/3725 
f 3725/3725/3725 3726/3726/3726 3726/3726/3726 
f 3726/3726/3726 3727/3727/3727 3726/3726/3726 
f 3726/3726/3726 3727/3727/3727 3728/3728/3728 
f 3727/3727/3727 3729/3729/3729 3728/3728/3728 
f 3728/3728/3728 3729/3729/3729 3729/3729/3729 
f 3729/3729/3729 3730/3730/3730 3729/3729/3729 
f 3729/3729/3729 3730/3730/3730 3730/3730/3730 
f 3730/3730/3730 3731/3731/3731 3730/3730/3730 
f 3730/3730/3730 3731/3731/3731 3732/3732/3732 
f 3731/3731/3731 3733/3733/3733 3732/3732/3732 
f 3732/3732/3732 3733/3733/3733 3733/3733/3733 
f 3733/3733/3733 3734/3734/3734 3733/3733/3733 
f 3733/3733/3733 3734/3734/3734 3734/3734/3734 
f 3734/3734/3734 3735/3735/3735 3734/3734/3734 
f 3734/3734/3734 3735/3735/3735 3736/3736/3736 
f 3735/3735/3735 3737/3737/3737 3736/3736/3736 
f 3736/3736/3736 3737/3737/3737 3737/3737/3737 
f 3737/3737/3737 3738/3738/3738 3737/3737/3737 
f 3737/3737/3737 3738/3738/3738 3738/3738/3738 
f 3738/3738/3738 3739/3739/3739 3738/3738/3738 
f 3738/3738/3738 3739/3739/3739 3740/3740/3740 
f 3739/3739/3739 3741/3741/3741 3740/3740/3740 
f 3740/3740/3740 3741/3741/3741 3741/3741/3741 
f 3741/3741/3741 3742/3742/3742 3741/3741/3741 
f 3741/3741/3741 3742/3742/3742 3742/3742/3742 
f 3742/3742/3742 3743/3743/3743 3742/3742/3742 
f 3742/3742/3742 3743/3743/3743 3744/3744/3744 
f 3743/3743/3743 3745/3745/3745 3744/3744/3744 
f 3744/3744/3744 3745/3745/3745 3745/3745/3745 
f 3745/3745/3745 3746/3746/3746 3745/3745/3745 
f 3745/3745/3745 3746/3746/3746 3746/3746/3746 
f 3746/3746/3746 3747/3747/3747 3746/3746/3746 
f 3746/3746/3746 3747/3747/3747 3748/3748/3748 
f 3747/3747/3747 3749/3749/3749 3748/3748/3748 
f 3748/3748/3748 3749/3749/3749 3749/3749/3749 
f 3749/3749/3749 3750/3750/3750 3749/3749/3749 
f 3749/3749/3749 3750/3750/3750 3750/3750/3750 
f 3750/3750/3750 3751/3751/3751 3750/3750/3750 
f 3750/3750/3750 3751/3751/3751 3752/3752/3752 
f 3751/3751/3751 3753/3753/3753 3752/3752/3752 
f 3752/3752/3752 3753/3753/3753 3753/3753/3753 
f 3753/3753/3753 3754/3754/3754 3753/3753/3753 
f 3753/3753/3753 3754/3754/3754 3754/3754/3754 
f 3754/3754/3754 3755/3755/3755 3754/3754/3754 
f 3754/3754/3754 3755/3755/3755 3756/3756/3756 
f 3755/3755/3755 3757/3757/3757 3756/3756/3756 
f 3756/3756/3756 3757/3757/3757 3757/3757/3757 
f 3757/3757/3757 3758/3758/3758 3757/3757/3757 
f 3757/3757/3757 3758/3758/3758 3758/3758/3758 
f 3758/3758/3758 3759/3759/3759 3758/3758/3758 
f 3758/3758/3758 3759/3759/3759 3760/3760/3760 
f 3759/3759/3759 3761/3761/3761 3760/3760/3760 
f 3760/3760/3760 3761/3761/3761 3761/3761/3761 
f 3761/3761/3761 3762/3762/3762 3761/3761/3761 
f 3761/3761/3761 3762/3762/3762 3762/3762/3762 
f 3762/3762/3762 3763/3763/3763 3762/3762/3762 
f 3762/3762/3762 3763/3763/3763 3764/3764/3764 
f 3763/3763/3763 3765/3765/3765 3764/3764/3764 
f 3764/3764/3764 3765/3765/3765 3765/3765/3765 
f 3765/3765/3765 3766/3766/3766 3765/3765/3765 
f 3765/3765/3765 3766/3766/3766 3766/3766/3766 
f 3766/3766/3766 3767/3767/3767 3766/3766/3766 
f 3766/3766/3766 3767/3767/3767 3768/3768/3768 
f 3767/3767/3767 3769/3769/3769 3768/3768/3768 
f 3768/3768/3768 3769/3769/3769 3769/3769/3769 
f 3769/3769/3769 3770/3770/3770 3769/3769/3769 
f 3769/3769/3769 3770/3770/3770 3770/3770/3770 
f 3770/3770/3770 3771/3771/3771 3770/3770/3770 
f 3770/3770/3770 3771/3771/3771 3772/3772/3772 
f 3771/3771/3771 3773/3773/3773 3772/3772/3772 
f 3772/3772/3772 3773/3773/3773 3773/3773/3773 
f 3773/3773/3773 3774/3774/3774 3773/3773/3773 
f 3773/3773/3773 3774/3774/3774 3774/3774/3774 
f 3774/3774/3774 3775/3775/3775 3774/3774/3774 
f 3774/3774/3774 3775/3775/3775 3776/3776/3776 
f 3775/3775/3775 3777/3777/3777 3776/3776/3776 
f 3776/3776/3776 3777/3777/3777 3777/3777/3777 
f 3777/3777/3777 3778/3778/3778 3777/3777/3777 
f 3777/3777/3777 3778/3778/3778 3778/3778/3778 
f 3778/3778/3778 3779/3779/3779 3778/3778/3778 
f 3778/3778/3778 3779/3779/3779 3780/3780/3780 
f 3779/3779/3779 3781/3781/3781 3780/3780/3780 
f 3780/3780/3780 3781/3781/3781 3781/3781/3781 
f 3781/3781/3781 3782/3782/3782 3781/3781/3781 
f 3781/3781/3781 3782/3782/3782 3782/3782/3782 
f 3782/3782/3782 3783/3783/3783 3782/3782/3782 
f 3782/3782/3782 3783/3783/3783 3784/3784/3784 
f 3783/3783/3783 3785/3785/3785 3784/3784/3784 
f 3784/3784/3784 3785/3785/3785 3785/3785/3785 
f 3785/3785/3785 3786/3786/3786 3785/3785/3785 
f 3785/3785/3785 3786/3786/3786 3786/3786/3786 
f 3786/3786/3786 3787/3787/3787 3786/3786/3786 
f 3786/3786/3786 3787/3787/3787 3788/3788/3788 
f 3787/3787/3787 3789/3789/3789 3788/3788/3788 
f 3788/3788/3788 3789/3789/3789 3789/3789/3789 
f 3789/3789/3789 3790/3790/3790 3789/3789/3789 
f 3789/3789/3789 3790/3790/3790 3790/3790/3790 
f 3790/3790/3790 3791/3791/3791 3790/3790/3790 
f 3790/3790/3790 3791/3791/3791 3792/3792/3792 
f 3791/3791/3791 3793/3793/3793 3792/3792/3792 
f 3792/3792/3792 3793/3793/3793 3793/3793/3793 
f 3793/3793/3793 3794/3794/3794 3793/3793/3793 
f 3793/3793/3793 3794/3794/3794 3794/3794/3794 
f 3794/3794/3794 3795/3795/3795 3794/3794/3794 
f 3794/3794/3794 3795/3795/3795 3796/3796/3796 
f 3795/3795/3795 3797/3797/3797 3796/3796/3796 
f 3796/3796/3796 3797/3797/3797 3797/3797/3797 
f 3797/3797/3797 3798/3798/3798 3797/3797/3797 
f 3797/3797/3797 3798/3798/3798 3798/3798/3798 
f 3798/3798/3798 3799/3799/3799 3798/3798/3798 
f 3798/3798/3798 3799/3799/3799 3800/3800/3800 
f 3799/3799/3799 3801/3801/3801 3800/3800/3800 
f 3800/3800/3800 3801/3801/3801 3801/3801/3801 
f 3801/3801/3801 3802/3802/3802 3801/3801/3801 
f 3801/3801/3801 3802/3802/3802 3802/3802/3802 
f 3802/3802/3802 3803/3803/3803 3802/3802/3802 
f 3802/3802/3802 3803/3803/3803 3804/3804/3804 
f 3803/3803/3803 3805/3805/3805 3804/3804/3804 
f 3804/3804/3804 3805/3805/3805 3805/3805/3805 
f 3805/3805/3805 3806/3806/3806 3805/3805/3805 
f 3805/3805/3805 3806/3806/3806 3806/3806/3806 
f 3806/3806/3806 3807/3807/3807 3806/3806/3806 
f 3806/3806/3806 3807/3807/3807 3808/3808/3808 
f 3807/3807/3807 3809/3809/3809 3808/3808/3808 
f 3808/3808/3808 3809/3809/3809 3809/3809/3809 
f 3809/3809/3809 3810/3810/3810 3809/3809/3809 
f 3809/3809/3809 3810/3810/3810 3810/3810/3810 
f 3810/3810/3810 3811/3811/3811 3810/3810/3810 
f 3810/3810/3810 3811/3811/3811 3812/3812/3812 
f 3811/3811/3811 3813/3813/3813 3812/3812/3812 
f 3812/3812/3812 3813/3813/3813 3813/3813/3813 
f 3813/3813/3813 3814/3814/3814 3813/3813/3813 
f 3813/3813/3813 3814/3814/3814 3814/3814/3814 
f 3814/3814/3814 3815/3815/3815 3814/3814/3814 
f 3814/3814/3814 3815/3815/3815 3816/3816/3816 
f 3815/3815/3815 3817/3817/3817 3816/3816/3816 
f 3816/3816/3816 3817/3817/3817 3817/3817/3817 
f 3817/3817/3817 3818/3818/3818 3817/3817/3817 
f 3817/3817/3817 3818/3818/3818 3818/3818/3818 
f 3818/3818/3818 3819/3819/3819 3818/3818/3818 
f 3818/3818/3818 3819/3819/3819 3820/3820/3820 
f 3819/3819/3819 3821/3821/3821 3820/3820/3820 
f 3820/3820/3820 3821/3821/3821 3821/3821/3821 
f 3821/3821/3821 3822/3822/3822 3821/3821/3821 
f 3821/3821/3821 3822/3822/3822 3822/3822/3822 
f 3822/3822/3822 3823/3823/3823 3822/3822/3822 
f 3822/3822/3822 3823/3823/3823 3824/3824/3824 
f 3823/3823/3823 3825/3825/3825 3824/3824/3824 
f 3824/3824/3824 3825/3825/3825 3825/3825/3825 
f 3825/3825/3825 3826/3826/3826 3825/3825/3825 
f 3825/3825/3825 3826/3826/3826 3826/3826/3826 
f 3826/3826/3826 3827/3827/3827 3826/3826/3826 
f 3826/3826/3826 3827/3827/3827 3828/3828/3828 
f 3827/3827/3827 3829/3829/3829 3828/3828/3828 
f 3828/3828/3828 3829/3829/3829 3829/3829/3829 
f 3829/3829/3829 3830/3830/3830 3829/3829/3829 
f 3829/3829/3829 3830/3830/3830 3830/3830/3830 
f 3830/3830/3830 3831/3831/3831 3830/3830/3830 
f 3830/3830/3830 3831/3831/3831 3832/3832/3832 
f 3831/3831/3831 3833/3833/3833 3832/3832/3832 
f 3832/3832/3832 3833/3833/3833 3833/3833/3833 
f 3833/3833/3833 3834/3834/3834 3833/3833/3833 
f 3833/3833/3833 3834/3834/3834 3834/3834/3834 
f 3834/3834/3834 3835/3835/3835 3834/3834/3834 
f 3834/3834/3834 3835/3835/3835 3836/3836/3836 
f 3835/3835/3835 3837/3837/3837 3836/3836/3836 
f 3836/3836/3836 3837/3837/3837 3837/3837/3837 
f 3837/3837/3837 3838/3838/3838 3837/3837/3837 
f 3837/3837/3837 3838/3838/3838 3838/3838/3838 
f 3838/3838/3838 3839/3839/3839 3838/3838/3838 
f 3838/3838/3838 3839/3839/3839 3840/3840/3840 
f 3839/3839/3839 3841/3841/3841 3840/3840/3840 
f 3840/3840/3840 3841/3841/3841 3841/3841/3841 
f 3841/3841/3841 3842/3842/3842 3841/3841/3841 
f 3841/3841/3841 3842/3842/3842 3842/3842/3842 
f 3842/3842/3842 3843/3843/3843 3842/3842/3842 
f 3842/3842/3842 3843/3843/3843 3844/3844/3844 
f 3843/3843/3843 3845/3845/3845 3844/3844/3844 
f 3844/3844/3844 3845/3845/3845 3845/3845/3845 
f 3845/3845/3845 3846/3846/3846 3845/3845/3845 
f 3845/3845/3845 3846/3846/3846 3846/3846/3846 
f 3846/3846/3846 3847/3847/3847 3846/3846/3846 
f 3846/3846/3846 3847/3847/3847 3848/3848/3848 
f 3847/3847/3847 3849/3849/3849 3848/3848/3848 
f 3848/3848/3848 3849/3849/3849 3849/3849/3849 
f 3849/3849/3849 3850/3850/3850 3849/3849/3849 
f 3849/3849/3849 3850/3850/3850 3850/3850/3850 
f 3850/3850/3850 3851/3851/3851 3850/3850/3850 
f 3850/3850/3850 3851/3851/3851 3852/3852/3852 
f 3851/3851/3851 3853/3853/3853 3852/3852/3852 
f 3852/3852/3852 3853/3853/3853 3853/3853/3853 
f 3853/3853/3853 3854/3854/3854 3853/3853/3853 
f 3853/3853/3853 3854/3854/3854 3854/3854/3854 
f 3854/3854/3854 3855/3855/3855 3854/3854/3854 
f 3854/3854/3854 3855/3855/3855 3856/3856/3856 
f 3855/3855/3855 3857/3857/3857 3856/3856/3856 
f 3856/3856/3856 3857/3857/3857 3857/3857/3857 
f 3857/3857/3857 3858/3858/3858 3857/3857/3857 
f 3857/3857/3857 3858/3858/3858 3858/3858/3858 
f 3858/3858/3858 3859/3859/3859 3858/3858/3858 
f 3858/3858/3858 3859/3859/3859 3860/3860/3860 
f 3859/3859/3859 3861/3861/3861 3860/3860/3860 
f 3860/3860/3860 3861/3861/3861 3861/3861/3861 
f 3861/3861/3861 3862/3862/3862 3861/3861/3861 
f 3861/3861/3861 3862/3862/3862 3862/3862/3862 
f 3862/3862/3862 3863/3863/3863 3862/3862/3862 
f 3862/3862/3862 3863/3863/3863 3864/3864/3864 
f 3863/3863/3863 3865/3865/3865 3864/3864/3864 
f 3864/3864/3864 3865/3865/3865 3865/3865/3865 
f 3865/3865/3865 3866/3866/3866 3865/3865/3865 
f 3865/3865/3865 3866/3866/3866 3866/3866/3866 
f 3866/3866/3866 3867/3867/3867 3866/3866/3866 
f 3866/3866/3866 3867/3867/3867 3868/3868/3868 
f 3867/3867/3867 3869/3869/3869 3868/3868/3868 
f 3868/3868/3868 3869/3869/3869 3869/3869/3869 
f 3869/3869/3869 3870/3870/3870 3869/3869/3869 
f 3869/3869/3869 3870/3870/3870 3870/3870/3870 
f 3870/3870/3870 3871/3871/3871 3870/3870/3870 
f 3870/3870/3870 3871/3871/3871 3872/3872/3872 
f 3871/3871/3871 3873/3873/3873 3872/3872/3872 
f 3872/3872/3872 3873/3873/3873 3873/3873/3873 
f 3873/3873/3873 3874/3874/3874 3873/3873/3873 
f 3873/3873/3873 3874/3874/3874 3874/3874/3874 
f 3874/3874/3874 3875/3875/3875 3874/3874/3874 
f 3874/3874/3874 3875/3875/3875 3876/3876/3876 
f 3875/3875/3875 3877/3877/3877 3876/3876/3876 
f 3876/3876/3876 3877/3877/3877 3877/3877/3877 
f 3877/3877/3877 3878/3878/3878 3877/3877/3877 
f 3877/3877/3877 3878/3878/3878 3878/3878/3878 
f 3878/3878/3878 3879/3879/3879 3878/3878/3878 
f 3878/3878/3878 3879/3879/3879 3880/3880/3880 
f 3879/3879/3879 3881/3881/3881 3880/3880/3880 
f 3880/3880/3880 3881/3881/3881 3881/3881/3881 
f 3881/3881/3881 3882/3882/3882 3881/3881/3881 
f 3881/3881/3881 3882/3882/3882 3882/3882/3882 
f 3882/3882/3882 3883/3883/3883 3882/3882/3882 
f 3882/3882/3882 3883/3883/3883 3884/3884/3884 
f 3883/3883/3883 3885/3885/3885 3884/3884/3884 
f 3884/3884/3884 3885/3885/3885 3885/3885/3885 
f 3885/3885/3885 3886/3886/3886 3885/3885/3885 
f 3885/3885/3885 3886/3886/3886 3886/3886/3886 
f 3886/3886/3886 3887/3887/3887 3886/3886/3886 
f 3886/3886/3886 3887/3887/3887 3888/3888/3888 
f 3887/3887/3887 3889/3889/3889 3888/3888/3888 
f 3888/3888/3888 3889/3889/3889 3889/3889/3889 
f 3889/3889/3889 3890/3890/3890 3889/3889/3889 
f 3889/3889/3889 3890/3890/3890 3890/3890/3890 
f 3890/3890/3890 3891/3891/3891 3890/3890/3890 
f 3890/3890/3890 3891/3891/3891 3892/3892/3892 
f 3891/3891/3891 3893/3893/3893 3892/3892/3892 
f 3892/3892/3892 3893/3893/3893 3893/3893/3893 
f 3893/3893/3893 3894/3894/3894 3893/3893/3893 
f 3893/3893/3893 3894/3894/3894 3894/3894/3894 
f 3894/3894/3894 3895/3895/3895 3894/3894/3894 
f 3894/3894/3894 3895/3895/3895 3896/3896/3896 
f 3895/3895/3895 3897/3897/3897 3896/3896/3896 
f 3896/3896/3896 3897/3897/3897 3897/3897/3897 
f 3897/3897/3897 3898/3898/3898 3897/3897/3897 
f 3897/3897/3897 3898/3898/3898 3898/3898/3898 
f 3898/3898/3898 3899/3899/3899 3898/3898/3898 
f 3898/3898/3898 3899/3899/3899 3900/3900/3900 
f 3899/3899/3899 3901/3901/3901 3900/3900/3900 
f 3900/3900/3900 3901/3901/3901 3901/3901/3901 
f 3901/3901/3901 3902/3902/3902 3901/3901/3901 
f 3901/3901/3901 3902/3902/3902 3902/3902/3902 
f 3902/3902/3902 3903/3903/3903 3902/3902/3902 
f 3902/3902/3902 3903/3903/3903 3904/3904/3904 
f 3903/3903/3903 3905/3905/3905 3904/3904/3904 
f 3904/3904/3904 3905/3905/3905 3905/3905/3905 
f 3905/3905/3905 3906/3906/3906 3905/3905/3905 
f 3905/3905/3905 3906/3906/3906 3906/3906/3906 
f 3906/3906/3906 3907/3907/3907 3906/3906/3906 
f 3906/3906/3906 3907/3907/3907 3908/3908/3908 
f 3907/3907/3907 3909/3909/3909 3908/3908/3908 
f 3908/3908/3908 3909/3909/3909 3909/3909/3909 
f 3909/3909/3909 3910/3910/3910 3909/3909/3909 
f 3909/3909/3909 3910/3910/3910 3910/3910/3910 
f 3910/3910/3910 3911/3911/3911 3910/3910/3910 
f 3910/3910/3910 3911/3911/3911 3912/3912/3912 
f 3911/3911/3911 3913/3913/3913 3912/3912/3912 
f 3912/3912/3912 3913/3913/3913 3913/3913/3913 
f 3913/3913/3913 3914/3914/3914 3913/3913/3913 
f 3913/3913/3913 3914/3914/3914 3914/3914/3914 
f 3914/3914/3914 3915/3915/3915 3914/3914/3914 
f 3914/3914/3914 3915/3915/3915 3916/3916/3916 
f 3915/3915/3915 3917/3917/3917 3916/3916/3916 
f 3916/3916/3916 3917/3917/3917 3917/3917/3917 
f 3917/3917/3917 3918/3918/3918 3917/3917/3917 
f 3917/3917/3917 3918/3918/3918 3918/3918/3918 
f 3918/3918/3918 3919/3919/3919 3918/3918/3918 
f 3918/3918/3918 3919/3919/3919 3920/3920/3920 
f 3919/3919/3919 3921/3921/3921 3920/3920/3920 
f 3920/3920/3920 3921/3921/3921 3921/3921/3921 
f 3921/3921/3921 3922/3922/3922 3921/3921/3921 
f 3921/3921/3921 3922/3922/3922 3922/3922/3922 
f 3922/3922/3922 3923/3923/3923 3922/3922/3922 
f 3922/3922/3922 3923/3923/3923 3924/3924/3924 
f 3923/3923/3923 3925/3925/3925 3924/3924/3924 
f 3924/3924/3924 3925/3925/3925 3925/3925/3925 
f 3925/3925/3925 3926/3926/3926 3925/3925/3925 
f 3925/3925/3925 3926/3926/3926 3926/3926/3926 
f 3926/3926/3926 3927/3927/3927 3926/3926/3926 
f 3926/3926/3926 3927/3927/3927 3928/3928/3928 
f 3927/3927/3927 3929/3929/3929 3928/3928/3928 
f 3928/3928/3928 3929/3929/3929 3929/3929/3929 
f 3929/3929/3929 3930/3930/3930 3929/3929/3929 
f 3929/3929/3929 3930/3930/3930 3930/3930/3930 
f 3930/3930/3930 3931/3931/3931 3930/3930/3930 
f 3930/3930/3930 3931/3931/3931 3932/3932/3932 
f 3931/3931/3931 3933/3933/3933 3932/3932/3932 
f 3932/3932/3932 3933/3933/3933 3933/3933/3933 
f 3933/3933/3933 3934/3934/3934 3933/3933/3933 
f 3933/3933/3933 3934/3934/3934 3934/3934/3934 
f 3934/3934/3934 3935/3935/3935 3934/3934/3934 
f 3934/3934/3934 3935/3935/3935 3936/3936/3936 
f 3935/3935/3935 3937/3937/3937 3936/3936/3936 
f 3936/3936/3936 3937/3937/3937 3937/3937/3937 
f 3937/3937/3937 3938/3938/3938 3937/3937/3937 
f 3937/3937/3937 3938/3938/3938 3938/3938/3938 
f 3938/3938/3938 3939/3939/3939 3938/3938/3938 
f 3938/3938/3938 3939/3939/3939 3940/3940/3940 
f 3939/3939/3939 3941/3941/3941 3940/3940/3940 
f 3940/3940/3940 3941/3941/3941 3941/3941/3941 
f 3941/3941/3941 3942/3942/3942 3941/3941/3941 
f 3941/3941/3941 3942/3942/3942 3942/3942/3942 
f 3942/3942/3942 3943/3943/3943 3942/3942/3942 
f 3942/3942/3942 3943/3943/3943 3944/3944/3944 
f 3943/3943/3943 3945/3945/3945 3944/3944/3944 
f 3944/3944/3944 3945/3945/3945 3945/3945/3945 
f 3945/3945/3945 3946/3946/3946 3945/3945/3945 
f 3945/3945/3945 3946/3946/3946 3946/3946/3946 
f 3946/3946/3946 3947/3947/3947 3946/3946/3946 
f 3946/3946/3946 3947/3947/3947 3948/3948/3948 
f 3947/3947/3947 3949/3949/3949 3948/3948/3948 
f 3948/3948/3948 3949/3949/3949 3949/3949/3949 
f 3949/3949/3949 3950/3950/3950 3949/3949/3949 
f 3949/3949/3949 3950/3950/3950 3950/3950/3950 
f 3950/3950/3950 3951/3951/3951 3950/3950/3950 
f 3950/3950/3950 3951/3951/3951 3952/3952/3952 
f 3951/3951/3951 3953/3953/3953 3952/3952/3952 
f 3952/3952/3952 3953/3953/3953 3953/3953/3953 
f 3953/3953/3953 3954/3954/3954 3953/3953/3953 
f 3953/3953/3953 3954/3954/3954 3954/3954/3954 
f 3954/3954/3954 3955/3955/3955 3954/3954/3954 
f 3954/3954/3954 3955/3955/3955 3956/3956/3956 
f 3955/3955/3955 3957/3957/3957 3956/3956/3956 
f 3956/3956/3956 3957/3957/3957 3957/3957/3957 
f 3957/3957/3957 3958/3958/3958 3957/3957/3957 
f 3957/3957/3957 3958/3958/3958 3958/3958/3958 
f 3958/3958/3958 3959/3959/3959 3958/3958/3958 
f 3958/3958/3958 3959/3959/3959 3960/3960/3960 
f 3959/3959/3959 3961/3961/3961 3960/3960/3960 

